ISO-10303-21;
HEADER;
/* Generated by software containing ST-Developer
 * from STEP Tools, Inc. (www.steptools.com) 
 */
/* OPTION: using custom schema-name function */

FILE_DESCRIPTION(
/* description */ (''),
/* implementation_level */ '2;1');

FILE_NAME(
/* name */ 'COPV.stp',
/* time_stamp */ '2025-08-11T17:14:53-04:00',
/* author */ (''),
/* organization */ (''),
/* preprocessor_version */ 'ST-DEVELOPER v18.102',
/* originating_system */ 'SIEMENS PLM Software NX 2027',
/* authorisation */ '');

FILE_SCHEMA (('AUTOMOTIVE_DESIGN { 1 0 10303 214 3 1 1 1 }'));
ENDSEC;

DATA;
#10=PROPERTY_DEFINITION_REPRESENTATION(#14,#12);
#11=PROPERTY_DEFINITION_REPRESENTATION(#15,#13);
#12=REPRESENTATION('',(#16),#3524);
#13=REPRESENTATION('',(#17),#3524);
#14=PROPERTY_DEFINITION('pmi validation property','',#21);
#15=PROPERTY_DEFINITION('pmi validation property','',#21);
#16=VALUE_REPRESENTATION_ITEM('number of annotations',COUNT_MEASURE(0.));
#17=VALUE_REPRESENTATION_ITEM('number of views',COUNT_MEASURE(0.));
#18=SHAPE_REPRESENTATION_RELATIONSHIP('None',
'relationship between COPV_objects-None and COPV_objects-None',#30,#19);
#19=ADVANCED_BREP_SHAPE_REPRESENTATION('COPV_objects-None',(#40),#3524);
#20=SHAPE_DEFINITION_REPRESENTATION(#21,#30);
#21=PRODUCT_DEFINITION_SHAPE('','',#22);
#22=PRODUCT_DEFINITION(' ','',#24,#23);
#23=PRODUCT_DEFINITION_CONTEXT('part definition',#29,'design');
#24=PRODUCT_DEFINITION_FORMATION_WITH_SPECIFIED_SOURCE(' ',' ',#26,
 .NOT_KNOWN.);
#25=PRODUCT_RELATED_PRODUCT_CATEGORY('part','',(#26));
#26=PRODUCT('COPV_objects','COPV_objects',' ',(#27));
#27=PRODUCT_CONTEXT(' ',#29,'mechanical');
#28=APPLICATION_PROTOCOL_DEFINITION('international standard',
'automotive_design',2010,#29);
#29=APPLICATION_CONTEXT(
'core data for automotive mechanical design processes');
#30=SHAPE_REPRESENTATION('COPV_objects-None',(#693),#3524);
#31=PRESENTATION_LAYER_ASSIGNMENT('1','Layer 1',(#40));
#32=STYLED_ITEM('',(#33),#40);
#33=PRESENTATION_STYLE_ASSIGNMENT((#34));
#34=SURFACE_STYLE_USAGE(.BOTH.,#35);
#35=SURFACE_SIDE_STYLE('',(#36));
#36=SURFACE_STYLE_FILL_AREA(#37);
#37=FILL_AREA_STYLE('',(#38));
#38=FILL_AREA_STYLE_COLOUR('',#39);
#39=COLOUR_RGB('deep green',0.4,0.8,0.);
#40=MANIFOLD_SOLID_BREP('',#41);
#41=CLOSED_SHELL('',(#112,#113,#114,#115,#116,#117,#118,#119,#120,#121,
#122,#123,#124,#125,#126,#127,#128,#129,#130,#131,#132,#133,#134,#135,#136,
#137,#138,#139,#140,#141,#142,#143,#144,#145,#146,#147,#148,#149,#150,#151,
#152,#153,#154,#155,#156));
#42=B_SPLINE_SURFACE_WITH_KNOTS('',3,3,((#1509,#1510,#1511,#1512,#1513,
#1514,#1515,#1516,#1517,#1518,#1519,#1520,#1521,#1522,#1523,#1524,#1525,
#1526,#1527,#1528,#1529,#1530,#1531,#1532,#1533,#1534,#1535,#1536,#1537,
#1538,#1539,#1540,#1541,#1542,#1543,#1544,#1545,#1546,#1547,#1548,#1549,
#1550,#1551,#1552,#1553,#1554,#1555,#1556,#1557,#1558,#1559,#1560,#1561,
#1562,#1563,#1564,#1565,#1566,#1567,#1568,#1569,#1570,#1571,#1572,#1573,
#1574,#1575,#1576,#1577,#1578,#1579,#1580,#1581,#1582,#1583,#1584,#1585,
#1586,#1587,#1588,#1589,#1590,#1591,#1592,#1593,#1594,#1595,#1596,#1597,
#1598,#1599,#1600,#1601,#1602,#1603,#1604,#1605,#1606,#1607,#1608,#1609,
#1610,#1611,#1612,#1613,#1614,#1615,#1616,#1617,#1618,#1619,#1620,#1621,
#1622,#1623,#1624,#1625,#1626,#1627,#1628,#1629,#1630,#1631,#1632,#1633,
#1634,#1635,#1636,#1637,#1638,#1639,#1640,#1641,#1642,#1643,#1644,#1645,
#1646,#1647,#1648,#1649,#1650,#1651,#1652,#1653),(#1654,#1655,#1656,#1657,
#1658,#1659,#1660,#1661,#1662,#1663,#1664,#1665,#1666,#1667,#1668,#1669,
#1670,#1671,#1672,#1673,#1674,#1675,#1676,#1677,#1678,#1679,#1680,#1681,
#1682,#1683,#1684,#1685,#1686,#1687,#1688,#1689,#1690,#1691,#1692,#1693,
#1694,#1695,#1696,#1697,#1698,#1699,#1700,#1701,#1702,#1703,#1704,#1705,
#1706,#1707,#1708,#1709,#1710,#1711,#1712,#1713,#1714,#1715,#1716,#1717,
#1718,#1719,#1720,#1721,#1722,#1723,#1724,#1725,#1726,#1727,#1728,#1729,
#1730,#1731,#1732,#1733,#1734,#1735,#1736,#1737,#1738,#1739,#1740,#1741,
#1742,#1743,#1744,#1745,#1746,#1747,#1748,#1749,#1750,#1751,#1752,#1753,
#1754,#1755,#1756,#1757,#1758,#1759,#1760,#1761,#1762,#1763,#1764,#1765,
#1766,#1767,#1768,#1769,#1770,#1771,#1772,#1773,#1774,#1775,#1776,#1777,
#1778,#1779,#1780,#1781,#1782,#1783,#1784,#1785,#1786,#1787,#1788,#1789,
#1790,#1791,#1792,#1793,#1794,#1795,#1796,#1797,#1798),(#1799,#1800,#1801,
#1802,#1803,#1804,#1805,#1806,#1807,#1808,#1809,#1810,#1811,#1812,#1813,
#1814,#1815,#1816,#1817,#1818,#1819,#1820,#1821,#1822,#1823,#1824,#1825,
#1826,#1827,#1828,#1829,#1830,#1831,#1832,#1833,#1834,#1835,#1836,#1837,
#1838,#1839,#1840,#1841,#1842,#1843,#1844,#1845,#1846,#1847,#1848,#1849,
#1850,#1851,#1852,#1853,#1854,#1855,#1856,#1857,#1858,#1859,#1860,#1861,
#1862,#1863,#1864,#1865,#1866,#1867,#1868,#1869,#1870,#1871,#1872,#1873,
#1874,#1875,#1876,#1877,#1878,#1879,#1880,#1881,#1882,#1883,#1884,#1885,
#1886,#1887,#1888,#1889,#1890,#1891,#1892,#1893,#1894,#1895,#1896,#1897,
#1898,#1899,#1900,#1901,#1902,#1903,#1904,#1905,#1906,#1907,#1908,#1909,
#1910,#1911,#1912,#1913,#1914,#1915,#1916,#1917,#1918,#1919,#1920,#1921,
#1922,#1923,#1924,#1925,#1926,#1927,#1928,#1929,#1930,#1931,#1932,#1933,
#1934,#1935,#1936,#1937,#1938,#1939,#1940,#1941,#1942,#1943),(#1944,#1945,
#1946,#1947,#1948,#1949,#1950,#1951,#1952,#1953,#1954,#1955,#1956,#1957,
#1958,#1959,#1960,#1961,#1962,#1963,#1964,#1965,#1966,#1967,#1968,#1969,
#1970,#1971,#1972,#1973,#1974,#1975,#1976,#1977,#1978,#1979,#1980,#1981,
#1982,#1983,#1984,#1985,#1986,#1987,#1988,#1989,#1990,#1991,#1992,#1993,
#1994,#1995,#1996,#1997,#1998,#1999,#2000,#2001,#2002,#2003,#2004,#2005,
#2006,#2007,#2008,#2009,#2010,#2011,#2012,#2013,#2014,#2015,#2016,#2017,
#2018,#2019,#2020,#2021,#2022,#2023,#2024,#2025,#2026,#2027,#2028,#2029,
#2030,#2031,#2032,#2033,#2034,#2035,#2036,#2037,#2038,#2039,#2040,#2041,
#2042,#2043,#2044,#2045,#2046,#2047,#2048,#2049,#2050,#2051,#2052,#2053,
#2054,#2055,#2056,#2057,#2058,#2059,#2060,#2061,#2062,#2063,#2064,#2065,
#2066,#2067,#2068,#2069,#2070,#2071,#2072,#2073,#2074,#2075,#2076,#2077,
#2078,#2079,#2080,#2081,#2082,#2083,#2084,#2085,#2086,#2087,#2088)),
 .UNSPECIFIED.,.F.,.F.,.F.,(4,4),(4,3,3,3,3,3,3,3,3,3,3,3,3,3,3,3,3,3,3,
3,3,3,3,3,3,3,3,3,3,3,3,3,3,3,3,3,3,3,3,3,3,3,3,3,3,3,3,3,4),(0.,1.),(0.,
0.03125,0.046875,0.0625,0.078125,0.09375,0.125,0.15625,0.171875,0.1875,
0.203125,0.21875,0.25,0.28125,0.296875,0.3125,0.328125,0.34375,0.375,0.40625,
0.421875,0.4375,0.453125,0.46875,0.5,0.53125,0.546875,0.5625,0.578125,0.59375,
0.625,0.65625,0.671875,0.6875,0.703125,0.71875,0.75,0.78125,0.796875,0.8125,
0.828125,0.84375,0.875,0.90625,0.921875,0.9375,0.953125,0.96875,1.),
 .UNSPECIFIED.);
#43=B_SPLINE_SURFACE_WITH_KNOTS('',3,3,((#2089,#2090,#2091,#2092,#2093,
#2094,#2095,#2096,#2097,#2098,#2099,#2100,#2101,#2102,#2103,#2104,#2105,
#2106,#2107,#2108,#2109,#2110,#2111,#2112,#2113,#2114,#2115,#2116,#2117,
#2118,#2119,#2120,#2121,#2122,#2123,#2124,#2125,#2126,#2127,#2128,#2129,
#2130,#2131,#2132,#2133,#2134,#2135,#2136,#2137,#2138,#2139,#2140,#2141,
#2142,#2143,#2144,#2145,#2146,#2147,#2148,#2149,#2150,#2151,#2152,#2153,
#2154,#2155,#2156,#2157,#2158,#2159,#2160,#2161,#2162,#2163,#2164,#2165,
#2166,#2167,#2168,#2169,#2170,#2171,#2172,#2173,#2174,#2175,#2176,#2177,
#2178,#2179,#2180,#2181,#2182,#2183,#2184,#2185,#2186,#2187,#2188,#2189,
#2190,#2191,#2192,#2193,#2194,#2195,#2196,#2197,#2198,#2199,#2200,#2201,
#2202,#2203,#2204,#2205,#2206,#2207,#2208,#2209,#2210,#2211,#2212,#2213,
#2214,#2215),(#2216,#2217,#2218,#2219,#2220,#2221,#2222,#2223,#2224,#2225,
#2226,#2227,#2228,#2229,#2230,#2231,#2232,#2233,#2234,#2235,#2236,#2237,
#2238,#2239,#2240,#2241,#2242,#2243,#2244,#2245,#2246,#2247,#2248,#2249,
#2250,#2251,#2252,#2253,#2254,#2255,#2256,#2257,#2258,#2259,#2260,#2261,
#2262,#2263,#2264,#2265,#2266,#2267,#2268,#2269,#2270,#2271,#2272,#2273,
#2274,#2275,#2276,#2277,#2278,#2279,#2280,#2281,#2282,#2283,#2284,#2285,
#2286,#2287,#2288,#2289,#2290,#2291,#2292,#2293,#2294,#2295,#2296,#2297,
#2298,#2299,#2300,#2301,#2302,#2303,#2304,#2305,#2306,#2307,#2308,#2309,
#2310,#2311,#2312,#2313,#2314,#2315,#2316,#2317,#2318,#2319,#2320,#2321,
#2322,#2323,#2324,#2325,#2326,#2327,#2328,#2329,#2330,#2331,#2332,#2333,
#2334,#2335,#2336,#2337,#2338,#2339,#2340,#2341,#2342),(#2343,#2344,#2345,
#2346,#2347,#2348,#2349,#2350,#2351,#2352,#2353,#2354,#2355,#2356,#2357,
#2358,#2359,#2360,#2361,#2362,#2363,#2364,#2365,#2366,#2367,#2368,#2369,
#2370,#2371,#2372,#2373,#2374,#2375,#2376,#2377,#2378,#2379,#2380,#2381,
#2382,#2383,#2384,#2385,#2386,#2387,#2388,#2389,#2390,#2391,#2392,#2393,
#2394,#2395,#2396,#2397,#2398,#2399,#2400,#2401,#2402,#2403,#2404,#2405,
#2406,#2407,#2408,#2409,#2410,#2411,#2412,#2413,#2414,#2415,#2416,#2417,
#2418,#2419,#2420,#2421,#2422,#2423,#2424,#2425,#2426,#2427,#2428,#2429,
#2430,#2431,#2432,#2433,#2434,#2435,#2436,#2437,#2438,#2439,#2440,#2441,
#2442,#2443,#2444,#2445,#2446,#2447,#2448,#2449,#2450,#2451,#2452,#2453,
#2454,#2455,#2456,#2457,#2458,#2459,#2460,#2461,#2462,#2463,#2464,#2465,
#2466,#2467,#2468,#2469),(#2470,#2471,#2472,#2473,#2474,#2475,#2476,#2477,
#2478,#2479,#2480,#2481,#2482,#2483,#2484,#2485,#2486,#2487,#2488,#2489,
#2490,#2491,#2492,#2493,#2494,#2495,#2496,#2497,#2498,#2499,#2500,#2501,
#2502,#2503,#2504,#2505,#2506,#2507,#2508,#2509,#2510,#2511,#2512,#2513,
#2514,#2515,#2516,#2517,#2518,#2519,#2520,#2521,#2522,#2523,#2524,#2525,
#2526,#2527,#2528,#2529,#2530,#2531,#2532,#2533,#2534,#2535,#2536,#2537,
#2538,#2539,#2540,#2541,#2542,#2543,#2544,#2545,#2546,#2547,#2548,#2549,
#2550,#2551,#2552,#2553,#2554,#2555,#2556,#2557,#2558,#2559,#2560,#2561,
#2562,#2563,#2564,#2565,#2566,#2567,#2568,#2569,#2570,#2571,#2572,#2573,
#2574,#2575,#2576,#2577,#2578,#2579,#2580,#2581,#2582,#2583,#2584,#2585,
#2586,#2587,#2588,#2589,#2590,#2591,#2592,#2593,#2594,#2595,#2596)),
 .UNSPECIFIED.,.F.,.F.,.F.,(4,4),(4,3,3,3,3,3,3,3,3,3,3,3,3,3,3,3,3,3,3,
3,3,3,3,3,3,3,3,3,3,3,3,3,3,3,3,3,3,3,3,3,3,3,4),(0.,1.),(0.,0.03125,0.046875,
0.0625,0.078125,0.09375,0.125,0.15625,0.1875,0.21875,0.234375,0.25,0.28125,
0.3125,0.34375,0.375,0.390625,0.40625,0.421875,0.4375,0.46875,0.5,0.53125,
0.5625,0.578125,0.59375,0.609375,0.625,0.65625,0.6875,0.71875,0.75,0.765625,
0.78125,0.8125,0.84375,0.875,0.90625,0.921875,0.9375,0.953125,0.96875,1.),
 .UNSPECIFIED.);
#44=B_SPLINE_SURFACE_WITH_KNOTS('',1,3,((#2785,#2786,#2787,#2788,#2789,
#2790,#2791,#2792,#2793),(#2794,#2795,#2796,#2797,#2798,#2799,#2800,#2801,
#2802)),.UNSPECIFIED.,.F.,.F.,.F.,(2,2),(4,2,3,4),(0.,1.),(0.,0.495049504950495,
0.99009900990099,1.),.UNSPECIFIED.);
#45=B_SPLINE_SURFACE_WITH_KNOTS('',1,3,((#2837,#2838,#2839,#2840,#2841,
#2842,#2843,#2844,#2845,#2846,#2847,#2848,#2849,#2850,#2851,#2852,#2853,
#2854,#2855,#2856,#2857,#2858,#2859),(#2860,#2861,#2862,#2863,#2864,#2865,
#2866,#2867,#2868,#2869,#2870,#2871,#2872,#2873,#2874,#2875,#2876,#2877,
#2878,#2879,#2880,#2881,#2882)),.UNSPECIFIED.,.F.,.F.,.F.,(2,2),(4,3,2,
2,2,2,2,2,2,2,4),(0.,1.),(0.,0.0099009900990098,0.257425742574257,0.381188118811881,
0.504950495049505,0.628712871287129,0.752475247524752,0.783415841584159,
0.814356435643564,0.876237623762376,1.),.UNSPECIFIED.);
#46=B_SPLINE_SURFACE_WITH_KNOTS('',1,3,((#2901,#2902,#2903,#2904,#2905,
#2906,#2907,#2908,#2909),(#2910,#2911,#2912,#2913,#2914,#2915,#2916,#2917,
#2918)),.UNSPECIFIED.,.F.,.F.,.F.,(2,2),(4,2,3,4),(0.,1.),(0.,0.495049504950495,
0.990099009900991,1.),.UNSPECIFIED.);
#47=B_SPLINE_SURFACE_WITH_KNOTS('',1,3,((#2919,#2920,#2921,#2922,#2923,
#2924,#2925,#2926,#2927,#2928,#2929,#2930,#2931,#2932,#2933,#2934,#2935,
#2936,#2937,#2938,#2939,#2940,#2941,#2942,#2943,#2944,#2945,#2946,#2947,
#2948,#2949,#2950,#2951,#2952,#2953,#2954),(#2955,#2956,#2957,#2958,#2959,
#2960,#2961,#2962,#2963,#2964,#2965,#2966,#2967,#2968,#2969,#2970,#2971,
#2972,#2973,#2974,#2975,#2976,#2977,#2978,#2979,#2980,#2981,#2982,#2983,
#2984,#2985,#2986,#2987,#2988,#2989,#2990)),.UNSPECIFIED.,.F.,.F.,.F.,(2,
2),(4,3,2,2,2,2,2,2,2,2,2,2,2,2,2,3,4),(0.,1.),(0.,0.0096228038468755,0.129907851932818,
0.190050375975789,0.25019290001876,0.370477948104703,0.430620472147674,
0.490762996190645,0.611048044276587,0.73133309236253,0.761404354384015,
0.791475616405501,0.851618140448472,0.881689402469958,0.911760664491443,
0.971903188534414,1.),.UNSPECIFIED.);
#48=B_SPLINE_SURFACE_WITH_KNOTS('',1,3,((#3131,#3132,#3133,#3134,#3135,
#3136,#3137,#3138,#3139,#3140,#3141,#3142,#3143,#3144,#3145,#3146,#3147,
#3148,#3149,#3150,#3151,#3152,#3153,#3154,#3155,#3156,#3157,#3158,#3159,
#3160,#3161,#3162,#3163,#3164),(#3165,#3166,#3167,#3168,#3169,#3170,#3171,
#3172,#3173,#3174,#3175,#3176,#3177,#3178,#3179,#3180,#3181,#3182,#3183,
#3184,#3185,#3186,#3187,#3188,#3189,#3190,#3191,#3192,#3193,#3194,#3195,
#3196,#3197,#3198)),.UNSPECIFIED.,.F.,.T.,.F.,(2,2),(2,2,2,2,2,2,2,2,2,
2,2,2,2,2,2,2,2,2,2),(0.,1.),(-0.0625,0.,0.0625,0.125,0.1875,0.25,0.3125,
0.375,0.4375,0.5,0.5625,0.625,0.6875,0.71875,0.75,0.875,0.9375,1.,1.0625),
 .UNSPECIFIED.);
#49=B_SPLINE_SURFACE_WITH_KNOTS('',1,3,((#3201,#3202,#3203,#3204,#3205,
#3206,#3207,#3208,#3209,#3210,#3211,#3212,#3213,#3214,#3215,#3216,#3217,
#3218),(#3219,#3220,#3221,#3222,#3223,#3224,#3225,#3226,#3227,#3228,#3229,
#3230,#3231,#3232,#3233,#3234,#3235,#3236)),.UNSPECIFIED.,.F.,.F.,.F.,(2,
2),(4,2,2,2,2,2,2,2,4),(0.,1.),(0.,0.125,0.25,0.375,0.5,0.625,0.6875,0.75,
1.),.UNSPECIFIED.);
#50=B_SPLINE_SURFACE_WITH_KNOTS('',1,3,((#3237,#3238,#3239,#3240,#3241,
#3242,#3243,#3244,#3245,#3246,#3247,#3248,#3249,#3250,#3251,#3252,#3253,
#3254,#3255,#3256,#3257,#3258),(#3259,#3260,#3261,#3262,#3263,#3264,#3265,
#3266,#3267,#3268,#3269,#3270,#3271,#3272,#3273,#3274,#3275,#3276,#3277,
#3278,#3279,#3280)),.UNSPECIFIED.,.F.,.F.,.F.,(2,2),(4,2,2,2,2,2,2,2,2,
2,4),(0.,1.),(0.,0.125,0.1875,0.25,0.375,0.5,0.625,0.75,0.8125,0.875,1.),
 .UNSPECIFIED.);
#51=B_SPLINE_SURFACE_WITH_KNOTS('',1,3,((#3330,#3331,#3332,#3333,#3334,
#3335,#3336,#3337,#3338,#3339,#3340,#3341,#3342,#3343,#3344,#3345,#3346,
#3347,#3348,#3349,#3350,#3351,#3352,#3353,#3354,#3355,#3356,#3357,#3358,
#3359,#3360,#3361,#3362,#3363,#3364,#3365,#3366,#3367),(#3368,#3369,#3370,
#3371,#3372,#3373,#3374,#3375,#3376,#3377,#3378,#3379,#3380,#3381,#3382,
#3383,#3384,#3385,#3386,#3387,#3388,#3389,#3390,#3391,#3392,#3393,#3394,
#3395,#3396,#3397,#3398,#3399,#3400,#3401,#3402,#3403,#3404,#3405)),
 .UNSPECIFIED.,.F.,.F.,.F.,(2,2),(4,3,2,2,2,2,2,2,2,2,2,2,2,2,2,2,3,4),
(0.,1.),(0.,0.0302041679325892,0.146341638197202,0.204410373329508,0.262479108461814,
0.32054784359412,0.378616578726426,0.494754048991039,0.523788416557192,
0.552822784123345,0.610891519255651,0.639925886821804,0.668960254387957,
0.727028989520264,0.78509772465257,0.843166459784876,0.959303930049488,
1.),.UNSPECIFIED.);
#52=B_SPLINE_SURFACE_WITH_KNOTS('',1,3,((#3455,#3456,#3457,#3458,#3459,
#3460,#3461,#3462,#3463,#3464,#3465,#3466,#3467,#3468,#3469,#3470,#3471,
#3472,#3473,#3474,#3475,#3476,#3477,#3478,#3479,#3480,#3481,#3482,#3483,
#3484,#3485,#3486,#3487,#3488),(#3489,#3490,#3491,#3492,#3493,#3494,#3495,
#3496,#3497,#3498,#3499,#3500,#3501,#3502,#3503,#3504,#3505,#3506,#3507,
#3508,#3509,#3510,#3511,#3512,#3513,#3514,#3515,#3516,#3517,#3518,#3519,
#3520,#3521,#3522)),.UNSPECIFIED.,.F.,.F.,.F.,(2,2),(4,3,2,2,2,2,2,2,2,
2,2,2,2,2,3,4),(0.,1.),(0.,0.0194615588378684,0.079535250312667,0.139608941787466,
0.199682633262264,0.259756324737063,0.319830016211862,0.37990370768666,
0.500051090636258,0.620198473585855,0.680272165060654,0.740345856535452,
0.800419548010251,0.86049323948505,0.980640622434647,1.),.UNSPECIFIED.);
#53=CONICAL_SURFACE('',#727,0.4134647531458,55.);
#54=CONICAL_SURFACE('',#730,0.225,45.);
#55=VERTEX_LOOP('',#548);
#56=TOROIDAL_SURFACE('',#723,0.325,0.1);
#57=TOROIDAL_SURFACE('',#728,0.238237931772075,0.2);
#58=PLANE('',#718);
#59=PLANE('',#731);
#60=PLANE('',#732);
#61=PLANE('',#733);
#62=PLANE('',#734);
#63=PLANE('',#735);
#64=PLANE('',#736);
#65=PLANE('',#737);
#66=PLANE('',#738);
#67=PLANE('',#739);
#68=PLANE('',#740);
#69=PLANE('',#741);
#70=PLANE('',#743);
#71=PLANE('',#744);
#72=PLANE('',#746);
#73=PLANE('',#748);
#74=PLANE('',#749);
#75=PLANE('',#750);
#76=FACE_OUTER_BOUND('',#277,.T.);
#77=FACE_OUTER_BOUND('',#286,.T.);
#78=FACE_OUTER_BOUND('',#290,.T.);
#79=FACE_OUTER_BOUND('',#291,.T.);
#80=FACE_OUTER_BOUND('',#292,.T.);
#81=FACE_OUTER_BOUND('',#295,.T.);
#82=FACE_OUTER_BOUND('',#296,.T.);
#83=FACE_OUTER_BOUND('',#297,.T.);
#84=FACE_OUTER_BOUND('',#298,.T.);
#85=FACE_OUTER_BOUND('',#299,.T.);
#86=FACE_OUTER_BOUND('',#300,.T.);
#87=FACE_OUTER_BOUND('',#301,.T.);
#88=FACE_OUTER_BOUND('',#302,.T.);
#89=FACE_OUTER_BOUND('',#303,.T.);
#90=FACE_OUTER_BOUND('',#304,.T.);
#91=FACE_OUTER_BOUND('',#307,.T.);
#92=FACE_OUTER_BOUND('',#308,.T.);
#93=FACE_OUTER_BOUND('',#309,.T.);
#94=FACE_OUTER_BOUND('',#310,.T.);
#95=FACE_OUTER_BOUND('',#311,.T.);
#96=FACE_OUTER_BOUND('',#312,.T.);
#97=FACE_OUTER_BOUND('',#313,.T.);
#98=FACE_OUTER_BOUND('',#318,.T.);
#99=FACE_OUTER_BOUND('',#319,.T.);
#100=FACE_OUTER_BOUND('',#320,.T.);
#101=FACE_OUTER_BOUND('',#321,.T.);
#102=FACE_OUTER_BOUND('',#322,.T.);
#103=FACE_OUTER_BOUND('',#323,.T.);
#104=FACE_OUTER_BOUND('',#324,.T.);
#105=FACE_OUTER_BOUND('',#325,.T.);
#106=SURFACE_OF_REVOLUTION('',#172,#107);
#107=AXIS1_PLACEMENT('',#1129,#797);
#108=SPHERICAL_SURFACE('',#707,0.44);
#109=SPHERICAL_SURFACE('',#711,0.44);
#110=SPHERICAL_SURFACE('',#724,0.5);
#111=SPHERICAL_SURFACE('',#725,0.5);
#112=ADVANCED_FACE('',(#229,#230,#231,#232,#233,#234),#157,.T.);
#113=ADVANCED_FACE('',(#235,#236),#108,.F.);
#114=ADVANCED_FACE('',(#237,#238),#158,.F.);
#115=ADVANCED_FACE('',(#239,#240),#109,.F.);
#116=ADVANCED_FACE('',(#241,#242),#106,.F.);
#117=ADVANCED_FACE('',(#76),#159,.F.);
#118=ADVANCED_FACE('',(#243,#244),#58,.T.);
#119=ADVANCED_FACE('',(#245,#246),#160,.T.);
#120=ADVANCED_FACE('',(#247,#248),#56,.F.);
#121=ADVANCED_FACE('',(#249,#250),#110,.T.);
#122=ADVANCED_FACE('',(#77),#111,.T.);
#123=ADVANCED_FACE('',(#251,#252),#53,.F.);
#124=ADVANCED_FACE('',(#253,#254),#57,.F.);
#125=ADVANCED_FACE('',(#78),#161,.F.);
#126=ADVANCED_FACE('',(#79),#42,.T.);
#127=ADVANCED_FACE('',(#80),#43,.T.);
#128=ADVANCED_FACE('',(#255,#256),#54,.T.);
#129=ADVANCED_FACE('',(#81),#59,.T.);
#130=ADVANCED_FACE('',(#82),#60,.T.);
#131=ADVANCED_FACE('',(#83),#61,.T.);
#132=ADVANCED_FACE('',(#84),#62,.T.);
#133=ADVANCED_FACE('',(#85),#63,.T.);
#134=ADVANCED_FACE('',(#86),#64,.T.);
#135=ADVANCED_FACE('',(#87),#65,.T.);
#136=ADVANCED_FACE('',(#88),#66,.F.);
#137=ADVANCED_FACE('',(#89),#67,.T.);
#138=ADVANCED_FACE('',(#90),#68,.T.);
#139=ADVANCED_FACE('',(#257,#258),#69,.F.);
#140=ADVANCED_FACE('',(#91),#70,.T.);
#141=ADVANCED_FACE('',(#92),#44,.F.);
#142=ADVANCED_FACE('',(#93),#45,.F.);
#143=ADVANCED_FACE('',(#94),#71,.T.);
#144=ADVANCED_FACE('',(#95),#46,.F.);
#145=ADVANCED_FACE('',(#96),#47,.F.);
#146=ADVANCED_FACE('',(#97),#162,.T.);
#147=ADVANCED_FACE('',(#259,#260),#72,.F.);
#148=ADVANCED_FACE('',(#261,#262),#48,.F.);
#149=ADVANCED_FACE('',(#98),#49,.F.);
#150=ADVANCED_FACE('',(#99),#50,.F.);
#151=ADVANCED_FACE('',(#100),#163,.T.);
#152=ADVANCED_FACE('',(#101),#51,.F.);
#153=ADVANCED_FACE('',(#102),#73,.T.);
#154=ADVANCED_FACE('',(#103),#74,.T.);
#155=ADVANCED_FACE('',(#104),#75,.T.);
#156=ADVANCED_FACE('',(#105),#52,.F.);
#157=CYLINDRICAL_SURFACE('',#704,0.5);
#158=CYLINDRICAL_SURFACE('',#709,0.44);
#159=CYLINDRICAL_SURFACE('',#715,0.15625);
#160=CYLINDRICAL_SURFACE('',#721,0.225);
#161=CYLINDRICAL_SURFACE('',#729,0.1875);
#162=CYLINDRICAL_SURFACE('',#745,0.5);
#163=CYLINDRICAL_SURFACE('',#747,0.5);
#164=B_SPLINE_CURVE_WITH_KNOTS('',3,(#909,#910,#911,#912,#913,#914,#915,
#916,#917,#918,#919,#920,#921,#922,#923,#924,#925,#926,#927,#928,#929,#930,
#931,#932,#933,#934,#935,#936,#937,#938,#939),.UNSPECIFIED.,.F.,.F.,(4,
3,3,3,3,3,3,3,3,3,4),(0.,0.0689948099812988,0.137779117678926,0.206475032922443,
0.281335488042838,0.390617819430836,0.466043925612399,0.541846220526777,
0.611562415058865,0.716508230854846,1.),.UNSPECIFIED.);
#165=B_SPLINE_CURVE_WITH_KNOTS('',3,(#941,#942,#943,#944,#945,#946,#947,
#948,#949,#950),.UNSPECIFIED.,.F.,.F.,(4,3,3,4),(0.,0.498325439621439,0.748352961307178,
1.),.UNSPECIFIED.);
#166=B_SPLINE_CURVE_WITH_KNOTS('',3,(#951,#952,#953,#954,#955,#956,#957,
#958,#959,#960),.UNSPECIFIED.,.F.,.F.,(4,2,2,2,4),(0.,0.25,0.5,0.75,1.),
 .UNSPECIFIED.);
#167=B_SPLINE_CURVE_WITH_KNOTS('',3,(#963,#964,#965,#966,#967,#968,#969,
#970),.UNSPECIFIED.,.F.,.F.,(4,2,2,4),(0.,0.25,0.499999999999999,1.),
 .UNSPECIFIED.);
#168=B_SPLINE_CURVE_WITH_KNOTS('',3,(#974,#975,#976,#977,#978,#979,#980,
#981,#982,#983,#984,#985,#986,#987,#988,#989,#990,#991,#992,#993,#994,#995,
#996,#997,#998,#999,#1000,#1001,#1002,#1003,#1004,#1005,#1006,#1007,#1008,
#1009,#1010,#1011,#1012,#1013,#1014,#1015,#1016,#1017,#1018,#1019,#1020,
#1021,#1022,#1023,#1024,#1025,#1026,#1027,#1028,#1029,#1030,#1031),
 .UNSPECIFIED.,.F.,.F.,(4,3,3,3,3,3,3,3,3,3,3,3,3,3,3,3,3,3,3,4),(0.,0.075395295031382,
0.124667785959534,0.162382059026458,0.200383121560376,0.243284138502608,
0.287656913259365,0.327545601756584,0.369307937804916,0.443009308447655,
0.608122808462405,0.658095293144232,0.709224663781151,0.754410032706294,
0.794807345613212,0.839313934451406,0.874548349246391,0.909750306638899,
0.945733697603378,1.),.UNSPECIFIED.);
#169=B_SPLINE_CURVE_WITH_KNOTS('',3,(#1035,#1036,#1037,#1038,#1039,#1040,
#1041,#1042,#1043,#1044,#1045,#1046,#1047,#1048,#1049,#1050,#1051,#1052,
#1053,#1054),.UNSPECIFIED.,.F.,.F.,(4,2,2,2,2,2,2,2,2,4),(0.,0.0625,0.125,
0.25,0.375,0.5,0.625,0.75,0.875,1.),.UNSPECIFIED.);
#170=B_SPLINE_CURVE_WITH_KNOTS('',3,(#1067,#1068,#1069,#1070,#1071,#1072,
#1073,#1074,#1075,#1076,#1077,#1078,#1079,#1080,#1081,#1082,#1083,#1084,
#1085,#1086,#1087,#1088,#1089,#1090,#1091,#1092,#1093,#1094,#1095,#1096,
#1097,#1098,#1099,#1100),.UNSPECIFIED.,.F.,.F.,(4,2,2,2,2,2,2,2,2,2,2,2,
2,2,2,2,4),(0.,0.0625,0.125,0.1875,0.25,0.3125,0.375,0.4375,0.5,0.5625,
0.625,0.6875,0.75,0.8125,0.875,0.9375,1.),.UNSPECIFIED.);
#171=B_SPLINE_CURVE_WITH_KNOTS('',3,(#1105,#1106,#1107,#1108,#1109,#1110,
#1111,#1112,#1113,#1114,#1115,#1116,#1117,#1118,#1119,#1120,#1121,#1122),
 .UNSPECIFIED.,.F.,.F.,(4,2,2,2,2,2,2,2,4),(0.,0.125,0.25,0.375,0.5,0.625,
0.75,0.875,1.),.UNSPECIFIED.);
#172=B_SPLINE_CURVE_WITH_KNOTS('',3,(#1125,#1126,#1127,#1128),
 .UNSPECIFIED.,.F.,.F.,(4,4),(0.,1.),.UNSPECIFIED.);
#173=B_SPLINE_CURVE_WITH_KNOTS('',3,(#1130,#1131,#1132,#1133,#1134,#1135,
#1136,#1137,#1138,#1139,#1140,#1141,#1142,#1143,#1144,#1145,#1146,#1147,
#1148,#1149,#1150,#1151,#1152,#1153,#1154,#1155,#1156,#1157,#1158,#1159,
#1160,#1161,#1162,#1163),.UNSPECIFIED.,.F.,.F.,(4,2,2,2,2,2,2,2,2,2,2,2,
2,2,2,2,4),(0.,0.0625,0.125,0.1875,0.25,0.3125,0.375,0.4375,0.5,0.5625,
0.625,0.6875,0.75,0.8125,0.875,0.9375,1.),.UNSPECIFIED.);
#174=B_SPLINE_CURVE_WITH_KNOTS('',3,(#1165,#1166,#1167,#1168,#1169,#1170,
#1171,#1172,#1173,#1174,#1175,#1176,#1177,#1178,#1179,#1180,#1181,#1182,
#1183,#1184,#1185,#1186,#1187,#1188,#1189,#1190,#1191,#1192,#1193,#1194,
#1195,#1196,#1197,#1198,#1199,#1200,#1201,#1202,#1203,#1204,#1205,#1206,
#1207,#1208,#1209,#1210,#1211,#1212,#1213,#1214,#1215,#1216,#1217,#1218,
#1219,#1220,#1221,#1222,#1223,#1224,#1225,#1226,#1227,#1228,#1229,#1230,
#1231,#1232,#1233,#1234,#1235,#1236,#1237,#1238,#1239,#1240,#1241,#1242,
#1243,#1244,#1245,#1246,#1247,#1248,#1249,#1250,#1251,#1252,#1253,#1254,
#1255,#1256,#1257,#1258,#1259,#1260,#1261,#1262,#1263,#1264,#1265,#1266,
#1267,#1268,#1269,#1270,#1271,#1272,#1273,#1274,#1275,#1276,#1277,#1278,
#1279,#1280,#1281,#1282,#1283,#1284,#1285,#1286,#1287,#1288,#1289,#1290,
#1291,#1292,#1293,#1294,#1295,#1296,#1297,#1298,#1299,#1300,#1301,#1302,
#1303,#1304,#1305,#1306,#1307,#1308,#1309,#1310,#1311,#1312,#1313,#1314,
#1315,#1316,#1317,#1318,#1319,#1320,#1321,#1322,#1323,#1324,#1325,#1326,
#1327,#1328,#1329,#1330,#1331,#1332,#1333,#1334,#1335,#1336,#1337,#1338,
#1339),.UNSPECIFIED.,.F.,.F.,(4,3,3,3,3,3,3,3,3,3,3,3,3,3,3,3,3,3,3,3,3,
3,3,3,3,3,3,3,3,3,3,3,3,3,3,3,3,3,3,3,3,3,3,3,3,3,3,3,3,3,3,3,3,3,3,3,3,
3,4),(0.,0.0174980424039028,0.0349983383124176,0.0525001627405498,0.0699985528284368,
0.0875039214454044,0.105001823512334,0.122505427943911,0.140004947019784,
0.157506063171279,0.175007761009425,0.192505712951437,0.210010226553954,
0.227508820944625,0.245013913124347,0.262512565353481,0.280012867171637,
0.297514515080568,0.315013401779757,0.332518257182595,0.350016116016668,
0.36752027203823,0.385019474088883,0.402521246286531,0.420022331829186,
0.437520467107798,0.455024538315142,0.472523077212543,0.490028622986633,
0.507526960919866,0.525027901052498,0.54252906579763,0.560028229050347,
0.577532455158747,0.595030262432751,0.612534857682088,0.63003381112766,
0.647536279147631,0.665036781505863,0.682535185268799,0.700038774841087,
0.717537277280674,0.735043123215808,0.752541236463273,0.770042855603782,
0.787543557286017,0.805043089748425,0.82254666651287,0.840044441539408,
0.857549328732796,0.87504811179315,0.892551295955891,0.910051255314351,
0.927550020213498,0.945053117143285,0.962551625584603,0.980057577561069,
0.99755555760139,1.),.UNSPECIFIED.);
#175=B_SPLINE_CURVE_WITH_KNOTS('',3,(#1345,#1346,#1347,#1348,#1349,#1350),
 .UNSPECIFIED.,.F.,.F.,(4,2,4),(0.,0.5,1.),.UNSPECIFIED.);
#176=B_SPLINE_CURVE_WITH_KNOTS('',3,(#1352,#1353,#1354,#1355,#1356,#1357),
 .UNSPECIFIED.,.F.,.F.,(4,2,4),(0.,0.5,1.),.UNSPECIFIED.);
#177=B_SPLINE_CURVE_WITH_KNOTS('',3,(#1376,#1377,#1378,#1379,#1380,#1381,
#1382,#1383,#1384,#1385,#1386,#1387,#1388,#1389,#1390,#1391,#1392,#1393,
#1394,#1395,#1396,#1397,#1398,#1399,#1400,#1401,#1402,#1403,#1404,#1405,
#1406,#1407,#1408,#1409,#1410,#1411,#1412,#1413,#1414,#1415,#1416,#1417,
#1418,#1419,#1420,#1421,#1422,#1423,#1424,#1425,#1426,#1427,#1428,#1429,
#1430,#1431,#1432,#1433,#1434,#1435,#1436,#1437,#1438,#1439,#1440,#1441),
 .UNSPECIFIED.,.F.,.F.,(4,2,2,2,2,2,2,2,2,2,2,2,2,2,2,2,2,2,2,2,2,2,2,2,
2,2,2,2,2,2,2,2,4),(0.,0.03125,0.0625,0.09375,0.125,0.15625,0.1875,0.21875,
0.25,0.28125,0.3125,0.34375,0.375,0.40625,0.4375,0.46875,0.5,0.53125,0.5625,
0.59375,0.625,0.65625,0.6875,0.71875,0.75,0.78125,0.8125,0.84375,0.875,
0.90625,0.9375,0.96875,1.),.UNSPECIFIED.);
#178=B_SPLINE_CURVE_WITH_KNOTS('',3,(#1442,#1443,#1444,#1445,#1446,#1447,
#1448,#1449,#1450,#1451,#1452,#1453,#1454,#1455,#1456,#1457,#1458,#1459,
#1460,#1461,#1462,#1463,#1464,#1465,#1466,#1467,#1468,#1469,#1470,#1471,
#1472,#1473,#1474,#1475,#1476,#1477,#1478,#1479,#1480,#1481,#1482,#1483,
#1484,#1485,#1486,#1487,#1488,#1489,#1490,#1491,#1492,#1493,#1494,#1495,
#1496,#1497,#1498,#1499,#1500,#1501,#1502,#1503,#1504,#1505,#1506,#1507),
 .UNSPECIFIED.,.F.,.F.,(4,2,2,2,2,2,2,2,2,2,2,2,2,2,2,2,2,2,2,2,2,2,2,2,
2,2,2,2,2,2,2,2,4),(0.,0.03125,0.0625,0.09375,0.125,0.15625,0.1875,0.21875,
0.25,0.28125,0.3125,0.34375,0.375,0.40625,0.4375,0.46875,0.5,0.53125,0.5625,
0.59375,0.625,0.65625,0.6875,0.71875,0.75,0.78125,0.8125,0.84375,0.875,
0.90625,0.9375,0.96875,1.),.UNSPECIFIED.);
#179=B_SPLINE_CURVE_WITH_KNOTS('',3,(#2602,#2603,#2604,#2605),
 .UNSPECIFIED.,.F.,.F.,(4,4),(0.,1.),.UNSPECIFIED.);
#180=B_SPLINE_CURVE_WITH_KNOTS('',3,(#2611,#2612,#2613,#2614),
 .UNSPECIFIED.,.F.,.F.,(4,4),(0.,1.),.UNSPECIFIED.);
#181=B_SPLINE_CURVE_WITH_KNOTS('',3,(#2618,#2619,#2620,#2621),
 .UNSPECIFIED.,.F.,.F.,(4,4),(0.,1.),.UNSPECIFIED.);
#182=B_SPLINE_CURVE_WITH_KNOTS('',3,(#2625,#2626,#2627,#2628),
 .UNSPECIFIED.,.F.,.F.,(4,4),(0.,1.),.UNSPECIFIED.);
#183=B_SPLINE_CURVE_WITH_KNOTS('',3,(#2630,#2631,#2632,#2633),
 .UNSPECIFIED.,.F.,.F.,(4,4),(0.,1.),.UNSPECIFIED.);
#184=B_SPLINE_CURVE_WITH_KNOTS('',3,(#2637,#2638,#2639,#2640),
 .UNSPECIFIED.,.F.,.F.,(4,4),(0.,1.),.UNSPECIFIED.);
#185=B_SPLINE_CURVE_WITH_KNOTS('',3,(#2642,#2643,#2644,#2645),
 .UNSPECIFIED.,.F.,.F.,(4,4),(0.,1.),.UNSPECIFIED.);
#186=B_SPLINE_CURVE_WITH_KNOTS('',3,(#2652,#2653,#2654,#2655),
 .UNSPECIFIED.,.F.,.F.,(4,4),(0.,1.),.UNSPECIFIED.);
#187=B_SPLINE_CURVE_WITH_KNOTS('',3,(#2657,#2658,#2659,#2660,#2661,#2662,
#2663),.UNSPECIFIED.,.F.,.F.,(4,3,4),(0.,0.499999921237356,1.),
 .UNSPECIFIED.);
#188=B_SPLINE_CURVE_WITH_KNOTS('',3,(#2665,#2666,#2667,#2668),
 .UNSPECIFIED.,.F.,.F.,(4,4),(0.,1.),.UNSPECIFIED.);
#189=B_SPLINE_CURVE_WITH_KNOTS('',3,(#2670,#2671,#2672,#2673),
 .UNSPECIFIED.,.F.,.F.,(4,4),(0.,1.),.UNSPECIFIED.);
#190=B_SPLINE_CURVE_WITH_KNOTS('',3,(#2675,#2676,#2677,#2678,#2679,#2680),
 .UNSPECIFIED.,.F.,.F.,(4,2,4),(0.,0.5,1.),.UNSPECIFIED.);
#191=B_SPLINE_CURVE_WITH_KNOTS('',3,(#2682,#2683,#2684,#2685,#2686,#2687,
#2688,#2689,#2690,#2691,#2692,#2693,#2694,#2695,#2696,#2697,#2698,#2699,
#2700,#2701,#2702,#2703,#2704,#2705,#2706,#2707,#2708,#2709,#2710,#2711),
 .UNSPECIFIED.,.F.,.F.,(4,2,2,2,2,2,2,2,2,2,2,2,2,2,4),(0.,0.0624999999999998,
0.0937499999999997,0.125,0.1875,0.21875,0.25,0.375,0.5,0.5625,0.625,0.75,
0.8125,0.875,1.),.UNSPECIFIED.);
#192=B_SPLINE_CURVE_WITH_KNOTS('',3,(#2712,#2713,#2714,#2715),
 .UNSPECIFIED.,.F.,.F.,(4,4),(0.,1.),.UNSPECIFIED.);
#193=B_SPLINE_CURVE_WITH_KNOTS('',3,(#2718,#2719,#2720,#2721,#2722,#2723),
 .UNSPECIFIED.,.F.,.F.,(4,2,4),(0.,0.5,1.),.UNSPECIFIED.);
#194=B_SPLINE_CURVE_WITH_KNOTS('',3,(#2725,#2726,#2727,#2728,#2729,#2730,
#2731,#2732,#2733,#2734,#2735,#2736,#2737,#2738,#2739,#2740,#2741,#2742,
#2743,#2744),.UNSPECIFIED.,.F.,.F.,(4,2,2,2,2,2,2,2,2,4),(0.,0.125,0.1875,
0.21875,0.25,0.375,0.5,0.625,0.75,1.),.UNSPECIFIED.);
#195=B_SPLINE_CURVE_WITH_KNOTS('',3,(#2746,#2747,#2748,#2749,#2750,#2751,
#2752),.UNSPECIFIED.,.F.,.F.,(4,3,4),(0.,0.280085412572894,1.),
 .UNSPECIFIED.);
#196=B_SPLINE_CURVE_WITH_KNOTS('',3,(#2756,#2757,#2758,#2759,#2760,#2761,
#2762),.UNSPECIFIED.,.F.,.F.,(4,3,4),(0.,0.499999986987178,1.),
 .UNSPECIFIED.);
#197=B_SPLINE_CURVE_WITH_KNOTS('',3,(#2764,#2765,#2766,#2767,#2768,#2769,
#2770,#2771,#2772,#2773),.UNSPECIFIED.,.F.,.F.,(4,3,3,4),(0.,0.499303658251014,
0.749234922326187,1.),.UNSPECIFIED.);
#198=B_SPLINE_CURVE_WITH_KNOTS('',3,(#2775,#2776,#2777,#2778,#2779,#2780,
#2781,#2782,#2783,#2784),.UNSPECIFIED.,.F.,.F.,(4,3,3,4),(0.,0.267719902856501,
0.633859951427199,1.),.UNSPECIFIED.);
#199=B_SPLINE_CURVE_WITH_KNOTS('',3,(#2803,#2804,#2805,#2806,#2807,#2808,
#2809,#2810,#2811,#2812,#2813,#2814,#2815,#2816,#2817,#2818,#2819,#2820,
#2821,#2822,#2823,#2824,#2825,#2826,#2827,#2828,#2829,#2830,#2831,#2832,
#2833,#2834,#2835,#2836),.UNSPECIFIED.,.F.,.F.,(4,3,3,3,3,3,3,3,3,3,3,4),
(0.,0.0755083178230418,0.151510380550475,0.217387310700516,0.301371874637386,
0.375133070218414,0.449578305964168,0.514383238411258,0.577266863350238,
0.651859146427335,0.950820008555173,1.),.UNSPECIFIED.);
#200=B_SPLINE_CURVE_WITH_KNOTS('',3,(#2883,#2884,#2885,#2886,#2887,#2888,
#2889),.UNSPECIFIED.,.F.,.F.,(4,3,4),(0.,0.5,1.),.UNSPECIFIED.);
#201=B_SPLINE_CURVE_WITH_KNOTS('',3,(#2891,#2892,#2893,#2894,#2895,#2896,
#2897,#2898,#2899,#2900),.UNSPECIFIED.,.F.,.F.,(4,3,3,4),(0.,0.328080201866943,
0.664040100933469,1.),.UNSPECIFIED.);
#202=B_SPLINE_CURVE_WITH_KNOTS('',3,(#2992,#2993,#2994,#2995,#2996,#2997,
#2998,#2999,#3000,#3001,#3002,#3003,#3004,#3005,#3006,#3007,#3008,#3009),
 .UNSPECIFIED.,.F.,.F.,(4,2,2,2,2,2,2,2,4),(0.,0.25,0.3125,0.375,0.5,0.625,
0.75,0.875,1.),.UNSPECIFIED.);
#203=B_SPLINE_CURVE_WITH_KNOTS('',3,(#3012,#3013,#3014,#3015,#3016,#3017,
#3018,#3019,#3020,#3021,#3022,#3023,#3024,#3025,#3026,#3027,#3028,#3029,
#3030,#3031,#3032,#3033),.UNSPECIFIED.,.F.,.F.,(4,2,2,2,2,2,2,2,2,2,4),
(0.,0.125,0.1875,0.25,0.375,0.5,0.625,0.75,0.8125,0.875,1.),
 .UNSPECIFIED.);
#204=B_SPLINE_CURVE_WITH_KNOTS('',3,(#3034,#3035,#3036,#3037,#3038,#3039,
#3040,#3041,#3042,#3043,#3044,#3045,#3046,#3047,#3048,#3049,#3050,#3051,
#3052,#3053,#3054,#3055,#3056,#3057,#3058,#3059,#3060,#3061,#3062,#3063,
#3064,#3065,#3066,#3067,#3068,#3069),.UNSPECIFIED.,.T.,.F.,(1,3,2,2,2,2,
2,2,2,2,2,2,2,2,2,2,2,2,3,1),(-0.00324738649980416,0.,0.0592526135001958,
0.121752613500196,0.184252613500196,0.246752613500196,0.309252613500196,
0.371752613500196,0.434252613500196,0.496752613500196,0.559252613500196,
0.621752613500196,0.746752613500196,0.778002613500196,0.809252613500196,
0.871752613500196,0.934252613500196,0.996752613500196,1.,1.0592526135002),
 .UNSPECIFIED.);
#205=B_SPLINE_CURVE_WITH_KNOTS('',3,(#3072,#3073,#3074,#3075,#3076,#3077,
#3078,#3079,#3080,#3081,#3082,#3083,#3084,#3085,#3086,#3087,#3088,#3089,
#3090,#3091,#3092,#3093,#3094,#3095,#3096,#3097,#3098,#3099,#3100,#3101,
#3102,#3103,#3104,#3105,#3106,#3107,#3108,#3109,#3110,#3111,#3112,#3113,
#3114,#3115,#3116,#3117,#3118,#3119,#3120,#3121,#3122,#3123,#3124,#3125,
#3126,#3127,#3128,#3129),.UNSPECIFIED.,.T.,.F.,(1,3,3,3,3,3,3,3,3,3,3,3,
3,3,3,3,3,3,3,3,3,1),(-0.0434312724775086,0.,0.0420575692596242,0.101770511722706,
0.217440862882684,0.267298499132736,0.318151627410568,0.355350419058312,
0.392502211240024,0.43274193693863,0.471314125630401,0.509662786791508,
0.553635242899492,0.621397835121479,0.736423748953082,0.780249639536917,
0.824611470743747,0.865812471562188,0.914773027471808,0.956568727522491,
1.,1.04205756925962),.UNSPECIFIED.);
#206=B_SPLINE_CURVE_WITH_KNOTS('',3,(#3282,#3283,#3284,#3285,#3286,#3287,
#3288),.UNSPECIFIED.,.F.,.F.,(4,3,4),(0.,0.499999999999998,1.),
 .UNSPECIFIED.);
#207=B_SPLINE_CURVE_WITH_KNOTS('',3,(#3290,#3291,#3292,#3293,#3294,#3295,
#3296),.UNSPECIFIED.,.F.,.F.,(4,3,4),(0.,0.733138214484693,1.),
 .UNSPECIFIED.);
#208=B_SPLINE_CURVE_WITH_KNOTS('',3,(#3298,#3299,#3300,#3301,#3302,#3303,
#3304,#3305,#3306,#3307,#3308,#3309,#3310,#3311,#3312,#3313,#3314,#3315,
#3316,#3317,#3318,#3319,#3320,#3321,#3322,#3323,#3324,#3325,#3326,#3327,
#3328,#3329),.UNSPECIFIED.,.F.,.F.,(4,2,2,2,2,2,2,2,2,2,2,2,2,2,2,4),(0.,
0.125,0.1875,0.25,0.3125,0.34375,0.375,0.4375,0.46875,0.5,0.625,0.6875,
0.75,0.8125,0.875,1.),.UNSPECIFIED.);
#209=B_SPLINE_CURVE_WITH_KNOTS('',3,(#3406,#3407,#3408,#3409),
 .UNSPECIFIED.,.F.,.F.,(4,4),(0.,1.),.UNSPECIFIED.);
#210=B_SPLINE_CURVE_WITH_KNOTS('',3,(#3411,#3412,#3413,#3414),
 .UNSPECIFIED.,.F.,.F.,(4,4),(0.,1.),.UNSPECIFIED.);
#211=B_SPLINE_CURVE_WITH_KNOTS('',3,(#3416,#3417,#3418,#3419,#3420,#3421,
#3422,#3423,#3424,#3425,#3426,#3427,#3428,#3429,#3430,#3431,#3432,#3433,
#3434,#3435,#3436,#3437,#3438,#3439,#3440,#3441,#3442,#3443),
 .UNSPECIFIED.,.F.,.F.,(4,2,2,2,2,2,2,2,2,2,2,2,2,4),(0.,0.125,0.1875,0.25,
0.3125,0.375,0.5,0.625,0.6875,0.75,0.8125,0.875,0.9375,1.),
 .UNSPECIFIED.);
#212=B_SPLINE_CURVE_WITH_KNOTS('',3,(#3445,#3446,#3447,#3448),
 .UNSPECIFIED.,.F.,.F.,(4,4),(0.,1.),.UNSPECIFIED.);
#213=B_SPLINE_CURVE_WITH_KNOTS('',3,(#3450,#3451,#3452,#3453),
 .UNSPECIFIED.,.F.,.F.,(4,4),(0.,1.),.UNSPECIFIED.);
#214=CIRCLE('',#698,0.5);
#215=CIRCLE('',#699,0.5);
#216=CIRCLE('',#705,0.436769541582137);
#217=CIRCLE('',#706,0.44);
#218=CIRCLE('',#708,0.44);
#219=CIRCLE('',#710,0.238333333333333);
#220=CIRCLE('',#712,0.15625);
#221=CIRCLE('',#713,0.187499999999898);
#222=CIRCLE('',#714,0.15625);
#223=CIRCLE('',#716,0.205);
#224=CIRCLE('',#717,0.1875);
#225=CIRCLE('',#719,0.225);
#226=CIRCLE('',#720,0.225);
#227=CIRCLE('',#722,0.270833333333333);
#228=CIRCLE('',#726,0.352953219042284);
#229=FACE_BOUND('',#263,.T.);
#230=FACE_BOUND('',#264,.T.);
#231=FACE_BOUND('',#265,.T.);
#232=FACE_BOUND('',#266,.T.);
#233=FACE_BOUND('',#267,.T.);
#234=FACE_BOUND('',#268,.T.);
#235=FACE_BOUND('',#269,.T.);
#236=FACE_BOUND('',#270,.T.);
#237=FACE_BOUND('',#271,.T.);
#238=FACE_BOUND('',#272,.T.);
#239=FACE_BOUND('',#273,.T.);
#240=FACE_BOUND('',#274,.T.);
#241=FACE_BOUND('',#275,.T.);
#242=FACE_BOUND('',#276,.T.);
#243=FACE_BOUND('',#278,.T.);
#244=FACE_BOUND('',#279,.T.);
#245=FACE_BOUND('',#280,.T.);
#246=FACE_BOUND('',#281,.T.);
#247=FACE_BOUND('',#282,.T.);
#248=FACE_BOUND('',#283,.T.);
#249=FACE_BOUND('',#284,.T.);
#250=FACE_BOUND('',#285,.T.);
#251=FACE_BOUND('',#287,.T.);
#252=FACE_BOUND('',#55,.T.);
#253=FACE_BOUND('',#288,.T.);
#254=FACE_BOUND('',#289,.T.);
#255=FACE_BOUND('',#293,.T.);
#256=FACE_BOUND('',#294,.T.);
#257=FACE_BOUND('',#305,.T.);
#258=FACE_BOUND('',#306,.T.);
#259=FACE_BOUND('',#314,.T.);
#260=FACE_BOUND('',#315,.T.);
#261=FACE_BOUND('',#316,.T.);
#262=FACE_BOUND('',#317,.T.);
#263=EDGE_LOOP('',(#335,#336,#337,#338,#339,#340,#341));
#264=EDGE_LOOP('',(#342));
#265=EDGE_LOOP('',(#343));
#266=EDGE_LOOP('',(#344,#345,#346,#347,#348));
#267=EDGE_LOOP('',(#349,#350));
#268=EDGE_LOOP('',(#351,#352,#353,#354));
#269=EDGE_LOOP('',(#355));
#270=EDGE_LOOP('',(#356));
#271=EDGE_LOOP('',(#357));
#272=EDGE_LOOP('',(#358));
#273=EDGE_LOOP('',(#359));
#274=EDGE_LOOP('',(#360));
#275=EDGE_LOOP('',(#361,#362,#363,#364));
#276=EDGE_LOOP('',(#365));
#277=EDGE_LOOP('',(#366,#367,#368,#369));
#278=EDGE_LOOP('',(#370));
#279=EDGE_LOOP('',(#371,#372,#373,#374));
#280=EDGE_LOOP('',(#375));
#281=EDGE_LOOP('',(#376));
#282=EDGE_LOOP('',(#377));
#283=EDGE_LOOP('',(#378));
#284=EDGE_LOOP('',(#379));
#285=EDGE_LOOP('',(#380));
#286=EDGE_LOOP('',(#381));
#287=EDGE_LOOP('',(#382));
#288=EDGE_LOOP('',(#383));
#289=EDGE_LOOP('',(#384));
#290=EDGE_LOOP('',(#385,#386,#387,#388));
#291=EDGE_LOOP('',(#389,#390,#391,#392));
#292=EDGE_LOOP('',(#393,#394,#395,#396));
#293=EDGE_LOOP('',(#397));
#294=EDGE_LOOP('',(#398));
#295=EDGE_LOOP('',(#399,#400,#401,#402));
#296=EDGE_LOOP('',(#403,#404,#405,#406));
#297=EDGE_LOOP('',(#407,#408,#409,#410));
#298=EDGE_LOOP('',(#411,#412,#413,#414));
#299=EDGE_LOOP('',(#415,#416,#417,#418));
#300=EDGE_LOOP('',(#419,#420,#421,#422));
#301=EDGE_LOOP('',(#423,#424,#425,#426));
#302=EDGE_LOOP('',(#427,#428,#429,#430,#431,#432,#433));
#303=EDGE_LOOP('',(#434,#435,#436,#437));
#304=EDGE_LOOP('',(#438,#439,#440,#441));
#305=EDGE_LOOP('',(#442,#443,#444,#445,#446));
#306=EDGE_LOOP('',(#447,#448,#449));
#307=EDGE_LOOP('',(#450,#451,#452,#453));
#308=EDGE_LOOP('',(#454,#455,#456,#457));
#309=EDGE_LOOP('',(#458,#459,#460,#461));
#310=EDGE_LOOP('',(#462,#463,#464,#465));
#311=EDGE_LOOP('',(#466,#467,#468,#469));
#312=EDGE_LOOP('',(#470,#471,#472,#473));
#313=EDGE_LOOP('',(#474,#475,#476));
#314=EDGE_LOOP('',(#477,#478));
#315=EDGE_LOOP('',(#479));
#316=EDGE_LOOP('',(#480));
#317=EDGE_LOOP('',(#481));
#318=EDGE_LOOP('',(#482,#483,#484,#485));
#319=EDGE_LOOP('',(#486,#487,#488,#489));
#320=EDGE_LOOP('',(#490));
#321=EDGE_LOOP('',(#491,#492,#493,#494));
#322=EDGE_LOOP('',(#495,#496,#497,#498));
#323=EDGE_LOOP('',(#499,#500,#501,#502));
#324=EDGE_LOOP('',(#503,#504,#505,#506));
#325=EDGE_LOOP('',(#507,#508,#509,#510));
#326=ELLIPSE('',#694,0.562735326837032,0.5);
#327=ELLIPSE('',#695,0.560200162602639,0.5);
#328=ELLIPSE('',#696,0.558453218973,0.5);
#329=ELLIPSE('',#697,0.56284920992402,0.5);
#330=ELLIPSE('',#700,0.532088886237964,0.5);
#331=ELLIPSE('',#701,0.532088886237948,0.5);
#332=ELLIPSE('',#702,2.21004430148821,0.5);
#333=ELLIPSE('',#703,1.70157132044619,0.5);
#334=ELLIPSE('',#742,0.532088886237964,0.5);
#335=ORIENTED_EDGE('',*,*,#575,.F.);
#336=ORIENTED_EDGE('',*,*,#576,.F.);
#337=ORIENTED_EDGE('',*,*,#577,.F.);
#338=ORIENTED_EDGE('',*,*,#578,.F.);
#339=ORIENTED_EDGE('',*,*,#579,.F.);
#340=ORIENTED_EDGE('',*,*,#580,.F.);
#341=ORIENTED_EDGE('',*,*,#581,.F.);
#342=ORIENTED_EDGE('',*,*,#582,.T.);
#343=ORIENTED_EDGE('',*,*,#583,.F.);
#344=ORIENTED_EDGE('',*,*,#584,.F.);
#345=ORIENTED_EDGE('',*,*,#585,.F.);
#346=ORIENTED_EDGE('',*,*,#586,.F.);
#347=ORIENTED_EDGE('',*,*,#587,.F.);
#348=ORIENTED_EDGE('',*,*,#588,.F.);
#349=ORIENTED_EDGE('',*,*,#589,.F.);
#350=ORIENTED_EDGE('',*,*,#590,.F.);
#351=ORIENTED_EDGE('',*,*,#591,.F.);
#352=ORIENTED_EDGE('',*,*,#592,.F.);
#353=ORIENTED_EDGE('',*,*,#593,.F.);
#354=ORIENTED_EDGE('',*,*,#594,.F.);
#355=ORIENTED_EDGE('',*,*,#595,.T.);
#356=ORIENTED_EDGE('',*,*,#596,.F.);
#357=ORIENTED_EDGE('',*,*,#596,.T.);
#358=ORIENTED_EDGE('',*,*,#597,.F.);
#359=ORIENTED_EDGE('',*,*,#597,.T.);
#360=ORIENTED_EDGE('',*,*,#598,.F.);
#361=ORIENTED_EDGE('',*,*,#599,.F.);
#362=ORIENTED_EDGE('',*,*,#600,.F.);
#363=ORIENTED_EDGE('',*,*,#601,.F.);
#364=ORIENTED_EDGE('',*,*,#602,.F.);
#365=ORIENTED_EDGE('',*,*,#598,.T.);
#366=ORIENTED_EDGE('',*,*,#603,.F.);
#367=ORIENTED_EDGE('',*,*,#600,.T.);
#368=ORIENTED_EDGE('',*,*,#604,.F.);
#369=ORIENTED_EDGE('',*,*,#605,.F.);
#370=ORIENTED_EDGE('',*,*,#606,.T.);
#371=ORIENTED_EDGE('',*,*,#607,.F.);
#372=ORIENTED_EDGE('',*,*,#605,.T.);
#373=ORIENTED_EDGE('',*,*,#608,.F.);
#374=ORIENTED_EDGE('',*,*,#609,.F.);
#375=ORIENTED_EDGE('',*,*,#610,.T.);
#376=ORIENTED_EDGE('',*,*,#611,.F.);
#377=ORIENTED_EDGE('',*,*,#611,.T.);
#378=ORIENTED_EDGE('',*,*,#612,.F.);
#379=ORIENTED_EDGE('',*,*,#612,.T.);
#380=ORIENTED_EDGE('',*,*,#582,.F.);
#381=ORIENTED_EDGE('',*,*,#583,.T.);
#382=ORIENTED_EDGE('',*,*,#613,.T.);
#383=ORIENTED_EDGE('',*,*,#595,.F.);
#384=ORIENTED_EDGE('',*,*,#613,.F.);
#385=ORIENTED_EDGE('',*,*,#609,.T.);
#386=ORIENTED_EDGE('',*,*,#614,.F.);
#387=ORIENTED_EDGE('',*,*,#602,.T.);
#388=ORIENTED_EDGE('',*,*,#615,.F.);
#389=ORIENTED_EDGE('',*,*,#608,.T.);
#390=ORIENTED_EDGE('',*,*,#604,.T.);
#391=ORIENTED_EDGE('',*,*,#599,.T.);
#392=ORIENTED_EDGE('',*,*,#614,.T.);
#393=ORIENTED_EDGE('',*,*,#607,.T.);
#394=ORIENTED_EDGE('',*,*,#615,.T.);
#395=ORIENTED_EDGE('',*,*,#601,.T.);
#396=ORIENTED_EDGE('',*,*,#603,.T.);
#397=ORIENTED_EDGE('',*,*,#606,.F.);
#398=ORIENTED_EDGE('',*,*,#610,.F.);
#399=ORIENTED_EDGE('',*,*,#616,.T.);
#400=ORIENTED_EDGE('',*,*,#576,.T.);
#401=ORIENTED_EDGE('',*,*,#617,.F.);
#402=ORIENTED_EDGE('',*,*,#618,.T.);
#403=ORIENTED_EDGE('',*,*,#619,.T.);
#404=ORIENTED_EDGE('',*,*,#581,.T.);
#405=ORIENTED_EDGE('',*,*,#620,.F.);
#406=ORIENTED_EDGE('',*,*,#621,.T.);
#407=ORIENTED_EDGE('',*,*,#620,.T.);
#408=ORIENTED_EDGE('',*,*,#580,.T.);
#409=ORIENTED_EDGE('',*,*,#622,.F.);
#410=ORIENTED_EDGE('',*,*,#623,.T.);
#411=ORIENTED_EDGE('',*,*,#624,.T.);
#412=ORIENTED_EDGE('',*,*,#577,.T.);
#413=ORIENTED_EDGE('',*,*,#616,.F.);
#414=ORIENTED_EDGE('',*,*,#625,.T.);
#415=ORIENTED_EDGE('',*,*,#617,.T.);
#416=ORIENTED_EDGE('',*,*,#575,.T.);
#417=ORIENTED_EDGE('',*,*,#619,.F.);
#418=ORIENTED_EDGE('',*,*,#626,.T.);
#419=ORIENTED_EDGE('',*,*,#622,.T.);
#420=ORIENTED_EDGE('',*,*,#579,.T.);
#421=ORIENTED_EDGE('',*,*,#627,.F.);
#422=ORIENTED_EDGE('',*,*,#628,.T.);
#423=ORIENTED_EDGE('',*,*,#627,.T.);
#424=ORIENTED_EDGE('',*,*,#578,.T.);
#425=ORIENTED_EDGE('',*,*,#624,.F.);
#426=ORIENTED_EDGE('',*,*,#629,.T.);
#427=ORIENTED_EDGE('',*,*,#618,.F.);
#428=ORIENTED_EDGE('',*,*,#626,.F.);
#429=ORIENTED_EDGE('',*,*,#621,.F.);
#430=ORIENTED_EDGE('',*,*,#623,.F.);
#431=ORIENTED_EDGE('',*,*,#628,.F.);
#432=ORIENTED_EDGE('',*,*,#629,.F.);
#433=ORIENTED_EDGE('',*,*,#625,.F.);
#434=ORIENTED_EDGE('',*,*,#630,.T.);
#435=ORIENTED_EDGE('',*,*,#585,.T.);
#436=ORIENTED_EDGE('',*,*,#631,.F.);
#437=ORIENTED_EDGE('',*,*,#632,.T.);
#438=ORIENTED_EDGE('',*,*,#631,.T.);
#439=ORIENTED_EDGE('',*,*,#584,.T.);
#440=ORIENTED_EDGE('',*,*,#633,.F.);
#441=ORIENTED_EDGE('',*,*,#634,.T.);
#442=ORIENTED_EDGE('',*,*,#635,.F.);
#443=ORIENTED_EDGE('',*,*,#632,.F.);
#444=ORIENTED_EDGE('',*,*,#634,.F.);
#445=ORIENTED_EDGE('',*,*,#636,.F.);
#446=ORIENTED_EDGE('',*,*,#637,.F.);
#447=ORIENTED_EDGE('',*,*,#638,.F.);
#448=ORIENTED_EDGE('',*,*,#639,.F.);
#449=ORIENTED_EDGE('',*,*,#640,.F.);
#450=ORIENTED_EDGE('',*,*,#641,.T.);
#451=ORIENTED_EDGE('',*,*,#642,.T.);
#452=ORIENTED_EDGE('',*,*,#643,.F.);
#453=ORIENTED_EDGE('',*,*,#638,.T.);
#454=ORIENTED_EDGE('',*,*,#643,.T.);
#455=ORIENTED_EDGE('',*,*,#644,.T.);
#456=ORIENTED_EDGE('',*,*,#645,.F.);
#457=ORIENTED_EDGE('',*,*,#639,.T.);
#458=ORIENTED_EDGE('',*,*,#645,.T.);
#459=ORIENTED_EDGE('',*,*,#646,.T.);
#460=ORIENTED_EDGE('',*,*,#641,.F.);
#461=ORIENTED_EDGE('',*,*,#640,.T.);
#462=ORIENTED_EDGE('',*,*,#647,.T.);
#463=ORIENTED_EDGE('',*,*,#586,.T.);
#464=ORIENTED_EDGE('',*,*,#630,.F.);
#465=ORIENTED_EDGE('',*,*,#635,.T.);
#466=ORIENTED_EDGE('',*,*,#633,.T.);
#467=ORIENTED_EDGE('',*,*,#588,.T.);
#468=ORIENTED_EDGE('',*,*,#648,.F.);
#469=ORIENTED_EDGE('',*,*,#636,.T.);
#470=ORIENTED_EDGE('',*,*,#648,.T.);
#471=ORIENTED_EDGE('',*,*,#587,.T.);
#472=ORIENTED_EDGE('',*,*,#647,.F.);
#473=ORIENTED_EDGE('',*,*,#637,.T.);
#474=ORIENTED_EDGE('',*,*,#644,.F.);
#475=ORIENTED_EDGE('',*,*,#642,.F.);
#476=ORIENTED_EDGE('',*,*,#646,.F.);
#477=ORIENTED_EDGE('',*,*,#649,.F.);
#478=ORIENTED_EDGE('',*,*,#650,.F.);
#479=ORIENTED_EDGE('',*,*,#651,.F.);
#480=ORIENTED_EDGE('',*,*,#652,.T.);
#481=ORIENTED_EDGE('',*,*,#651,.T.);
#482=ORIENTED_EDGE('',*,*,#653,.F.);
#483=ORIENTED_EDGE('',*,*,#590,.T.);
#484=ORIENTED_EDGE('',*,*,#654,.T.);
#485=ORIENTED_EDGE('',*,*,#649,.T.);
#486=ORIENTED_EDGE('',*,*,#654,.F.);
#487=ORIENTED_EDGE('',*,*,#589,.T.);
#488=ORIENTED_EDGE('',*,*,#653,.T.);
#489=ORIENTED_EDGE('',*,*,#650,.T.);
#490=ORIENTED_EDGE('',*,*,#652,.F.);
#491=ORIENTED_EDGE('',*,*,#655,.T.);
#492=ORIENTED_EDGE('',*,*,#592,.T.);
#493=ORIENTED_EDGE('',*,*,#656,.F.);
#494=ORIENTED_EDGE('',*,*,#657,.T.);
#495=ORIENTED_EDGE('',*,*,#658,.F.);
#496=ORIENTED_EDGE('',*,*,#657,.F.);
#497=ORIENTED_EDGE('',*,*,#659,.F.);
#498=ORIENTED_EDGE('',*,*,#660,.F.);
#499=ORIENTED_EDGE('',*,*,#661,.T.);
#500=ORIENTED_EDGE('',*,*,#593,.T.);
#501=ORIENTED_EDGE('',*,*,#655,.F.);
#502=ORIENTED_EDGE('',*,*,#658,.T.);
#503=ORIENTED_EDGE('',*,*,#656,.T.);
#504=ORIENTED_EDGE('',*,*,#591,.T.);
#505=ORIENTED_EDGE('',*,*,#662,.F.);
#506=ORIENTED_EDGE('',*,*,#659,.T.);
#507=ORIENTED_EDGE('',*,*,#662,.T.);
#508=ORIENTED_EDGE('',*,*,#594,.T.);
#509=ORIENTED_EDGE('',*,*,#661,.F.);
#510=ORIENTED_EDGE('',*,*,#660,.T.);
#511=VERTEX_POINT('',#885);
#512=VERTEX_POINT('',#886);
#513=VERTEX_POINT('',#888);
#514=VERTEX_POINT('',#890);
#515=VERTEX_POINT('',#892);
#516=VERTEX_POINT('',#894);
#517=VERTEX_POINT('',#896);
#518=VERTEX_POINT('',#899);
#519=VERTEX_POINT('',#901);
#520=VERTEX_POINT('',#903);
#521=VERTEX_POINT('',#904);
#522=VERTEX_POINT('',#906);
#523=VERTEX_POINT('',#908);
#524=VERTEX_POINT('',#940);
#525=VERTEX_POINT('',#961);
#526=VERTEX_POINT('',#962);
#527=VERTEX_POINT('',#972);
#528=VERTEX_POINT('',#973);
#529=VERTEX_POINT('',#1032);
#530=VERTEX_POINT('',#1034);
#531=VERTEX_POINT('',#1057);
#532=VERTEX_POINT('',#1059);
#533=VERTEX_POINT('',#1062);
#534=VERTEX_POINT('',#1065);
#535=VERTEX_POINT('',#1101);
#536=VERTEX_POINT('',#1102);
#537=VERTEX_POINT('',#1104);
#538=VERTEX_POINT('',#1123);
#539=VERTEX_POINT('',#1164);
#540=VERTEX_POINT('',#1340);
#541=VERTEX_POINT('',#1344);
#542=VERTEX_POINT('',#1351);
#543=VERTEX_POINT('',#1358);
#544=VERTEX_POINT('',#1362);
#545=VERTEX_POINT('',#1364);
#546=VERTEX_POINT('',#1367);
#547=VERTEX_POINT('',#1372);
#548=VERTEX_POINT('',#1373);
#549=VERTEX_POINT('',#2599);
#550=VERTEX_POINT('',#2601);
#551=VERTEX_POINT('',#2608);
#552=VERTEX_POINT('',#2610);
#553=VERTEX_POINT('',#2617);
#554=VERTEX_POINT('',#2624);
#555=VERTEX_POINT('',#2636);
#556=VERTEX_POINT('',#2649);
#557=VERTEX_POINT('',#2651);
#558=VERTEX_POINT('',#2664);
#559=VERTEX_POINT('',#2674);
#560=VERTEX_POINT('',#2681);
#561=VERTEX_POINT('',#2716);
#562=VERTEX_POINT('',#2717);
#563=VERTEX_POINT('',#2724);
#564=VERTEX_POINT('',#2753);
#565=VERTEX_POINT('',#2755);
#566=VERTEX_POINT('',#2774);
#567=VERTEX_POINT('',#3010);
#568=VERTEX_POINT('',#3011);
#569=VERTEX_POINT('',#3070);
#570=VERTEX_POINT('',#3130);
#571=VERTEX_POINT('',#3289);
#572=VERTEX_POINT('',#3297);
#573=VERTEX_POINT('',#3410);
#574=VERTEX_POINT('',#3415);
#575=EDGE_CURVE('',#511,#512,#663,.T.);
#576=EDGE_CURVE('',#513,#511,#326,.T.);
#577=EDGE_CURVE('',#514,#513,#664,.T.);
#578=EDGE_CURVE('',#515,#514,#327,.T.);
#579=EDGE_CURVE('',#516,#515,#328,.T.);
#580=EDGE_CURVE('',#517,#516,#665,.T.);
#581=EDGE_CURVE('',#512,#517,#329,.T.);
#582=EDGE_CURVE('',#518,#518,#214,.T.);
#583=EDGE_CURVE('',#519,#519,#215,.T.);
#584=EDGE_CURVE('',#520,#521,#330,.T.);
#585=EDGE_CURVE('',#522,#520,#666,.T.);
#586=EDGE_CURVE('',#523,#522,#331,.T.);
#587=EDGE_CURVE('',#524,#523,#164,.T.);
#588=EDGE_CURVE('',#521,#524,#165,.T.);
#589=EDGE_CURVE('',#525,#526,#166,.T.);
#590=EDGE_CURVE('',#526,#525,#167,.T.);
#591=EDGE_CURVE('',#527,#528,#332,.T.);
#592=EDGE_CURVE('',#529,#527,#168,.T.);
#593=EDGE_CURVE('',#530,#529,#333,.T.);
#594=EDGE_CURVE('',#528,#530,#169,.T.);
#595=EDGE_CURVE('',#531,#531,#216,.T.);
#596=EDGE_CURVE('',#532,#532,#217,.T.);
#597=EDGE_CURVE('',#533,#533,#218,.T.);
#598=EDGE_CURVE('',#534,#534,#219,.T.);
#599=EDGE_CURVE('',#535,#536,#170,.T.);
#600=EDGE_CURVE('',#537,#535,#220,.T.);
#601=EDGE_CURVE('',#538,#537,#171,.T.);
#602=EDGE_CURVE('',#536,#538,#221,.T.);
#603=EDGE_CURVE('',#537,#539,#173,.T.);
#604=EDGE_CURVE('',#540,#535,#174,.T.);
#605=EDGE_CURVE('',#539,#540,#222,.T.);
#606=EDGE_CURVE('',#541,#541,#223,.T.);
#607=EDGE_CURVE('',#539,#542,#175,.T.);
#608=EDGE_CURVE('',#543,#540,#176,.T.);
#609=EDGE_CURVE('',#542,#543,#224,.T.);
#610=EDGE_CURVE('',#544,#544,#225,.T.);
#611=EDGE_CURVE('',#545,#545,#226,.T.);
#612=EDGE_CURVE('',#546,#546,#227,.T.);
#613=EDGE_CURVE('',#547,#547,#228,.T.);
#614=EDGE_CURVE('',#536,#543,#177,.T.);
#615=EDGE_CURVE('',#542,#538,#178,.T.);
#616=EDGE_CURVE('',#549,#513,#667,.T.);
#617=EDGE_CURVE('',#550,#511,#668,.T.);
#618=EDGE_CURVE('',#550,#549,#179,.T.);
#619=EDGE_CURVE('',#551,#512,#669,.T.);
#620=EDGE_CURVE('',#552,#517,#670,.T.);
#621=EDGE_CURVE('',#552,#551,#180,.T.);
#622=EDGE_CURVE('',#553,#516,#671,.T.);
#623=EDGE_CURVE('',#553,#552,#181,.T.);
#624=EDGE_CURVE('',#554,#514,#672,.T.);
#625=EDGE_CURVE('',#549,#554,#182,.T.);
#626=EDGE_CURVE('',#551,#550,#183,.T.);
#627=EDGE_CURVE('',#555,#515,#673,.T.);
#628=EDGE_CURVE('',#555,#553,#184,.T.);
#629=EDGE_CURVE('',#554,#555,#185,.T.);
#630=EDGE_CURVE('',#556,#522,#674,.T.);
#631=EDGE_CURVE('',#557,#520,#675,.T.);
#632=EDGE_CURVE('',#557,#556,#186,.T.);
#633=EDGE_CURVE('',#558,#521,#187,.T.);
#634=EDGE_CURVE('',#558,#557,#188,.T.);
#635=EDGE_CURVE('',#556,#559,#189,.T.);
#636=EDGE_CURVE('',#560,#558,#190,.T.);
#637=EDGE_CURVE('',#559,#560,#191,.T.);
#638=EDGE_CURVE('',#561,#562,#192,.T.);
#639=EDGE_CURVE('',#563,#561,#193,.T.);
#640=EDGE_CURVE('',#562,#563,#194,.T.);
#641=EDGE_CURVE('',#562,#564,#195,.T.);
#642=EDGE_CURVE('',#564,#565,#334,.T.);
#643=EDGE_CURVE('',#561,#565,#196,.T.);
#644=EDGE_CURVE('',#565,#566,#197,.T.);
#645=EDGE_CURVE('',#563,#566,#198,.T.);
#646=EDGE_CURVE('',#566,#564,#199,.T.);
#647=EDGE_CURVE('',#559,#523,#200,.T.);
#648=EDGE_CURVE('',#560,#524,#201,.T.);
#649=EDGE_CURVE('',#567,#568,#202,.T.);
#650=EDGE_CURVE('',#568,#567,#203,.T.);
#651=EDGE_CURVE('',#569,#569,#204,.T.);
#652=EDGE_CURVE('',#570,#570,#205,.T.);
#653=EDGE_CURVE('',#526,#568,#676,.T.);
#654=EDGE_CURVE('',#525,#567,#677,.T.);
#655=EDGE_CURVE('',#571,#529,#206,.T.);
#656=EDGE_CURVE('',#572,#527,#207,.T.);
#657=EDGE_CURVE('',#572,#571,#208,.T.);
#658=EDGE_CURVE('',#571,#573,#209,.T.);
#659=EDGE_CURVE('',#574,#572,#210,.T.);
#660=EDGE_CURVE('',#573,#574,#211,.T.);
#661=EDGE_CURVE('',#573,#530,#212,.T.);
#662=EDGE_CURVE('',#574,#528,#213,.T.);
#663=LINE('',#884,#678);
#664=LINE('',#889,#679);
#665=LINE('',#895,#680);
#666=LINE('',#905,#681);
#667=LINE('',#2598,#682);
#668=LINE('',#2600,#683);
#669=LINE('',#2607,#684);
#670=LINE('',#2609,#685);
#671=LINE('',#2616,#686);
#672=LINE('',#2623,#687);
#673=LINE('',#2635,#688);
#674=LINE('',#2648,#689);
#675=LINE('',#2650,#690);
#676=LINE('',#3199,#691);
#677=LINE('',#3200,#692);
#678=VECTOR('',#753,1.);
#679=VECTOR('',#756,1.);
#680=VECTOR('',#761,1.);
#681=VECTOR('',#770,1.);
#682=VECTOR('',#832,1.);
#683=VECTOR('',#833,1.);
#684=VECTOR('',#836,1.);
#685=VECTOR('',#837,1.);
#686=VECTOR('',#840,1.);
#687=VECTOR('',#843,1.);
#688=VECTOR('',#848,1.);
#689=VECTOR('',#855,1.);
#690=VECTOR('',#856,1.);
#691=VECTOR('',#873,1.);
#692=VECTOR('',#874,1.);
#693=AXIS2_PLACEMENT_3D('',#883,#751,#752);
#694=AXIS2_PLACEMENT_3D('',#887,#754,#755);
#695=AXIS2_PLACEMENT_3D('',#891,#757,#758);
#696=AXIS2_PLACEMENT_3D('',#893,#759,#760);
#697=AXIS2_PLACEMENT_3D('',#897,#762,#763);
#698=AXIS2_PLACEMENT_3D('',#898,#764,#765);
#699=AXIS2_PLACEMENT_3D('',#900,#766,#767);
#700=AXIS2_PLACEMENT_3D('',#902,#768,#769);
#701=AXIS2_PLACEMENT_3D('',#907,#771,#772);
#702=AXIS2_PLACEMENT_3D('',#971,#773,#774);
#703=AXIS2_PLACEMENT_3D('',#1033,#775,#776);
#704=AXIS2_PLACEMENT_3D('',#1055,#777,#778);
#705=AXIS2_PLACEMENT_3D('',#1056,#779,#780);
#706=AXIS2_PLACEMENT_3D('',#1058,#781,#782);
#707=AXIS2_PLACEMENT_3D('',#1060,#783,#784);
#708=AXIS2_PLACEMENT_3D('',#1061,#785,#786);
#709=AXIS2_PLACEMENT_3D('',#1063,#787,#788);
#710=AXIS2_PLACEMENT_3D('',#1064,#789,#790);
#711=AXIS2_PLACEMENT_3D('',#1066,#791,#792);
#712=AXIS2_PLACEMENT_3D('',#1103,#793,#794);
#713=AXIS2_PLACEMENT_3D('',#1124,#795,#796);
#714=AXIS2_PLACEMENT_3D('',#1341,#798,#799);
#715=AXIS2_PLACEMENT_3D('',#1342,#800,#801);
#716=AXIS2_PLACEMENT_3D('',#1343,#802,#803);
#717=AXIS2_PLACEMENT_3D('',#1359,#804,#805);
#718=AXIS2_PLACEMENT_3D('',#1360,#806,#807);
#719=AXIS2_PLACEMENT_3D('',#1361,#808,#809);
#720=AXIS2_PLACEMENT_3D('',#1363,#810,#811);
#721=AXIS2_PLACEMENT_3D('',#1365,#812,#813);
#722=AXIS2_PLACEMENT_3D('',#1366,#814,#815);
#723=AXIS2_PLACEMENT_3D('',#1368,#816,#817);
#724=AXIS2_PLACEMENT_3D('',#1369,#818,#819);
#725=AXIS2_PLACEMENT_3D('',#1370,#820,#821);
#726=AXIS2_PLACEMENT_3D('',#1371,#822,#823);
#727=AXIS2_PLACEMENT_3D('',#1374,#824,#825);
#728=AXIS2_PLACEMENT_3D('',#1375,#826,#827);
#729=AXIS2_PLACEMENT_3D('',#1508,#828,#829);
#730=AXIS2_PLACEMENT_3D('',#2597,#830,#831);
#731=AXIS2_PLACEMENT_3D('',#2606,#834,#835);
#732=AXIS2_PLACEMENT_3D('',#2615,#838,#839);
#733=AXIS2_PLACEMENT_3D('',#2622,#841,#842);
#734=AXIS2_PLACEMENT_3D('',#2629,#844,#845);
#735=AXIS2_PLACEMENT_3D('',#2634,#846,#847);
#736=AXIS2_PLACEMENT_3D('',#2641,#849,#850);
#737=AXIS2_PLACEMENT_3D('',#2646,#851,#852);
#738=AXIS2_PLACEMENT_3D('',#2647,#853,#854);
#739=AXIS2_PLACEMENT_3D('',#2656,#857,#858);
#740=AXIS2_PLACEMENT_3D('',#2669,#859,#860);
#741=AXIS2_PLACEMENT_3D('',#2745,#861,#862);
#742=AXIS2_PLACEMENT_3D('',#2754,#863,#864);
#743=AXIS2_PLACEMENT_3D('',#2763,#865,#866);
#744=AXIS2_PLACEMENT_3D('',#2890,#867,#868);
#745=AXIS2_PLACEMENT_3D('',#2991,#869,#870);
#746=AXIS2_PLACEMENT_3D('',#3071,#871,#872);
#747=AXIS2_PLACEMENT_3D('',#3281,#875,#876);
#748=AXIS2_PLACEMENT_3D('',#3444,#877,#878);
#749=AXIS2_PLACEMENT_3D('',#3449,#879,#880);
#750=AXIS2_PLACEMENT_3D('',#3454,#881,#882);
#751=DIRECTION('',(0.,0.,1.));
#752=DIRECTION('',(1.,0.,0.));
#753=DIRECTION('',(0.,0.,-1.));
#754=DIRECTION('',(-0.305874909668985,-0.342020143325637,-0.888517169892907));
#755=DIRECTION('',(-0.592304752458297,-0.662297396499349,0.458843370667485));
#756=DIRECTION('',(0.,0.,1.));
#757=DIRECTION('',(0.293935240753367,-0.342020143325701,0.892538120083802));
#758=DIRECTION('',(-0.581739960321714,0.676906872743672,0.450971955000832));
#759=DIRECTION('',(0.285317643835452,-0.342020143325629,-0.895330142280322));
#760=DIRECTION('',(0.573533226641606,-0.687514146482653,0.445403116653103));
#761=DIRECTION('',(0.,0.,1.));
#762=DIRECTION('',(-0.306396633652409,-0.342020143325709,0.888337393362417));
#763=DIRECTION('',(0.592745486201132,0.661661630317277,0.459191327829769));
#764=DIRECTION('',(0.,0.,1.));
#765=DIRECTION('',(1.,0.,0.));
#766=DIRECTION('',(0.,0.,1.));
#767=DIRECTION('',(1.,0.,0.));
#768=DIRECTION('',(4.66094057704505E-15,-0.342020143325707,0.939692620785895));
#769=DIRECTION('',(-1.28058289888495E-14,0.939692620785895,0.342020143325707));
#770=DIRECTION('',(0.,0.,-1.));
#771=DIRECTION('',(4.66094057704398E-15,-0.342020143325631,-0.939692620785922));
#772=DIRECTION('',(1.28058289888497E-14,-0.939692620785922,0.342020143325631));
#773=DIRECTION('',(-0.912051407825373,-0.34202014332569,0.226239808705784));
#774=DIRECTION('',(0.211834867937431,0.0794382764740067,0.974071634407229));
#775=DIRECTION('',(0.892567490089076,-0.342020143325668,0.29384604335532));
#776=DIRECTION('',(-0.274391031538629,0.105143040695729,0.955852762094886));
#777=DIRECTION('',(0.,0.,1.));
#778=DIRECTION('',(1.,0.,0.));
#779=DIRECTION('',(0.,0.,1.));
#780=DIRECTION('',(-1.,0.,0.));
#781=DIRECTION('',(0.,0.,1.));
#782=DIRECTION('',(1.,0.,0.));
#783=DIRECTION('',(0.,6.12323399573677E-17,1.));
#784=DIRECTION('',(0.,1.,0.));
#785=DIRECTION('',(0.,0.,1.));
#786=DIRECTION('',(1.,0.,0.));
#787=DIRECTION('',(0.,0.,1.));
#788=DIRECTION('',(1.,0.,0.));
#789=DIRECTION('',(0.,0.,1.));
#790=DIRECTION('',(1.,0.,0.));
#791=DIRECTION('',(0.,6.12323399573677E-17,1.));
#792=DIRECTION('',(0.,1.,0.));
#793=DIRECTION('',(0.,0.,1.));
#794=DIRECTION('',(1.,0.,0.));
#795=DIRECTION('',(0.,0.,1.));
#796=DIRECTION('',(1.,0.,0.));
#797=DIRECTION('',(0.,0.,1.));
#798=DIRECTION('',(0.,0.,1.));
#799=DIRECTION('',(1.,0.,0.));
#800=DIRECTION('',(0.,0.,1.));
#801=DIRECTION('',(1.,0.,0.));
#802=DIRECTION('',(0.,0.,-1.));
#803=DIRECTION('',(-1.,0.,0.));
#804=DIRECTION('',(0.,0.,-1.));
#805=DIRECTION('',(-1.,0.,0.));
#806=DIRECTION('',(0.,0.,-1.));
#807=DIRECTION('',(-1.,0.,0.));
#808=DIRECTION('',(0.,0.,1.));
#809=DIRECTION('',(-1.,0.,0.));
#810=DIRECTION('',(0.,0.,1.));
#811=DIRECTION('',(1.,0.,0.));
#812=DIRECTION('',(0.,0.,1.));
#813=DIRECTION('',(1.,0.,0.));
#814=DIRECTION('',(0.,0.,1.));
#815=DIRECTION('',(1.,0.,0.));
#816=DIRECTION('',(0.,0.,1.));
#817=DIRECTION('',(1.,0.,0.));
#818=DIRECTION('',(0.,6.12323399573677E-17,1.));
#819=DIRECTION('',(0.,1.,0.));
#820=DIRECTION('',(0.,-6.12323399573677E-17,1.));
#821=DIRECTION('',(0.,-1.,0.));
#822=DIRECTION('',(0.,0.,-1.));
#823=DIRECTION('',(1.,0.,0.));
#824=DIRECTION('',(0.,0.,-1.));
#825=DIRECTION('',(-1.,0.,-2.41159901594391E-17));
#826=DIRECTION('',(0.,0.,1.));
#827=DIRECTION('',(1.,0.,0.));
#828=DIRECTION('',(0.,0.,1.));
#829=DIRECTION('',(1.,0.,0.));
#830=DIRECTION('',(0.,0.,1.));
#831=DIRECTION('',(1.,0.,-4.67869866571254E-17));
#832=DIRECTION('',(-0.308403884448592,-0.847332708594654,0.432335893724621));
#833=DIRECTION('',(0.332273763604867,-0.912914662581546,0.237025240983905));
#834=DIRECTION('',(0.305874909668985,0.342020143325637,0.888517169892907));
#835=DIRECTION('',(0.,-0.933246058275645,0.359237796888037));
#836=DIRECTION('',(0.332285351940353,-0.912946501271603,-0.236886324429705));
#837=DIRECTION('',(-0.308368063312193,-0.847234290831221,-0.43255426707964));
#838=DIRECTION('',(0.306396633652409,0.342020143325709,-0.888337393362417));
#839=DIRECTION('',(0.,0.933221683412138,0.359301112730556));
#840=DIRECTION('',(-0.33181029223457,-0.91164128545717,0.242512054581225));
#841=DIRECTION('',(-0.939692620785913,0.342020143325656,1.37951136106076E-14));
#842=DIRECTION('',(-0.342020143325656,-0.939692620785913,0.));
#843=DIRECTION('',(-0.332006222800089,-0.912179600261694,-0.24020875273069));
#844=DIRECTION('',(-0.939692620785913,0.342020143325656,1.37951136106076E-14));
#845=DIRECTION('',(-0.342020143325656,-0.939692620785913,0.));
#846=DIRECTION('',(0.939692620785904,0.342020143325682,1.37951136106086E-14));
#847=DIRECTION('',(-0.342020143325682,0.939692620785904,0.));
#848=DIRECTION('',(-0.763126346359044,-0.646238848727148,0.0036782996760739));
#849=DIRECTION('',(-0.285317643835452,0.342020143325629,0.895330142280322));
#850=DIRECTION('',(0.,-0.934160373551308,0.356853466406705));
#851=DIRECTION('',(-0.293935240753367,0.342020143325701,-0.892538120083802));
#852=DIRECTION('',(0.,0.933787885537864,0.357827031989935));
#853=DIRECTION('',(-1.02342218441396E-15,-1.,0.));
#854=DIRECTION('',(1.,-1.02348685082632E-15,0.));
#855=DIRECTION('',(0.323615577118197,-0.889126490715997,0.323615577118149));
#856=DIRECTION('',(0.323615577118197,-0.889126490715971,-0.323615577118221));
#857=DIRECTION('',(0.939692620785904,0.342020143325682,1.37951136106086E-14));
#858=DIRECTION('',(-0.342020143325682,0.939692620785904,0.));
#859=DIRECTION('',(-4.66094057704505E-15,0.342020143325707,-0.939692620785895));
#860=DIRECTION('',(0.,0.939692620785895,0.342020143325707));
#861=DIRECTION('',(0.,-1.,0.));
#862=DIRECTION('',(0.,0.,-1.));
#863=DIRECTION('',(4.66094057704507E-15,-0.342020143325707,0.939692620785895));
#864=DIRECTION('',(-1.28058289888495E-14,0.939692620785895,0.342020143325707));
#865=DIRECTION('',(-4.66094057704507E-15,0.342020143325707,-0.939692620785895));
#866=DIRECTION('',(0.,0.939692620785895,0.342020143325707));
#867=DIRECTION('',(-4.66094057704398E-15,0.342020143325631,0.939692620785922));
#868=DIRECTION('',(0.,-0.939692620785922,0.342020143325631));
#869=DIRECTION('',(0.,0.,1.));
#870=DIRECTION('',(1.,0.,0.));
#871=DIRECTION('',(3.29486360043121E-15,-1.,-1.92961398581537E-14));
#872=DIRECTION('',(0.,1.929532922329E-14,-1.));
#873=DIRECTION('',(0.134267415915006,0.939692620785922,-0.314563251928752));
#874=DIRECTION('',(-0.232531914520255,0.939692620785896,0.250812055471978));
#875=DIRECTION('',(0.,0.,1.));
#876=DIRECTION('',(1.,0.,0.));
#877=DIRECTION('',(-1.36276785680614E-14,1.,4.03342138754457E-14));
#878=DIRECTION('',(0.,-4.03340555399367E-14,1.));
#879=DIRECTION('',(-0.892567490089076,0.342020143325668,-0.29384604335532));
#880=DIRECTION('',(-0.357816765184716,-0.933791819707554,0.));
#881=DIRECTION('',(0.912051407825373,0.34202014332569,-0.226239808705784));
#882=DIRECTION('',(-0.351124220482846,0.936328885483254,0.));
#883=CARTESIAN_POINT('',(0.,0.,0.));
#884=CARTESIAN_POINT('',(0.113991563926107,0.486832541387365,0.858779655081045));
#885=CARTESIAN_POINT('',(0.113991563926107,0.486832541387365,0.858779655081045));
#886=CARTESIAN_POINT('',(0.113991563926108,0.486832541387365,0.797404504484673));
#887=CARTESIAN_POINT('',(0.,0.,1.0854198391127));
#888=CARTESIAN_POINT('',(-0.113991563926103,0.486832541387366,0.937263584261898));
#889=CARTESIAN_POINT('',(-0.113991563926105,0.486832541387366,0.865518856009699));
#890=CARTESIAN_POINT('',(-0.113991563926105,0.486832541387366,0.865518856009699));
#891=CARTESIAN_POINT('',(0.,0.,0.641424591723693));
#892=CARTESIAN_POINT('',(0.0181583947159423,0.499670163909493,0.826917922739999));
#893=CARTESIAN_POINT('',(0.,0.,1.01200758168705));
#894=CARTESIAN_POINT('',(-0.113991563926106,0.486832541387365,0.789709313575032));
#895=CARTESIAN_POINT('',(-0.113991563926107,0.486832541387365,0.718770796813012));
#896=CARTESIAN_POINT('',(-0.113991563926107,0.486832541387365,0.718770796813012));
#897=CARTESIAN_POINT('',(0.,0.,0.570651506651023));
#898=CARTESIAN_POINT('',(0.,0.,0.696514277487294));
#899=CARTESIAN_POINT('',(0.5,0.,0.696514277487294));
#900=CARTESIAN_POINT('',(0.,0.,1.75));
#901=CARTESIAN_POINT('',(0.5,0.,1.75));
#902=CARTESIAN_POINT('',(0.,0.,0.917679884397927));
#903=CARTESIAN_POINT('',(0.113991563926103,0.486832541387366,1.09487243853512));
#904=CARTESIAN_POINT('',(0.0341262682314589,0.498834038350026,1.09924062619616));
#905=CARTESIAN_POINT('',(0.113991563926102,0.486832541387366,1.16158760166404));
#906=CARTESIAN_POINT('',(0.113991563926102,0.486832541387366,1.16158760166404));
#907=CARTESIAN_POINT('',(0.,0.,1.33878015580118));
#908=CARTESIAN_POINT('',(-0.113991563926117,0.486832541387362,1.16158760166404));
#909=CARTESIAN_POINT('',(0.0309508299886597,0.499041126684979,1.04101525111776));
#910=CARTESIAN_POINT('',(0.0293632827901609,0.499139587314398,1.03411138909855));
#911=CARTESIAN_POINT('',(0.0263651599095465,0.499319089841811,1.02746176184421));
#912=CARTESIAN_POINT('',(0.0225382395733152,0.499491769458653,1.02150204927786));
#913=CARTESIAN_POINT('',(0.0187229400733738,0.49966392471612,1.01556043399027));
#914=CARTESIAN_POINT('',(0.013902753823941,0.499837644475834,1.01013029009003));
#915=CARTESIAN_POINT('',(0.00833959043940222,0.499930446393599,1.00577925103094));
#916=CARTESIAN_POINT('',(0.00276781998922289,0.500023391890142,1.00142148024815));
#917=CARTESIAN_POINT('',(-0.00356772032030761,0.500031197762763,0.997913486430764));
#918=CARTESIAN_POINT('',(-0.0101941148621529,0.49989606922057,0.995440418161786));
#919=CARTESIAN_POINT('',(-0.0174179691174344,0.499748756999971,0.992744369107412));
#920=CARTESIAN_POINT('',(-0.025134628076769,0.499427046295814,0.991239919854631));
#921=CARTESIAN_POINT('',(-0.0328072778867788,0.498922521557866,0.990648014982851));
#922=CARTESIAN_POINT('',(-0.0439576210517795,0.498189316719558,0.989787824226749));
#923=CARTESIAN_POINT('',(-0.0554759350460169,0.497029519904607,0.990338955274263));
#924=CARTESIAN_POINT('',(-0.0661480534349912,0.495605120057048,0.993450971394895));
#925=CARTESIAN_POINT('',(-0.0735625410481542,0.494615513810099,0.995613054323269));
#926=CARTESIAN_POINT('',(-0.0807026450027479,0.493485295469501,0.999041465578605));
#927=CARTESIAN_POINT('',(-0.0869814543377996,0.492376102792653,1.00351078259786));
#928=CARTESIAN_POINT('',(-0.0932770171735105,0.491263950500494,1.00799202492041));
#929=CARTESIAN_POINT('',(-0.0988895868829282,0.490142600773051,1.01368548196637));
#930=CARTESIAN_POINT('',(-0.103145682086255,0.489245304798075,1.02016877128941));
#931=CARTESIAN_POINT('',(-0.107057859009421,0.488420515774604,1.02612817155282));
#932=CARTESIAN_POINT('',(-0.109937426681277,0.48776609830338,1.03297024047539));
#933=CARTESIAN_POINT('',(-0.111317675339965,0.48745089512371,1.04000553842974));
#934=CARTESIAN_POINT('',(-0.113423010579856,0.4869701061313,1.05073669227888));
#935=CARTESIAN_POINT('',(-0.113654486704616,0.486911397025178,1.0617954480965));
#936=CARTESIAN_POINT('',(-0.113874170329098,0.486860014102473,1.07273941247701));
#937=CARTESIAN_POINT('',(-0.11446854251044,0.486720993363335,1.10234921155381));
#938=CARTESIAN_POINT('',(-0.113991563926065,0.486832541387374,1.13197151133421));
#939=CARTESIAN_POINT('',(-0.113991563926117,0.486832541387362,1.16158760166404));
#940=CARTESIAN_POINT('',(0.0309508299886597,0.499041126684979,1.04101525111776));
#941=CARTESIAN_POINT('',(0.0341262682314589,0.498834038350026,1.09924062619616));
#942=CARTESIAN_POINT('',(0.0341593613563863,0.498831774380908,1.08953771016906));
#943=CARTESIAN_POINT('',(0.0342199766538025,0.498827722456208,1.07983023745262));
#944=CARTESIAN_POINT('',(0.0338990135383805,0.498849533307514,1.07013259925176));
#945=CARTESIAN_POINT('',(0.0337379785130586,0.498860476343718,1.06526705757983));
#946=CARTESIAN_POINT('',(0.0334784709905361,0.498878131198856,1.06040151800315));
#947=CARTESIAN_POINT('',(0.0330346862889722,0.498907515980456,1.05555365873704));
#948=CARTESIAN_POINT('',(0.0325883811471685,0.498937067650608,1.05067826643627));
#949=CARTESIAN_POINT('',(0.0319583247067402,0.498978641258295,1.04580592556211));
#950=CARTESIAN_POINT('',(0.0309508299886597,0.499041126684979,1.04101525111776));
#951=CARTESIAN_POINT('',(0.0840815260140538,0.492879596842016,1.26972731627));
#952=CARTESIAN_POINT('',(0.059278255926625,0.497110846852063,1.24883189278508));
#953=CARTESIAN_POINT('',(0.0252477670235039,0.500392089492923,1.24287198083069));
#954=CARTESIAN_POINT('',(-0.0389238895477769,0.499514387970195,1.24499259859895));
#955=CARTESIAN_POINT('',(-0.0723593782773921,0.495215073147383,1.25546036484142));
#956=CARTESIAN_POINT('',(-0.115123503871195,0.487052797090293,1.30331364891331));
#957=CARTESIAN_POINT('',(-0.121815336398092,0.484978044235662,1.33899742797852));
#958=CARTESIAN_POINT('',(-0.109102544935778,0.487995199014258,1.40234363278548));
#959=CARTESIAN_POINT('',(-0.0845980886006508,0.493744947246792,1.42876853570896));
#960=CARTESIAN_POINT('',(-0.0541039504064205,0.497064143295832,1.44047104218474));
#961=CARTESIAN_POINT('',(0.0840815260125214,0.492879596842277,1.26972731626871));
#962=CARTESIAN_POINT('',(-0.054103950406421,0.497064143295832,1.44047104218474));
#963=CARTESIAN_POINT('',(-0.054103950406421,0.497064143295832,1.44047104218474));
#964=CARTESIAN_POINT('',(-0.0291729063705147,0.499777813127567,1.45003864116433));
#965=CARTESIAN_POINT('',(-0.0018638069598138,0.500680118083703,1.45091249123287));
#966=CARTESIAN_POINT('',(0.0503834532485771,0.498142110305325,1.44450447263197));
#967=CARTESIAN_POINT('',(0.0765363350793908,0.494427714275653,1.43329789637431));
#968=CARTESIAN_POINT('',(0.128962006263708,0.484391475838878,1.37418810537386));
#969=CARTESIAN_POINT('',(0.124971115971605,0.48590414250426,1.30417459954181));
#970=CARTESIAN_POINT('',(0.0840815260125862,0.492879596842016,1.26972731626864));
#971=CARTESIAN_POINT('',(0.,0.,0.928275283165143));
#972=CARTESIAN_POINT('',(-0.0240289481489775,0.499422275885702,1.58641251923515));
#973=CARTESIAN_POINT('',(-0.0379596628758133,0.498556981692519,1.52894484324581));
#974=CARTESIAN_POINT('',(0.0146063871863833,0.499786607917181,1.58480592947072));
#975=CARTESIAN_POINT('',(0.0213519950502782,0.499589465859537,1.58637870387321));
#976=CARTESIAN_POINT('',(0.02818326641045,0.499247188998014,1.58777862831155));
#977=CARTESIAN_POINT('',(0.0346524428726905,0.498797762828739,1.59022065242778));
#978=CARTESIAN_POINT('',(0.0388665778614534,0.49850499874109,1.59181142975959));
#979=CARTESIAN_POINT('',(0.0429887547951277,0.498161613524162,1.59384309404865));
#980=CARTESIAN_POINT('',(0.0465822440606482,0.497825365503078,1.59655399596514));
#981=CARTESIAN_POINT('',(0.0493310902615035,0.497568151962977,1.59862770535549));
#982=CARTESIAN_POINT('',(0.0517906218034411,0.497314283868172,1.60117053222971));
#983=CARTESIAN_POINT('',(0.0537198652930674,0.497105799677387,1.60402660274297));
#984=CARTESIAN_POINT('',(0.0556574952777897,0.496896409197866,1.60689508870378));
#985=CARTESIAN_POINT('',(0.0570883294398675,0.496730815736372,1.61018309776299));
#986=CARTESIAN_POINT('',(0.0578452235117523,0.496642658374082,1.61356626280204));
#987=CARTESIAN_POINT('',(0.0587016907394217,0.496542903475103,1.61739449992182));
#988=CARTESIAN_POINT('',(0.0587851859185533,0.496532450357527,1.62142457338705));
#989=CARTESIAN_POINT('',(0.0583728843449929,0.496580916239485,1.62532669397309));
#990=CARTESIAN_POINT('',(0.0579484385679937,0.496630809667607,1.62934375020157));
#991=CARTESIAN_POINT('',(0.0568389013078546,0.496762340287184,1.63337320420444));
#992=CARTESIAN_POINT('',(0.0549838258985622,0.496967583338749,1.63695593428501));
#993=CARTESIAN_POINT('',(0.053307779095386,0.497153018905803,1.64019290420445));
#994=CARTESIAN_POINT('',(0.0510266051553616,0.497396400542142,1.64315308331037));
#995=CARTESIAN_POINT('',(0.0484133553342433,0.497650627474014,1.64568839148392));
#996=CARTESIAN_POINT('',(0.0456843515790081,0.497916115391072,1.64833600116532));
#997=CARTESIAN_POINT('',(0.0424337974084612,0.49820806608274,1.65049856346209));
#998=CARTESIAN_POINT('',(0.0389940490289906,0.498477145053136,1.65211828873165));
#999=CARTESIAN_POINT('',(0.0329290819438074,0.498951585308272,1.65497418961833));
#1000=CARTESIAN_POINT('',(0.0262661082180782,0.499353799195766,1.6565912148732));
#1001=CARTESIAN_POINT('',(0.0196285476769007,0.499614571561019,1.6576109584735));
#1002=CARTESIAN_POINT('',(0.00487356234745637,0.500194256280995,1.65987780060157));
#1003=CARTESIAN_POINT('',(-0.0105896639376618,0.500101309327913,1.65991488809642));
#1004=CARTESIAN_POINT('',(-0.0251814132964303,0.499365493826314,1.65679661519644));
#1005=CARTESIAN_POINT('',(-0.0296611252328191,0.499139596204003,1.65583929582455));
#1006=CARTESIAN_POINT('',(-0.0341037491190603,0.498852897116053,1.654505920781));
#1007=CARTESIAN_POINT('',(-0.0382483304989917,0.498534918750974,1.65256771436964));
#1008=CARTESIAN_POINT('',(-0.0424457829362825,0.498212884040792,1.6506047828985));
#1009=CARTESIAN_POINT('',(-0.0463451107467475,0.497857620367278,1.64780365713659));
#1010=CARTESIAN_POINT('',(-0.049504326149305,0.497543286250054,1.64441308706929));
#1011=CARTESIAN_POINT('',(-0.0523027381761247,0.497264851176153,1.6414097426166));
#1012=CARTESIAN_POINT('',(-0.0546385592275032,0.497007969160896,1.63785681286651));
#1013=CARTESIAN_POINT('',(-0.0561434332624527,0.496837916127085,1.63403122141311));
#1014=CARTESIAN_POINT('',(-0.0574966878707557,0.496684996316978,1.63059106685959));
#1015=CARTESIAN_POINT('',(-0.0582263329047148,0.496598193153255,1.62687633588794));
#1016=CARTESIAN_POINT('',(-0.0584914952119608,0.496566959218864,1.6231860704168));
#1017=CARTESIAN_POINT('',(-0.0587833849780347,0.496532577010105,1.61912383873574));
#1018=CARTESIAN_POINT('',(-0.0585613434550393,0.496559726539707,1.61495174782807));
#1019=CARTESIAN_POINT('',(-0.0575714930806224,0.496674463994746,1.61100267963985));
#1020=CARTESIAN_POINT('',(-0.0567875018422554,0.496765339506629,1.60787489897795));
#1021=CARTESIAN_POINT('',(-0.0554580817807403,0.496918076591969,1.60483905153032));
#1022=CARTESIAN_POINT('',(-0.0536868988711692,0.497109361096325,1.60214977024554));
#1023=CARTESIAN_POINT('',(-0.0519164315906043,0.497300568314063,1.59946157553837));
#1024=CARTESIAN_POINT('',(-0.0496584232339497,0.497534474730395,1.59705103349793));
#1025=CARTESIAN_POINT('',(-0.0471178111714995,0.497774961072177,1.59508000279221));
#1026=CARTESIAN_POINT('',(-0.0445157487636937,0.498021264110247,1.59306129833127));
#1027=CARTESIAN_POINT('',(-0.0415652678649307,0.498278852740039,1.59145018201761));
#1028=CARTESIAN_POINT('',(-0.0384943801927,0.498515980379345,1.59025855244072));
#1029=CARTESIAN_POINT('',(-0.0338464794372973,0.498874881730191,1.5884549775133));
#1030=CARTESIAN_POINT('',(-0.0288878767382743,0.499188495878743,1.58756179466036));
#1031=CARTESIAN_POINT('',(-0.0240289481489775,0.499422275885702,1.58641251923515));
#1032=CARTESIAN_POINT('',(0.0146063871863833,0.499786607917181,1.58480592947072));
#1033=CARTESIAN_POINT('',(0.,0.,1.04745004365084));
#1034=CARTESIAN_POINT('',(0.0327037921718357,0.498929315612524,1.5288365980681));
#1035=CARTESIAN_POINT('',(-0.0379596628758133,0.498556981692519,1.52894484324581));
#1036=CARTESIAN_POINT('',(-0.0504089131626133,0.497609107404731,1.53198739492211));
#1037=CARTESIAN_POINT('',(-0.0628498494091634,0.496168196088724,1.53488565293358));
#1038=CARTESIAN_POINT('',(-0.0856577008447784,0.49274307774608,1.54677042147325));
#1039=CARTESIAN_POINT('',(-0.0954458324960497,0.49085991277051,1.55544293880784));
#1040=CARTESIAN_POINT('',(-0.116894100391854,0.486363252021972,1.58707788254942));
#1041=CARTESIAN_POINT('',(-0.120775014802705,0.485223865584024,1.61476780854579));
#1042=CARTESIAN_POINT('',(-0.110331738440271,0.487704532914801,1.66517038107299));
#1043=CARTESIAN_POINT('',(-0.0938464865958564,0.491611718384519,1.68723215517034));
#1044=CARTESIAN_POINT('',(-0.0500692509317591,0.497978227245427,1.71326561639761));
#1045=CARTESIAN_POINT('',(-0.0235933792107168,0.500091546103125,1.71735246066285));
#1046=CARTESIAN_POINT('',(0.0273258900644596,0.499901488053977,1.71736371583647));
#1047=CARTESIAN_POINT('',(0.0536463114727298,0.497590197711979,1.71269230905939));
#1048=CARTESIAN_POINT('',(0.0966914069949105,0.491044502471028,1.68480258083251));
#1049=CARTESIAN_POINT('',(0.112331586884055,0.487236584009655,1.6622177884466));
#1050=CARTESIAN_POINT('',(0.120554672314653,0.485267395558772,1.61144290468233));
#1051=CARTESIAN_POINT('',(0.115712317838836,0.486708087522054,1.58386700712477));
#1052=CARTESIAN_POINT('',(0.083262296144504,0.493296556849686,1.54367530941674));
#1053=CARTESIAN_POINT('',(0.057864575740693,0.497280077912979,1.53487966633496));
#1054=CARTESIAN_POINT('',(0.0327037921718357,0.498929315612524,1.5288365980681));
#1055=CARTESIAN_POINT('',(0.,0.,0.));
#1056=CARTESIAN_POINT('',(0.,0.,1.80321999197792));
#1057=CARTESIAN_POINT('',(-0.436769541582137,0.,1.80321999197792));
#1058=CARTESIAN_POINT('',(0.,0.,1.75));
#1059=CARTESIAN_POINT('',(0.44,0.,1.75));
#1060=CARTESIAN_POINT('',(0.,0.,1.75));
#1061=CARTESIAN_POINT('',(0.,0.,0.696514277487294));
#1062=CARTESIAN_POINT('',(0.44,0.,0.696514277487294));
#1063=CARTESIAN_POINT('',(0.,0.,0.));
#1064=CARTESIAN_POINT('',(0.,0.,0.326653192453707));
#1065=CARTESIAN_POINT('',(0.238333333333333,0.,0.326653192453707));
#1066=CARTESIAN_POINT('',(0.,0.,0.696514277487294));
#1067=CARTESIAN_POINT('',(0.120615462077965,0.0993276034530129,0.192158252441493));
#1068=CARTESIAN_POINT('',(0.0951486399937243,0.130252466296412,0.194792309595811));
#1069=CARTESIAN_POINT('',(0.0573830881051556,0.150680056194648,0.197170296034983));
#1070=CARTESIAN_POINT('',(-0.0216896435862913,0.159773261238935,0.20243949669523));
#1071=CARTESIAN_POINT('',(-0.0632297762901444,0.148345646578013,0.20477692922642));
#1072=CARTESIAN_POINT('',(-0.126587863917221,0.0999409939571563,0.210025101735026));
#1073=CARTESIAN_POINT('',(-0.148491567123074,0.0632543319425819,0.212353302374212));
#1074=CARTESIAN_POINT('',(-0.160653823984722,-0.016354825060177,0.217651856146591));
#1075=CARTESIAN_POINT('',(-0.150729102620884,-0.0578717548603721,0.219920865628549));
#1076=CARTESIAN_POINT('',(-0.104666814236869,-0.123167843150174,0.225085803253726));
#1077=CARTESIAN_POINT('',(-0.0685174731861893,-0.146463820698477,0.227373867391566));
#1078=CARTESIAN_POINT('',(0.00958036534452661,-0.161742143116203,0.232443999449067));
#1079=CARTESIAN_POINT('',(0.051840688245891,-0.153738770889293,0.234657342073963));
#1080=CARTESIAN_POINT('',(0.119204313225977,-0.110852089868336,0.239555728585495));
#1081=CARTESIAN_POINT('',(0.144188563382358,-0.0763912833920388,0.241698948472578));
#1082=CARTESIAN_POINT('',(0.163991055857594,0.00181594971763117,0.246466466093123));
#1083=CARTESIAN_POINT('',(0.15846526918277,0.0437689345510851,0.248495020537351));
#1084=CARTESIAN_POINT('',(0.11977570661375,0.114270780747636,0.252943491286195));
#1085=CARTESIAN_POINT('',(0.0871655558087789,0.141420318553112,0.254908950944784));
#1086=CARTESIAN_POINT('',(0.0111513300804682,0.167251881965044,0.259073247448737));
#1087=CARTESIAN_POINT('',(-0.0311416456688341,0.165525733947372,0.260942035245322));
#1088=CARTESIAN_POINT('',(-0.105151515614697,0.133889572913083,0.264746213587185));
#1089=CARTESIAN_POINT('',(-0.135581094658903,0.104479697425994,0.266549722852931));
#1090=CARTESIAN_POINT('',(-0.170218995879363,0.0323389283614204,0.270029045619669));
#1091=CARTESIAN_POINT('',(-0.174135639927752,-0.00999060465468454,0.271795127568514));
#1092=CARTESIAN_POINT('',(-0.15371858975387,-0.0871431181110151,0.274924258111649));
#1093=CARTESIAN_POINT('',(-0.129519406972665,-0.122160678615423,0.276629777961579));
#1094=CARTESIAN_POINT('',(-0.0646725882845111,-0.16850948204345,0.279522996969948));
#1095=CARTESIAN_POINT('',(-0.0238070132275721,-0.180401605048739,0.281155713116851));
#1096=CARTESIAN_POINT('',(0.0557054753957225,-0.17596321062354,0.283875929782767));
#1097=CARTESIAN_POINT('',(0.095032552024501,-0.159874078386109,0.285285468636128));
#1098=CARTESIAN_POINT('',(0.155139735006025,-0.107672525160397,0.287997645571755));
#1099=CARTESIAN_POINT('',(0.176404896993913,-0.071031791280249,0.289198694479159));
#1100=CARTESIAN_POINT('',(0.184737127122851,-0.032069360180042,0.290529328887525));
#1101=CARTESIAN_POINT('',(0.120615462077965,0.0993276034530131,0.192158252441493));
#1102=CARTESIAN_POINT('',(0.184737127122851,-0.0320693601800422,0.290529328887525));
#1103=CARTESIAN_POINT('',(0.,0.,0.192158252441493));
#1104=CARTESIAN_POINT('',(0.151640415393922,0.0376728936924005,0.192158252441493));
#1105=CARTESIAN_POINT('',(-0.0832047586979273,0.168027432670922,0.290529328887525));
#1106=CARTESIAN_POINT('',(-0.0320735318682467,0.182601104053865,0.282238075420283));
#1107=CARTESIAN_POINT('',(0.0258790453716481,0.179092765617021,0.276280644364181));
#1108=CARTESIAN_POINT('',(0.119184505960459,0.126854824376752,0.265781054864712));
#1109=CARTESIAN_POINT('',(0.15379629071986,0.0775000348579555,0.261379123268775));
#1110=CARTESIAN_POINT('',(0.166558214367447,-0.0293816570385169,0.252593286951897));
#1111=CARTESIAN_POINT('',(0.144696076885833,-0.0859824058197429,0.248722847628134));
#1112=CARTESIAN_POINT('',(0.0617098276670011,-0.155166970446834,0.24132730715953));
#1113=CARTESIAN_POINT('',(0.0018330032143403,-0.166540023138852,0.237530722694271));
#1114=CARTESIAN_POINT('',(-0.100592007567325,-0.131980872711106,0.230491105461045));
#1115=CARTESIAN_POINT('',(-0.141476256278841,-0.0862573599335441,0.226949286784264));
#1116=CARTESIAN_POINT('',(-0.164336390384779,0.0190428658529542,0.219659236461125));
#1117=CARTESIAN_POINT('',(-0.14596033812744,0.0777297053361224,0.216198203832314));
#1118=CARTESIAN_POINT('',(-0.0670717941522705,0.151070543736706,0.209393391190335));
#1119=CARTESIAN_POINT('',(-0.00713111620339068,0.165120772412101,0.205824418173528));
#1120=CARTESIAN_POINT('',(0.0961054018752411,0.134448621481228,0.199177077030336));
#1121=CARTESIAN_POINT('',(0.13865673346175,0.0899346322679394,0.195716044399024));
#1122=CARTESIAN_POINT('',(0.151640415393914,0.0376728936924115,0.192158252441491));
#1123=CARTESIAN_POINT('',(-0.0832047586979272,0.168027432670922,0.290529328887525));
#1124=CARTESIAN_POINT('',(0.,0.,0.290529328887525));
#1125=CARTESIAN_POINT('',(0.,0.15625,0.192158252441493));
#1126=CARTESIAN_POINT('',(0.,0.15625,0.262919105041321));
#1127=CARTESIAN_POINT('',(0.,0.154999899433605,0.272954285845689));
#1128=CARTESIAN_POINT('',(0.,0.238333333333333,0.326653192453707));
#1129=CARTESIAN_POINT('',(0.,0.,0.));
#1130=CARTESIAN_POINT('',(0.151640415393921,0.037672893692402,0.192158252441493));
#1131=CARTESIAN_POINT('',(0.166743188275733,-0.0231185807320832,0.188019786621396));
#1132=CARTESIAN_POINT('',(0.140739338378655,-0.0925349509257295,0.18398317206251));
#1133=CARTESIAN_POINT('',(0.0373763776202663,-0.164235455691139,0.176275262718447));
#1134=CARTESIAN_POINT('',(-0.0363935171061311,-0.164437604883386,0.172280515635604));
#1135=CARTESIAN_POINT('',(-0.140121029998464,-0.0934361329428215,0.163981522032188));
#1136=CARTESIAN_POINT('',(-0.166604514556261,-0.0241842298022073,0.159950403210812));
#1137=CARTESIAN_POINT('',(-0.137137565360955,0.09764849926406,0.15228535877957));
#1138=CARTESIAN_POINT('',(-0.0824313217934702,0.147019444462661,0.148262825434354));
#1139=CARTESIAN_POINT('',(0.0429782769491516,0.162980083363612,0.13987922400302));
#1140=CARTESIAN_POINT('',(0.108431453933671,0.128740439664498,0.136026923625771));
#1141=CARTESIAN_POINT('',(0.167323926713005,0.0182807154268942,0.128234591179909));
#1142=CARTESIAN_POINT('',(0.159309428486323,-0.0550980911485452,0.124181655641139));
#1143=CARTESIAN_POINT('',(0.0761145496671322,-0.150405681348219,0.115913075927633));
#1144=CARTESIAN_POINT('',(0.00463253361768064,-0.168279832137314,0.112041552022349));
#1145=CARTESIAN_POINT('',(-0.112912468566109,-0.124861269872562,0.104193700214439));
#1146=CARTESIAN_POINT('',(-0.155667432092531,-0.0643130789421423,0.100025247722191));
#1147=CARTESIAN_POINT('',(-0.156819457795495,0.0614506240328605,0.0919652311367666));
#1148=CARTESIAN_POINT('',(-0.1154326940894,0.122558364788438,0.088133956134068));
#1149=CARTESIAN_POINT('',(0.00130382539647656,0.168355456352589,0.0800884030389692));
#1150=CARTESIAN_POINT('',(0.0735226811886028,0.151501681869861,0.0759329178347577));
#1151=CARTESIAN_POINT('',(0.157921074068254,0.0584745981062428,0.0680856139098075));
#1152=CARTESIAN_POINT('',(0.167820657708709,-0.0146257773824756,0.0641553861542445));
#1153=CARTESIAN_POINT('',(0.110800297907144,-0.126889639062902,0.0560211631584871));
#1154=CARTESIAN_POINT('',(0.0455978344785603,-0.162041496799643,0.0518298593059743));
#1155=CARTESIAN_POINT('',(-0.0789473152409833,-0.148673906958968,0.0441431699758324));
#1156=CARTESIAN_POINT('',(-0.135035698741796,-0.100967756993467,0.0402225792350719));
#1157=CARTESIAN_POINT('',(-0.167219261810879,0.0216066278350382,0.0318674528099649));
#1158=CARTESIAN_POINT('',(-0.141753904006648,0.0907663089498282,0.0278460095576963));
#1159=CARTESIAN_POINT('',(-0.0398734165788778,0.163532268350405,0.0201755301737344));
#1160=CARTESIAN_POINT('',(0.034066096253128,0.165035556147267,0.0161760679034571));
#1161=CARTESIAN_POINT('',(0.139130929865736,0.0950779578107393,0.0078501311448911));
#1162=CARTESIAN_POINT('',(0.166262935703561,0.0265270684579271,0.00382926001735985));
#1163=CARTESIAN_POINT('',(0.15236478859264,-0.0346270659617606,3.20138436757531E-18));
#1164=CARTESIAN_POINT('',(0.15236478859264,-0.0346270659617599,4.48193811460543E-17));
#1165=CARTESIAN_POINT('',(0.152378860895131,0.0345650871878287,3.41480999208033E-17));
#1166=CARTESIAN_POINT('',(0.148502695823758,0.0516530122090423,0.00107439231773348));
#1167=CARTESIAN_POINT('',(0.141617548802825,0.0683035939057446,0.00220103574557232));
#1168=CARTESIAN_POINT('',(0.132297293092828,0.0831353639572854,0.0033532452239381));
#1169=CARTESIAN_POINT('',(0.122975837090779,0.0979690440911521,0.00450560308749006));
#1170=CARTESIAN_POINT('',(0.110960584142993,0.11139529075208,0.00567685513843294));
#1171=CARTESIAN_POINT('',(0.0972438088943028,0.122301693086107,0.00675203040923821));
#1172=CARTESIAN_POINT('',(0.0835258813242095,0.133209011647207,0.00782729600356734));
#1173=CARTESIAN_POINT('',(0.0677307950651099,0.141892990158857,0.0089097181564002));
#1174=CARTESIAN_POINT('',(0.0511752921180523,0.147631812210756,0.010044872214926));
#1175=CARTESIAN_POINT('',(0.0346227701374223,0.1533696009364,0.0111798218788073));
#1176=CARTESIAN_POINT('',(0.0168542456538726,0.156323222716374,0.0123986659394583));
#1177=CARTESIAN_POINT('',(-0.000665671176979687,0.156248582015595,0.0135136803450669));
#1178=CARTESIAN_POINT('',(-0.0181922096811409,0.156173913104275,0.0146291161716903));
#1179=CARTESIAN_POINT('',(-0.0359528938805387,0.153064310912651,0.0156763140051818));
#1180=CARTESIAN_POINT('',(-0.0524633328665995,0.147179010747214,0.0167708325832567));
#1181=CARTESIAN_POINT('',(-0.068967012554711,0.141296119996655,0.0178649030704489));
#1182=CARTESIAN_POINT('',(-0.084676562773758,0.132479391077234,0.0190421513241969));
#1183=CARTESIAN_POINT('',(-0.0982933117004243,0.121459817943891,0.0201954048473969));
#1184=CARTESIAN_POINT('',(-0.111914253299321,0.110436851823095,0.0213490134637287));
#1185=CARTESIAN_POINT('',(-0.123819908315946,0.0969014753583666,0.0224362850050542));
#1186=CARTESIAN_POINT('',(-0.133016003252688,0.0819805182874621,0.0235149522304251));
#1187=CARTESIAN_POINT('',(-0.142210018169363,0.0670629361153972,0.0245933754772931));
#1188=CARTESIAN_POINT('',(-0.14894849970644,0.0503516126276695,0.0257318742230872));
#1189=CARTESIAN_POINT('',(-0.152674582142001,0.033234537273223,0.0268934274252015));
#1190=CARTESIAN_POINT('',(-0.156401003493741,0.0161159049876383,0.028055086279614));
#1191=CARTESIAN_POINT('',(-0.157218468507811,-0.00188389479441962,0.0292265850516));
#1192=CARTESIAN_POINT('',(-0.155056528527043,-0.0192752551511544,0.0302988905936685));
#1193=CARTESIAN_POINT('',(-0.152894520382397,-0.0366671638406643,0.0313712299444938));
#1194=CARTESIAN_POINT('',(-0.147692762503063,-0.0539252909954535,0.0324493627455919));
#1195=CARTESIAN_POINT('',(-0.13988629354108,-0.0696124082282656,0.0335789972151034));
#1196=CARTESIAN_POINT('',(-0.132081368855562,-0.0852964222339919,0.0347084082202122));
#1197=CARTESIAN_POINT('',(-0.121459084263183,-0.0998433949130719,0.0359194646920098));
#1198=CARTESIAN_POINT('',(-0.108894749818929,-0.112053540603913,0.0370287690137577));
#1199=CARTESIAN_POINT('',(-0.0963259257632334,-0.124268049343991,0.0381384697230259));
#1200=CARTESIAN_POINT('',(-0.0814663850659483,-0.134478500821757,0.0391945062689085));
#1201=CARTESIAN_POINT('',(-0.0655571878417084,-0.141832004929378,0.0403010407636511));
#1202=CARTESIAN_POINT('',(-0.0496531152268323,-0.149183140354564,0.0414072188257621));
#1203=CARTESIAN_POINT('',(-0.0322627540987031,-0.153883211961064,0.0425992649092486));
#1204=CARTESIAN_POINT('',(-0.0148241888850689,-0.155545189330625,0.0437553886901118));
#1205=CARTESIAN_POINT('',(0.00262045447582178,-0.157207745976236,0.0449119154336329));
#1206=CARTESIAN_POINT('',(0.0205997040393292,-0.15587488960922,0.0459899005015975));
#1207=CARTESIAN_POINT('',(0.0376132545456775,-0.151655219436991,0.0470626136517695));
#1208=CARTESIAN_POINT('',(0.0546207310656704,-0.147437055723926,0.0481349438339634));
#1209=CARTESIAN_POINT('',(0.0711301614465761,-0.140219207309242,0.0492667752982734));
#1210=CARTESIAN_POINT('',(0.0857723504970616,-0.130603087215461,0.0504215864775544));
#1211=CARTESIAN_POINT('',(0.100415919868596,-0.120986060608799,0.0515765065210342));
#1212=CARTESIAN_POINT('',(0.113598943518317,-0.108703456162551,0.0527373838319088));
#1213=CARTESIAN_POINT('',(0.12422795693865,-0.0947706558743204,0.0538127046387684));
#1214=CARTESIAN_POINT('',(0.134857758998495,-0.0808368218159385,0.0548881052310646));
#1215=CARTESIAN_POINT('',(0.143222738564349,-0.0648714652635215,0.0559807408054195));
#1216=CARTESIAN_POINT('',(0.148628259860544,-0.0482048013254547,0.0571224774317223));
#1217=CARTESIAN_POINT('',(0.154033007090568,-0.0315405240398577,0.0582640505622861));
#1218=CARTESIAN_POINT('',(0.156629919160566,-0.0137158284734176,0.0594828583594698));
#1219=CARTESIAN_POINT('',(0.1562037801755,0.00380020511079219,0.0605872099005915));
#1220=CARTESIAN_POINT('',(0.1557775030663,0.0213219161548295,0.061691919394413));
#1221=CARTESIAN_POINT('',(0.152312247549534,0.0390159420170987,0.0627418031944749));
#1222=CARTESIAN_POINT('',(0.146097333751856,0.0554042558888641,0.0638420159367429));
#1223=CARTESIAN_POINT('',(0.139884794531298,0.0717863081588737,0.0649418083127615));
#1224=CARTESIAN_POINT('',(0.130755203469868,0.087315491372007,0.0661269653798292));
#1225=CARTESIAN_POINT('',(0.119464672326623,0.100708761117852,0.0672763371356567));
#1226=CARTESIAN_POINT('',(0.108170307607243,0.114106578401685,0.0684260991480699));
#1227=CARTESIAN_POINT('',(0.0943977600801104,0.125739177912594,0.0695012253031145));
#1228=CARTESIAN_POINT('',(0.0792949792408729,0.134634203556115,0.0705831979430564));
#1229=CARTESIAN_POINT('',(0.0641963340409833,0.143526793448338,0.0716648743032158));
#1230=CARTESIAN_POINT('',(0.047354102107566,0.149928367678092,0.072813049292297));
#1231=CARTESIAN_POINT('',(0.0301661397971894,0.153310360086122,0.0739763826841664));
#1232=CARTESIAN_POINT('',(0.0129757309097562,0.156692833895314,0.0751398816677875));
#1233=CARTESIAN_POINT('',(-0.00503855777231514,0.157149088921286,0.0762958322639182));
#1234=CARTESIAN_POINT('',(-0.0223837891779664,0.154638379718737,0.0773655534689742));
#1235=CARTESIAN_POINT('',(-0.0397283520002673,0.152127767293125,0.0784352334409229));
#1236=CARTESIAN_POINT('',(-0.0568774963617314,0.146581054767398,0.0795214086764583));
#1237=CARTESIAN_POINT('',(-0.0724040307731288,0.138461976108258,0.0806565476059139));
#1238=CARTESIAN_POINT('',(-0.0879281765408656,0.130344146509936,0.0817915119025547));
#1239=CARTESIAN_POINT('',(-0.102259477088433,0.119432147104551,0.0830011974770661));
#1240=CARTESIAN_POINT('',(-0.114215604902847,0.106624847463791,0.0841014187080849));
#1241=CARTESIAN_POINT('',(-0.126175610849966,0.0938133936011657,0.0852019968108272));
#1242=CARTESIAN_POINT('',(-0.136085447453072,0.0787525378262328,0.0862619181442009));
#1243=CARTESIAN_POINT('',(-0.143118122089207,0.0626998056588604,0.0873744117012254));
#1244=CARTESIAN_POINT('',(-0.150148690746586,0.046651880583335,0.0884865721150409));
#1245=CARTESIAN_POINT('',(-0.154499108293744,0.0291713098717778,0.0896858719475902));
#1246=CARTESIAN_POINT('',(-0.155811141040862,0.0117025991790092,0.0908367031535902));
#1247=CARTESIAN_POINT('',(-0.157123666793667,-0.00577267550670312,0.0919879667926442));
#1248=CARTESIAN_POINT('',(-0.155430260647724,-0.0237228213554956,0.0930538023996661));
#1249=CARTESIAN_POINT('',(-0.150870007409393,-0.0406485345896978,0.094129757359373));
#1250=CARTESIAN_POINT('',(-0.146311574048735,-0.0575674932148854,0.0952052829336253));
#1251=CARTESIAN_POINT('',(-0.13876443306024,-0.0739279661630342,0.0963467519337736));
#1252=CARTESIAN_POINT('',(-0.128856854889183,-0.088374054156568,0.0975033276523128));
#1253=CARTESIAN_POINT('',(-0.118947842641805,-0.102822233154822,0.0986600707798619));
#1254=CARTESIAN_POINT('',(-0.106402115815373,-0.115757398286805,0.0998060241675243));
#1255=CARTESIAN_POINT('',(-0.0922582350281238,-0.12610503784344,0.100880010493989));
#1256=CARTESIAN_POINT('',(-0.0781141822034476,-0.13645280326237,0.10195400988376));
#1257=CARTESIAN_POINT('',(-0.0619851391752879,-0.144495237317126,0.103055273340601));
#1258=CARTESIAN_POINT('',(-0.0452141995320264,-0.14956516526477,0.10420216838786));
#1259=CARTESIAN_POINT('',(-0.0284449655390426,-0.154634577586923,0.105348946792767));
#1260=CARTESIAN_POINT('',(-0.0105712212663084,-0.156873623383711,0.106563838460732));
#1261=CARTESIAN_POINT('',(0.00693356005512507,-0.156096086577986,0.107658972296358));
#1262=CARTESIAN_POINT('',(0.0244431702610432,-0.155318335280269,0.108754408236574));
#1263=CARTESIAN_POINT('',(0.0420632246356302,-0.151498895908998,0.109808117146954));
#1264=CARTESIAN_POINT('',(0.0583227154969025,-0.144956970708784,0.110914235653452));
#1265=CARTESIAN_POINT('',(0.0745765344718194,-0.138417327563808,0.112019968306634));
#1266=CARTESIAN_POINT('',(0.0899191661274112,-0.128978576939011,0.113212341477151));
#1267=CARTESIAN_POINT('',(0.103083629703078,-0.11742158143731,0.114356440324246));
#1268=CARTESIAN_POINT('',(0.116252911745156,-0.105860355835815,0.115500957935224));
#1269=CARTESIAN_POINT('',(0.12760758073357,-0.0918563573076154,0.116566100421271));
#1270=CARTESIAN_POINT('',(0.136197922921768,-0.07657798829818,0.117652060353996));
#1271=CARTESIAN_POINT('',(0.14478559146694,-0.0613043745015007,0.118737682294458));
#1272=CARTESIAN_POINT('',(0.150847808757153,-0.0443379720471065,0.119895410303614));
#1273=CARTESIAN_POINT('',(0.153884424069103,-0.0270859101549183,0.121059554781245));
#1274=CARTESIAN_POINT('',(0.156921622454172,-0.00983053562267138,0.122223922791092));
#1275=CARTESIAN_POINT('',(0.15701641859376,0.00819107990032251,0.123363535728728));
#1276=CARTESIAN_POINT('',(0.154157941569746,0.0254831621071434,0.12443184242461));
#1277=CARTESIAN_POINT('',(0.151299777214384,0.0427733528549825,0.125500032265952));
#1278=CARTESIAN_POINT('',(0.145410422334266,0.0598066234758501,0.126594790964889));
#1279=CARTESIAN_POINT('',(0.13698202373008,0.0751663999058867,0.127735051507187));
#1280=CARTESIAN_POINT('',(0.128554528635704,0.0905245297943534,0.128875189815519));
#1281=CARTESIAN_POINT('',(0.117356977063778,0.104634619002501,0.130080020108237));
#1282=CARTESIAN_POINT('',(0.10431184164832,0.116331862324712,0.131172578231283));
#1283=CARTESIAN_POINT('',(0.0912629981310713,0.128032430608109,0.132265446915823));
#1284=CARTESIAN_POINT('',(0.0760070084297762,0.137637625505827,0.133330298095248));
#1285=CARTESIAN_POINT('',(0.059817267817779,0.144346655558125,0.134448865003099));
#1286=CARTESIAN_POINT('',(0.043631958253216,0.151053849383945,0.135567125765031));
#1287=CARTESIAN_POINT('',(0.0260681473048309,0.155052915188899,0.136772875053377));
#1288=CARTESIAN_POINT('',(0.00857621350178437,0.156014457861994,0.137916942082523));
#1289=CARTESIAN_POINT('',(-0.00892261497018081,0.156976379539403,0.139061460060288));
#1290=CARTESIAN_POINT('',(-0.0268361026857001,0.154923091129888,0.140117632548027));
#1291=CARTESIAN_POINT('',(-0.0436669910019216,0.150024186039579,0.141197512175196));
#1292=CARTESIAN_POINT('',(-0.0604906852507956,0.145127374900134,0.142276930226801));
#1293=CARTESIAN_POINT('',(-0.0766957486233082,0.137254018932474,0.143427914912709));
#1294=CARTESIAN_POINT('',(-0.0909400722494682,0.127058906650661,0.144585291618698));
#1295=CARTESIAN_POINT('',(-0.105187136769717,0.116861832624387,0.145742891027222));
#1296=CARTESIAN_POINT('',(-0.117869233179392,0.104057929265046,0.146873421581725));
#1297=CARTESIAN_POINT('',(-0.127931296138181,0.0897086727602462,0.147947167038015));
#1298=CARTESIAN_POINT('',(-0.137992845023709,0.0753601493624764,0.149020857636388));
#1299=CARTESIAN_POINT('',(-0.145709546563353,0.0590739548017729,0.150131180064723));
#1300=CARTESIAN_POINT('',(-0.150441891204955,0.0422054483529839,0.151282746629673));
#1301=CARTESIAN_POINT('',(-0.15517396771352,0.0253378976680336,0.152434247947254));
#1302=CARTESIAN_POINT('',(-0.157054217456449,0.00742197569660254,0.153641879846467));
#1303=CARTESIAN_POINT('',(-0.155925522400452,-0.0100644902576486,0.154729227710792));
#1304=CARTESIAN_POINT('',(-0.15479657791195,-0.0275548205798399,0.155816815870224));
#1305=CARTESIAN_POINT('',(-0.150624538102088,-0.0450937155349531,0.156875399194994));
#1306=CARTESIAN_POINT('',(-0.143758274912648,-0.0612178151696023,0.157987540924837));
#1307=CARTESIAN_POINT('',(-0.136894164555567,-0.0773368592911555,0.159099333956321));
#1308=CARTESIAN_POINT('',(-0.127150028194878,-0.092486836439594,0.16029812013372));
#1309=CARTESIAN_POINT('',(-0.115331118788372,-0.105417244979284,0.161435482683279));
#1310=CARTESIAN_POINT('',(-0.103507671318828,-0.118352618360234,0.162573281941739));
#1311=CARTESIAN_POINT('',(-0.0892780821764935,-0.129424532667853,0.163631133330389));
#1312=CARTESIAN_POINT('',(-0.0738304509224082,-0.13770667019645,0.164721669124133));
#1313=CARTESIAN_POINT('',(-0.058388008958147,-0.14598602552425,0.165811838576513));
#1314=CARTESIAN_POINT('',(-0.0413041967295946,-0.151706546956971,0.166978883227835));
#1315=CARTESIAN_POINT('',(-0.0239948304035365,-0.154396601691571,0.168142777902462));
#1316=CARTESIAN_POINT('',(-0.00668133585576481,-0.157087297994565,0.169306950161791));
#1317=CARTESIAN_POINT('',(0.0113403795667187,-0.156820502242379,0.170429980315614));
#1318=CARTESIAN_POINT('',(0.0285722934626294,-0.153615385122342,0.171497971341241));
#1319=CARTESIAN_POINT('',(0.0458011195405701,-0.150410842333067,0.172565770991614));
#1320=CARTESIAN_POINT('',(0.0627116821774134,-0.144181269115365,0.173669545912074));
#1321=CARTESIAN_POINT('',(0.0778985945022536,-0.1354469323188,0.174814444757973));
#1322=CARTESIAN_POINT('',(0.0930846245651028,-0.126713102931061,0.175959277092608));
#1323=CARTESIAN_POINT('',(0.106968001645251,-0.115234261634621,0.177156235323448));
#1324=CARTESIAN_POINT('',(0.118401586004984,-0.101956495288453,0.178242511284593));
#1325=CARTESIAN_POINT('',(0.129837892463734,-0.0886755677818322,0.179329045865489));
#1326=CARTESIAN_POINT('',(0.139134538982704,-0.0732306657753567,0.180399776206681));
#1327=CARTESIAN_POINT('',(0.145517223351773,-0.0569104578086507,0.181524431895497));
#1328=CARTESIAN_POINT('',(0.151898342854938,-0.0405942511265937,0.182648811848394));
#1329=CARTESIAN_POINT('',(0.155544464656517,-0.0229541624680749,0.183860096365921));
#1330=CARTESIAN_POINT('',(0.156155065588271,-0.00544591508589991,0.184995859101025));
#1331=CARTESIAN_POINT('',(0.156765910928684,0.0120693404206351,0.186132076454249));
#1332=CARTESIAN_POINT('',(0.154353548975845,0.0299385505191405,0.187181614351608));
#1333=CARTESIAN_POINT('',(0.149118057402752,0.0466676274994732,0.18826600760917));
#1334=CARTESIAN_POINT('',(0.14388486807053,0.0633893480808451,0.189349924018581));
#1335=CARTESIAN_POINT('',(0.135688472166881,0.0794326077448235,0.190510189062682));
#1336=CARTESIAN_POINT('',(0.125209832856302,0.0934695686097722,0.191667311547833));
#1337=CARTESIAN_POINT('',(0.123725340924563,0.095458162217447,0.191831239224159));
#1338=CARTESIAN_POINT('',(0.12219302363468,0.0974119394330952,0.191995083778709));
#1339=CARTESIAN_POINT('',(0.120615462077965,0.0993276034530131,0.192158252441493));
#1340=CARTESIAN_POINT('',(0.152378860895131,0.0345650871878287,3.41480999208033E-17));
#1341=CARTESIAN_POINT('',(0.,0.,3.53984157293542E-17));
#1342=CARTESIAN_POINT('',(0.,0.,0.));
#1343=CARTESIAN_POINT('',(0.,0.,6.25157904275443E-19));
#1344=CARTESIAN_POINT('',(-0.205,0.,6.25157904275443E-19));
#1345=CARTESIAN_POINT('',(0.15236478859264,-0.0346270659617599,1.24929585181635E-17));
#1346=CARTESIAN_POINT('',(0.14619339738333,-0.0865942027356035,1.24929585181635E-17));
#1347=CARTESIAN_POINT('',(0.112599509065069,-0.134270084846571,-1.91327113592538E-18));
#1348=CARTESIAN_POINT('',(0.0206326604711011,-0.184034406189923,-1.91327113592538E-18));
#1349=CARTESIAN_POINT('',(-0.0364626335011657,-0.186449845365331,2.08845932354376E-18));
#1350=CARTESIAN_POINT('',(-0.0853997746396843,-0.166922522421305,2.08845932354376E-18));
#1351=CARTESIAN_POINT('',(-0.0853997746396843,-0.166922522421305,-6.93633279641317E-18));
#1352=CARTESIAN_POINT('',(-0.0853997746396843,0.166922522421305,2.08845932354376E-18));
#1353=CARTESIAN_POINT('',(-0.0367831083013683,0.186321966728096,2.08845932354376E-18));
#1354=CARTESIAN_POINT('',(0.020102145797651,0.184321550228744,-2.7136172278192E-18));
#1355=CARTESIAN_POINT('',(0.113155486196319,0.133976730501867,-2.7136172278192E-18));
#1356=CARTESIAN_POINT('',(0.146240611910356,0.0866334937406132,4.87767139756106E-19));
#1357=CARTESIAN_POINT('',(0.152378860895131,0.0345650871878296,4.87767139756106E-19));
#1358=CARTESIAN_POINT('',(-0.0853997746396842,0.166922522421305,5.33564061262551E-19));
#1359=CARTESIAN_POINT('',(0.,0.,0.));
#1360=CARTESIAN_POINT('',(0.,0.225,6.25157904275443E-19));
#1361=CARTESIAN_POINT('',(0.,0.,0.02));
#1362=CARTESIAN_POINT('',(-0.225,0.,0.02));
#1363=CARTESIAN_POINT('',(0.,0.,0.192158252441493));
#1364=CARTESIAN_POINT('',(0.225,0.,0.192158252441493));
#1365=CARTESIAN_POINT('',(0.,0.,0.));
#1366=CARTESIAN_POINT('',(0.,0.,0.276217589949127));
#1367=CARTESIAN_POINT('',(0.270833333333333,0.,0.276217589949127));
#1368=CARTESIAN_POINT('',(0.,0.,0.192158252441493));
#1369=CARTESIAN_POINT('',(0.,0.,0.696514277487294));
#1370=CARTESIAN_POINT('',(0.,0.,1.75));
#1371=CARTESIAN_POINT('',(0.,0.,1.94285949539121));
#1372=CARTESIAN_POINT('',(0.352953219042284,0.,1.94285949539121));
#1373=CARTESIAN_POINT('',(0.,0.,2.19));
#1374=CARTESIAN_POINT('',(0.,0.,1.90048886306329));
#1375=CARTESIAN_POINT('',(0.,0.,1.77902908653341));
#1376=CARTESIAN_POINT('',(0.184737127122952,-0.0320693601800563,0.290529328887466));
#1377=CARTESIAN_POINT('',(0.175030510091569,-0.087984805152843,0.287359877630959));
#1378=CARTESIAN_POINT('',(0.138071950400299,-0.139103808727291,0.284481653448282));
#1379=CARTESIAN_POINT('',(0.0371508257286531,-0.192441027947423,0.278288340792801));
#1380=CARTESIAN_POINT('',(-0.0252966990733355,-0.194404774145473,0.275319853846269));
#1381=CARTESIAN_POINT('',(-0.129566345158412,-0.147124781722355,0.2692908102416));
#1382=CARTESIAN_POINT('',(-0.169370520093476,-0.0984634903106502,0.266144693027663));
#1383=CARTESIAN_POINT('',(-0.195540125345256,0.012061980801333,0.260408463291942));
#1384=CARTESIAN_POINT('',(-0.181549652497636,0.0737193860315414,0.257134778393416));
#1385=CARTESIAN_POINT('',(-0.109947666881911,0.162192277085267,0.251333589075687));
#1386=CARTESIAN_POINT('',(-0.0534457745723876,0.188707366458805,0.248306824112995));
#1387=CARTESIAN_POINT('',(0.0616038515800396,0.186203884078621,0.242110352502093));
#1388=CARTESIAN_POINT('',(0.11693197008512,0.157216854128586,0.239219086563486));
#1389=CARTESIAN_POINT('',(0.184564309949614,0.0657741616662607,0.232911515502779));
#1390=CARTESIAN_POINT('',(0.195879870030135,0.00353555363635389,0.230072752678751));
#1391=CARTESIAN_POINT('',(0.164922229010052,-0.105745363968801,0.223814726037349));
#1392=CARTESIAN_POINT('',(0.123100436810203,-0.152596793110959,0.220852842273027));
#1393=CARTESIAN_POINT('',(0.0167712213793534,-0.195341303732867,0.214835291228357));
#1394=CARTESIAN_POINT('',(-0.0455154378435382,-0.190626282194971,0.211712022149177));
#1395=CARTESIAN_POINT('',(-0.143964737987543,-0.132981911408069,0.205876544145656));
#1396=CARTESIAN_POINT('',(-0.178696608427108,-0.0802878549898411,0.20266007619284));
#1397=CARTESIAN_POINT('',(-0.193221685236587,0.0323109559832898,0.196924507922943));
#1398=CARTESIAN_POINT('',(-0.173013723794376,0.0920768003106915,0.193751619938047));
#1399=CARTESIAN_POINT('',(-0.0923957137986518,0.172843622527096,0.187692867289837));
#1400=CARTESIAN_POINT('',(-0.0333226477194374,0.193195701906675,0.184827529785206));
#1401=CARTESIAN_POINT('',(0.08029571994259,0.178850707141872,0.178449742104775));
#1402=CARTESIAN_POINT('',(0.132684592754237,0.144137144838961,0.17560214641176));
#1403=CARTESIAN_POINT('',(0.190359476449959,0.0463032115774134,0.169369356445424));
#1404=CARTESIAN_POINT('',(0.195222105647301,-0.0167572411426664,0.166423889340804));
#1405=CARTESIAN_POINT('',(0.152999072839934,-0.122408167105794,0.160342212761641));
#1406=CARTESIAN_POINT('',(0.10689216734866,-0.164456441008262,0.157271140547393));
#1407=CARTESIAN_POINT('',(-0.0038363276166445,-0.19610491839833,0.151404839508724));
#1408=CARTESIAN_POINT('',(-0.0651827946737799,-0.184911368563231,0.148190577626341));
#1409=CARTESIAN_POINT('',(-0.15742680915388,-0.1168666364068,0.142381808606981));
#1410=CARTESIAN_POINT('',(-0.186121510784175,-0.0613822333793472,0.139272660774549));
#1411=CARTESIAN_POINT('',(-0.188776865481626,0.0526525441944872,0.133291952876496));
#1412=CARTESIAN_POINT('',(-0.162171216069878,0.109898489057764,0.130285618611908));
#1413=CARTESIAN_POINT('',(-0.0740043508578887,0.181385052506719,0.124018399253444));
#1414=CARTESIAN_POINT('',(-0.0125242207319726,0.195588322387333,0.121202505182526));
#1415=CARTESIAN_POINT('',(0.0985451442739695,0.169412226534147,0.114860785514995));
#1416=CARTESIAN_POINT('',(0.146893595341895,0.129836065221614,0.111969232421902));
#1417=CARTESIAN_POINT('',(0.194368013806276,0.0256165453116331,0.105865730604862));
#1418=CARTESIAN_POINT('',(0.192348566595265,-0.0371965379117139,0.102786028712156));
#1419=CARTESIAN_POINT('',(0.139382073974934,-0.137674220383908,0.096912107707843));
#1420=CARTESIAN_POINT('',(0.0882859176637134,-0.174927220022799,0.0937004329784145));
#1421=CARTESIAN_POINT('',(-0.0238212975113515,-0.194490311706019,0.0879745422637126));
#1422=CARTESIAN_POINT('',(-0.0838147674588887,-0.17732889622749,0.0847787753415171));
#1423=CARTESIAN_POINT('',(-0.168885040619449,-0.099741143649021,0.0788020043473043));
#1424=CARTESIAN_POINT('',(-0.191481000551226,-0.041549984727535,0.0758669818251899));
#1425=CARTESIAN_POINT('',(-0.182294108858821,0.0718347595410836,0.0695909139110092));
#1426=CARTESIAN_POINT('',(-0.149886222602384,0.126154632590448,0.0667094626644716));
#1427=CARTESIAN_POINT('',(-0.0547067275727978,0.188117104507586,0.060429660934788));
#1428=CARTESIAN_POINT('',(0.00764255473712924,0.19590367061397,0.0575650502274117));
#1429=CARTESIAN_POINT('',(0.115807271000694,0.15819397202899,0.0513544607312695));
#1430=CARTESIAN_POINT('',(0.159646667686056,0.113686226812726,0.0483364982483503));
#1431=CARTESIAN_POINT('',(0.195911894239944,0.00549057059815825,0.0424543041498612));
#1432=CARTESIAN_POINT('',(0.187419794010888,-0.0570302489104385,0.0392282413474377));
#1433=CARTESIAN_POINT('',(0.124314565114595,-0.151408445531415,0.0334716720202687));
#1434=CARTESIAN_POINT('',(0.0697712719881989,-0.183146819941241,0.0302770769921887));
#1435=CARTESIAN_POINT('',(-0.0440572910609513,-0.190970529542679,0.024419203688435));
#1436=CARTESIAN_POINT('',(-0.101938543650779,-0.167470059382823,0.021378786306181));
#1437=CARTESIAN_POINT('',(-0.178126468659767,-0.0819063406222565,0.0151268761899953));
#1438=CARTESIAN_POINT('',(-0.194746810153113,-0.0213221982516478,0.0123120489551882));
#1439=CARTESIAN_POINT('',(-0.173852394787692,0.0903122418594502,0.0059713339592387));
#1440=CARTESIAN_POINT('',(-0.136034503764237,0.141017123955877,0.00307426885586929));
#1441=CARTESIAN_POINT('',(-0.0853997746396843,0.166922522421305,1.86747421441893E-17));
#1442=CARTESIAN_POINT('',(-0.0853997746396843,-0.166922522421305,-6.93633279641317E-18));
#1443=CARTESIAN_POINT('',(-0.0341328641955868,-0.193151353227902,0.00311265151092721));
#1444=CARTESIAN_POINT('',(0.0282834175683527,-0.193895552709535,0.00609718134971643));
#1445=CARTESIAN_POINT('',(0.131291056487903,-0.145458226155044,0.0120648343942402));
#1446=CARTESIAN_POINT('',(0.170763531303514,-0.0960363453315291,0.0152454018891153));
#1447=CARTESIAN_POINT('',(0.195350076437209,0.0148832417120583,0.020973129914975));
#1448=CARTESIAN_POINT('',(0.180708334275893,0.0760280009910545,0.024224023918401));
#1449=CARTESIAN_POINT('',(0.107391713254689,0.164020666184742,0.030080888818077));
#1450=CARTESIAN_POINT('',(0.0502991695995919,0.189433473324542,0.033089656161769));
#1451=CARTESIAN_POINT('',(-0.0637985822524868,0.185323469050148,0.03928196505222));
#1452=CARTESIAN_POINT('',(-0.119332444233256,0.155365521089595,0.0421918638347906));
#1453=CARTESIAN_POINT('',(-0.185469412612929,0.0630854529597735,0.0484890234080785));
#1454=CARTESIAN_POINT('',(-0.195978226909646,0.000801089596050567,0.0513316131138741));
#1455=CARTESIAN_POINT('',(-0.163238899752957,-0.108448922422649,0.0575924350363674));
#1456=CARTESIAN_POINT('',(-0.120876855663568,-0.154380644485537,0.0605542253362506));
#1457=CARTESIAN_POINT('',(-0.0138454758345849,-0.195583487098975,0.0665475084055716));
#1458=CARTESIAN_POINT('',(0.048656101085591,-0.18978369012824,0.0697065912661449));
#1459=CARTESIAN_POINT('',(0.145826415198451,-0.130843119199719,0.0755022553329682));
#1460=CARTESIAN_POINT('',(0.179934595902818,-0.0775582128218057,0.0787257876461799));
#1461=CARTESIAN_POINT('',(0.192697858335825,0.0354862025526762,0.084490553416151));
#1462=CARTESIAN_POINT('',(0.171882384488157,0.0944477328187432,0.0876033729709051));
#1463=CARTESIAN_POINT('',(0.0893626703864191,0.17458018637103,0.093764086698137));
#1464=CARTESIAN_POINT('',(0.0298964513394213,0.193657273673146,0.0966028968060778));
#1465=CARTESIAN_POINT('',(-0.0828181525257081,0.177589670480674,0.102954408373575));
#1466=CARTESIAN_POINT('',(-0.135049742781875,0.141923739799724,0.105829226986308));
#1467=CARTESIAN_POINT('',(-0.191099428584542,0.0431484569695368,0.112039002690662));
#1468=CARTESIAN_POINT('',(-0.195047170637482,-0.0196689430748622,0.114989783212776));
#1469=CARTESIAN_POINT('',(-0.150831649059484,-0.125220125129174,0.121073801911613));
#1470=CARTESIAN_POINT('',(-0.103742926939191,-0.166305696423499,0.124168636686197));
#1471=CARTESIAN_POINT('',(0.00661994731483777,-0.195898840860185,0.129968410730109));
#1472=CARTESIAN_POINT('',(0.0684451264057905,-0.18356401409515,0.133229174742187));
#1473=CARTESIAN_POINT('',(0.158786119164137,-0.114749513986865,0.138991309356195));
#1474=CARTESIAN_POINT('',(0.187109281668111,-0.058271774575553,0.142113255859461));
#1475=CARTESIAN_POINT('',(0.187882101998553,0.055729693585609,0.148148128218011));
#1476=CARTESIAN_POINT('',(0.160896176117817,0.112076872494165,0.151087339489842));
#1477=CARTESIAN_POINT('',(0.0706159657069553,0.182926734581589,0.157438427106268));
#1478=CARTESIAN_POINT('',(0.00920946624463136,0.195705453282672,0.160233017521904));
#1479=CARTESIAN_POINT('',(-0.100986197569876,0.167890519724805,0.166532537613965));
#1480=CARTESIAN_POINT('',(-0.149240891151356,0.126948914491233,0.169488530006299));
#1481=CARTESIAN_POINT('',(-0.194613574773775,0.0226809831340186,0.175515270229933));
#1482=CARTESIAN_POINT('',(-0.192013273695045,-0.039869093016789,0.178606956287954));
#1483=CARTESIAN_POINT('',(-0.136697182926054,-0.140614800192408,0.184523787318651));
#1484=CARTESIAN_POINT('',(-0.0854746258369371,-0.176339764547986,0.187698631794233));
#1485=CARTESIAN_POINT('',(0.027071472820878,-0.19408441354759,0.193435650395167));
#1486=CARTESIAN_POINT('',(0.0874341348488955,-0.175316979258192,0.196657680519961));
#1487=CARTESIAN_POINT('',(0.170011692448611,-0.0973488345269271,0.202598918606604));
#1488=CARTESIAN_POINT('',(0.192224117374461,-0.0384046265272698,0.205538029843967));
#1489=CARTESIAN_POINT('',(0.180948083439833,0.0753844661620752,0.211875842769646));
#1490=CARTESIAN_POINT('',(0.148013475668039,0.12851043943873,0.214705385533393));
#1491=CARTESIAN_POINT('',(0.0511599881852478,0.189223618063269,0.221010680345734));
#1492=CARTESIAN_POINT('',(-0.0115353291450756,0.195568059426677,0.223905919917821));
#1493=CARTESIAN_POINT('',(-0.11809034548779,0.15631570614937,0.230029321202715));
#1494=CARTESIAN_POINT('',(-0.16176041886241,0.110618210268785,0.233112467190516));
#1495=CARTESIAN_POINT('',(-0.195957043610742,0.00191275010110242,0.238955980599849));
#1496=CARTESIAN_POINT('',(-0.186743316381772,-0.0598579260493844,0.24216220082092));
#1497=CARTESIAN_POINT('',(-0.121165810128546,-0.154191063230297,0.247981998884074));
#1498=CARTESIAN_POINT('',(-0.0662822001751077,-0.184377431245872,0.251134478047485));
#1499=CARTESIAN_POINT('',(0.0472750767592364,-0.190140564662798,0.257015440510046));
#1500=CARTESIAN_POINT('',(0.105411446057905,-0.165151042132319,0.260073686536226));
#1501=CARTESIAN_POINT('',(0.179366516907049,-0.078829514079709,0.266312795307525));
#1502=CARTESIAN_POINT('',(0.195245201933483,-0.0181856170407549,0.26910835694137));
#1503=CARTESIAN_POINT('',(0.171962367306298,0.0942356077903327,0.275509777797735));
#1504=CARTESIAN_POINT('',(0.133496980943133,0.143464922889256,0.278374151023626));
#1505=CARTESIAN_POINT('',(0.0310892734897374,0.1934866535305,0.284500295941097));
#1506=CARTESIAN_POINT('',(-0.0315932199433437,0.19358472150085,0.287528873616475));
#1507=CARTESIAN_POINT('',(-0.0832047586979548,0.168027432671023,0.290529328887583));
#1508=CARTESIAN_POINT('',(0.,0.,-0.03125));
#1509=CARTESIAN_POINT('',(0.187854054827365,0.00701220369045122,-0.0201107995973638));
#1510=CARTESIAN_POINT('',(0.185452801710867,0.0684491847503454,-0.0168574939085035));
#1511=CARTESIAN_POINT('',(0.151010470392307,0.127809738953091,-0.0136043546736263));
#1512=CARTESIAN_POINT('',(0.0985827528474225,0.159865402819634,-0.0103530459686008));
#1513=CARTESIAN_POINT('',(0.0723688940749803,0.175893234752905,-0.0087273916160881));
#1514=CARTESIAN_POINT('',(0.0422298456483308,0.185631157108273,-0.00710095905840934));
#1515=CARTESIAN_POINT('',(0.011618662837645,0.187614336682842,-0.00547368034270458));
#1516=CARTESIAN_POINT('',(-0.0189925199730408,0.189597516257411,-0.00384640162699983));
#1517=CARTESIAN_POINT('',(-0.0500386635694002,0.183540614637073,-0.00222139244059025));
#1518=CARTESIAN_POINT('',(-0.078016354548799,0.170780858061691,-0.00059530209991491));
#1519=CARTESIAN_POINT('',(-0.105994045528198,0.15802110148631,0.00103078824076043));
#1520=CARTESIAN_POINT('',(-0.130824201477168,0.138470052542029,0.00265889853347684));
#1521=CARTESIAN_POINT('',(-0.149354357549031,0.113987399946124,0.00428483205330489));
#1522=CARTESIAN_POINT('',(-0.167884513620894,0.0895047473502196,0.00591076557313295));
#1523=CARTESIAN_POINT('',(-0.180405370794407,0.0603958103516868,0.00753626690161058));
#1524=CARTESIAN_POINT('',(-0.185468992098103,0.0301170939287908,0.00916337939548939));
#1525=CARTESIAN_POINT('',(-0.195596234705495,-0.0304403389170012,0.012417604383247));
#1526=CARTESIAN_POINT('',(-0.173186696431856,-0.0955677197783642,0.0156690868513534));
#1527=CARTESIAN_POINT('',(-0.128253952647617,-0.137377308635915,0.0189224754780684));
#1528=CARTESIAN_POINT('',(-0.0833212088633777,-0.179186897493466,0.0221758641047834));
#1529=CARTESIAN_POINT('',(-0.0169952485529455,-0.197155020248667,0.0254293601400831));
#1530=CARTESIAN_POINT('',(0.0427722993649618,-0.182902408220836,0.0286805915875203));
#1531=CARTESIAN_POINT('',(0.0726560733239155,-0.17577610220692,0.0303062073112389));
#1532=CARTESIAN_POINT('',(0.10088604296917,-0.161400088662355,0.0319324387074728));
#1533=CARTESIAN_POINT('',(0.124001118092085,-0.141211994923781,0.0335596287724136));
#1534=CARTESIAN_POINT('',(0.147116193214999,-0.121023901185208,0.0351868188373543));
#1535=CARTESIAN_POINT('',(0.164887390927603,-0.0948441668404962,0.0368119473282183));
#1536=CARTESIAN_POINT('',(0.175750765988977,-0.0660789373346807,0.0384381582581011));
#1537=CARTESIAN_POINT('',(0.18661414105035,-0.0373137078288652,0.0400643691879839));
#1538=CARTESIAN_POINT('',(0.190456156808189,-0.00595793395927787,0.0416926448838804));
#1539=CARTESIAN_POINT('',(0.186325661914081,0.0244541934406941,0.0433185619306587));
#1540=CARTESIAN_POINT('',(0.182195167019973,0.054866320840666,0.0449444789774369));
#1541=CARTESIAN_POINT('',(0.170518666607858,0.0843231289328986,0.0465697800801166));
#1542=CARTESIAN_POINT('',(0.152742536423083,0.109367231696594,0.0481967585683129));
#1543=CARTESIAN_POINT('',(0.117190276053533,0.159455437223986,0.0514507155447055));
#1544=CARTESIAN_POINT('',(0.0554119744354679,0.189922037947333,0.0547026708365143));
#1545=CARTESIAN_POINT('',(-0.00590141481183008,0.187893539782565,0.0579561912764908));
#1546=CARTESIAN_POINT('',(-0.0672148040591281,0.185865041617797,0.0612097117164674));
#1547=CARTESIAN_POINT('',(-0.126904337839541,0.151756731900291,0.0644625298101359));
#1548=CARTESIAN_POINT('',(-0.159279463937665,0.0995162720444099,0.0677139246611413));
#1549=CARTESIAN_POINT('',(-0.175467026986727,0.0733960421164696,0.069339622086644));
#1550=CARTESIAN_POINT('',(-0.185372754871238,0.0433094921369612,0.070966013847307));
#1551=CARTESIAN_POINT('',(-0.187540316283918,0.0127099659030515,0.0725932954763468));
#1552=CARTESIAN_POINT('',(-0.189707877696597,-0.0178895603308582,0.0742205771053866));
#1553=CARTESIAN_POINT('',(-0.183834092758978,-0.0489676724507028,0.0758456529954261));
#1554=CARTESIAN_POINT('',(-0.171233003606817,-0.0770174689070713,0.07747171705918));
#1555=CARTESIAN_POINT('',(-0.158631914454655,-0.10506726536344,0.0790977811229339));
#1556=CARTESIAN_POINT('',(-0.139230527723585,-0.130018215389845,0.0807258933244586));
#1557=CARTESIAN_POINT('',(-0.114858407292234,-0.148691084415708,0.0823518558232269));
#1558=CARTESIAN_POINT('',(-0.0904862868608834,-0.16736395344157,0.0839778183219952));
#1559=CARTESIAN_POINT('',(-0.0614466248437592,-0.180044509024315,0.0856032690590103));
#1560=CARTESIAN_POINT('',(-0.0311962363877352,-0.185285279621907,0.0872303619844995));
#1561=CARTESIAN_POINT('',(0.0293045405243127,-0.19576682081709,0.090484547835478));
#1562=CARTESIAN_POINT('',(0.0945482895711226,-0.173730918698889,0.0937359557904519));
#1563=CARTESIAN_POINT('',(0.13662948647667,-0.129052766850553,0.0969894715054047));
#1564=CARTESIAN_POINT('',(0.178710683382218,-0.0843746150022174,0.100242987220358));
#1565=CARTESIAN_POINT('',(0.197060788627027,-0.0181392298301129,0.103496385518663));
#1566=CARTESIAN_POINT('',(0.183153433599729,0.0417060414328951,0.106747627114056));
#1567=CARTESIAN_POINT('',(0.176199756086079,0.0716286770643992,0.108373247911752));
#1568=CARTESIAN_POINT('',(0.161979037376787,0.0999384981618147,0.109999420928524));
#1569=CARTESIAN_POINT('',(0.141929372613059,0.123174743398455,0.111626608292949));
#1570=CARTESIAN_POINT('',(0.121879707849332,0.146410988635094,0.113253795657375));
#1571=CARTESIAN_POINT('',(0.0958072180159072,0.164334035462734,0.114878988985255));
#1572=CARTESIAN_POINT('',(0.0671035215741156,0.175360503009243,0.116505173126371));
#1573=CARTESIAN_POINT('',(0.0383998251323239,0.186386970555752,0.118131357267488));
#1574=CARTESIAN_POINT('',(0.00706494985214936,0.190420553359422,0.119759635862341));
#1575=CARTESIAN_POINT('',(-0.0233693928453205,0.186469740269372,0.121385586211082));
#1576=CARTESIAN_POINT('',(-0.0538037355427901,0.182518927179322,0.123011536559823));
#1577=CARTESIAN_POINT('',(-0.0833238277064926,0.171004633894823,0.124636788754632));
#1578=CARTESIAN_POINT('',(-0.108472372145761,0.153373788781989,0.126263745966261));
#1579=CARTESIAN_POINT('',(-0.158769461024299,0.118112098556322,0.12951766038952));
#1580=CARTESIAN_POINT('',(-0.189581323849239,0.0565162402044435,0.13276952654503));
#1581=CARTESIAN_POINT('',(-0.187926376072001,-0.00480819133212977,0.136023184857837));
#1582=CARTESIAN_POINT('',(-0.186271428294763,-0.066132622868703,0.139276843170645));
#1583=CARTESIAN_POINT('',(-0.152496792668435,-0.12602605301236,0.142529555933358));
#1584=CARTESIAN_POINT('',(-0.100445950603523,-0.158699604484707,0.14578095730665));
#1585=CARTESIAN_POINT('',(-0.0744205295710675,-0.175036380220881,0.147406657993296));
#1586=CARTESIAN_POINT('',(-0.0443876761954732,-0.185108350111349,0.149032991009441));
#1587=CARTESIAN_POINT('',(-0.0138008264865094,-0.187459749023417,0.150660271700409));
#1588=CARTESIAN_POINT('',(0.0167860232224545,-0.189811147935485,0.152287552391377));
#1589=CARTESIAN_POINT('',(0.0478951041702773,-0.184121498839567,0.15391269894042));
#1590=CARTESIAN_POINT('',(0.0760160296182923,-0.171679484307225,0.155538737147823));
#1591=CARTESIAN_POINT('',(0.104136955066307,-0.159237469774883,0.157164775355226));
#1592=CARTESIAN_POINT('',(0.129207553255397,-0.139986061394424,0.158792885214615));
#1593=CARTESIAN_POINT('',(0.148022729811532,-0.115725455885641,0.160418878527214));
#1594=CARTESIAN_POINT('',(0.166837906367667,-0.0914648503768591,0.162044871839814));
#1595=CARTESIAN_POINT('',(0.179677753855806,-0.0624954362719752,0.163670272744927));
#1596=CARTESIAN_POINT('',(0.18509525796758,-0.0322743513663357,0.165297345285924));
#1597=CARTESIAN_POINT('',(0.195930266191129,0.0281678184449432,0.16855149036792));
#1598=CARTESIAN_POINT('',(0.17426861116956,0.093524837142888,0.171802817965201));
#1599=CARTESIAN_POINT('',(0.12984702448714,0.135876829215306,0.175056465227266));
#1600=CARTESIAN_POINT('',(0.0854254378047202,0.178228821287725,0.178310112489331));
#1601=CARTESIAN_POINT('',(0.0192826258545718,0.196959568334609,0.181563407821482));
#1602=CARTESIAN_POINT('',(-0.0406384152286793,0.183398296222753,0.184814662434176));
#1603=CARTESIAN_POINT('',(-0.0705989357703049,0.176617660166826,0.186440289740523));
#1604=CARTESIAN_POINT('',(-0.0989876345946589,0.162552640496392,0.188066404693292));
#1605=CARTESIAN_POINT('',(-0.122344065704618,0.14264180718129,0.189693587935254));
#1606=CARTESIAN_POINT('',(-0.145700496814577,0.122730973866188,0.191320771177215));
#1607=CARTESIAN_POINT('',(-0.163775281688535,0.0967670823171138,0.192946031208845));
#1608=CARTESIAN_POINT('',(-0.174964431965841,0.0681258943465853,0.19457218894313));
#1609=CARTESIAN_POINT('',(-0.186153582243148,0.0394847063760568,0.196198346677415));
#1610=CARTESIAN_POINT('',(-0.190378120006396,0.00817176153686131,0.197826623718605));
#1611=CARTESIAN_POINT('',(-0.186607404322741,-0.0222838175732119,0.199452609270247));
#1612=CARTESIAN_POINT('',(-0.182836688639085,-0.052739396683285,0.20107859482189));
#1613=CARTESIAN_POINT('',(-0.171485010473965,-0.082321800523307,0.202703798930183));
#1614=CARTESIAN_POINT('',(-0.153999853541724,-0.107573806014028,0.204330734135982));
#1615=CARTESIAN_POINT('',(-0.119029539677244,-0.158077816995469,0.207584604547579));
#1616=CARTESIAN_POINT('',(-0.0576187203813801,-0.189233107397076,0.210836375181568));
#1617=CARTESIAN_POINT('',(0.00371478850081394,-0.187952545096565,0.214090175940414));
#1618=CARTESIAN_POINT('',(0.065048297383008,-0.186671982796053,0.21734397669926));
#1619=CARTESIAN_POINT('',(0.125143266640232,-0.153231496124495,0.220596579124205));
#1620=CARTESIAN_POINT('',(0.158114431808308,-0.101372231108352,0.223847989811079));
#1621=CARTESIAN_POINT('',(0.174600014392346,-0.0754425986002803,0.225473695154516));
#1622=CARTESIAN_POINT('',(0.184837816351637,-0.0454644131619807,0.227099969707635));
#1623=CARTESIAN_POINT('',(0.187372634154613,-0.0148912176340141,0.228727247984364));
#1624=CARTESIAN_POINT('',(0.189907451957588,0.0156819778939525,0.230354526261094));
#1625=CARTESIAN_POINT('',(0.184402818197412,0.0468209934846378,0.231979745347444));
#1626=CARTESIAN_POINT('',(0.172120285640721,0.0750120714997895,0.233605758150459));
#1627=CARTESIAN_POINT('',(0.15983775308403,0.103203149514941,0.235231770953473));
#1628=CARTESIAN_POINT('',(0.140736618294686,0.128392229544848,0.236859874112147));
#1629=CARTESIAN_POINT('',(0.116588510680449,0.147349308192896,0.238485900099378));
#1630=CARTESIAN_POINT('',(0.0924404030662128,0.166306386840944,0.24011192608661));
#1631=CARTESIAN_POINT('',(0.0635422099341514,0.179305119926938,0.241737277948482));
#1632=CARTESIAN_POINT('',(0.0333514040798142,0.184898941957251,0.243364329328162));
#1633=CARTESIAN_POINT('',(-0.0270302076288602,0.196086586017877,0.246618432087524));
#1634=CARTESIAN_POINT('',(-0.0924973772168946,0.174799738186295,0.249869673257792));
#1635=CARTESIAN_POINT('',(-0.135119351346246,0.130636690373543,0.253123456563817));
#1636=CARTESIAN_POINT('',(-0.177741325475598,0.0864736425607904,0.256377239869842));
#1637=CARTESIAN_POINT('',(-0.196851344310465,0.0204254016249458,0.259630426939999));
#1638=CARTESIAN_POINT('',(-0.183636981362161,-0.0395694555821315,0.262881697496217));
#1639=CARTESIAN_POINT('',(-0.177029799888009,-0.0695668841856702,0.264507332774327));
#1640=CARTESIAN_POINT('',(-0.163120883672782,-0.0980334871215807,0.26613339000957));
#1641=CARTESIAN_POINT('',(-0.143349284277573,-0.121509120101288,0.267760567749277));
#1642=CARTESIAN_POINT('',(-0.123577684882364,-0.144984753080995,0.269387745488983));
#1643=CARTESIAN_POINT('',(-0.0977237248947261,-0.163211144056326,0.2710130739533));
#1644=CARTESIAN_POINT('',(-0.0691460208709046,-0.17456256746654,0.272639205694196));
#1645=CARTESIAN_POINT('',(-0.0405683168470831,-0.185913990876754,0.274265337435092));
#1646=CARTESIAN_POINT('',(-0.00927833393691653,-0.190328841789349,0.275893608358765));
#1647=CARTESIAN_POINT('',(0.0211975025313561,-0.186738639252633,0.277519631039914));
#1648=CARTESIAN_POINT('',(0.0516733389996291,-0.183148436715917,0.279145653721064));
#1649=CARTESIAN_POINT('',(0.0813170821629608,-0.171959781893456,0.280770810593451));
#1650=CARTESIAN_POINT('',(0.106671568264115,-0.154620716327335,0.282397723102789));
#1651=CARTESIAN_POINT('',(0.157380540466423,-0.119942585195093,0.285651548121466));
#1652=CARTESIAN_POINT('',(0.188877373538437,-0.0587193794158891,0.288903216628131));
#1653=CARTESIAN_POINT('',(0.187972031966455,0.0026212413543312,0.292157164442364));
#1654=CARTESIAN_POINT('',(0.177196255899377,0.00659346141702446,-0.0139531056565755));
#1655=CARTESIAN_POINT('',(0.174938200872525,0.0645463060070443,-0.0106997410079709));
#1656=CARTESIAN_POINT('',(0.142455965688068,0.12054160932983,-0.00744662968540318));
#1657=CARTESIAN_POINT('',(0.0930069851066841,0.150784181629571,-0.00419534226116408));
#1658=CARTESIAN_POINT('',(0.068282494815992,0.165905467779441,-0.00256969854904452));
#1659=CARTESIAN_POINT('',(0.0398556207425829,0.17509389311561,-0.000943313840185686));
#1660=CARTESIAN_POINT('',(0.0109808597706675,0.176968019966518,0.000683990410706489));
#1661=CARTESIAN_POINT('',(-0.017893901201248,0.178842146817426,0.00231129466159866));
#1662=CARTESIAN_POINT('',(-0.0471794598222363,0.173132447601969,0.00393631421681766));
#1663=CARTESIAN_POINT('',(-0.0735706823897193,0.161099986161871,0.00556238194723728));
#1664=CARTESIAN_POINT('',(-0.0999619049572023,0.149067524721772,0.00718844967765691));
#1665=CARTESIAN_POINT('',(-0.1233860609991,0.130627980364324,0.00881659452420599));
#1666=CARTESIAN_POINT('',(-0.140867764971262,0.107536403251444,0.0104425358832149));
#1667=CARTESIAN_POINT('',(-0.158349468943424,0.0844448261385651,0.0120684772422239));
#1668=CARTESIAN_POINT('',(-0.170162662063246,0.0569899116419166,0.0136939291534335));
#1669=CARTESIAN_POINT('',(-0.174942326253037,0.0284296770664717,0.0153210424859549));
#1670=CARTESIAN_POINT('',(-0.184501654632619,-0.0286907920844181,0.0185752691509977));
#1671=CARTESIAN_POINT('',(-0.163372023519694,-0.0901248820293259,0.0218267156485541));
#1672=CARTESIAN_POINT('',(-0.120992340192613,-0.129568453706209,0.0250801675446099));
#1673=CARTESIAN_POINT('',(-0.0786126568655324,-0.169012025383092,0.0283336194406657));
#1674=CARTESIAN_POINT('',(-0.0160522385568902,-0.185966674403772,0.03158708242359));
#1675=CARTESIAN_POINT('',(0.0403254446701621,-0.172529636094177,0.0348382977775779));
#1676=CARTESIAN_POINT('',(0.0685142862836883,-0.165811116939379,0.0364639054545719));
#1677=CARTESIAN_POINT('',(0.095143147345583,-0.152254422185455,0.0380900887815762));
#1678=CARTESIAN_POINT('',(0.116949384448531,-0.133213993711292,0.0397173007897801));
#1679=CARTESIAN_POINT('',(0.138755621551479,-0.114173565237129,0.041344512797984));
#1680=CARTESIAN_POINT('',(0.155521640018294,-0.0894811126007447,0.0429696500357527));
#1681=CARTESIAN_POINT('',(0.165771645730963,-0.0623496691982147,0.0445958383258777));
#1682=CARTESIAN_POINT('',(0.176021651443632,-0.0352182257956847,0.0462220266160028));
#1683=CARTESIAN_POINT('',(0.17964924062677,-0.0056410535028243,0.0478503394005614));
#1684=CARTESIAN_POINT('',(0.175756562094238,0.0230462737179903,0.0494762675328341));
#1685=CARTESIAN_POINT('',(0.171863883561707,0.051733600938805,0.0511021956651068));
#1686=CARTESIAN_POINT('',(0.160853550599598,0.0795193128315355,0.0527274480811135));
#1687=CARTESIAN_POINT('',(0.144088783109024,0.103144402791539,0.05435442484627));
#1688=CARTESIAN_POINT('',(0.110559248127876,0.150394582711545,0.0576083783765832));
#1689=CARTESIAN_POINT('',(0.052290886818236,0.179139813924882,0.0608602912594956));
#1690=CARTESIAN_POINT('',(-0.0055456352637392,0.177233375488382,0.0641138829082726));
#1691=CARTESIAN_POINT('',(-0.0633821573457144,0.175326937051881,0.0673674745570496));
#1692=CARTESIAN_POINT('',(-0.11968746512899,0.143159857249592,0.0706202517709996));
#1693=CARTESIAN_POINT('',(-0.150231380871525,0.0938874904707445,0.073871627749276));
#1694=CARTESIAN_POINT('',(-0.165503338742792,0.0692513070813209,0.0754973157384142));
#1695=CARTESIAN_POINT('',(-0.174850033372888,0.0408739660561327,0.0771236597291718));
#1696=CARTESIAN_POINT('',(-0.176898075696915,0.0120102580359355,0.0787509653275293));
#1697=CARTESIAN_POINT('',(-0.178946118020941,-0.0168534499842617,0.0803782709258869));
#1698=CARTESIAN_POINT('',(-0.173409147096883,-0.0461692220265993,0.0820033605440088));
#1699=CARTESIAN_POINT('',(-0.161526358912716,-0.0726284387295473,0.0836294019141259));
#1700=CARTESIAN_POINT('',(-0.14964357072855,-0.0990876554324952,0.0852554432842429));
#1701=CARTESIAN_POINT('',(-0.13134524397456,-0.122625693540107,0.086883587747525));
#1702=CARTESIAN_POINT('',(-0.108357920945736,-0.140242020668174,0.08850955935111));
#1703=CARTESIAN_POINT('',(-0.0853705979169131,-0.157858347796241,0.090135530954695));
#1704=CARTESIAN_POINT('',(-0.0579810377191641,-0.169822165322983,0.0917609325089789));
#1705=CARTESIAN_POINT('',(-0.029447571461147,-0.174768918235922,0.0933880250666584));
#1706=CARTESIAN_POINT('',(0.0276193610548873,-0.1846624240618,0.0966422101820175));
#1707=CARTESIAN_POINT('',(0.0891631553231295,-0.163885322471706,0.0998935804046365));
#1708=CARTESIAN_POINT('',(0.128862951148934,-0.121745766086039,0.103147162416986));
#1709=CARTESIAN_POINT('',(0.168562746974738,-0.0796062097003717,0.106400744429336));
#1710=CARTESIAN_POINT('',(0.185877665081049,-0.017131338445107,0.109654106207032));
#1711=CARTESIAN_POINT('',(0.172766295608752,0.0393196621818993,0.112905333574482));
#1712=CARTESIAN_POINT('',(0.166210610872604,0.0675451624954025,0.114530947258207));
#1713=CARTESIAN_POINT('',(0.152800404408276,0.0942493152635489,0.116157071849255));
#1714=CARTESIAN_POINT('',(0.13389058852027,0.116169802378392,0.117784279556493));
#1715=CARTESIAN_POINT('',(0.114980772632263,0.138090289493235,0.11941148726373));
#1716=CARTESIAN_POINT('',(0.0903894401421746,0.154999582977981,0.121036692627513));
#1717=CARTESIAN_POINT('',(0.0633160594249574,0.165403418792897,0.122662854003738));
#1718=CARTESIAN_POINT('',(0.0362426787077402,0.175807254607813,0.124289015379963));
#1719=CARTESIAN_POINT('',(0.00668529659583956,0.179615533295958,0.125917328643749));
#1720=CARTESIAN_POINT('',(-0.0220229965588053,0.175892342337082,0.127543291394566));
#1721=CARTESIAN_POINT('',(-0.05073128971345,0.172169151378206,0.129169254145383));
#1722=CARTESIAN_POINT('',(-0.0785766806556965,0.161311819471287,0.130794457973204));
#1723=CARTESIAN_POINT('',(-0.102300247324816,0.144684119858053,0.132421412325994));
#1724=CARTESIAN_POINT('',(-0.149747380663056,0.111428720631584,0.135675321031576));
#1725=CARTESIAN_POINT('',(-0.178818301990877,0.0533325678696489,0.138927142579794));
#1726=CARTESIAN_POINT('',(-0.177264224460952,-0.00451440434920505,0.142180875192544));
#1727=CARTESIAN_POINT('',(-0.175710146931027,-0.062361376568059,0.145434607805295));
#1728=CARTESIAN_POINT('',(-0.143857856754005,-0.118858908342162,0.148687276423292));
#1729=CARTESIAN_POINT('',(-0.0947643483039501,-0.149684320026132,0.151938660715364));
#1730=CARTESIAN_POINT('',(-0.0702175940789228,-0.165097025868116,0.1535643528614));
#1731=CARTESIAN_POINT('',(-0.0418909276715427,-0.174600512443269,0.155190637703793));
#1732=CARTESIAN_POINT('',(-0.0130392363518249,-0.176821956242024,0.156817940726192));
#1733=CARTESIAN_POINT('',(0.0158124549678931,-0.17904340004078,0.158445243748591));
#1734=CARTESIAN_POINT('',(0.0451574966065482,-0.17368011916497,0.160070407350347));
#1735=CARTESIAN_POINT('',(0.0716837870204602,-0.161947387941625,0.161696422812961));
#1736=CARTESIAN_POINT('',(0.0982100774343723,-0.15021465671828,0.163322438275575));
#1737=CARTESIAN_POINT('',(0.121860914694742,-0.132057846980959,0.164950578005255));
#1738=CARTESIAN_POINT('',(0.139611482934382,-0.109175704743396,0.166576581707596));
#1739=CARTESIAN_POINT('',(0.157362051174022,-0.0862935625058326,0.168202585409938));
#1740=CARTESIAN_POINT('',(0.169476110060997,-0.0589702734776922,0.169827937405928));
#1741=CARTESIAN_POINT('',(0.174589559351465,-0.0304644949884668,0.171455008402268));
#1742=CARTESIAN_POINT('',(0.184816457932402,0.0265470619899838,0.174709150394947));
#1743=CARTESIAN_POINT('',(0.164392462630342,0.0881976335505537,0.177960438325097));
#1744=CARTESIAN_POINT('',(0.12249489430083,0.128152887344173,0.181214154929747));
#1745=CARTESIAN_POINT('',(0.0805973259713172,0.168108141137793,0.184467871534397));
#1746=CARTESIAN_POINT('',(0.0182098875598213,0.185782063720705,0.187721126829546));
#1747=CARTESIAN_POINT('',(-0.0383125889739406,0.172997142012725,0.190972369131252));
#1748=CARTESIAN_POINT('',(-0.0665738272408216,0.166604681158735,0.192597990282105));
#1749=CARTESIAN_POINT('',(-0.0933523540742014,0.153341343717506,0.194224056492995));
#1750=CARTESIAN_POINT('',(-0.115386163057181,0.134562519336168,0.195851258501609));
#1751=CARTESIAN_POINT('',(-0.137419972040161,0.115783694954831,0.197478460510223));
#1752=CARTESIAN_POINT('',(-0.154472434041284,0.0912947616372944,0.199103735757422));
#1753=CARTESIAN_POINT('',(-0.165029713641007,0.0642803629275309,0.200729870633973));
#1754=CARTESIAN_POINT('',(-0.175586993240731,0.0372659642177674,0.202356005510524));
#1755=CARTESIAN_POINT('',(-0.179575383484801,0.00772934792517526,0.2039843146991));
#1756=CARTESIAN_POINT('',(-0.176022072191617,-0.0209989882729979,0.205610313987766));
#1757=CARTESIAN_POINT('',(-0.172468760898433,-0.049727324471171,0.207236313276431));
#1758=CARTESIAN_POINT('',(-0.161764814578953,-0.0776314781233838,0.208861469376331));
#1759=CARTESIAN_POINT('',(-0.145274562426861,-0.101452596969265,0.210488400617457));
#1760=CARTESIAN_POINT('',(-0.112294058122678,-0.149094834661027,0.21374226309971));
#1761=CARTESIAN_POINT('',(-0.0543725657283188,-0.178489712971585,0.216993986758546));
#1762=CARTESIAN_POINT('',(0.00348300364218537,-0.177288784363676,0.220247864922806));
#1763=CARTESIAN_POINT('',(0.0613385730126895,-0.176087855755768,0.223501743087066));
#1764=CARTESIAN_POINT('',(0.118026104610441,-0.144550803879256,0.226754298058873));
#1765=CARTESIAN_POINT('',(0.149132247365424,-0.0956380009066713,0.230005693507968));
#1766=CARTESIAN_POINT('',(0.164685318742916,-0.0711815994203791,0.231631391232516));
#1767=CARTESIAN_POINT('',(0.174345210794679,-0.0429065228777315,0.233257617248463));
#1768=CARTESIAN_POINT('',(0.176739660877426,-0.0140677697601923,0.234884916242723));
#1769=CARTESIAN_POINT('',(0.179134110960173,0.014770983357347,0.236512215236983));
#1770=CARTESIAN_POINT('',(0.17394534996195,0.0441443163208827,0.238137454587803));
#1771=CARTESIAN_POINT('',(0.162363059564032,0.070736760080853,0.239763444627039));
#1772=CARTESIAN_POINT('',(0.150780769166114,0.0973292038408233,0.241389434666274));
#1773=CARTESIAN_POINT('',(0.13276575612233,0.121091738102091,0.243017565205435));
#1774=CARTESIAN_POINT('',(0.109989721597126,0.138976165392672,0.244643602886107));
#1775=CARTESIAN_POINT('',(0.0872136870719215,0.156860592683252,0.246269640566778));
#1776=CARTESIAN_POINT('',(0.0599575862153414,0.169124510079067,0.247894943832105));
#1777=CARTESIAN_POINT('',(0.0314804148651247,0.174404263586195,0.249521992520122));
#1778=CARTESIAN_POINT('',(-0.0254739278353089,0.184963770600452,0.252776089896156));
#1779=CARTESIAN_POINT('',(-0.087228330605756,0.164893410338497,0.256027289293362));
#1780=CARTESIAN_POINT('',(-0.127438275953793,0.123239691652006,0.259281145002765));
#1781=CARTESIAN_POINT('',(-0.167648221301829,0.0815859729655154,0.262535000712168));
#1782=CARTESIAN_POINT('',(-0.185679856100873,0.019287852894323,0.265788144182368));
#1783=CARTESIAN_POINT('',(-0.17322216141608,-0.0373042578787769,0.269039404395313));
#1784=CARTESIAN_POINT('',(-0.166993314073683,-0.0656003132653268,0.270665034501786));
#1785=CARTESIAN_POINT('',(-0.153877226602728,-0.0924522966311795,0.272291042719266));
#1786=CARTESIAN_POINT('',(-0.135229772647892,-0.114598499575381,0.273918237674205));
#1787=CARTESIAN_POINT('',(-0.116582318693056,-0.136744702519583,0.275545432629144));
#1788=CARTESIAN_POINT('',(-0.0921970442353,-0.15394020682435,0.277170779378703));
#1789=CARTESIAN_POINT('',(-0.0652425469245479,-0.164650544047384,0.278796888201251));
#1790=CARTESIAN_POINT('',(-0.0382880496137958,-0.175360881270419,0.280422997023799));
#1791=CARTESIAN_POINT('',(-0.00877317440979468,-0.179528777073145,0.282051297472605));
#1792=CARTESIAN_POINT('',(0.0199742817709834,-0.176145737674616,0.283677335243548));
#1793=CARTESIAN_POINT('',(0.0487217379517618,-0.172762698276087,0.28530337301449));
#1794=CARTESIAN_POINT('',(0.0766837380147492,-0.162212522308104,0.286928482275885));
#1795=CARTESIAN_POINT('',(0.100601484687559,-0.145860097279291,0.2885553897449));
#1796=CARTESIAN_POINT('',(0.148436978033177,-0.113155247221666,0.291809204682929));
#1797=CARTESIAN_POINT('',(0.17815403265759,-0.0554108468386691,0.295060823679104));
#1798=CARTESIAN_POINT('',(0.177307041146038,0.00245146618309554,0.29831485201696));
#1799=CARTESIAN_POINT('',(0.166538466046389,0.00617297878767103,-0.00779551135660047));
#1800=CARTESIAN_POINT('',(0.164424183731458,0.060641685719406,-0.00454207819079543));
#1801=CARTESIAN_POINT('',(0.133902606038007,0.113272042539658,-0.00128899949624822));
#1802=CARTESIAN_POINT('',(0.0874326690188087,0.141702000640268,0.00196226342405148));
#1803=CARTESIAN_POINT('',(0.0641977005092097,0.155916979690573,0.00358789488420134));
#1804=CARTESIAN_POINT('',(0.0374831005853931,0.164556178265632,0.00521422374293952));
#1805=CARTESIAN_POINT('',(0.0103447920832483,0.166321537646975,0.00684155760505168));
#1806=CARTESIAN_POINT('',(-0.0167935164188965,0.168086897028317,0.00846889146716384));
#1807=CARTESIAN_POINT('',(-0.0443185435724634,0.162724689998501,0.0100939234231991));
#1808=CARTESIAN_POINT('',(-0.0691234068366556,0.151419784324057,0.0117199648283494));
#1809=CARTESIAN_POINT('',(-0.0939282701008477,0.140114878649613,0.0133460062334996));
#1810=CARTESIAN_POINT('',(-0.115946597100064,0.122787081298443,0.0149741910329254));
#1811=CARTESIAN_POINT('',(-0.13238007228487,0.101086757320825,0.0166001416436627));
#1812=CARTESIAN_POINT('',(-0.148813547469677,0.0793864333432066,0.0182260922544001));
#1813=CARTESIAN_POINT('',(-0.159919338094763,0.0535856618489106,0.0198514866884879));
#1814=CARTESIAN_POINT('',(-0.164415323600189,0.0267439681778593,0.0214786008456652));
#1815=CARTESIAN_POINT('',(-0.173407294611041,-0.0269394191642432,0.0247328291600197));
#1816=CARTESIAN_POINT('',(-0.153558180792566,-0.0846804061626841,0.027984233948348));
#1817=CARTESIAN_POINT('',(-0.113731963111931,-0.121758368704531,0.0312377595578739));
#1818=CARTESIAN_POINT('',(-0.0739057454312964,-0.158836331246379,0.0344912851673998));
#1819=CARTESIAN_POINT('',(-0.0151110547292707,-0.174778116308166,0.037744709431784));
#1820=CARTESIAN_POINT('',(0.0378768833981264,-0.162157206796691,0.0409959063385155));
#1821=CARTESIAN_POINT('',(0.0643708524618249,-0.155846752040953,0.0426215047918813));
#1822=CARTESIAN_POINT('',(0.0893987256725147,-0.143109637661964,0.0442476320480119));
#1823=CARTESIAN_POINT('',(0.109896304143888,-0.125217097973722,0.0458748694928848));
#1824=CARTESIAN_POINT('',(0.13039388261526,-0.107324558285479,0.0475021069377577));
#1825=CARTESIAN_POINT('',(0.146154963507123,-0.0841195555474428,0.0491272546634591));
#1826=CARTESIAN_POINT('',(0.155791860771851,-0.0586220066644941,0.0507534165732819));
#1827=CARTESIAN_POINT('',(0.165428758036578,-0.0331244577815454,0.0523795784831046));
#1828=CARTESIAN_POINT('',(0.168842212899706,-0.00532593927097535,0.05400793414704));
#1829=CARTESIAN_POINT('',(0.165187634588625,0.0216366194802872,0.0556338753202175));
#1830=CARTESIAN_POINT('',(0.161533056277544,0.0485991782315497,0.057259816493395));
#1831=CARTESIAN_POINT('',(0.151189160948817,0.0747138939548283,0.0588850123207446));
#1832=CARTESIAN_POINT('',(0.135435994795135,0.0969201258548594,0.0605119869461692));
#1833=CARTESIAN_POINT('',(0.103929662487771,0.141332589654922,0.0637659361970184));
#1834=CARTESIAN_POINT('',(0.049171543582981,0.168357012824722,0.0670177997792398));
#1835=CARTESIAN_POINT('',(-0.0051881113666106,0.166573209811691,0.0702714743770163));
#1836=CARTESIAN_POINT('',(-0.0595477663162022,0.164789406798661,0.0735251489747929));
#1837=CARTESIAN_POINT('',(-0.112469148712157,0.134564118422467,0.0767778784607002));
#1838=CARTESIAN_POINT('',(-0.141182329582123,0.0882601546671501,0.0800292327217542));
#1839=CARTESIAN_POINT('',(-0.155538920017107,0.0651081727894914,0.0816549098522812));
#1840=CARTESIAN_POINT('',(-0.164326851193026,0.0384401418204513,0.0832811980943278));
#1841=CARTESIAN_POINT('',(-0.166255659339735,0.0113122844230122,0.0849085314757974));
#1842=CARTESIAN_POINT('',(-0.168184467486443,-0.0158155729744268,0.0865358648572671));
#1843=CARTESIAN_POINT('',(-0.162984600997069,-0.0433690566115808,0.0881609707824024));
#1844=CARTESIAN_POINT('',(-0.151820374977253,-0.068237801292121,0.0897869857356595));
#1845=CARTESIAN_POINT('',(-0.140656148957437,-0.0931065459726612,0.0914130006889165));
#1846=CARTESIAN_POINT('',(-0.123461125535495,-0.115231841332563,0.0930411824294414));
#1847=CARTESIAN_POINT('',(-0.101858779003081,-0.131791848867322,0.0946671647555152));
#1848=CARTESIAN_POINT('',(-0.0802564324706669,-0.14835185640208,0.096293147081589));
#1849=CARTESIAN_POINT('',(-0.0545170958098686,-0.159599196913816,0.0979184914435304));
#1850=CARTESIAN_POINT('',(-0.0277006123745004,-0.164252210122226,0.0995455834220939));
#1851=CARTESIAN_POINT('',(0.0259323544962362,-0.173558236539047,0.102799767379221));
#1852=CARTESIAN_POINT('',(0.083776378281148,-0.154040546205077,0.106051093852753));
#1853=CARTESIAN_POINT('',(0.121095178497311,-0.114439993445446,0.109304753084828));
#1854=CARTESIAN_POINT('',(0.158413978713475,-0.0748394406858152,0.112558412316904));
#1855=CARTESIAN_POINT('',(0.174694318542674,-0.0161252722003983,0.115811731349678));
#1856=CARTESIAN_POINT('',(0.162379490543254,0.036931574249438,0.119062942445005));
#1857=CARTESIAN_POINT('',(0.156222076543544,0.0634599974743563,0.120688547992668));
#1858=CARTESIAN_POINT('',(0.143622644414667,0.0885586014272208,0.122314616109467));
#1859=CARTESIAN_POINT('',(0.125852901914613,0.109163508327234,0.123941847385982));
#1860=CARTESIAN_POINT('',(0.108083159414559,0.129768415227246,0.125569078662497));
#1861=CARTESIAN_POINT('',(0.0849731541950238,0.14566419618224,0.127194298338668));
#1862=CARTESIAN_POINT('',(0.0595301989883327,0.155445660582933,0.128820433194393));
#1863=CARTESIAN_POINT('',(0.0340872437816415,0.165227124983625,0.130446568050117));
#1864=CARTESIAN_POINT('',(0.00630740891025759,0.168810391250855,0.13207492136864));
#1865=CARTESIAN_POINT('',(-0.0206748646578466,0.165315106591932,0.133700898689748));
#1866=CARTESIAN_POINT('',(-0.0476571382259506,0.16181982193301,0.135326876010856));
#1867=CARTESIAN_POINT('',(-0.0738279267492059,0.151619722095291,0.136952023633826));
#1868=CARTESIAN_POINT('',(-0.0961266689797553,0.13599540741098,0.138578974525846));
#1869=CARTESIAN_POINT('',(-0.140724153440854,0.104746778042358,0.141832876309886));
#1870=CARTESIAN_POINT('',(-0.168054692514938,0.0501506359023337,0.145084646010968));
#1871=CARTESIAN_POINT('',(-0.166602061201172,-0.00421887305208653,0.148338465150568));
#1872=CARTESIAN_POINT('',(-0.165149429887407,-0.0585883820065068,0.151592284290168));
#1873=CARTESIAN_POINT('',(-0.135220048327075,-0.111690313134169,0.154844901392223));
#1874=CARTESIAN_POINT('',(-0.0890841862237634,-0.140668058881684,0.158096266056491));
#1875=CARTESIAN_POINT('',(-0.0660162551721076,-0.155156931755441,0.159721948388624));
#1876=CARTESIAN_POINT('',(-0.0393958780497917,-0.164092204299341,0.161348177023772));
#1877=CARTESIAN_POINT('',(-0.0122793792843801,-0.166183977537772,0.16297550591796));
#1878=CARTESIAN_POINT('',(0.0148371194810316,-0.168275750776203,0.164602834812148));
#1879=CARTESIAN_POINT('',(0.0424181716147424,-0.163239129167678,0.166228018585824));
#1880=CARTESIAN_POINT('',(0.0673499333459638,-0.15221594301119,0.167854007577513));
#1881=CARTESIAN_POINT('',(0.0922816950771853,-0.141192756854702,0.169479996569202));
#1882=CARTESIAN_POINT('',(0.114512938889851,-0.124130790020987,0.171108170785418));
#1883=CARTESIAN_POINT('',(0.131199120095408,-0.102627291593314,0.17273418670312));
#1884=CARTESIAN_POINT('',(0.147885301300965,-0.0811237931656424,0.174360202620823));
#1885=CARTESIAN_POINT('',(0.159273832108445,-0.0554467521512268,0.175985497754685));
#1886=CARTESIAN_POINT('',(0.164083504103814,-0.0286563422610488,0.177612566802864));
#1887=CARTESIAN_POINT('',(0.173702848094552,0.0249244775193071,0.180866704899223));
#1888=CARTESIAN_POINT('',(0.154517123770622,0.0828687825720118,0.184117946839823));
#1889=CARTESIAN_POINT('',(0.115143984934987,0.120427700943495,0.187371744189483));
#1890=CARTESIAN_POINT('',(0.0757708460993515,0.157986619314977,0.190625541539144));
#1891=CARTESIAN_POINT('',(0.0171389733024936,0.174604325368384,0.193878750007916));
#1892=CARTESIAN_POINT('',(-0.0359850519895184,0.162596310809634,0.19712997827205));
#1893=CARTESIAN_POINT('',(-0.0625470646355244,0.156592303530259,0.198755592404116));
#1894=CARTESIAN_POINT('',(-0.0877155377754134,0.144130910914203,0.200381601784399));
#1895=CARTESIAN_POINT('',(-0.108426901061387,0.126484320955324,0.202008825523559));
#1896=CARTESIAN_POINT('',(-0.129138264347361,0.108837730996444,0.20363604926272));
#1897=CARTESIAN_POINT('',(-0.145168643399264,0.0858239275773605,0.20526134251875));
#1898=CARTESIAN_POINT('',(-0.155094312050917,0.060436429281996,0.206887450772207));
#1899=CARTESIAN_POINT('',(-0.16501998070257,0.0350489309866315,0.208513559025663));
#1900=CARTESIAN_POINT('',(-0.168772514542823,0.0072886991548963,0.210141905326472));
#1901=CARTESIAN_POINT('',(-0.165436892109674,-0.0197124223216401,0.211767920735837));
#1902=CARTESIAN_POINT('',(-0.162101269676525,-0.0467135437981764,0.213393936145202));
#1903=CARTESIAN_POINT('',(-0.152045326403294,-0.0729395448343275,0.215019036469291));
#1904=CARTESIAN_POINT('',(-0.136550219237677,-0.0953299289581861,0.21664596296374));
#1905=CARTESIAN_POINT('',(-0.105560004906445,-0.140110697205903,0.219899815952637));
#1906=CARTESIAN_POINT('',(-0.0511281473270876,-0.167745720409201,0.223151485021481));
#1907=CARTESIAN_POINT('',(0.00324947457542449,-0.166625001711178,0.226405453306179));
#1908=CARTESIAN_POINT('',(0.0576270964779366,-0.165504283013156,0.229659421590877));
#1909=CARTESIAN_POINT('',(0.110907485260886,-0.135871230730243,0.232911921209252));
#1910=CARTESIAN_POINT('',(0.140149077803318,-0.0899052053239852,0.236163299179956));
#1911=CARTESIAN_POINT('',(0.154769874074535,-0.0669221926208565,0.237788988165308));
#1912=CARTESIAN_POINT('',(0.163852124987437,-0.0403503285038246,0.239415157562601));
#1913=CARTESIAN_POINT('',(0.166106491537602,-0.0132460537042847,0.24104248054564));
#1914=CARTESIAN_POINT('',(0.168360858087766,0.0138582210952552,0.242669803528679));
#1915=CARTESIAN_POINT('',(0.163488261503285,0.0414659193433125,0.244295066784182));
#1916=CARTESIAN_POINT('',(0.152606475579094,0.066459833817721,0.245921030335869));
#1917=CARTESIAN_POINT('',(0.141724689654903,0.0914537482921295,0.247546993887556));
#1918=CARTESIAN_POINT('',(0.124796043492304,0.11378990257986,0.249175156008727));
#1919=CARTESIAN_POINT('',(0.103392264042715,0.13060189875882,0.250801207419133));
#1920=CARTESIAN_POINT('',(0.0819884845931255,0.147413894937781,0.252427258829538));
#1921=CARTESIAN_POINT('',(0.0563746001709482,0.15894325664421,0.254052505608263));
#1922=CARTESIAN_POINT('',(0.0296111270560116,0.163909218696041,0.255679551014072));
#1923=CARTESIAN_POINT('',(-0.0239158191738614,0.173841142799704,0.25893364182569));
#1924=CARTESIAN_POINT('',(-0.08195763210159,0.154987881832799,0.262184792794452));
#1925=CARTESIAN_POINT('',(-0.119755948873069,0.115843906394368,0.265438732791389));
#1926=CARTESIAN_POINT('',(-0.157554265644549,0.0766999309559374,0.268692672788327));
#1927=CARTESIAN_POINT('',(-0.174508123402938,0.01815212702275,0.271945765297492));
#1928=CARTESIAN_POINT('',(-0.162807654543738,-0.0350373474538699,0.275197013766024));
#1929=CARTESIAN_POINT('',(-0.156957420114138,-0.0616320846921798,0.276822638000289));
#1930=CARTESIAN_POINT('',(-0.144634424488328,-0.0868695655703502,0.278448589077733));
#1931=CARTESIAN_POINT('',(-0.127111342425063,-0.107686513436441,0.280075803953661));
#1932=CARTESIAN_POINT('',(-0.109588260361798,-0.128503461302532,0.281703018829589));
#1933=CARTESIAN_POINT('',(-0.0866718448421075,-0.144668317939423,0.283328387155669));
#1934=CARTESIAN_POINT('',(-0.0613406667639619,-0.154737828112376,0.284954469290053));
#1935=CARTESIAN_POINT('',(-0.0360094886858164,-0.164807338285329,0.286580551424437));
#1936=CARTESIAN_POINT('',(-0.00826977891868886,-0.168728569495583,0.288208885926427));
#1937=CARTESIAN_POINT('',(0.0187493233859664,-0.165552977997243,0.28983494138886));
#1938=CARTESIAN_POINT('',(0.0457684256906219,-0.162377386498903,0.291460996851293));
#1939=CARTESIAN_POINT('',(0.0720487789908671,-0.152465961095777,0.293086050811025));
#1940=CARTESIAN_POINT('',(0.0945299367526598,-0.137100417578206,0.294712952282834));
#1941=CARTESIAN_POINT('',(0.139492252276245,-0.106369330543063,0.297966755226452));
#1942=CARTESIAN_POINT('',(0.167430083142166,-0.0521040462957797,0.301218316695728));
#1943=CARTESIAN_POINT('',(0.166642018130933,0.00227994698154185,0.304472438761487));
#1944=CARTESIAN_POINT('',(0.155880668208668,0.00574939516870831,-0.00163813640296651));
#1945=CARTESIAN_POINT('',(0.153911182375166,0.0567339535085176,0.00161538209988153));
#1946=CARTESIAN_POINT('',(0.125351266912298,0.105999898855993,0.00486841960799617));
#1947=CARTESIAN_POINT('',(0.0818609261917007,0.132618089302544,0.00811965265956355));
#1948=CARTESIAN_POINT('',(0.0601157558314021,0.145927184525819,0.00974526918534723));
#1949=CARTESIAN_POINT('',(0.0351136108841923,0.154017636548293,0.0113715277804493));
#1950=CARTESIAN_POINT('',(0.00971181374487576,0.15567473616377,0.0129988983411301));
#1951=CARTESIAN_POINT('',(-0.0156899833944408,0.157331835779247,0.014626268901811));
#1952=CARTESIAN_POINT('',(-0.0414545702394688,0.152317638236643,0.0162513173113524));
#1953=CARTESIAN_POINT('',(-0.0646732652794144,0.141740754067185,0.0178773257856158));
#1954=CARTESIAN_POINT('',(-0.0878919603193601,0.131163869897727,0.0195033342598793));
#1955=CARTESIAN_POINT('',(-0.108504758852138,0.114948253997493,0.0211315682393435));
#1956=CARTESIAN_POINT('',(-0.123890400632704,0.0946395029218646,0.0227575307801819));
#1957=CARTESIAN_POINT('',(-0.13927604241327,0.0743307518462364,0.0243834933210203));
#1958=CARTESIAN_POINT('',(-0.149674895221668,0.0501843410338918,0.0260088160268572));
#1959=CARTESIAN_POINT('',(-0.153887697198948,0.0250612973356064,0.0276359307807211));
#1960=CARTESIAN_POINT('',(-0.162313301153508,-0.0251847900609644,0.0308901602884488));
#1961=CARTESIAN_POINT('',(-0.143745793773965,-0.0792330007185833,0.0341415133933657));
#1962=CARTESIAN_POINT('',(-0.106473770017732,-0.113946074881205,0.0373951313515564));
#1963=CARTESIAN_POINT('',(-0.0692017462614986,-0.148659149043827,0.040648749309747));
#1964=CARTESIAN_POINT('',(-0.0141731221172473,-0.16358915462054,0.0439021244655765));
#1965=CARTESIAN_POINT('',(0.0354252765135002,-0.151785364667783,0.0471532991288706));
#1966=CARTESIAN_POINT('',(0.060224475828874,-0.145883469691404,0.0487788864605176));
#1967=CARTESIAN_POINT('',(0.0836515732535685,-0.133966402997226,0.0504049432796126));
#1968=CARTESIAN_POINT('',(0.102840809320686,-0.117222152979038,0.0520322122226934));
#1969=CARTESIAN_POINT('',(0.122030045387804,-0.100477902960849,0.0536594811657742));
#1970=CARTESIAN_POINT('',(0.136786617027276,-0.0787606533931469,0.0552846428818993));
#1971=CARTESIAN_POINT('',(0.145810869285863,-0.0548971954995067,0.0569107717327171));
#1972=CARTESIAN_POINT('',(0.154835121544449,-0.0310337376058664,0.0585369005835348));
#1973=CARTESIAN_POINT('',(0.158034961808966,-0.00501397043821543,0.0601653090171821));
#1974=CARTESIAN_POINT('',(0.154618990006696,0.0202238722310376,0.0617912668875637));
#1975=CARTESIAN_POINT('',(0.151203018204425,0.0454617149002906,0.0634172247579452));
#1976=CARTESIAN_POINT('',(0.141526043101147,0.0699056096177498,0.0650423500768956));
#1977=CARTESIAN_POINT('',(0.126784905526707,0.090693255830375,0.0666693216429185));
#1978=CARTESIAN_POINT('',(0.0973026303778264,0.132268548255625,0.0699232647749644));
#1979=CARTESIAN_POINT('',(0.0460552992739113,0.157573159248988,0.0731750669046287));
#1980=CARTESIAN_POINT('',(-0.00482747955716772,0.155913017406627,0.0764288453796937));
#1981=CARTESIAN_POINT('',(-0.0557102583882468,0.154252875564266,0.0796826238547588));
#1982=CARTESIAN_POINT('',(-0.105248243907843,0.125970383551938,0.0829352932599898));
#1983=CARTESIAN_POINT('',(-0.132131533022462,0.0826353815197791,0.0861866210895369));
#1984=CARTESIAN_POINT('',(-0.145573177579771,0.0609678805036996,0.0878122850043104));
#1985=CARTESIAN_POINT('',(-0.153802824689721,0.0360093427430399,0.0894385031368766));
#1986=CARTESIAN_POINT('',(-0.155612905724006,0.0106173980003261,0.0910658709159095));
#1987=CARTESIAN_POINT('',(-0.15742298675829,-0.0147745467423877,0.0926932386949425));
#1988=CARTESIAN_POINT('',(-0.152560743120418,-0.0405658298034544,0.0943183659455072));
#1989=CARTESIAN_POINT('',(-0.142115545998176,-0.0638442910810733,0.0959443478690404));
#1990=CARTESIAN_POINT('',(-0.131670348875935,-0.0871227523586922,0.0975703297925737));
#1991=CARTESIAN_POINT('',(-0.115579064845996,-0.107835602539783,0.0991985573461993));
#1992=CARTESIAN_POINT('',(-0.0953620171444378,-0.123339684035103,0.100824553434068));
#1993=CARTESIAN_POINT('',(-0.0751449694428802,-0.138843765530422,0.102450549521937));
#1994=CARTESIAN_POINT('',(-0.051056076171017,-0.149375092777629,0.104075822545418));
#1995=CARTESIAN_POINT('',(-0.025956687395756,-0.153734860618984,0.105702913367265));
#1996=CARTESIAN_POINT('',(0.024242090154766,-0.162454396301694,0.108957095010959));
#1997=CARTESIAN_POINT('',(0.078386663524829,-0.14419720733394,0.112208367282136));
#1998=CARTESIAN_POINT('',(0.113325184215631,-0.1071363917602,0.115462123193507));
#1999=CARTESIAN_POINT('',(0.148263704906432,-0.0700755761864603,0.118715879104878));
#2000=CARTESIAN_POINT('',(0.163510549277027,-0.0151224551668432,0.121969144025972));
#2001=CARTESIAN_POINT('',(0.151993254969587,0.0345404370888529,0.1252203356077));
#2002=CARTESIAN_POINT('',(0.146234607815867,0.059371883216701,0.126845931398565));
#2003=CARTESIAN_POINT('',(0.134446418229148,0.0828651482539438,0.12847192860724));
#2004=CARTESIAN_POINT('',(0.117817151726727,0.102154788528885,0.130099189034621));
#2005=CARTESIAN_POINT('',(0.101187885224306,0.121444428803827,0.131726449462002));
#2006=CARTESIAN_POINT('',(0.0795595136651232,0.136327123964606,0.133351687898503));
#2007=CARTESIAN_POINT('',(0.0557471828715592,0.145486679339952,0.134977789535595));
#2008=CARTESIAN_POINT('',(0.0319348520779953,0.154646234715297,0.136603891172688));
#2009=CARTESIAN_POINT('',(0.00593266528783674,0.158005007255009,0.13823229370651));
#2010=CARTESIAN_POINT('',(-0.0193236379334191,0.154738135708433,0.139858289627872));
#2011=CARTESIAN_POINT('',(-0.0445799411546747,0.151471264161858,0.141484285549234));
#2012=CARTESIAN_POINT('',(-0.0690763002275153,0.14192887989063,0.143109363177152));
#2013=CARTESIAN_POINT('',(-0.0899504878797418,0.127308378750707,0.144736309361207));
#2014=CARTESIAN_POINT('',(-0.131698863184195,0.0980673764708599,0.147990201729318));
#2015=CARTESIAN_POINT('',(-0.157290011857899,0.0469717954998771,0.151241906830196));
#2016=CARTESIAN_POINT('',(-0.155939852921784,-0.00392023406640989,0.154495834261947));
#2017=CARTESIAN_POINT('',(-0.154589693985669,-0.0548122636326968,0.157749761693698));
#2018=CARTESIAN_POINT('',(-0.126584228886685,-0.104519117490266,0.161002314015584));
#2019=CARTESIAN_POINT('',(-0.0834065767948118,-0.131650037461813,0.164253654872226));
#2020=CARTESIAN_POINT('',(-0.0618177507488754,-0.145215497447586,0.165879325300547));
#2021=CARTESIAN_POINT('',(-0.0369038482206656,-0.153583034428978,0.167505483286047));
#2022=CARTESIAN_POINT('',(-0.011522607139994,-0.155545643506448,0.169132844174517));
#2023=CARTESIAN_POINT('',(0.0138586339406778,-0.157508252583918,0.170760205062986));
#2024=CARTESIAN_POINT('',(0.03967578101167,-0.152798809747596,0.172385414979622));
#2025=CARTESIAN_POINT('',(0.0630132002161717,-0.142485636377287,0.174011370889695));
#2026=CARTESIAN_POINT('',(0.0863506194206733,-0.132172463006977,0.175637326799768));
#2027=CARTESIAN_POINT('',(0.107162564354901,-0.116205776698247,0.177265543320062));
#2028=CARTESIAN_POINT('',(0.122784750225159,-0.0960812469879471,0.178891574857917));
#2029=CARTESIAN_POINT('',(0.138406936095418,-0.075956717277647,0.180517606395772));
#2030=CARTESIAN_POINT('',(0.149070401643398,-0.0519261463060582,0.182142830637642));
#2031=CARTESIAN_POINT('',(0.153576789854794,-0.0268512196046403,0.183769896819885));
#2032=CARTESIAN_POINT('',(0.162589566277587,0.0232986337981953,0.187024029184372));
#2033=CARTESIAN_POINT('',(0.144643203894131,0.0775369858944284,0.190275214154997));
#2034=CARTESIAN_POINT('',(0.107795233399141,0.112700280188241,0.193529112535758));
#2035=CARTESIAN_POINT('',(0.07094726290415,0.147863574482054,0.196783010916519));
#2036=CARTESIAN_POINT('',(0.0160713061173105,0.163426145147155,0.200036160204442));
#2037=CARTESIAN_POINT('',(-0.033654462261937,0.152196031395798,0.203287371757765));
#2038=CARTESIAN_POINT('',(-0.0585173464515608,0.146580974520119,0.204912977534427));
#2039=CARTESIAN_POINT('',(-0.0820759736343442,0.134921995831968,0.206538915594452));
#2040=CARTESIAN_POINT('',(-0.101465202183673,0.118408044606048,0.208166166174071));
#2041=CARTESIAN_POINT('',(-0.120854430733001,0.101894093380128,0.209793416753689));
#2042=CARTESIAN_POINT('',(-0.135863151927927,0.0803557293693126,0.21141873337777));
#2043=CARTESIAN_POINT('',(-0.145157670959356,0.056595332820738,0.213044808300028));
#2044=CARTESIAN_POINT('',(-0.154452189990786,0.0328349362721634,0.214670883222287));
#2045=CARTESIAN_POINT('',(-0.157969385059645,0.00685119297644325,0.216299275038501));
#2046=CARTESIAN_POINT('',(-0.154851958808895,-0.0184227598475386,0.217925310976429));
#2047=CARTESIAN_POINT('',(-0.151734532558145,-0.0436967126715204,0.219551346914356));
#2048=CARTESIAN_POINT('',(-0.142327076735084,-0.0682447318587553,0.221176377813134));
#2049=CARTESIAN_POINT('',(-0.127827544527968,-0.0892046486144817,0.222803297995701));
#2050=CARTESIAN_POINT('',(-0.098828480113736,-0.131124482125934,0.226057138360835));
#2051=CARTESIAN_POINT('',(-0.0478868129487886,-0.15700063799958,0.2293087394387));
#2052=CARTESIAN_POINT('',(0.00301283817158443,-0.155961155740863,0.232562820447395));
#2053=CARTESIAN_POINT('',(0.0539124892919575,-0.154921673482146,0.23581690145609));
#2054=CARTESIAN_POINT('',(0.103786253517168,-0.127193631499303,0.239069331535533));
#2055=CARTESIAN_POINT('',(0.13116413301367,-0.0841749522989392,0.242320688396206));
#2056=CARTESIAN_POINT('',(0.144853072761921,-0.0626656126987574,0.243946366826543));
#2057=CARTESIAN_POINT('',(0.153358160086487,-0.0377971484706117,0.245572465093124));
#2058=CARTESIAN_POINT('',(0.155472948826124,-0.0124274201942004,0.247199817703686));
#2059=CARTESIAN_POINT('',(0.157587737565761,0.0129423080822109,0.248827170314247));
#2060=CARTESIAN_POINT('',(0.153031825948544,0.0387844526285609,0.250452464362869));
#2061=CARTESIAN_POINT('',(0.14285101319581,0.0621800215055361,0.252078394827868));
#2062=CARTESIAN_POINT('',(0.132670200443076,0.0855755903825113,0.253704325292867));
#2063=CARTESIAN_POINT('',(0.116828360290089,0.106485656275682,0.255332526068652));
#2064=CARTESIAN_POINT('',(0.0967971634018793,0.1222256111604,0.256958594983446));
#2065=CARTESIAN_POINT('',(0.0767659665136696,0.137965566045118,0.258584663898241));
#2066=CARTESIAN_POINT('',(0.0527945227372529,0.148760833948424,0.260209840287944));
#2067=CARTESIAN_POINT('',(0.0277448651831721,0.153413497222295,0.261836881163095));
#2068=CARTESIAN_POINT('',(-0.0223544499249896,0.162718823770037,0.265090962913397));
#2069=CARTESIAN_POINT('',(-0.0766839800680344,0.145083753799323,0.268342053898752));
#2070=CARTESIAN_POINT('',(-0.112071374798374,0.108450265747078,0.271596099297502));
#2071=CARTESIAN_POINT('',(-0.147458769528714,0.0718167776948332,0.274850144696251));
#2072=CARTESIAN_POINT('',(-0.16333592968889,0.0170196459483936,0.278103172891745));
#2073=CARTESIAN_POINT('',(-0.152393681732594,-0.0327673808718803,0.281354407524147));
#2074=CARTESIAN_POINT('',(-0.146922557754446,-0.0576608942820173,0.282980024840349));
#2075=CARTESIAN_POINT('',(-0.135393123971948,-0.0812840782474042,0.284605904244229));
#2076=CARTESIAN_POINT('',(-0.118994819787389,-0.100772079374461,0.286233143687759));
#2077=CARTESIAN_POINT('',(-0.10259651560283,-0.120260080501518,0.28786038313129));
#2078=CARTESIAN_POINT('',(-0.0811492716515934,-0.135394712864019,0.289485779270109));
#2079=CARTESIAN_POINT('',(-0.0574416165654894,-0.144823856245425,0.29111182800767));
#2080=CARTESIAN_POINT('',(-0.0337339614793855,-0.154252999626831,0.292737876745232));
#2081=CARTESIAN_POINT('',(-0.00776952441156343,-0.15792808278392,0.294366252918983));
#2082=CARTESIAN_POINT('',(0.0175212668923949,-0.154960447002638,0.295992330862724));
#2083=CARTESIAN_POINT('',(0.0428120581963534,-0.151992811221357,0.297618408806466));
#2084=CARTESIAN_POINT('',(0.0674109332926661,-0.142720621695078,0.299243393966843));
#2085=CARTESIAN_POINT('',(0.0884557669967281,-0.128342391001188,0.300870287567786));
#2086=CARTESIAN_POINT('',(0.130545434404852,-0.0995859296134096,0.304124074769672));
#2087=CARTESIAN_POINT('',(0.156705025154695,-0.0488003220521111,0.307375564617167));
#2088=CARTESIAN_POINT('',(0.155976913493663,0.00210532092305551,0.310629803853393));
#2089=CARTESIAN_POINT('',(-0.0940737748776505,-0.124318670645796,-0.0200615157793131));
#2090=CARTESIAN_POINT('',(-0.055699244335184,-0.153115649209353,-0.016997590913952));
#2091=CARTESIAN_POINT('',(-0.00372405890114192,-0.163190438341612,-0.0139362377825476));
#2092=CARTESIAN_POINT('',(0.0424338603266205,-0.149948280292449,-0.0108732948241763));
#2093=CARTESIAN_POINT('',(0.0655128199405017,-0.143327201267868,-0.00934182334499065));
#2094=CARTESIAN_POINT('',(0.0871370377375357,-0.13147249914299,-0.00781207089093073));
#2095=CARTESIAN_POINT('',(0.104912686395659,-0.115379547063706,-0.00628050640700757));
#2096=CARTESIAN_POINT('',(0.122688335053781,-0.099286594984423,-0.0047489419230844));
#2097=CARTESIAN_POINT('',(0.136468239946392,-0.0788615545929823,-0.00321637996292433));
#2098=CARTESIAN_POINT('',(0.145201257011457,-0.0564827828681881,-0.0016856452213582));
#2099=CARTESIAN_POINT('',(0.153934274076523,-0.0341040111433939,-0.000154910479792077));
#2100=CARTESIAN_POINT('',(0.157579919088874,-0.0097587256194594,0.0013756936364107));
#2101=CARTESIAN_POINT('',(0.155323664692703,0.0141057836950519,0.00290789558053705));
#2102=CARTESIAN_POINT('',(0.153067410296531,0.0379702930095631,0.0044400975246634));
#2103=CARTESIAN_POINT('',(0.145169847170589,0.0613344395625142,0.00597118611881867));
#2104=CARTESIAN_POINT('',(0.132638161633214,0.0818131378262201,0.00750181086627918));
#2105=CARTESIAN_POINT('',(0.107574790558465,0.122770534353632,0.0105630603612002));
#2106=CARTESIAN_POINT('',(0.0624117714224238,0.150563410012285,0.0136267320863826));
#2107=CARTESIAN_POINT('',(0.0146978013374448,0.155265223401511,0.0166890433343664));
#2108=CARTESIAN_POINT('',(-0.0330161687475342,0.159967036790737,0.0197513545823502));
#2109=CARTESIAN_POINT('',(-0.082651271476253,0.140773847725833,0.0228132694260818));
#2110=CARTESIAN_POINT('',(-0.114979694481835,0.10535359777553,0.0258775875316762));
#2111=CARTESIAN_POINT('',(-0.147308117487417,0.0699333478252272,0.0289419056372707));
#2112=CARTESIAN_POINT('',(-0.162226742371875,0.0189725278736446,0.0320022150852423));
#2113=CARTESIAN_POINT('',(-0.153333064684385,-0.0281746091906256,0.0350660441665669));
#2114=CARTESIAN_POINT('',(-0.144439386996894,-0.0753217462548957,0.0381298732478915));
#2115=CARTESIAN_POINT('',(-0.112862406002912,-0.117771213322031,0.0411919254049958));
#2116=CARTESIAN_POINT('',(-0.0698905602986442,-0.139249611510128,0.0442541712966001));
#2117=CARTESIAN_POINT('',(-0.0484046374465102,-0.149988810604177,0.0457852942424022));
#2118=CARTESIAN_POINT('',(-0.0244822215411433,-0.155906104849443,0.0473147751872773));
#2119=CARTESIAN_POINT('',(-0.000514243995680649,-0.155991128944967,0.0488469114496707));
#2120=CARTESIAN_POINT('',(0.0234537335497818,-0.15607615304049,0.050379047712064));
#2121=CARTESIAN_POINT('',(0.047409501927386,-0.150310285598798,0.0519110755069826));
#2122=CARTESIAN_POINT('',(0.0689645668882763,-0.139708169191234,0.0534417929299332));
#2123=CARTESIAN_POINT('',(0.112074696810057,-0.118503936376106,0.0565032277758344));
#2124=CARTESIAN_POINT('',(0.143931906372078,-0.0762797871409358,0.0595676041132651));
#2125=CARTESIAN_POINT('',(0.153137100665783,-0.0291865097703138,0.0626288939471366));
#2126=CARTESIAN_POINT('',(0.162342294959487,0.0179067676003081,0.0656901837810081));
#2127=CARTESIAN_POINT('',(0.147753971218546,0.0689462669084782,0.0687536874273744));
#2128=CARTESIAN_POINT('',(0.115670492957203,0.104590386372464,0.0718167604403261));
#2129=CARTESIAN_POINT('',(0.0835870146958597,0.14023450583645,0.0748798334532778));
#2130=CARTESIAN_POINT('',(0.034067333115208,0.159740054018283,0.0779407367286922));
#2131=CARTESIAN_POINT('',(-0.0136735935300802,0.155363903529802,0.0810051505852503));
#2132=CARTESIAN_POINT('',(-0.0614145201753685,0.150987753041321,0.0840695644418084));
#2133=CARTESIAN_POINT('',(-0.106771265793783,0.123482230941704,0.0871305534078623));
#2134=CARTESIAN_POINT('',(-0.132097600699007,0.0826924185043365,0.0901937217856797));
#2135=CARTESIAN_POINT('',(-0.14476076815162,0.0622975122856529,0.0917253059745884));
#2136=CARTESIAN_POINT('',(-0.152803168910991,0.0389803864236675,0.0932551839300779));
#2137=CARTESIAN_POINT('',(-0.155222037993145,0.0151297439224124,0.0947863175313404));
#2138=CARTESIAN_POINT('',(-0.1576409070753,-0.0087208985788429,0.0963174511326028));
#2139=CARTESIAN_POINT('',(-0.154164162271208,-0.0330857202971677,0.0978505909096993));
#2140=CARTESIAN_POINT('',(-0.145574253887432,-0.0555190218756258,0.0993816396374457));
#2141=CARTESIAN_POINT('',(-0.136984345503655,-0.0779523234540838,0.100912688365192));
#2142=CARTESIAN_POINT('',(-0.123337155047605,-0.0984712194455803,0.102442683370416));
#2143=CARTESIAN_POINT('',(-0.105673867039889,-0.114686531887172,0.103974843349708));
#2144=CARTESIAN_POINT('',(-0.0880105790321734,-0.130901844328765,0.105507003329001));
#2145=CARTESIAN_POINT('',(-0.0664630396851181,-0.142889059520633,0.107038378387526));
#2146=CARTESIAN_POINT('',(-0.0434250476541081,-0.149659224637769,0.108568925230852));
#2147=CARTESIAN_POINT('',(0.00265093640791199,-0.16319955487204,0.111630018917503));
#2148=CARTESIAN_POINT('',(0.0546770612279111,-0.1534768906598,0.11469472135436));
#2149=CARTESIAN_POINT('',(0.0932465886351107,-0.124933397100657,0.117756432045487));
#2150=CARTESIAN_POINT('',(0.13181611604231,-0.0963899035415143,0.120818142736614));
#2151=CARTESIAN_POINT('',(0.155678095904427,-0.0488829842030921,0.123879970995534));
#2152=CARTESIAN_POINT('',(0.155988951792239,-0.000948248327948218,0.126944168031783));
#2153=CARTESIAN_POINT('',(0.156299807680051,0.0469864875471957,0.130008365068031));
#2154=CARTESIAN_POINT('',(0.13297768673837,0.0947844019315884,0.133069039632063));
#2155=CARTESIAN_POINT('',(0.0947671738993475,0.123795280520138,0.136133002647629));
#2156=CARTESIAN_POINT('',(0.056556661060325,0.152806159108687,0.139196965663195));
#2157=CARTESIAN_POINT('',(0.00463018110449766,0.163174818243762,0.142258242801034));
#2158=CARTESIAN_POINT('',(-0.0415974047833126,0.150185777063615,0.145321241228409));
#2159=CARTESIAN_POINT('',(-0.0647111977272178,0.143691256473541,0.146852740442096));
#2160=CARTESIAN_POINT('',(-0.0863989527201253,0.131950964678028,0.148382518789403));
#2161=CARTESIAN_POINT('',(-0.104267247535924,0.115960510837089,0.14991402779));
#2162=CARTESIAN_POINT('',(-0.122135542351722,0.0999700569961497,0.151445536790596));
#2163=CARTESIAN_POINT('',(-0.136028528248428,0.0796237503398769,0.152978164235594));
#2164=CARTESIAN_POINT('',(-0.144882787603166,0.0572923912583735,0.154508917678457));
#2165=CARTESIAN_POINT('',(-0.153737046957904,0.0349610321768701,0.156039671121319));
#2166=CARTESIAN_POINT('',(-0.157522728294967,0.0106349461102582,0.157570193865876));
#2167=CARTESIAN_POINT('',(-0.155402907107912,-0.0132412971267745,0.159102405502204));
#2168=CARTESIAN_POINT('',(-0.153283085920858,-0.0371175403638073,0.160634617138533));
#2169=CARTESIAN_POINT('',(-0.145509563305984,-0.0605221812466918,0.16216575660677));
#2170=CARTESIAN_POINT('',(-0.133089977472551,-0.0810702277897542,0.16369637814795));
#2171=CARTESIAN_POINT('',(-0.108250805805685,-0.122166320875879,0.166757621230311));
#2172=CARTESIAN_POINT('',(-0.0632498204965701,-0.150204108468881,0.169821368073621));
#2173=CARTESIAN_POINT('',(-0.0155615700751163,-0.155177622602756,0.172883592123057));
#2174=CARTESIAN_POINT('',(0.0321266803463373,-0.160151136736632,0.175945816172492));
#2175=CARTESIAN_POINT('',(0.0818597607089993,-0.141225836845916,0.179007778014638));
#2176=CARTESIAN_POINT('',(0.114392444608871,-0.105993286592752,0.182072099154));
#2177=CARTESIAN_POINT('',(0.146925128508742,-0.0707607363395885,0.185136420293362));
#2178=CARTESIAN_POINT('',(0.162122308827149,-0.0198729195264206,0.188196689024178));
#2179=CARTESIAN_POINT('',(0.153491729273816,0.0273204531383053,0.191260564256139));
#2180=CARTESIAN_POINT('',(0.144861149720483,0.0745138258030315,0.194324439488099));
#2181=CARTESIAN_POINT('',(0.113521161261044,0.117147474236876,0.197386420936889));
#2182=CARTESIAN_POINT('',(0.0706676208794951,0.13885857521101,0.200448719993274));
#2183=CARTESIAN_POINT('',(0.0492408506887204,0.149714125698077,0.201979869521467));
#2184=CARTESIAN_POINT('',(0.0253488228249388,0.155759743378635,0.203509364011529));
#2185=CARTESIAN_POINT('',(0.00138224003215589,0.15598550045064,0.205041425292768));
#2186=CARTESIAN_POINT('',(-0.022584342760627,0.156211257522646,0.206573486574007));
#2187=CARTESIAN_POINT('',(-0.0465702360101707,0.150575145128844,0.208105624996093));
#2188=CARTESIAN_POINT('',(-0.0681828883558232,0.140090015671842,0.209636356540336));
#2189=CARTESIAN_POINT('',(-0.111408193047128,0.119119756757837,0.212697819628824));
#2190=CARTESIAN_POINT('',(-0.143501156688439,0.0770828423753648,0.215762203499012));
#2191=CARTESIAN_POINT('',(-0.152968043742562,0.0300388259226438,0.218823460736091));
#2192=CARTESIAN_POINT('',(-0.162434930796685,-0.0170051905300772,0.221884717973171));
#2193=CARTESIAN_POINT('',(-0.148127791832583,-0.0681145652060588,0.224948331704821));
#2194=CARTESIAN_POINT('',(-0.116249599393506,-0.103943273072631,0.228011295633492));
#2195=CARTESIAN_POINT('',(-0.084371406954428,-0.139771980939203,0.231074259562164));
#2196=CARTESIAN_POINT('',(-0.0349548004451032,-0.159543658484016,0.234135228208916));
#2197=CARTESIAN_POINT('',(0.0128088976377515,-0.155440674070496,0.237199660336439));
#2198=CARTESIAN_POINT('',(0.0605725957206063,-0.151337689656975,0.240264092463962));
#2199=CARTESIAN_POINT('',(0.106087649470402,-0.124077739539549,0.243325031854303));
#2200=CARTESIAN_POINT('',(0.131636974316405,-0.0834297541000315,0.246388253773211));
#2201=CARTESIAN_POINT('',(0.144411636739406,-0.0631057613802727,0.247919864732665));
#2202=CARTESIAN_POINT('',(0.152577407915913,-0.0398307098221818,0.249449776209393));
#2203=CARTESIAN_POINT('',(0.155131978577507,-0.0159932766313966,0.250980867101456));
#2204=CARTESIAN_POINT('',(0.157686549239101,0.00784415655938838,0.252511957993519));
#2205=CARTESIAN_POINT('',(0.154351144276667,0.0322265929132502,0.254045117720719));
#2206=CARTESIAN_POINT('',(0.145883137679046,0.0547057497607016,0.255576191058195));
#2207=CARTESIAN_POINT('',(0.137415131081424,0.077184906608153,0.257107264395672));
#2208=CARTESIAN_POINT('',(0.123880939554124,0.0977801339157135,0.258637194131298));
#2209=CARTESIAN_POINT('',(0.106311853248458,0.114097433940413,0.260169354950678));
#2210=CARTESIAN_POINT('',(0.0887427669427919,0.130414733965113,0.261701515770059));
#2211=CARTESIAN_POINT('',(0.0672603479941214,0.142515713479377,0.263232943490276));
#2212=CARTESIAN_POINT('',(0.0442587301107833,0.149411757491935,0.264763495187445));
#2213=CARTESIAN_POINT('',(-0.00174450565589291,0.16320384551705,0.267824598581782));
#2214=CARTESIAN_POINT('',(-0.053816293315118,0.153776774799663,0.270889331430686));
#2215=CARTESIAN_POINT('',(-0.09254671687713,0.125448313624008,0.273950991378277));
#2216=CARTESIAN_POINT('',(-0.100531284205068,-0.132800432570391,-0.0139042081056406));
#2217=CARTESIAN_POINT('',(-0.0595385828952458,-0.163573811923696,-0.0108402928453616));
#2218=CARTESIAN_POINT('',(-0.00401217683432103,-0.174348756865757,-0.00777897323928385));
#2219=CARTESIAN_POINT('',(0.0453053552608438,-0.160209811008095,-0.0047159823369395));
#2220=CARTESIAN_POINT('',(0.0699641213084262,-0.153140338079264,-0.00318448688576732));
#2221=CARTESIAN_POINT('',(0.0930701075225417,-0.140478732268561,-0.00165468388041135));
#2222=CARTESIAN_POINT('',(0.11206386966605,-0.123289461645083,-0.000123158157625758));
#2223=CARTESIAN_POINT('',(0.131057631809558,-0.106100191021604,0.00140836756515984));
#2224=CARTESIAN_POINT('',(0.145783787727774,-0.0842811467436121,0.00294093520790634));
#2225=CARTESIAN_POINT('',(0.155118554564838,-0.0603733291087109,0.00447169998416886));
#2226=CARTESIAN_POINT('',(0.164453321401902,-0.0364655114738098,0.00600246476043139));
#2227=CARTESIAN_POINT('',(0.16835309770872,-0.0104570976631525,0.00753302565056415));
#2228=CARTESIAN_POINT('',(0.1659472843152,0.015039168551996,0.00906520374242563));
#2229=CARTESIAN_POINT('',(0.16354147092168,0.0405354347671445,0.0105973818342871));
#2230=CARTESIAN_POINT('',(0.155108050741656,0.0654998419367593,0.0121285330652967));
#2231=CARTESIAN_POINT('',(0.141723401924828,0.0873815528961514,0.013659171529462));
#2232=CARTESIAN_POINT('',(0.114954104291173,0.131144974814936,0.0167204484577926));
#2233=CARTESIAN_POINT('',(0.0667074625619588,0.160846303289479,0.0197841456430657));
#2234=CARTESIAN_POINT('',(0.0157329060386622,0.165879108772358,0.0228464027756719));
#2235=CARTESIAN_POINT('',(-0.0352416504846344,0.170911914255236,0.0259086599082781));
#2236=CARTESIAN_POINT('',(-0.0882759167325462,0.150415038603878,0.0289706660288069));
#2237=CARTESIAN_POINT('',(-0.122820838663169,0.112580365363217,0.0320349078399597));
#2238=CARTESIAN_POINT('',(-0.157365760593792,0.0747456921225561,0.0350991496511125));
#2239=CARTESIAN_POINT('',(-0.17331602513461,0.0203025657150657,0.0381595081305857));
#2240=CARTESIAN_POINT('',(-0.163823322399396,-0.0300702645076358,0.0412233472220607));
#2241=CARTESIAN_POINT('',(-0.154330619664182,-0.0804430947303373,0.0442871863135357));
#2242=CARTESIAN_POINT('',(-0.120604071177497,-0.125801276064878,0.0473491931317841));
#2243=CARTESIAN_POINT('',(-0.0746970712235575,-0.148757182656381,0.0504114977730312));
#2244=CARTESIAN_POINT('',(-0.0517435712465878,-0.160235135952132,0.0519426500936547));
#2245=CARTESIAN_POINT('',(-0.0261858150241327,-0.166561845098353,0.0534721681597282));
#2246=CARTESIAN_POINT('',(-0.000580153312943265,-0.166657475817452,0.0550042455793039));
#2247=CARTESIAN_POINT('',(0.025025508398246,-0.166753106536551,0.0565363229988795));
#2248=CARTESIAN_POINT('',(0.0506212718720435,-0.160597495983968,0.058068395133789));
#2249=CARTESIAN_POINT('',(0.0736527983004851,-0.149274426284741,0.0595991403886414));
#2250=CARTESIAN_POINT('',(0.119715851157368,-0.126628286886287,0.0626606308983462));
#2251=CARTESIAN_POINT('',(0.153758515090855,-0.0815233730273989,0.0657249697815946));
#2252=CARTESIAN_POINT('',(0.163602579039394,-0.0312117501363,0.0687862610860195));
#2253=CARTESIAN_POINT('',(0.173446642987933,0.019099872754799,0.0718475523904445));
#2254=CARTESIAN_POINT('',(0.157869349751239,0.0736327836873983,0.0749111119780651));
#2255=CARTESIAN_POINT('',(0.123600227906268,0.111719483394194,0.0779741093829203));
#2256=CARTESIAN_POINT('',(0.0893311060612961,0.14980618310099,0.0810371067877755));
#2257=CARTESIAN_POINT('',(0.0364277605745601,0.170656125843974,0.084098095095871));
#2258=CARTESIAN_POINT('',(-0.0145774273048597,0.165990189113712,0.0871624591883642));
#2259=CARTESIAN_POINT('',(-0.0655826151842795,0.161324252383449,0.0902268232808575));
#2260=CARTESIAN_POINT('',(-0.114047180348032,0.131947709411412,0.0932878308416635));
#2261=CARTESIAN_POINT('',(-0.141113513238395,0.0883731502267767,0.0963510334679459));
#2262=CARTESIAN_POINT('',(-0.154646679683576,0.0665858706344591,0.097882634781087));
#2263=CARTESIAN_POINT('',(-0.16324387324886,0.0416748727414355,0.0994125699971973));
#2264=CARTESIAN_POINT('',(-0.165832884505746,0.0161943659345606,0.100943677454326));
#2265=CARTESIAN_POINT('',(-0.168421895762632,-0.00928614087231435,0.102474784911454));
#2266=CARTESIAN_POINT('',(-0.164712254292713,-0.0353169200414358,0.104007888514183));
#2267=CARTESIAN_POINT('',(-0.155539136501871,-0.0592863971297841,0.105538968482483));
#2268=CARTESIAN_POINT('',(-0.146366018711028,-0.0832558742181325,0.107070048450784));
#2269=CARTESIAN_POINT('',(-0.131789735506085,-0.105180544247569,0.108600043653956));
#2270=CARTESIAN_POINT('',(-0.112922465465067,-0.12250757657647,0.110132164358951));
#2271=CARTESIAN_POINT('',(-0.0940551954240487,-0.139834608905371,0.111664285063947));
#2272=CARTESIAN_POINT('',(-0.0710356649114745,-0.15264624244494,0.113195718053639));
#2273=CARTESIAN_POINT('',(-0.0464233338349267,-0.159884020117649,0.114726285412478));
#2274=CARTESIAN_POINT('',(0.002801328318169,-0.174359575463067,0.117787420130157));
#2275=CARTESIAN_POINT('',(0.0583860747819396,-0.163981392747715,0.120852100013855));
#2276=CARTESIAN_POINT('',(0.0995983715697399,-0.133494061557574,0.123913794700723));
#2277=CARTESIAN_POINT('',(0.14081066835754,-0.103006730367433,0.126975489387591));
#2278=CARTESIAN_POINT('',(0.166313369575235,-0.0522538471373872,0.130037421855444));
#2279=CARTESIAN_POINT('',(0.166655063024438,-0.00104381235966798,0.133101503217827));
#2280=CARTESIAN_POINT('',(0.166996756473641,0.0501662224180513,0.13616558458021));
#2281=CARTESIAN_POINT('',(0.142089361290307,0.101239286145352,0.139226360522242));
#2282=CARTESIAN_POINT('',(0.101271990504515,0.132241122133553,0.142290310525964));
#2283=CARTESIAN_POINT('',(0.0604546197187239,0.163242958121755,0.145354260529685));
#2284=CARTESIAN_POINT('',(0.00498024006751505,0.174331885747174,0.148415508098132));
#2285=CARTESIAN_POINT('',(-0.0444116432245957,0.160463389845501,0.151478552861913));
#2286=CARTESIAN_POINT('',(-0.0691075848706511,0.153529141894664,0.153010075243803));
#2287=CARTESIAN_POINT('',(-0.0922814513880447,0.140989776652994,0.154539905258034));
#2288=CARTESIAN_POINT('',(-0.111374200896043,0.123910002789599,0.156071377408504));
#2289=CARTESIAN_POINT('',(-0.130466950404042,0.106830228926204,0.157602849558974));
#2290=CARTESIAN_POINT('',(-0.145313850130155,0.0850953978226834,0.159135478035303));
#2291=CARTESIAN_POINT('',(-0.154778142265966,0.0612382541894298,0.160666261791097));
#2292=CARTESIAN_POINT('',(-0.164242434401777,0.0373811105561762,0.16219704554689));
#2293=CARTESIAN_POINT('',(-0.168291817512085,0.0113931623139805,0.163727528848917));
#2294=CARTESIAN_POINT('',(-0.166031774118428,-0.0141155731616781,0.165259714565265));
#2295=CARTESIAN_POINT('',(-0.163771730724772,-0.0396243086373369,0.166791900281612));
#2296=CARTESIAN_POINT('',(-0.155470852274509,-0.0646319490746962,0.168323101924085));
#2297=CARTESIAN_POINT('',(-0.142205969735993,-0.0865877457204057,0.169853738294134));
#2298=CARTESIAN_POINT('',(-0.115676204658962,-0.130499339011825,0.172915011034231));
#2299=CARTESIAN_POINT('',(-0.0676027986394227,-0.160462265567943,0.175978778932107));
#2300=CARTESIAN_POINT('',(-0.0166557015224264,-0.165785346171406,0.17904095251122));
#2301=CARTESIAN_POINT('',(0.0342913955945696,-0.171108426774868,0.182103126090334));
#2302=CARTESIAN_POINT('',(0.0874302726491072,-0.150897688204644,0.185165180562411));
#2303=CARTESIAN_POINT('',(0.122193327010057,-0.1132636572646,0.188229420884676));
#2304=CARTESIAN_POINT('',(0.156956381371007,-0.0756296263245551,0.191293661206942));
#2305=CARTESIAN_POINT('',(0.173204262026874,-0.0212644495833582,0.194353984872203));
#2306=CARTESIAN_POINT('',(0.163992671037234,0.0291576701510077,0.197417867157029));
#2307=CARTESIAN_POINT('',(0.154781080047593,0.0795797898853739,0.200481749441854));
#2308=CARTESIAN_POINT('',(0.121307751313638,0.125134755261434,0.203543688410085));
#2309=CARTESIAN_POINT('',(0.075527207612812,0.14833924792481,0.206606045413021));
#2310=CARTESIAN_POINT('',(0.0526369357623992,0.159941494256498,0.208137223914489));
#2311=CARTESIAN_POINT('',(0.0271116435296386,0.166405306016887,0.209666757067804));
#2312=CARTESIAN_POINT('',(0.00150745804071158,0.166651288950485,0.211198761517017));
#2313=CARTESIAN_POINT('',(-0.0240967274482155,0.166897271884083,0.21273076596623));
#2314=CARTESIAN_POINT('',(-0.0497245402866366,0.160880314137891,0.214262943094052));
#2315=CARTESIAN_POINT('',(-0.0728175773659931,0.149682237739009,0.215793702981713));
#2316=CARTESIAN_POINT('',(-0.119003651524706,0.127286084941247,0.218855222757037));
#2317=CARTESIAN_POINT('',(-0.153298143819809,0.0823813100332824,0.221919566274899));
#2318=CARTESIAN_POINT('',(-0.163421791487556,0.0321223134224741,0.224980827822545));
#2319=CARTESIAN_POINT('',(-0.173545439155303,-0.0181366831883342,0.228042089370192));
#2320=CARTESIAN_POINT('',(-0.158268603805167,-0.072744103314361,0.231105753780949));
#2321=CARTESIAN_POINT('',(-0.124218784894369,-0.111028025576666,0.234168645910663));
#2322=CARTESIAN_POINT('',(-0.0901689659835704,-0.149311947838971,0.237231538040376));
#2323=CARTESIAN_POINT('',(-0.0373757721190021,-0.170446114804441,0.240292591682888));
#2324=CARTESIAN_POINT('',(0.0136536094940822,-0.166072037881588,0.243356969878314));
#2325=CARTESIAN_POINT('',(0.0646829911071665,-0.161697960958735,0.246421348073741));
#2326=CARTESIAN_POINT('',(0.113316718578542,-0.132583775600263,0.249482310866972));
#2327=CARTESIAN_POINT('',(0.140621241475705,-0.0891608233192324,0.25254556485492));
#2328=CARTESIAN_POINT('',(0.154273502924286,-0.0674493471787169,0.254077191848895));
#2329=CARTESIAN_POINT('',(0.163002505319443,-0.0425833129562517,0.255607161377179));
#2330=CARTESIAN_POINT('',(0.165736495208265,-0.0171169094200011,0.257138227938381));
#2331=CARTESIAN_POINT('',(0.168470485097088,0.00834949411624924,0.258669294499583));
#2332=CARTESIAN_POINT('',(0.164911860160009,0.034398993600473,0.26020241435067));
#2333=CARTESIAN_POINT('',(0.155868990605482,0.0584174347697575,0.261733518774502));
#2334=CARTESIAN_POINT('',(0.146826121050954,0.0824358759390421,0.263264623198333));
#2335=CARTESIAN_POINT('',(0.132370510238736,0.104442145832811,0.264794558153911));
#2336=CARTESIAN_POINT('',(0.113603937357446,0.121878091349432,0.266326677423392));
#2337=CARTESIAN_POINT('',(0.0948373644761561,0.139314036866052,0.267858796692873));
#2338=CARTESIAN_POINT('',(0.0718874481802716,0.152247201511462,0.269390281523349));
#2339=CARTESIAN_POINT('',(0.0473139871691286,0.159619462152325,0.270920854610151));
#2340=CARTESIAN_POINT('',(-0.00183293485315743,0.174363983434052,0.273982000783754));
#2341=CARTESIAN_POINT('',(-0.0574663458553665,0.164301647992011,0.277046707199452));
#2342=CARTESIAN_POINT('',(-0.0988505450295914,0.134044043901377,0.280108354294703));
#2343=CARTESIAN_POINT('',(-0.106986246152666,-0.141283963156482,-0.00774667301090002));
#2344=CARTESIAN_POINT('',(-0.0633748392356026,-0.174032951107961,-0.00468276601809984));
#2345=CARTESIAN_POINT('',(-0.00429704864589924,-0.185507011092091,-0.00162147240613495));
#2346=CARTESIAN_POINT('',(0.0481797935773393,-0.170470377635646,0.00144155641378807));
#2347=CARTESIAN_POINT('',(0.0744182146889585,-0.162952060907423,0.00297307082374958));
#2348=CARTESIAN_POINT('',(0.0990057283789028,-0.149483131123952,0.00450291473998813));
#2349=CARTESIAN_POINT('',(0.119217266951871,-0.131197197638196,0.00603440957384857));
#2350=CARTESIAN_POINT('',(0.139428805524839,-0.11291126415244,0.00756590440770901));
#2351=CARTESIAN_POINT('',(0.155100790449132,-0.0896979676026517,0.00909847594036944));
#2352=CARTESIAN_POINT('',(0.16503685970767,-0.0642609469848479,0.010629264840884));
#2353=CARTESIAN_POINT('',(0.174972928966209,-0.0388239263670441,0.0121600537413985));
#2354=CARTESIAN_POINT('',(0.179126344473105,-0.0111523223566427,0.0136905806671989));
#2355=CARTESIAN_POINT('',(0.176570497140189,0.0159756312261945,0.0152227393912615));
#2356=CARTESIAN_POINT('',(0.174014649807274,0.0431035848090317,0.0167548981153241));
#2357=CARTESIAN_POINT('',(0.165044923425292,0.069668078014578,0.0182860991885122));
#2358=CARTESIAN_POINT('',(0.150806912957797,0.0929525411304958,0.0198167488899826));
#2359=CARTESIAN_POINT('',(0.122330892022806,0.139521467362331,0.0228780482929233));
#2360=CARTESIAN_POINT('',(0.0710001130419514,0.171130327496558,0.025941765156411));
#2361=CARTESIAN_POINT('',(0.0167649084399833,0.176493166104381,0.0290039794883946));
#2362=CARTESIAN_POINT('',(-0.037470296161985,0.181856004712204,0.0320661938203783));
#2363=CARTESIAN_POINT('',(-0.0939033077125853,0.160054471488487,0.0351282727812955));
#2364=CARTESIAN_POINT('',(-0.130663986152136,0.119804760924246,0.0381924531967859));
#2365=CARTESIAN_POINT('',(-0.167424664591686,0.0795550503600057,0.0412566336122764));
#2366=CARTESIAN_POINT('',(-0.184405549852426,0.0216293562709827,0.0443170321402756));
#2367=CARTESIAN_POINT('',(-0.174312895086016,-0.0319689437097852,0.0473808785977234));
#2368=CARTESIAN_POINT('',(-0.164220240319605,-0.085567243690553,0.0504447250551713));
#2369=CARTESIAN_POINT('',(-0.128343304561472,-0.133833479957128,0.0535066961872929));
#2370=CARTESIAN_POINT('',(-0.0795007612370563,-0.158266030187924,0.0565690476451926));
#2371=CARTESIAN_POINT('',(-0.0550794895748482,-0.170482305303323,0.0581002233741425));
#2372=CARTESIAN_POINT('',(-0.0278862824085878,-0.177217955241968,0.0596297718100101));
#2373=CARTESIAN_POINT('',(-0.000642956955615156,-0.177323708969148,0.0611618021152575));
#2374=CARTESIAN_POINT('',(0.0266003684973574,-0.177429462696328,0.0626938324205048));
#2375=CARTESIAN_POINT('',(0.0538359861730653,-0.170883645263909,0.0642259394093665));
#2376=CARTESIAN_POINT('',(0.0783437506514372,-0.158839203794695,0.0657567070606678));
#2377=CARTESIAN_POINT('',(0.127359279608181,-0.134750320856267,0.0688182423632702));
#2378=CARTESIAN_POINT('',(0.163586528342573,-0.0867640457871163,0.0718825506421163));
#2379=CARTESIAN_POINT('',(0.174068519869157,-0.0332339216673808,0.0749438437729074));
#2380=CARTESIAN_POINT('',(0.184550511395742,0.0202962024523548,0.0780051369036985));
#2381=CARTESIAN_POINT('',(0.16798324658716,0.0783221923167627,0.0810687404923835));
#2382=CARTESIAN_POINT('',(0.13152779051106,0.118850800523998,0.0841316776667192));
#2383=CARTESIAN_POINT('',(0.0950723344349609,0.159379408731234,0.0871946148410549));
#2384=CARTESIAN_POINT('',(0.0387849726283249,0.181572749990577,0.0902556714783688));
#2385=CARTESIAN_POINT('',(-0.0154843401436632,0.176616076503176,0.0933199951953245));
#2386=CARTESIAN_POINT('',(-0.0697536529156512,0.171659403015775,0.0963843189122801));
#2387=CARTESIAN_POINT('',(-0.121325460679353,0.14041096055405,0.0994453420703364));
#2388=CARTESIAN_POINT('',(-0.15013096117267,0.0940511912162738,0.102508571610348));
#2389=CARTESIAN_POINT('',(-0.164533711419329,0.0708713065473857,0.104040186380354));
#2390=CARTESIAN_POINT('',(-0.173685237515302,0.0443662896247599,0.10557016775504));
#2391=CARTESIAN_POINT('',(-0.176443911660191,0.017255886218253,0.107101254547893));
#2392=CARTESIAN_POINT('',(-0.179202585805081,-0.00985451718825407,0.108632341340746));
#2393=CARTESIAN_POINT('',(-0.175259563343963,-0.0375511526409927,0.110165415332787));
#2394=CARTESIAN_POINT('',(-0.165502800524581,-0.0630566185809237,0.111696520239167));
#2395=CARTESIAN_POINT('',(-0.1557460377052,-0.0885620845208546,0.113227625145548));
#2396=CARTESIAN_POINT('',(-0.140240257728728,-0.111892249450206,0.114757621167656));
#2397=CARTESIAN_POINT('',(-0.120168697433909,-0.130330631287696,0.116289710279746));
#2398=CARTESIAN_POINT('',(-0.100097137139089,-0.148769013125186,0.117821799391837));
#2399=CARTESIAN_POINT('',(-0.0756054022029645,-0.162404632018936,0.119353278331197));
#2400=CARTESIAN_POINT('',(-0.0494186118769091,-0.170109562471101,0.120883862351928));
#2401=CARTESIAN_POINT('',(0.00295496877520174,-0.185519423375432,0.123945030393389));
#2402=CARTESIAN_POINT('',(0.0620980944264804,-0.174484694004909,0.127009691368864));
#2403=CARTESIAN_POINT('',(0.105952567685687,-0.142052774186257,0.130071373818331));
#2404=CARTESIAN_POINT('',(0.149807040944893,-0.109620854367605,0.133133056267797));
#2405=CARTESIAN_POINT('',(0.176949505413344,-0.0556215665038072,0.13619507183173));
#2406=CARTESIAN_POINT('',(0.177321069292664,-0.00113627036195291,0.139259060599523));
#2407=CARTESIAN_POINT('',(0.177692633171983,0.0533490257799014,0.142323049367316));
#2408=CARTESIAN_POINT('',(0.151199037618988,0.107696742879782,0.145383906781624));
#2409=CARTESIAN_POINT('',(0.10777426945623,0.140688746729413,0.148447845794977));
#2410=CARTESIAN_POINT('',(0.0643495012934728,0.173680750579044,0.15151178480833));
#2411=CARTESIAN_POINT('',(0.00532705201810645,0.185488906962166,0.15457300955996));
#2412=CARTESIAN_POINT('',(-0.0472288304889508,0.170740054848013,0.157636090937738));
#2413=CARTESIAN_POINT('',(-0.0735067717424795,0.163365628790936,0.159167631626626));
#2414=CARTESIAN_POINT('',(-0.0981665109224267,0.150026768868291,0.160697503424514));
#2415=CARTESIAN_POINT('',(-0.118483380435436,0.131857328659975,0.162228946230643));
#2416=CARTESIAN_POINT('',(-0.138800249948445,0.11368788845166,0.163760389036772));
#2417=CARTESIAN_POINT('',(-0.15460064230215,0.0905642820007513,0.165293017678589));
#2418=CARTESIAN_POINT('',(-0.164674520704255,0.0651811944855111,0.166823825770207));
#2419=CARTESIAN_POINT('',(-0.174748399106359,0.0397981069702709,0.168354633861825));
#2420=CARTESIAN_POINT('',(-0.179060992714464,0.0121482314279076,0.169885086243005));
#2421=CARTESIAN_POINT('',(-0.176660251543254,-0.0149929294826649,0.171417250945255));
#2422=CARTESIAN_POINT('',(-0.174259510372044,-0.0421340903932375,0.172949415647505));
#2423=CARTESIAN_POINT('',(-0.165430826104633,-0.0687445577750229,0.174480666739763));
#2424=CARTESIAN_POINT('',(-0.151320247191669,-0.0921078462107708,0.17601131523159));
#2425=CARTESIAN_POINT('',(-0.123099089365741,-0.138834423082267,0.179072612215244));
#2426=CARTESIAN_POINT('',(-0.0719527431772516,-0.170721570156786,0.182136396257418));
#2427=CARTESIAN_POINT('',(-0.0177467318393622,-0.176393259058956,0.185198529972339));
#2428=CARTESIAN_POINT('',(0.036459279498527,-0.182064947961125,0.18826066368726));
#2429=CARTESIAN_POINT('',(0.0930035403972502,-0.160567797551486,0.191322792050453));
#2430=CARTESIAN_POINT('',(0.129996226132396,-0.120531667072248,0.194386967385698));
#2431=CARTESIAN_POINT('',(0.166988911867542,-0.0804955365930099,0.197451142720943));
#2432=CARTESIAN_POINT('',(0.184286475489181,-0.0226527332660341,0.200511511140334));
#2433=CARTESIAN_POINT('',(0.174492944571651,0.0309979150497268,0.20357539842068));
#2434=CARTESIAN_POINT('',(0.164699413654121,0.0846485633654879,0.206639285701025));
#2435=CARTESIAN_POINT('',(0.12909192105825,0.133124191177073,0.209701191287474));
#2436=CARTESIAN_POINT('',(0.0803839805206828,0.157821212665776,0.212763594443342));
#2437=CARTESIAN_POINT('',(0.0560300102518992,0.170169723410128,0.214294796021276));
#2438=CARTESIAN_POINT('',(0.0288713407597083,0.177051255957424,0.215824360761742));
#2439=CARTESIAN_POINT('',(0.00162956969489965,0.177316981242219,0.21735631972967));
#2440=CARTESIAN_POINT('',(-0.025612201369909,0.177582706527015,0.218888278697597));
#2441=CARTESIAN_POINT('',(-0.0528817947914787,0.171184438304263,0.220420486152156));
#2442=CARTESIAN_POINT('',(-0.0774549953666767,0.159272995397865,0.221951268835316));
#2443=CARTESIAN_POINT('',(-0.126601396517073,0.135450109585071,0.225012834201638));
#2444=CARTESIAN_POINT('',(-0.163096551331719,0.0876768726872987,0.228077144811347));
#2445=CARTESIAN_POINT('',(-0.173876018736887,0.0342027349545798,0.231138410455735));
#2446=CARTESIAN_POINT('',(-0.184655486142055,-0.0192714027781391,0.234199676100123));
#2447=CARTESIAN_POINT('',(-0.168407950604333,-0.0773765406596267,0.237263380280002));
#2448=CARTESIAN_POINT('',(-0.132185810593259,-0.11811501030974,0.240326215257207));
#2449=CARTESIAN_POINT('',(-0.0959636705821838,-0.158853479959853,0.243389050234413));
#2450=CARTESIAN_POINT('',(-0.0397935314461647,-0.181349141917245,0.246450172144397));
#2451=CARTESIAN_POINT('',(0.014501402833756,-0.176703020721396,0.249514506646355));
#2452=CARTESIAN_POINT('',(0.0687963371136767,-0.172056899525548,0.252578841148312));
#2453=CARTESIAN_POINT('',(0.120548166264699,-0.141087597203366,0.255639823380396));
#2454=CARTESIAN_POINT('',(0.14960705904634,-0.0948892102369658,0.258703102525777));
#2455=CARTESIAN_POINT('',(0.164136505437161,-0.0717900167537658,0.260234742098468));
#2456=CARTESIAN_POINT('',(0.173428279595785,-0.045332850810769,0.261764758396472));
#2457=CARTESIAN_POINT('',(0.176341209831303,-0.0182374417028606,0.263295805753828));
#2458=CARTESIAN_POINT('',(0.179254140066821,0.00885796740504756,0.264826853111184));
#2459=CARTESIAN_POINT('',(0.17547180981289,0.0365744316720304,0.26635994040306));
#2460=CARTESIAN_POINT('',(0.16585364073372,0.0621319726961017,0.267891069630373));
#2461=CARTESIAN_POINT('',(0.156235471654549,0.087689513720173,0.269422198857685));
#2462=CARTESIAN_POINT('',(0.140858036306718,0.111106549857266,0.270952138651098));
#2463=CARTESIAN_POINT('',(0.120893666216221,0.129660772163649,0.272484224520998));
#2464=CARTESIAN_POINT('',(0.100929296125724,0.148214994470031,0.274016310390897));
#2465=CARTESIAN_POINT('',(0.0765116672227072,0.161979912095851,0.275547840493482));
#2466=CARTESIAN_POINT('',(0.0503662404853118,0.169827930324148,0.27707843093357));
#2467=CARTESIAN_POINT('',(-0.00192461298947894,0.185523966780743,0.280139611813748));
#2468=CARTESIAN_POINT('',(-0.0611194105851313,0.1748253371456,0.283204296225742));
#2469=CARTESIAN_POINT('',(-0.105156797058083,0.142637835978208,0.286265933610959));
#2470=CARTESIAN_POINT('',(-0.113439786027294,-0.149768497622396,-0.00158903374420827));
#2471=CARTESIAN_POINT('',(-0.0672093697747823,-0.184492651860469,0.00147486592694058));
#2472=CARTESIAN_POINT('',(-0.00458009792718643,-0.196665243372457,0.00453613751542237));
#2473=CARTESIAN_POINT('',(0.0510558881685798,-0.180730416011147,0.00759919874853134));
#2474=CARTESIAN_POINT('',(0.0788738812164629,-0.172763002330492,0.00913072936508583));
#2475=CARTESIAN_POINT('',(0.10494278880729,-0.158486511873652,0.010660608606154));
#2476=CARTESIAN_POINT('',(0.126371916320312,-0.139103720668998,0.0121920769465722));
#2477=CARTESIAN_POINT('',(0.147801043833333,-0.119720929464344,0.0137235452869904));
#2478=CARTESIAN_POINT('',(0.164418621873853,-0.0951132393571341,0.0152561199158714));
#2479=CARTESIAN_POINT('',(0.174955743126977,-0.0681469258071128,0.0167869295790484));
#2480=CARTESIAN_POINT('',(0.185492864380102,-0.0411806122570916,0.0183177392422254));
#2481=CARTESIAN_POINT('',(0.189899643307177,-0.0118457809052366,0.0198482372183164));
#2482=CARTESIAN_POINT('',(0.187193495117447,0.0169138232246643,0.021380379195275));
#2483=CARTESIAN_POINT('',(0.184487346927716,0.0456734273545653,0.0229125211722336));
#2484=CARTESIAN_POINT('',(0.174981061560106,0.073837910217754,0.024443764967516));
#2485=CARTESIAN_POINT('',(0.159889464794462,0.0985249809675174,0.0259744244224447));
#2486=CARTESIAN_POINT('',(0.129706271263172,0.147899122467044,0.029035743332302));
#2487=CARTESIAN_POINT('',(0.0752910623730476,0.181414999637924,0.0320994768440255));
#2488=CARTESIAN_POINT('',(0.0177951705957428,0.187107333527366,0.0351616545877824));
#2489=CARTESIAN_POINT('',(-0.0397007211815619,0.192799667416808,0.0382238323315392));
#2490=CARTESIAN_POINT('',(-0.0995322472148826,0.169692930029964,0.0412859738058968));
#2491=CARTESIAN_POINT('',(-0.138508268420008,0.127027833921611,0.0443501013380549));
#2492=CARTESIAN_POINT('',(-0.177484289625133,0.0843627378132577,0.0474142288702129));
#2493=CARTESIAN_POINT('',(-0.195495224621072,0.0229543251246615,0.0504746621145955));
#2494=CARTESIAN_POINT('',(-0.184802096503277,-0.0338693232067708,0.0535385146599525));
#2495=CARTESIAN_POINT('',(-0.174108968385481,-0.090692971538203,0.0566023672053094));
#2496=CARTESIAN_POINT('',(-0.136081182160627,-0.141866896359464,0.0596643078966264));
#2497=CARTESIAN_POINT('',(-0.084302873582068,-0.167775606424896,0.062726699508796));
#2498=CARTESIAN_POINT('',(-0.0584137192927886,-0.180729961457611,0.0642578953148808));
#2499=CARTESIAN_POINT('',(-0.0295849972447159,-0.18787428669303,0.0657874700951284));
#2500=CARTESIAN_POINT('',(-0.000704017065454249,-0.18798989190554,0.0673194599068529));
#2501=CARTESIAN_POINT('',(0.0281769631138072,-0.188105497118051,0.0688514497185773));
#2502=CARTESIAN_POINT('',(0.0570523576636387,-0.181169211823483,0.0703835864208452));
#2503=CARTESIAN_POINT('',(0.0830362365032363,-0.168403162829652,0.0719143733632516));
#2504=CARTESIAN_POINT('',(0.135003994182431,-0.142871064841988,0.0749759472480644));
#2505=CARTESIAN_POINT('',(0.17341534249546,-0.0920030898908681,0.0780402289928277));
#2506=CARTESIAN_POINT('',(0.184534733648164,-0.0352543730479194,0.0811015239361582));
#2507=CARTESIAN_POINT('',(0.195654124800868,0.0214943437950293,0.0841628188794886));
#2508=CARTESIAN_POINT('',(0.178096324816077,0.0830132300632755,0.0872264599902979));
#2509=CARTESIAN_POINT('',(0.139454143687009,0.125983373125424,0.0902893455131343));
#2510=CARTESIAN_POINT('',(0.100811962557942,0.168953516187573,0.0933522310359708));
#2511=CARTESIAN_POINT('',(0.0411403826006734,0.192489698300832,0.0964133464922832));
#2512=CARTESIAN_POINT('',(-0.0163929829664971,0.187241753879768,0.0994776353089499));
#2513=CARTESIAN_POINT('',(-0.0739263485336675,0.181993809458704,0.102541924125617));
#2514=CARTESIAN_POINT('',(-0.128605078746472,0.148872971736398,0.105602960954418));
#2515=CARTESIAN_POINT('',(-0.159149282662672,0.099727728664462,0.108666213435803));
#2516=CARTESIAN_POINT('',(-0.174421384620772,0.075155107128494,0.110197839676496));
#2517=CARTESIAN_POINT('',(-0.184126985544748,0.0470559869933015,0.111727860839748));
#2518=CARTESIAN_POINT('',(-0.187055053774136,0.0183156666178009,0.113258929972801));
#2519=CARTESIAN_POINT('',(-0.189983122003524,-0.0104246537576998,0.114789999105853));
#2520=CARTESIAN_POINT('',(-0.18580644614609,-0.0397870910139321,0.116323047406248));
#2521=CARTESIAN_POINT('',(-0.175465793052189,-0.0668284427843272,0.117854173717988));
#2522=CARTESIAN_POINT('',(-0.165125139958289,-0.0938697945547223,0.119385300029729));
#2523=CARTESIAN_POINT('',(-0.148689635332666,-0.118605299568877,0.120915297002866));
#2524=CARTESIAN_POINT('',(-0.127413609997973,-0.138154824519531,0.122447358906751));
#2525=CARTESIAN_POINT('',(-0.10613758466328,-0.157704349470185,0.123979420810636));
#2526=CARTESIAN_POINT('',(-0.0801735239672308,-0.172163711394901,0.125510939079863));
#2527=CARTESIAN_POINT('',(-0.0524122050357912,-0.180335537115814,0.127041537509205));
#2528=CARTESIAN_POINT('',(0.00311043282708825,-0.196679188557641,0.130102734367889));
#2529=CARTESIAN_POINT('',(0.065811806213919,-0.184987334551351,0.133167378774003));
#2530=CARTESIAN_POINT('',(0.112308126595725,-0.150610402029081,0.13622905092162));
#2531=CARTESIAN_POINT('',(0.158804446977531,-0.116233469506811,0.139290723069238));
#2532=CARTESIAN_POINT('',(0.187586138922066,-0.0589875259976466,0.142352809924073));
#2533=CARTESIAN_POINT('',(0.187987030261951,-0.00122698467651575,0.145416719117972));
#2534=CARTESIAN_POINT('',(0.188387921601836,0.0565335566446151,0.14848062831187));
#2535=CARTESIAN_POINT('',(0.160307603706261,0.11415565227968,0.151541555862086));
#2536=CARTESIAN_POINT('',(0.114275131858203,0.149137383200679,0.154605485215347));
#2537=CARTESIAN_POINT('',(0.0682426600101444,0.184119114121679,0.157669414568607));
#2538=CARTESIAN_POINT('',(0.005672041019819,0.196645916349117,0.160730620031249));
#2539=CARTESIAN_POINT('',(-0.0500476770153458,0.181016200775143,0.163793732695662));
#2540=CARTESIAN_POINT('',(-0.0779075360329283,0.173201342988156,0.165325289027868));
#2541=CARTESIAN_POINT('',(-0.104053015461971,0.159062751159582,0.16685519689305));
#2542=CARTESIAN_POINT('',(-0.125593818823385,0.139803448644978,0.168386614538681));
#2543=CARTESIAN_POINT('',(-0.147134622184798,0.120544146130373,0.169918032184313));
#2544=CARTESIAN_POINT('',(-0.16388827176245,0.096031621617264,0.171450660721208));
#2545=CARTESIAN_POINT('',(-0.174571486479818,0.0691224990081773,0.172981489753137));
#2546=CARTESIAN_POINT('',(-0.185254701197187,0.0422133763990905,0.174512318785065));
#2547=CARTESIAN_POINT('',(-0.189830229999615,0.012901534638078,0.1760427448376));
#2548=CARTESIAN_POINT('',(-0.18728852379315,-0.015872016433438,0.177574891381271));
#2549=CARTESIAN_POINT('',(-0.184746817586684,-0.0446455675049542,0.179107037924942));
#2550=CARTESIAN_POINT('',(-0.175390074251037,-0.0728587665629593,0.180638331393811));
#2551=CARTESIAN_POINT('',(-0.160433573599822,-0.0976294035151903,0.182168990397029));
#2552=CARTESIAN_POINT('',(-0.130520572297393,-0.147170677419652,0.185230308403464));
#2553=CARTESIAN_POINT('',(-0.0763009905821807,-0.18098153193824,0.188294106054135));
#2554=CARTESIAN_POINT('',(-0.0188360226484114,-0.187001291772385,0.191356205711311));
#2555=CARTESIAN_POINT('',(0.0386289452853577,-0.19302105160653,0.194418305368487));
#2556=CARTESIAN_POINT('',(0.0985783622305632,-0.170236941590338,0.197480497135952));
#2557=CARTESIAN_POINT('',(0.137800267508393,-0.127798360646252,0.200544616512362));
#2558=CARTESIAN_POINT('',(0.177022172786223,-0.0853597797021668,0.203608735888771));
#2559=CARTESIAN_POINT('',(0.195368849279103,-0.0240391958533316,0.206669143061114));
#2560=CARTESIAN_POINT('',(0.184992856284239,0.032839862416567,0.209733034391046));
#2561=CARTESIAN_POINT('',(0.174616863289375,0.0897189206864658,0.212796925720978));
#2562=CARTESIAN_POINT('',(0.136874741523674,0.141114847270661,0.215858802853049));
#2563=CARTESIAN_POINT('',(0.0852391798002356,0.167303914863061,0.218921245584987));
#2564=CARTESIAN_POINT('',(0.0594213989385164,0.180398448659261,0.220452466950955));
#2565=CARTESIAN_POINT('',(0.0306292869912135,0.18769743695854,0.2219820590756));
#2566=CARTESIAN_POINT('',(0.00174993752316147,0.187982633150667,0.223513978962187));
#2567=CARTESIAN_POINT('',(-0.0271294119448906,0.188267829342794,0.225045898848773));
#2568=CARTESIAN_POINT('',(-0.0560407097189321,0.181487988900654,0.226578132119732));
#2569=CARTESIAN_POINT('',(-0.0820939513255206,0.168862943130671,0.228108934433039));
#2570=CARTESIAN_POINT('',(-0.134200434538697,0.143612851590707,0.231170539059652));
#2571=CARTESIAN_POINT('',(-0.172895768604895,0.0929708112967361,0.234234821161526));
#2572=CARTESIAN_POINT('',(-0.184330528489293,0.0362814380194553,0.237296090568448));
#2573=CARTESIAN_POINT('',(-0.195765288373691,-0.0204079352578255,0.240357359975369));
#2574=CARTESIAN_POINT('',(-0.178546488087518,-0.0820106112002185,0.243421098033151));
#2575=CARTESIAN_POINT('',(-0.140151633960177,-0.125203257256247,0.246483884014845));
#2576=CARTESIAN_POINT('',(-0.101756779832836,-0.168395903312276,0.249546669996538));
#2577=CARTESIAN_POINT('',(-0.0422094905189729,-0.192252503547556,0.252607850660407));
#2578=CARTESIAN_POINT('',(0.0153509274349178,-0.187333803227273,0.25567214741764));
#2579=CARTESIAN_POINT('',(0.0729113453888086,-0.18241510290699,0.258736444174872));
#2580=CARTESIAN_POINT('',(0.127780958813785,-0.14959018613502,0.261797443376396));
#2581=CARTESIAN_POINT('',(0.158593758566576,-0.100616098408856,0.264860743949436));
#2582=CARTESIAN_POINT('',(0.174000158442972,-0.0761290545457748,0.266392394235955));
#2583=CARTESIAN_POINT('',(0.183854447123468,-0.0480806715511899,0.267922450839506));
#2584=CARTESIAN_POINT('',(0.186946049144407,-0.0193562348688799,0.269453481795471));
#2585=CARTESIAN_POINT('',(0.190037651165347,0.00936820181342974,0.270984512751435));
#2586=CARTESIAN_POINT('',(0.186031342632231,0.0387515779919379,0.272517571823248));
#2587=CARTESIAN_POINT('',(0.175837628258136,0.0658481170833668,0.274048722336068));
#2588=CARTESIAN_POINT('',(0.165643913884041,0.0929446561747956,0.275579872848888));
#2589=CARTESIAN_POINT('',(0.149344425464977,0.117772305292349,0.277109817046675));
#2590=CARTESIAN_POINT('',(0.128182082024748,0.137444598955855,0.278641874161327));
#2591=CARTESIAN_POINT('',(0.107019738584519,0.157116892619362,0.280173931275979));
#2592=CARTESIAN_POINT('',(0.0811342746099874,0.171713321380572,0.281705500118491));
#2593=CARTESIAN_POINT('',(0.0534168114543843,0.180036840105591,0.283236105558251));
#2594=CARTESIAN_POINT('',(-0.00201811485682198,0.19668387755563,0.28629731643777));
#2595=CARTESIAN_POINT('',(-0.0647741708186998,0.18534837502696,0.289361981624104));
#2596=CARTESIAN_POINT('',(-0.111464417821117,0.151230550964108,0.29242361088106));
#2597=CARTESIAN_POINT('',(0.,0.,0.02));
#2598=CARTESIAN_POINT('',(-0.118142178470114,0.475428821650837,0.943082122026426));
#2599=CARTESIAN_POINT('',(-0.100099745073518,0.525000000000001,0.917789342133492));
#2600=CARTESIAN_POINT('',(0.161168772108758,0.357214227192626,0.892433197320204));
#2601=CARTESIAN_POINT('',(0.10009974507352,0.525,0.848870020099588));
#2602=CARTESIAN_POINT('',(0.100099745073508,0.525000000000001,0.848870020099579));
#2603=CARTESIAN_POINT('',(0.0333665816911693,0.525000000000001,0.871843127444212));
#2604=CARTESIAN_POINT('',(-0.0333665816911693,0.525000000000001,0.894816234788845));
#2605=CARTESIAN_POINT('',(-0.100099745073508,0.525000000000001,0.917789342133478));
#2606=CARTESIAN_POINT('',(-0.228047887792944,0.525000000000025,0.96183590411645));
#2607=CARTESIAN_POINT('',(0.113619047096092,0.487856022966201,0.797670071841571));
#2608=CARTESIAN_POINT('',(0.100099745073521,0.525,0.807307986201265));
#2609=CARTESIAN_POINT('',(0.0180829848440764,0.84970438181811,0.904034500938309));
#2610=CARTESIAN_POINT('',(-0.100099745073521,0.525000000000001,0.738257138743629));
#2611=CARTESIAN_POINT('',(-0.100099745073508,0.525000000000001,0.738257138743647));
#2612=CARTESIAN_POINT('',(-0.0333665816911693,0.525000000000001,0.761274087896189));
#2613=CARTESIAN_POINT('',(0.0333665816911693,0.525000000000001,0.784291037048732));
#2614=CARTESIAN_POINT('',(0.100099745073508,0.525000000000001,0.807307986201274));
#2615=CARTESIAN_POINT('',(0.262465789774396,0.525000000000035,0.863309692183173));
#2616=CARTESIAN_POINT('',(-0.0717866037474001,0.602789716467347,0.758862736943765));
#2617=CARTESIAN_POINT('',(-0.10009974507352,0.525000000000001,0.779556121794503));
#2618=CARTESIAN_POINT('',(-0.100099745073508,0.525000000000001,0.779556121794494));
#2619=CARTESIAN_POINT('',(-0.100099745073508,0.525000000000001,0.765789794110878));
#2620=CARTESIAN_POINT('',(-0.100099745073508,0.525000000000001,0.752023466427263));
#2621=CARTESIAN_POINT('',(-0.100099745073508,0.525000000000001,0.738257138743647));
#2622=CARTESIAN_POINT('',(-0.100099745073508,0.525,1.6242781556928));
#2623=CARTESIAN_POINT('',(-0.0403896447519273,0.689052152346948,0.918770343449618));
#2624=CARTESIAN_POINT('',(-0.100099745073519,0.525000000000001,0.875569681116521));
#2625=CARTESIAN_POINT('',(-0.100099745073508,0.525000000000001,0.917789342133478));
#2626=CARTESIAN_POINT('',(-0.100099745073508,0.525000000000001,0.903716121794494));
#2627=CARTESIAN_POINT('',(-0.100099745073508,0.525000000000001,0.889642901455511));
#2628=CARTESIAN_POINT('',(-0.100099745073508,0.525000000000001,0.875569681116528));
#2629=CARTESIAN_POINT('',(-0.100099745073508,0.525,1.6242781556928));
#2630=CARTESIAN_POINT('',(0.100099745073508,0.525000000000001,0.807307986201274));
#2631=CARTESIAN_POINT('',(0.100099745073508,0.525000000000001,0.821161997500709));
#2632=CARTESIAN_POINT('',(0.100099745073508,0.525000000000001,0.835016008800144));
#2633=CARTESIAN_POINT('',(0.100099745073508,0.525000000000001,0.848870020099579));
#2634=CARTESIAN_POINT('',(0.100099745073508,0.525000000000002,1.6242781556928));
#2635=CARTESIAN_POINT('',(0.156848008615355,0.617116792301223,0.826249433224056));
#2636=CARTESIAN_POINT('',(0.048069727511386,0.525,0.826773748913139));
#2637=CARTESIAN_POINT('',(0.0480697275114254,0.525000000000001,0.826773748913138));
#2638=CARTESIAN_POINT('',(-0.00132009668355239,0.525000000000001,0.81103453987359));
#2639=CARTESIAN_POINT('',(-0.0507099208785302,0.525000000000001,0.795295330834042));
#2640=CARTESIAN_POINT('',(-0.100099745073508,0.525000000000001,0.779556121794494));
#2641=CARTESIAN_POINT('',(0.235145218419694,0.525000000000034,0.886389678015407));
#2642=CARTESIAN_POINT('',(-0.100099745073508,0.525000000000001,0.875569681116528));
#2643=CARTESIAN_POINT('',(-0.0507099208785302,0.525000000000001,0.859304370382065));
#2644=CARTESIAN_POINT('',(-0.00132009668355238,0.525000000000001,0.843039059647602));
#2645=CARTESIAN_POINT('',(0.0480697275114254,0.525000000000001,0.826773748913138));
#2646=CARTESIAN_POINT('',(-0.232237514645402,0.525000000000026,0.919085970491463));
#2647=CARTESIAN_POINT('',(1.49397937153514E-17,0.525000000000001,0.883329681116528));
#2648=CARTESIAN_POINT('',(0.150010807137255,0.387870483998883,1.19760684487518));
#2649=CARTESIAN_POINT('',(0.100099745073516,0.524999999999999,1.14769578281145));
#2650=CARTESIAN_POINT('',(0.089616594891676,0.553802218409357,1.11924740756955));
#2651=CARTESIAN_POINT('',(0.100099745073517,0.524999999999999,1.10876425738771));
#2652=CARTESIAN_POINT('',(0.100099745073508,0.524999999999999,1.10876425738771));
#2653=CARTESIAN_POINT('',(0.100099745073508,0.524999999999999,1.12174143252896));
#2654=CARTESIAN_POINT('',(0.100099745073508,0.524999999999999,1.1347186076702));
#2655=CARTESIAN_POINT('',(0.100099745073508,0.524999999999999,1.14769578281144));
#2656=CARTESIAN_POINT('',(0.100099745073508,0.525000000000002,1.6242781556928));
#2657=CARTESIAN_POINT('',(0.0245811106592504,0.525000000000008,1.10876425738771));
#2658=CARTESIAN_POINT('',(0.026168758405328,0.520637973667612,1.10717660964164));
#2659=CARTESIAN_POINT('',(0.0277588224461506,0.516276723814016,1.10558924451072));
#2660=CARTESIAN_POINT('',(0.0293500757842307,0.511915857766719,1.10400201907389));
#2661=CARTESIAN_POINT('',(0.0309413296937444,0.507554990153395,1.10241479306706));
#2662=CARTESIAN_POINT('',(0.0325337790944507,0.503194507788778,1.10082770727929));
#2663=CARTESIAN_POINT('',(0.0341262682314589,0.498834038350026,1.09924062619616));
#2664=CARTESIAN_POINT('',(0.0245811106592504,0.525000000000008,1.10876425738771));
#2665=CARTESIAN_POINT('',(0.0245811106592516,0.524999999999999,1.10876425738771));
#2666=CARTESIAN_POINT('',(0.0497539887973371,0.524999999999999,1.10876425738771));
#2667=CARTESIAN_POINT('',(0.0749268669354225,0.524999999999999,1.10876425738771));
#2668=CARTESIAN_POINT('',(0.100099745073508,0.524999999999999,1.10876425738771));
#2669=CARTESIAN_POINT('',(4.2685124898092E-18,0.525000000000022,1.10876425738771));
#2670=CARTESIAN_POINT('',(0.100099745073508,0.524999999999999,1.14769578281144));
#2671=CARTESIAN_POINT('',(0.0333665816911693,0.524999999999999,1.14769578281144));
#2672=CARTESIAN_POINT('',(-0.0333665816911693,0.524999999999999,1.14769578281144));
#2673=CARTESIAN_POINT('',(-0.100099745073508,0.525000000000001,1.14769578281144));
#2674=CARTESIAN_POINT('',(-0.100099745073506,0.525000000000013,1.14769578281144));
#2675=CARTESIAN_POINT('',(0.0217133144156786,0.524999999999983,1.04300154552331));
#2676=CARTESIAN_POINT('',(0.0231281890204285,0.524999999999983,1.04988802204196));
#2677=CARTESIAN_POINT('',(0.0240195248141851,0.525000000000002,1.05904353826373));
#2678=CARTESIAN_POINT('',(0.02475511882149,0.524999999999962,1.08191930417033));
#2679=CARTESIAN_POINT('',(0.0245811106592582,0.524999999999982,1.09604488926053));
#2680=CARTESIAN_POINT('',(0.0245811106592582,0.524999999999982,1.10876425738771));
#2681=CARTESIAN_POINT('',(0.0217133144156703,0.525000000000012,1.04300154552331));
#2682=CARTESIAN_POINT('',(-0.1000997450735,0.525000000000022,1.14769578281144));
#2683=CARTESIAN_POINT('',(-0.100099745073492,0.524999999999989,1.13514370510813));
#2684=CARTESIAN_POINT('',(-0.100099745073498,0.525000000000022,1.12259162740464));
#2685=CARTESIAN_POINT('',(-0.100099745073502,0.525000000000022,1.10376351084971));
#2686=CARTESIAN_POINT('',(-0.100099745073503,0.525000000000032,1.09748747199801));
#2687=CARTESIAN_POINT('',(-0.100099745073498,0.525000000000011,1.08493539429461));
#2688=CARTESIAN_POINT('',(-0.100097133466364,0.525000000000022,1.07867760636504));
#2689=CARTESIAN_POINT('',(-0.0998006626428778,0.525000000000022,1.06222449011603));
#2690=CARTESIAN_POINT('',(-0.0993162541259448,0.525000000000027,1.05357593903973));
#2691=CARTESIAN_POINT('',(-0.0981868593229546,0.525000000000019,1.04406639937403));
#2692=CARTESIAN_POINT('',(-0.0977432639797294,0.525000000000025,1.04147376735437));
#2693=CARTESIAN_POINT('',(-0.0967263726956783,0.525000000000018,1.03744009846049));
#2694=CARTESIAN_POINT('',(-0.0961262358553251,0.525000000000022,1.0356532281539));
#2695=CARTESIAN_POINT('',(-0.0925659763135648,0.525000000000022,1.02658173017503));
#2696=CARTESIAN_POINT('',(-0.0880287271391733,0.525000000000022,1.02018937559746));
#2697=CARTESIAN_POINT('',(-0.0755534675812648,0.525000000000022,1.00911251227957));
#2698=CARTESIAN_POINT('',(-0.0677023257575414,0.525000000000022,1.00468762416145));
#2699=CARTESIAN_POINT('',(-0.0539484425953727,0.525000000000022,1.00114911024507));
#2700=CARTESIAN_POINT('',(-0.0490114379904885,0.525000000000022,1.00041689994253));
#2701=CARTESIAN_POINT('',(-0.03842700543237,0.525000000000022,0.999844337765006));
#2702=CARTESIAN_POINT('',(-0.0327972753751724,0.525000000000022,1.00000298889023));
#2703=CARTESIAN_POINT('',(-0.017838782196987,0.525000000000022,1.00176352070974));
#2704=CARTESIAN_POINT('',(-0.00949479637360203,0.525000000000022,1.00491707072104));
#2705=CARTESIAN_POINT('',(0.000802031971672715,0.525000000000022,1.01135203924204));
#2706=CARTESIAN_POINT('',(0.0038747193044367,0.525000000000022,1.01372922602321));
#2707=CARTESIAN_POINT('',(0.00929472815484157,0.525000000000022,1.01894799413401));
#2708=CARTESIAN_POINT('',(0.0116296941493072,0.525000000000028,1.02185117651692));
#2709=CARTESIAN_POINT('',(0.0176304408757981,0.525000000000009,1.03079283006102));
#2710=CARTESIAN_POINT('',(0.0203331487878193,0.525000000000021,1.03685738259388));
#2711=CARTESIAN_POINT('',(0.0217133144156649,0.525000000000021,1.04300154552331));
#2712=CARTESIAN_POINT('',(-0.0662324370540947,0.525000000000001,1.10876425738771));
#2713=CARTESIAN_POINT('',(-0.0472958777314119,0.525000000000001,1.10876425738771));
#2714=CARTESIAN_POINT('',(-0.0283593184087292,0.525000000000001,1.10876425738771));
#2715=CARTESIAN_POINT('',(-0.00942275908604645,0.524999999999999,1.10876425738771));
#2716=CARTESIAN_POINT('',(-0.0662324370540955,0.525000000000003,1.10876425738771));
#2717=CARTESIAN_POINT('',(-0.00942275908604496,0.525000000000007,1.10876425738771));
#2718=CARTESIAN_POINT('',(-0.0648668197952445,0.524999999999992,1.06194120654026));
#2719=CARTESIAN_POINT('',(-0.0655335175372534,0.524999999999992,1.06529445032426));
#2720=CARTESIAN_POINT('',(-0.0659501869465409,0.524999999999978,1.07110737254862));
#2721=CARTESIAN_POINT('',(-0.0663093022097972,0.525000000000007,1.08765257403291));
#2722=CARTESIAN_POINT('',(-0.0662324370540917,0.524999999999967,1.0989077422918));
#2723=CARTESIAN_POINT('',(-0.0662324370540917,0.524999999999992,1.10876425738771));
#2724=CARTESIAN_POINT('',(-0.0648668197952488,0.525000000000009,1.06194120654026));
#2725=CARTESIAN_POINT('',(-0.00942275908603445,0.525000000000032,1.10876425738771));
#2726=CARTESIAN_POINT('',(-0.00942275908603445,0.525000000000004,1.09774475124371));
#2727=CARTESIAN_POINT('',(-0.00923356661117091,0.525000000000033,1.08510200278836));
#2728=CARTESIAN_POINT('',(-0.0098845710926413,0.525000000000033,1.07119213378589));
#2729=CARTESIAN_POINT('',(-0.0102454018688267,0.525000000000033,1.06725440507475));
#2730=CARTESIAN_POINT('',(-0.0109997914030363,0.525000000000033,1.06239615344267));
#2731=CARTESIAN_POINT('',(-0.0112867784983923,0.525000000000033,1.06095145980439));
#2732=CARTESIAN_POINT('',(-0.0119313670372143,0.525000000000033,1.0584115196727));
#2733=CARTESIAN_POINT('',(-0.0122879630039646,0.525000000000032,1.05733985220644));
#2734=CARTESIAN_POINT('',(-0.014257347979965,0.525000000000041,1.05259827606288));
#2735=CARTESIAN_POINT('',(-0.0164882871696332,0.525000000000033,1.04940087723239));
#2736=CARTESIAN_POINT('',(-0.0222610279667052,0.525000000000033,1.04425123608621));
#2737=CARTESIAN_POINT('',(-0.0257983818617209,0.525000000000033,1.04230372500574));
#2738=CARTESIAN_POINT('',(-0.0334849358370405,0.525000000000033,1.04012395571502));
#2739=CARTESIAN_POINT('',(-0.0380047335629245,0.525000000000026,1.03985880164168));
#2740=CARTESIAN_POINT('',(-0.0461594837426494,0.525000000000041,1.04083120261791));
#2741=CARTESIAN_POINT('',(-0.0497797771725625,0.525000000000033,1.04206465037561));
#2742=CARTESIAN_POINT('',(-0.0592694124824607,0.525000000000033,1.04798526380901));
#2743=CARTESIAN_POINT('',(-0.0634729783318262,0.524999999999936,1.05457697640273));
#2744=CARTESIAN_POINT('',(-0.0648668197952591,0.525000000000033,1.06194120654025));
#2745=CARTESIAN_POINT('',(0.024387321817831,0.524999999999999,1.07048142121703));
#2746=CARTESIAN_POINT('',(-0.00942275908604496,0.525000000000007,1.10876425738771));
#2747=CARTESIAN_POINT('',(-0.0102838412744483,0.522634196131072,1.10790317519931));
#2748=CARTESIAN_POINT('',(-0.0111438977689902,0.520268062549351,1.10704197300526));
#2749=CARTESIAN_POINT('',(-0.012003358324512,0.5179017380457,1.10618070132132));
#2750=CARTESIAN_POINT('',(-0.0142124636881651,0.511819480844279,1.10396694074285));
#2751=CARTESIAN_POINT('',(-0.0164177604429163,0.505736002732485,1.10175273578935));
#2752=CARTESIAN_POINT('',(-0.0186245569554067,0.499653005473014,1.09953870585177));
#2753=CARTESIAN_POINT('',(-0.0186245569554067,0.499653005473014,1.09953870585177));
#2754=CARTESIAN_POINT('',(0.,0.,0.917679884397927));
#2755=CARTESIAN_POINT('',(-0.0560009694763475,0.496853994064362,1.09851994901366));
#2756=CARTESIAN_POINT('',(-0.0662324370540955,0.525000000000003,1.10876425738771));
#2757=CARTESIAN_POINT('',(-0.064525276381164,0.520309614599738,1.10705709671478));
#2758=CARTESIAN_POINT('',(-0.0628201263480642,0.515618583070573,1.10534970087015));
#2759=CARTESIAN_POINT('',(-0.061115355058201,0.510927430337568,1.10364226091094));
#2760=CARTESIAN_POINT('',(-0.0594105836505007,0.506236277280302,1.10193482083371));
#2761=CARTESIAN_POINT('',(-0.0577062213744919,0.501544992912076,1.1002273329632));
#2762=CARTESIAN_POINT('',(-0.0560009694763475,0.496853994064362,1.09851994901366));
#2763=CARTESIAN_POINT('',(4.26851248979812E-18,0.525000000000022,1.10876425738771));
#2764=CARTESIAN_POINT('',(-0.0560009694763475,0.496853994064362,1.09851994901366));
#2765=CARTESIAN_POINT('',(-0.0560081919915269,0.496853180006596,1.0927474214105));
#2766=CARTESIAN_POINT('',(-0.0560163448011264,0.496852269936805,1.08697428541801));
#2767=CARTESIAN_POINT('',(-0.0559219343969939,0.49686289583073,1.08120253511826));
#2768=CARTESIAN_POINT('',(-0.055874678787999,0.496868214450993,1.0783135783567));
#2769=CARTESIAN_POINT('',(-0.0557929809371477,0.496877414687884,1.07542449470377));
#2770=CARTESIAN_POINT('',(-0.05564575011427,0.496893902653494,1.07253894730643));
#2771=CARTESIAN_POINT('',(-0.0554981207270205,0.496910435253207,1.06964558852583));
#2772=CARTESIAN_POINT('',(-0.0553990953317861,0.496921763631867,1.06672898176166));
#2773=CARTESIAN_POINT('',(-0.0548556466781156,0.496981748183498,1.06388387047904));
#2774=CARTESIAN_POINT('',(-0.0548556466781156,0.496981748183498,1.06388387047904));
#2775=CARTESIAN_POINT('',(-0.0648668197952488,0.525000000000009,1.06194120654026));
#2776=CARTESIAN_POINT('',(-0.0639734218750714,0.522499652106723,1.06211456373138));
#2777=CARTESIAN_POINT('',(-0.0630800241464846,0.51999930421483,1.06228792192997));
#2778=CARTESIAN_POINT('',(-0.0621866266811736,0.517498956324859,1.06246128151304));
#2779=CARTESIAN_POINT('',(-0.0609647952526857,0.514079421624189,1.06269837216445));
#2780=CARTESIAN_POINT('',(-0.0597429643056831,0.510659886927028,1.0629354653478));
#2781=CARTESIAN_POINT('',(-0.0585211341546718,0.507240352235697,1.0631725627172));
#2782=CARTESIAN_POINT('',(-0.0572993040036541,0.503820817544348,1.0634096600866));
#2783=CARTESIAN_POINT('',(-0.056077474628723,0.500401282858674,1.06364676153734));
#2784=CARTESIAN_POINT('',(-0.0548556466781156,0.496981748183498,1.06388387047904));
#2785=CARTESIAN_POINT('',(-0.0525609491005886,0.487437895557398,1.10876425738771));
#2786=CARTESIAN_POINT('',(-0.0525609491005886,0.487437895557372,1.09885743356063));
#2787=CARTESIAN_POINT('',(-0.0526340915093496,0.487437895557413,1.087629413812));
#2788=CARTESIAN_POINT('',(-0.0522888602580929,0.487437895557384,1.07172387502879));
#2789=CARTESIAN_POINT('',(-0.0517895600719792,0.487437895557395,1.06627568545046));
#2790=CARTESIAN_POINT('',(-0.0514577932573541,0.487437895557398,1.06460721294853));
#2791=CARTESIAN_POINT('',(-0.0514511579210616,0.487437895557398,1.06457384349849));
#2792=CARTESIAN_POINT('',(-0.0514445225847691,0.487437895557398,1.06454047404845));
#2793=CARTESIAN_POINT('',(-0.0514378872484765,0.487437895557398,1.06450710459841));
#2794=CARTESIAN_POINT('',(-0.0662324370540955,0.525000000000003,1.10876425738771));
#2795=CARTESIAN_POINT('',(-0.0662324370540955,0.524999999999977,1.0989077422918));
#2796=CARTESIAN_POINT('',(-0.066309302209801,0.525000000000017,1.08765257403291));
#2797=CARTESIAN_POINT('',(-0.0659501869465447,0.524999999999989,1.07110737254862));
#2798=CARTESIAN_POINT('',(-0.0655335175372572,0.525000000000003,1.06529445032426));
#2799=CARTESIAN_POINT('',(-0.0648668197952482,0.525000000000003,1.06194120654026));
#2800=CARTESIAN_POINT('',(-0.064853485840408,0.525000000000003,1.06187414166458));
#2801=CARTESIAN_POINT('',(-0.0648401518855678,0.525000000000003,1.0618070767889));
#2802=CARTESIAN_POINT('',(-0.0648268179307276,0.525000000000003,1.06174001191322));
#2803=CARTESIAN_POINT('',(-0.0548556466781156,0.496981748183498,1.06388387047904));
#2804=CARTESIAN_POINT('',(-0.0544761665010376,0.497023634290163,1.06179695158753));
#2805=CARTESIAN_POINT('',(-0.0537436376439437,0.497104361414731,1.05974139267475));
#2806=CARTESIAN_POINT('',(-0.0526890120167035,0.497216118013791,1.05790393101274));
#2807=CARTESIAN_POINT('',(-0.0516304440217239,0.497328292377789,1.05605960061039));
#2808=CARTESIAN_POINT('',(-0.0502123022937495,0.497475194983121,1.05437001389741));
#2809=CARTESIAN_POINT('',(-0.0485335765398398,0.497638917236435,1.05307009898178));
#2810=CARTESIAN_POINT('',(-0.0470748105695867,0.497781187319057,1.05194050908972));
#2811=CARTESIAN_POINT('',(-0.0453683135253033,0.497940626597458,1.05108879545382));
#2812=CARTESIAN_POINT('',(-0.0435998324904792,0.498095427209287,1.0505665657566));
#2813=CARTESIAN_POINT('',(-0.0413409304100337,0.498293155891262,1.04989951548788));
#2814=CARTESIAN_POINT('',(-0.0389345893758776,0.498487390204248,1.04967273756248));
#2815=CARTESIAN_POINT('',(-0.0365786233153565,0.498660209277172,1.04975178685993));
#2816=CARTESIAN_POINT('',(-0.0345100855539395,0.498811944390945,1.04982119212834));
#2817=CARTESIAN_POINT('',(-0.0324082126388038,0.498952373548716,1.05015465309463));
#2818=CARTESIAN_POINT('',(-0.0304718916845134,0.499070600032869,1.05089179132241));
#2819=CARTESIAN_POINT('',(-0.0285220322757765,0.499189653138179,1.05163408350585));
#2820=CARTESIAN_POINT('',(-0.0266755282420867,0.499290247579404,1.05276581529523));
#2821=CARTESIAN_POINT('',(-0.0251493476819932,0.499367109761116,1.05419129351124));
#2822=CARTESIAN_POINT('',(-0.0238161665338557,0.499434252020913,1.05543650704256));
#2823=CARTESIAN_POINT('',(-0.0227063238130707,0.499484852498382,1.05695323631887));
#2824=CARTESIAN_POINT('',(-0.0218734454794194,0.499521323251429,1.05857724997672));
#2825=CARTESIAN_POINT('',(-0.0210635091818617,0.499556789399963,1.06015652939375));
#2826=CARTESIAN_POINT('',(-0.020546431351022,0.499577785589554,1.06189171847471));
#2827=CARTESIAN_POINT('',(-0.020200742983951,0.499591763325714,1.06363289115615));
#2828=CARTESIAN_POINT('',(-0.0197882350761854,0.49960844287657,1.0657106223392));
#2829=CARTESIAN_POINT('',(-0.0195300727111822,0.499618471676299,1.06781895004924));
#2830=CARTESIAN_POINT('',(-0.0193277881856891,0.499626296949881,1.06992760544694));
#2831=CARTESIAN_POINT('',(-0.0185181745131151,0.499657616441411,1.07836718448326));
#2832=CARTESIAN_POINT('',(-0.018596586289143,0.499654047551357,1.08687431115187));
#2833=CARTESIAN_POINT('',(-0.0186125771614155,0.499653451875808,1.09535267735397));
#2834=CARTESIAN_POINT('',(-0.018615208894964,0.499653353841173,1.09674802342329));
#2835=CARTESIAN_POINT('',(-0.0186196618753485,0.499653187937036,1.09814336589546));
#2836=CARTESIAN_POINT('',(-0.0186245569554067,0.499653005473014,1.09953870585177));
#2837=CARTESIAN_POINT('',(-0.0500802908192987,0.483427847059489,1.06518066192764));
#2838=CARTESIAN_POINT('',(-0.0500534432869918,0.483427847059486,1.06503881634239));
#2839=CARTESIAN_POINT('',(-0.0500265957546849,0.483427847059482,1.06489697075713));
#2840=CARTESIAN_POINT('',(-0.049999748222378,0.483427847059479,1.06475512517187));
#2841=CARTESIAN_POINT('',(-0.0493285599147054,0.48342784705939,1.06120898554046));
#2842=CARTESIAN_POINT('',(-0.0472667261976676,0.483427847059478,1.05833118659647));
#2843=CARTESIAN_POINT('',(-0.0437671702044518,0.483427847059478,1.05614780234839));
#2844=CARTESIAN_POINT('',(-0.0424259485639494,0.483427847059485,1.0556242221094));
#2845=CARTESIAN_POINT('',(-0.0381551000645897,0.483427847059471,1.05511495390427));
#2846=CARTESIAN_POINT('',(-0.0354766052965484,0.483427847059478,1.05528682710124));
#2847=CARTESIAN_POINT('',(-0.0320629308687829,0.483427847059478,1.05625488249748));
#2848=CARTESIAN_POINT('',(-0.0305802618497567,0.483427847059478,1.05710652471101));
#2849=CARTESIAN_POINT('',(-0.0283140612257442,0.483427847059478,1.05912811450717));
#2850=CARTESIAN_POINT('',(-0.0274455020862983,0.483427847059485,1.06029334977838));
#2851=CARTESIAN_POINT('',(-0.026457992458667,0.483427847059476,1.06267092465563));
#2852=CARTESIAN_POINT('',(-0.0264512710914492,0.483427847059478,1.06270960843098));
#2853=CARTESIAN_POINT('',(-0.0260990968024621,0.483427847059478,1.06409733184645));
#2854=CARTESIAN_POINT('',(-0.0258931574465549,0.483427847059478,1.0650944531802));
#2855=CARTESIAN_POINT('',(-0.0253141937742934,0.483427847059478,1.06882297353192));
#2856=CARTESIAN_POINT('',(-0.024981136589885,0.483427847059478,1.07228233213304));
#2857=CARTESIAN_POINT('',(-0.0243838815484476,0.483427847059478,1.08504375312003));
#2858=CARTESIAN_POINT('',(-0.024553785330758,0.483427847059448,1.09762165753349));
#2859=CARTESIAN_POINT('',(-0.024553785330758,0.483427847059477,1.10876425738771));
#2860=CARTESIAN_POINT('',(-0.0650340807708607,0.525000000000016,1.06282491415676));
#2861=CARTESIAN_POINT('',(-0.0649783271123234,0.525000000000012,1.06253034495126));
#2862=CARTESIAN_POINT('',(-0.0649225734537861,0.525000000000008,1.06223577574576));
#2863=CARTESIAN_POINT('',(-0.0648668197952488,0.525000000000004,1.06194120654026));
#2864=CARTESIAN_POINT('',(-0.0634729783318164,0.524999999999907,1.05457697640274));
#2865=CARTESIAN_POINT('',(-0.0592694124824523,0.525000000000004,1.04798526380901));
#2866=CARTESIAN_POINT('',(-0.0497797771725583,0.525000000000004,1.04206465037562));
#2867=CARTESIAN_POINT('',(-0.0461594837426468,0.525000000000012,1.04083120261792));
#2868=CARTESIAN_POINT('',(-0.0380047335629246,0.524999999999997,1.03985880164169));
#2869=CARTESIAN_POINT('',(-0.0334849358370419,0.525000000000004,1.04012395571503));
#2870=CARTESIAN_POINT('',(-0.0257983818617253,0.525000000000004,1.04230372500575));
#2871=CARTESIAN_POINT('',(-0.022261027966711,0.525000000000004,1.04425123608622));
#2872=CARTESIAN_POINT('',(-0.0164882871696414,0.525000000000004,1.0494008772324));
#2873=CARTESIAN_POINT('',(-0.0142573479799742,0.525000000000012,1.05259827606289));
#2874=CARTESIAN_POINT('',(-0.0122879630039744,0.525000000000003,1.05733985220644));
#2875=CARTESIAN_POINT('',(-0.0119313670372244,0.525000000000004,1.05841151967271));
#2876=CARTESIAN_POINT('',(-0.0112867784984026,0.525000000000004,1.06095145980439));
#2877=CARTESIAN_POINT('',(-0.0109997914030466,0.525000000000004,1.06239615344267));
#2878=CARTESIAN_POINT('',(-0.0102454018688371,0.525000000000004,1.06725440507475));
#2879=CARTESIAN_POINT('',(-0.00988457109265179,0.525000000000004,1.07119213378589));
#2880=CARTESIAN_POINT('',(-0.00923356661118143,0.525000000000004,1.08510200278836));
#2881=CARTESIAN_POINT('',(-0.00942275908604496,0.524999999999975,1.09774475124371));
#2882=CARTESIAN_POINT('',(-0.00942275908604496,0.525000000000003,1.10876425738771));
#2883=CARTESIAN_POINT('',(-0.100099745073506,0.525000000000013,1.14769578281144));
#2884=CARTESIAN_POINT('',(-0.102415048215608,0.518638756897904,1.15001108595354));
#2885=CARTESIAN_POINT('',(-0.104730351357708,0.512277513795796,1.15232638909564));
#2886=CARTESIAN_POINT('',(-0.10704565449981,0.505916270693687,1.15464169223774));
#2887=CARTESIAN_POINT('',(-0.109360957641913,0.499555027591579,1.15695699537984));
#2888=CARTESIAN_POINT('',(-0.111676260784015,0.493193784489471,1.15927229852194));
#2889=CARTESIAN_POINT('',(-0.113991563926117,0.486832541387362,1.16158760166404));
#2890=CARTESIAN_POINT('',(4.26851248982829E-18,0.52500000000002,1.14769578281144));
#2891=CARTESIAN_POINT('',(0.0217133144156703,0.525000000000012,1.04300154552331));
#2892=CARTESIAN_POINT('',(0.0227235297307787,0.522161135867273,1.04278432419252));
#2893=CARTESIAN_POINT('',(0.0237337450492591,0.519322271734631,1.04256710287614));
#2894=CARTESIAN_POINT('',(0.0247439603708676,0.516483407602075,1.0423498815732));
#2895=CARTESIAN_POINT('',(0.0257784386342671,0.513576360782395,1.04212744313711));
#2896=CARTESIAN_POINT('',(0.0268129169009492,0.510669313962804,1.04190500471513));
#2897=CARTESIAN_POINT('',(0.0278473951706628,0.507762267143292,1.04168256630623));
#2898=CARTESIAN_POINT('',(0.0288818734403765,0.504855220323779,1.04146012789732));
#2899=CARTESIAN_POINT('',(0.0299163517131212,0.501948173504345,1.0412376895015));
#2900=CARTESIAN_POINT('',(0.0309508299886597,0.499041126684979,1.04101525111776));
#2901=CARTESIAN_POINT('',(0.0369744717256679,0.490949520318875,1.10876425738771));
#2902=CARTESIAN_POINT('',(0.0369744717256679,0.490949520318875,1.09611739359755));
#2903=CARTESIAN_POINT('',(0.0371559215647816,0.490949520318855,1.08195151816207));
#2904=CARTESIAN_POINT('',(0.0363926392639057,0.490949520318895,1.05821469323859));
#2905=CARTESIAN_POINT('',(0.0354919597781884,0.490949520318876,1.04848401483041));
#2906=CARTESIAN_POINT('',(0.0338530981460658,0.490949520318876,1.04050734234356));
#2907=CARTESIAN_POINT('',(0.0338203209134233,0.490949520318876,1.04034780889383));
#2908=CARTESIAN_POINT('',(0.0337875436807809,0.490949520318876,1.04018827544409));
#2909=CARTESIAN_POINT('',(0.0337547664481384,0.490949520318876,1.04002874199435));
#2910=CARTESIAN_POINT('',(0.0245811106592504,0.525000000000004,1.10876425738771));
#2911=CARTESIAN_POINT('',(0.0245811106592504,0.525000000000004,1.09604488926053));
#2912=CARTESIAN_POINT('',(0.0247551188214822,0.524999999999984,1.08191930417033));
#2913=CARTESIAN_POINT('',(0.0240195248141773,0.525000000000024,1.05904353826374));
#2914=CARTESIAN_POINT('',(0.0231281890204208,0.525000000000005,1.04988802204197));
#2915=CARTESIAN_POINT('',(0.0217133144156711,0.525000000000005,1.04300154552331));
#2916=CARTESIAN_POINT('',(0.0216850169235761,0.525000000000005,1.04286381599294));
#2917=CARTESIAN_POINT('',(0.0216567194314811,0.525000000000005,1.04272608646256));
#2918=CARTESIAN_POINT('',(0.0216284219393861,0.525000000000005,1.04258835693219));
#2919=CARTESIAN_POINT('',(0.0418560840200334,0.469628676593054,1.04071802510776));
#2920=CARTESIAN_POINT('',(0.0416963340814724,0.469628676593054,1.0400068573596));
#2921=CARTESIAN_POINT('',(0.0415365841429114,0.469628676593054,1.03929568961144));
#2922=CARTESIAN_POINT('',(0.0413768342043505,0.469628676593054,1.03858452186328));
#2923=CARTESIAN_POINT('',(0.0393799599723386,0.469628676593054,1.02969492501131));
#2924=CARTESIAN_POINT('',(0.0355488135483445,0.469628676593042,1.0213265641445));
#2925=CARTESIAN_POINT('',(0.0277721294018573,0.46962867659306,1.00973860267133));
#2926=CARTESIAN_POINT('',(0.0243508368451973,0.469628676593054,1.00546782233867));
#2927=CARTESIAN_POINT('',(0.0167758559254246,0.469628676593054,0.99817409398727));
#2928=CARTESIAN_POINT('',(0.0125734908231685,0.469628676593054,0.994943159818225));
#2929=CARTESIAN_POINT('',(-0.000995658196981189,0.469628676593054,0.986463164572803));
#2930=CARTESIAN_POINT('',(-0.0129506724278217,0.469628676593054,0.982046208028751));
#2931=CARTESIAN_POINT('',(-0.0317077840260409,0.469628676593054,0.979838599164014));
#2932=CARTESIAN_POINT('',(-0.0383398869386437,0.469628676593054,0.979656645918154));
#2933=CARTESIAN_POINT('',(-0.0512757716065138,0.469628676593054,0.980356409615713));
#2934=CARTESIAN_POINT('',(-0.0575378793196575,0.469628676593054,0.981262771833567));
#2935=CARTESIAN_POINT('',(-0.0755878002751776,0.469628676593054,0.985906544514068));
#2936=CARTESIAN_POINT('',(-0.0868056178118244,0.469628676593054,0.992152025180377));
#2937=CARTESIAN_POINT('',(-0.103538562527214,0.469628676593054,1.00700931592452));
#2938=CARTESIAN_POINT('',(-0.110137510933632,0.469628676593054,1.01618967032119));
#2939=CARTESIAN_POINT('',(-0.115183859187856,0.469628676593054,1.02904770349678));
#2940=CARTESIAN_POINT('',(-0.11594688582854,0.46962867659305,1.03123798878311));
#2941=CARTESIAN_POINT('',(-0.117606914545628,0.469628676593057,1.03782272616813));
#2942=CARTESIAN_POINT('',(-0.118132844237871,0.469628676593051,1.04112643469181));
#2943=CARTESIAN_POINT('',(-0.119462885831628,0.469628676593059,1.05232541946331));
#2944=CARTESIAN_POINT('',(-0.119943656604723,0.469628676593053,1.06145912998286));
#2945=CARTESIAN_POINT('',(-0.120251000289638,0.469628676593053,1.07851565167913));
#2946=CARTESIAN_POINT('',(-0.120253258625561,0.469628676593042,1.08493539429461));
#2947=CARTESIAN_POINT('',(-0.120253258625566,0.469628676593064,1.09748747199801));
#2948=CARTESIAN_POINT('',(-0.120253258625565,0.469628676593053,1.10376351084971));
#2949=CARTESIAN_POINT('',(-0.120253258625561,0.469628676593053,1.12259162740464));
#2950=CARTESIAN_POINT('',(-0.120253258625555,0.469628676593021,1.13514370510813));
#2951=CARTESIAN_POINT('',(-0.120253258625563,0.469628676593053,1.14769578281144));
#2952=CARTESIAN_POINT('',(-0.120253258625567,0.469628676593069,1.15355974290196));
#2953=CARTESIAN_POINT('',(-0.120253258625571,0.469628676593084,1.15942370299249));
#2954=CARTESIAN_POINT('',(-0.120253258625575,0.469628676593099,1.16528766308301));
#2955=CARTESIAN_POINT('',(0.0220445541663533,0.525000000000006,1.04447614462637));
#2956=CARTESIAN_POINT('',(0.0219341409161256,0.525000000000006,1.04398461159202));
#2957=CARTESIAN_POINT('',(0.021823727665898,0.525000000000006,1.04349307855766));
#2958=CARTESIAN_POINT('',(0.0217133144156703,0.525000000000006,1.04300154552331));
#2959=CARTESIAN_POINT('',(0.0203331487878245,0.525000000000006,1.03685738259387));
#2960=CARTESIAN_POINT('',(0.0176304408758029,0.524999999999994,1.03079283006102));
#2961=CARTESIAN_POINT('',(0.0116296941493117,0.525000000000012,1.02185117651692));
#2962=CARTESIAN_POINT('',(0.00929472815484578,0.525000000000006,1.01894799413401));
#2963=CARTESIAN_POINT('',(0.00387471930444031,0.525000000000006,1.0137292260232));
#2964=CARTESIAN_POINT('',(0.000802031971676011,0.525000000000006,1.01135203924203));
#2965=CARTESIAN_POINT('',(-0.00949479637359965,0.525000000000006,1.00491707072103));
#2966=CARTESIAN_POINT('',(-0.0178387821969856,0.525000000000006,1.00176352070974));
#2967=CARTESIAN_POINT('',(-0.0327972753751721,0.525000000000006,1.00000298889023));
#2968=CARTESIAN_POINT('',(-0.03842700543237,0.525000000000006,0.999844337765));
#2969=CARTESIAN_POINT('',(-0.0490114379904891,0.525000000000006,1.00041689994252));
#2970=CARTESIAN_POINT('',(-0.0539484425953737,0.525000000000006,1.00114911024506));
#2971=CARTESIAN_POINT('',(-0.0677023257575436,0.525000000000006,1.00468762416144));
#2972=CARTESIAN_POINT('',(-0.075553467581268,0.525000000000006,1.00911251227957));
#2973=CARTESIAN_POINT('',(-0.0880287271391776,0.525000000000006,1.02018937559746));
#2974=CARTESIAN_POINT('',(-0.0925659763135697,0.525000000000006,1.02658173017503));
#2975=CARTESIAN_POINT('',(-0.0961262358553304,0.525000000000006,1.0356532281539));
#2976=CARTESIAN_POINT('',(-0.0967263726956837,0.525000000000003,1.03744009846049));
#2977=CARTESIAN_POINT('',(-0.097743263979735,0.52500000000001,1.04147376735437));
#2978=CARTESIAN_POINT('',(-0.0981868593229602,0.525000000000003,1.04406639937403));
#2979=CARTESIAN_POINT('',(-0.0993162541259504,0.525000000000012,1.05357593903973));
#2980=CARTESIAN_POINT('',(-0.0998006626428834,0.525000000000006,1.06222449011603));
#2981=CARTESIAN_POINT('',(-0.100097133466369,0.525000000000006,1.07867760636504));
#2982=CARTESIAN_POINT('',(-0.100099745073503,0.524999999999995,1.08493539429461));
#2983=CARTESIAN_POINT('',(-0.100099745073509,0.525000000000017,1.09748747199801));
#2984=CARTESIAN_POINT('',(-0.100099745073507,0.525000000000006,1.10376351084971));
#2985=CARTESIAN_POINT('',(-0.100099745073503,0.525000000000006,1.12259162740464));
#2986=CARTESIAN_POINT('',(-0.100099745073498,0.524999999999973,1.13514370510813));
#2987=CARTESIAN_POINT('',(-0.100099745073506,0.525000000000006,1.14769578281144));
#2988=CARTESIAN_POINT('',(-0.10009974507351,0.525000000000021,1.15355974290197));
#2989=CARTESIAN_POINT('',(-0.100099745073514,0.525000000000036,1.15942370299249));
#2990=CARTESIAN_POINT('',(-0.100099745073517,0.525000000000052,1.16528766308301));
#2991=CARTESIAN_POINT('',(0.,0.,0.));
#2992=CARTESIAN_POINT('',(0.0761331621808092,0.524999999999712,1.27830052857408));
#2993=CARTESIAN_POINT('',(0.0929078490356491,0.52499999999995,1.29385261215544));
#2994=CARTESIAN_POINT('',(0.101965205956058,0.524999999999712,1.31420268298132));
#2995=CARTESIAN_POINT('',(0.103673297488449,0.524999999999712,1.34563775558377));
#2996=CARTESIAN_POINT('',(0.103533707549923,0.524999999999712,1.35225029588044));
#2997=CARTESIAN_POINT('',(0.102330292450735,0.524999999999712,1.36447099675421));
#2998=CARTESIAN_POINT('',(0.101261853241907,0.524999999999712,1.37027909832823));
#2999=CARTESIAN_POINT('',(0.0966563406377208,0.524999999999712,1.38679780580613));
#3000=CARTESIAN_POINT('',(0.0917190722646709,0.524999999999712,1.39660281445398));
#3001=CARTESIAN_POINT('',(0.078110682244705,0.524999999999712,1.41380403553458));
#3002=CARTESIAN_POINT('',(0.0693969817883718,0.524999999999712,1.4212501700782));
#3003=CARTESIAN_POINT('',(0.0494488067824325,0.524999999999712,1.4323057835591));
#3004=CARTESIAN_POINT('',(0.0380659592463684,0.524999999999712,1.43609148243421));
#3005=CARTESIAN_POINT('',(0.0124891086175217,0.524999999999712,1.44018479424419));
#3006=CARTESIAN_POINT('',(-0.00266270465620692,0.524999999999723,1.44040994786136));
#3007=CARTESIAN_POINT('',(-0.0288596941904932,0.5249999999997,1.43798723444803));
#3008=CARTESIAN_POINT('',(-0.0403188642187647,0.524999999999712,1.43529970876033));
#3009=CARTESIAN_POINT('',(-0.0501123522944078,0.524999999999712,1.43111948005069));
#3010=CARTESIAN_POINT('',(0.0761331621807374,0.525000000000002,1.27830052857416));
#3011=CARTESIAN_POINT('',(-0.0501123522943669,0.524999999999998,1.4311194800506));
#3012=CARTESIAN_POINT('',(-0.0501123522943772,0.524999999999926,1.43111948005062));
#3013=CARTESIAN_POINT('',(-0.0632022740725356,0.524999999999926,1.42553220951377));
#3014=CARTESIAN_POINT('',(-0.0757393450373578,0.524999999999926,1.41633193501652));
#3015=CARTESIAN_POINT('',(-0.0890829211918049,0.524999999999926,1.40042583771903));
#3016=CARTESIAN_POINT('',(-0.092625907097893,0.524999999999937,1.39481460563301));
#3017=CARTESIAN_POINT('',(-0.0979895632648983,0.524999999999915,1.38297439261868));
#3018=CARTESIAN_POINT('',(-0.099989444231876,0.524999999999914,1.37661560189581));
#3019=CARTESIAN_POINT('',(-0.104084936897505,0.52499999999995,1.35615322584082));
#3020=CARTESIAN_POINT('',(-0.104267129434742,0.524999999999926,1.33975584502981));
#3021=CARTESIAN_POINT('',(-0.0991020543653477,0.524999999999926,1.3119019968173));
#3022=CARTESIAN_POINT('',(-0.0937849141900193,0.524999999999926,1.29967268191807));
#3023=CARTESIAN_POINT('',(-0.0776814285580619,0.524999999999926,1.27859852529293));
#3024=CARTESIAN_POINT('',(-0.0668684482778004,0.524999999999914,1.26971423935018));
#3025=CARTESIAN_POINT('',(-0.0413703920057294,0.524999999999938,1.25762266597955));
#3026=CARTESIAN_POINT('',(-0.0264851949651549,0.524999999999926,1.25412855749492));
#3027=CARTESIAN_POINT('',(-0.000944778531694148,0.524999999999926,1.25270685314163));
#3028=CARTESIAN_POINT('',(0.00818273520222269,0.524999999999912,1.25286890300064));
#3029=CARTESIAN_POINT('',(0.0246600647876444,0.52499999999994,1.25448169549619));
#3030=CARTESIAN_POINT('',(0.0323626245003895,0.524999999999926,1.25593064978326));
#3031=CARTESIAN_POINT('',(0.0538662791024064,0.524999999999926,1.26220725299495));
#3032=CARTESIAN_POINT('',(0.0660633494329118,0.524999999999783,1.26896464225588));
#3033=CARTESIAN_POINT('',(0.0761331621807561,0.524999999999926,1.27830052857414));
#3034=CARTESIAN_POINT('',(-0.0520314909489883,0.524999999999971,1.30769473070288));
#3035=CARTESIAN_POINT('',(-0.0574036862776331,0.524999999999981,1.31226986401145));
#3036=CARTESIAN_POINT('',(-0.061490593954384,0.524999999999969,1.31762880587474));
#3037=CARTESIAN_POINT('',(-0.0672726343212261,0.524999999999969,1.3300362393306));
#3038=CARTESIAN_POINT('',(-0.0688211252271491,0.524999999999969,1.33720233510887));
#3039=CARTESIAN_POINT('',(-0.0690874273283304,0.524999999999969,1.35313663401412));
#3040=CARTESIAN_POINT('',(-0.0677915664033218,0.524999999999981,1.3606067612029));
#3041=CARTESIAN_POINT('',(-0.0623241062470999,0.524999999999957,1.3737080794175));
#3042=CARTESIAN_POINT('',(-0.0581539888652601,0.524999999999969,1.3794779560834));
#3043=CARTESIAN_POINT('',(-0.0469323820291516,0.524999999999969,1.38946442492892));
#3044=CARTESIAN_POINT('',(-0.0398738843075392,0.524999999999961,1.39329405079177));
#3045=CARTESIAN_POINT('',(-0.0228401901882731,0.524999999999977,1.39841000665685));
#3046=CARTESIAN_POINT('',(-0.0128656645229048,0.524999999999969,1.39973290608714));
#3047=CARTESIAN_POINT('',(0.0100159388980372,0.524999999999969,1.39991682831497));
#3048=CARTESIAN_POINT('',(0.020449857966132,0.524999999999961,1.39871381421069));
#3049=CARTESIAN_POINT('',(0.0380643361335489,0.524999999999977,1.39367672838201));
#3050=CARTESIAN_POINT('',(0.0454489617527677,0.524999999999887,1.38984795318855));
#3051=CARTESIAN_POINT('',(0.0573820178384198,0.525000000000051,1.37956123955296));
#3052=CARTESIAN_POINT('',(0.0615753122025177,0.524999999999957,1.37404306576584));
#3053=CARTESIAN_POINT('',(0.0674214281625479,0.524999999999981,1.36138904281152));
#3054=CARTESIAN_POINT('',(0.0689079668960316,0.524999999999983,1.35439653531582));
#3055=CARTESIAN_POINT('',(0.0690704717283617,0.524999999999943,1.33141053741573));
#3056=CARTESIAN_POINT('',(0.0634818801153165,0.525000000000008,1.31862608518844));
#3057=CARTESIAN_POINT('',(0.0493773447498307,0.524999999999959,1.3061607651429));
#3058=CARTESIAN_POINT('',(0.0462004586660275,0.524999999999966,1.30393515025626));
#3059=CARTESIAN_POINT('',(0.0391347284770046,0.524999999999973,1.30013287877824));
#3060=CARTESIAN_POINT('',(0.0352458843717867,0.524999999999973,1.29853783025878));
#3061=CARTESIAN_POINT('',(0.0225114150240092,0.524999999999961,1.29466944792009));
#3062=CARTESIAN_POINT('',(0.0125978527493292,0.52499999999995,1.29331287734681));
#3063=CARTESIAN_POINT('',(-0.0100771038856904,0.524999999999989,1.29303644662379));
#3064=CARTESIAN_POINT('',(-0.0205757481066847,0.524999999999985,1.29411315015015));
#3065=CARTESIAN_POINT('',(-0.038047850671091,0.524999999999954,1.2987020421107));
#3066=CARTESIAN_POINT('',(-0.0453213595935109,0.524999999999956,1.30221465646624));
#3067=CARTESIAN_POINT('',(-0.0514387755069565,0.52499999999997,1.30719559738635));
#3068=CARTESIAN_POINT('',(-0.051737063521167,0.52499999999997,1.30744398689153));
#3069=CARTESIAN_POINT('',(-0.0520314909489883,0.524999999999971,1.30769473070288));
#3070=CARTESIAN_POINT('',(-0.0520314909489961,0.525000000000004,1.30769473070287));
#3071=CARTESIAN_POINT('',(0.0849148772546054,0.524999999999999,1.40520342499422));
#3072=CARTESIAN_POINT('',(-0.047568768167,0.49773206878307,1.31705127946557));
#3073=CARTESIAN_POINT('',(-0.0443276886415887,0.498041822102626,1.31373105924302));
#3074=CARTESIAN_POINT('',(-0.0404181609284102,0.498381257997256,1.31098818768749));
#3075=CARTESIAN_POINT('',(-0.0362451447285914,0.498684559098839,1.30895881582085));
#3076=CARTESIAN_POINT('',(-0.0303222809903607,0.499115041754624,1.30607847880206));
#3077=CARTESIAN_POINT('',(-0.0237844214119283,0.499476645806354,1.30439953247064));
#3078=CARTESIAN_POINT('',(-0.0172600346766589,0.499702002400391,1.3034281604232));
#3079=CARTESIAN_POINT('',(-0.00469580922199752,0.500135978982416,1.30155755742255));
#3080=CARTESIAN_POINT('',(0.00842890074763503,0.500083763232435,1.30168449354627));
#3081=CARTESIAN_POINT('',(0.020860599492256,0.499564645855593,1.304278840479));
#3082=CARTESIAN_POINT('',(0.026271385512788,0.499338704646484,1.30540800684672));
#3083=CARTESIAN_POINT('',(0.0316358463683215,0.499022343547912,1.30711344044114));
#3084=CARTESIAN_POINT('',(0.0365345527057888,0.498663440066131,1.30965834436584));
#3085=CARTESIAN_POINT('',(0.0414898315759709,0.49830039180049,1.31223263802135));
#3086=CARTESIAN_POINT('',(0.0459876437433008,0.497893902411672,1.31587907549502));
#3087=CARTESIAN_POINT('',(0.0496030979303322,0.497533448800896,1.32013491204794));
#3088=CARTESIAN_POINT('',(0.0522614451984947,0.497268416851399,1.32326411543124));
#3089=CARTESIAN_POINT('',(0.054483516277887,0.49702493036651,1.32685521097345));
#3090=CARTESIAN_POINT('',(0.0559690961428856,0.49685758550811,1.33068848817573));
#3091=CARTESIAN_POINT('',(0.057455240561462,0.49669017705492,1.33452322210909));
#3092=CARTESIAN_POINT('',(0.0582442336515574,0.496596090740821,1.33866246887683));
#3093=CARTESIAN_POINT('',(0.0585033870692506,0.496565558311715,1.34277023498989));
#3094=CARTESIAN_POINT('',(0.0587846102958067,0.496532425705153,1.34722782328077));
#3095=CARTESIAN_POINT('',(0.0585582451776112,0.496560021125079,1.35177726443495));
#3096=CARTESIAN_POINT('',(0.0576040902336976,0.496670684446284,1.35613933041521));
#3097=CARTESIAN_POINT('',(0.056692465328972,0.496776415114342,1.36030696378443));
#3098=CARTESIAN_POINT('',(0.0550578839913646,0.496964521816296,1.36437856831384));
#3099=CARTESIAN_POINT('',(0.0528107601188577,0.497203201534009,1.36799863366343));
#3100=CARTESIAN_POINT('',(0.0505697095909684,0.49744123616749,1.37160891499324));
#3101=CARTESIAN_POINT('',(0.047712842434288,0.497728602367122,1.37487509152205));
#3102=CARTESIAN_POINT('',(0.0445198076235582,0.498014042702775,1.37767440424983));
#3103=CARTESIAN_POINT('',(0.0408752188898936,0.498339849558359,1.3808695913475));
#3104=CARTESIAN_POINT('',(0.0365862191907708,0.498679837183743,1.3833913028033));
#3105=CARTESIAN_POINT('',(0.0321086719984726,0.498967968092637,1.38525327741481));
#3106=CARTESIAN_POINT('',(0.0252254609241316,0.499410903873719,1.38811564015845));
#3107=CARTESIAN_POINT('',(0.0177284997126081,0.499740938636696,1.38958758005203));
#3108=CARTESIAN_POINT('',(0.0102933122508429,0.499894036494642,1.39026762102916));
#3109=CARTESIAN_POINT('',(-0.00225068687347739,0.500152329833699,1.39141492679185));
#3110=CARTESIAN_POINT('',(-0.0153227717099492,0.499910953671374,1.39085070814988));
#3111=CARTESIAN_POINT('',(-0.0273773131000454,0.499249920107577,1.3872470979469));
#3112=CARTESIAN_POINT('',(-0.0320358082160076,0.498994462721951,1.38585447752384));
#3113=CARTESIAN_POINT('',(-0.0366132011917486,0.498674321571045,1.38393575974352));
#3114=CARTESIAN_POINT('',(-0.0406746794150133,0.49834282422293,1.38127104005579));
#3115=CARTESIAN_POINT('',(-0.0447686942268513,0.498008671242496,1.37858497324187));
#3116=CARTESIAN_POINT('',(-0.0484241176275653,0.49765791263026,1.37508802291944));
#3117=CARTESIAN_POINT('',(-0.0512887135326519,0.497362511518676,1.37111380615301));
#3118=CARTESIAN_POINT('',(-0.0539474376853244,0.497088340188368,1.3674252069736));
#3119=CARTESIAN_POINT('',(-0.0559241971622539,0.496864018906841,1.36315765995996));
#3120=CARTESIAN_POINT('',(-0.0570866365734425,0.496730425809343,1.35875531564762));
#3121=CARTESIAN_POINT('',(-0.05847007192294,0.496571434801513,1.35351602430588));
#3122=CARTESIAN_POINT('',(-0.0588434600309591,0.496525501683294,1.34796272769525));
#3123=CARTESIAN_POINT('',(-0.0584900796673355,0.496567125956309,1.34255322355818));
#3124=CARTESIAN_POINT('',(-0.0581884459410005,0.496602655051494,1.33793585072581));
#3125=CARTESIAN_POINT('',(-0.0572498633497481,0.496714785759218,1.33327927923728));
#3126=CARTESIAN_POINT('',(-0.0554929487171222,0.496910990664001,1.32900293363577));
#3127=CARTESIAN_POINT('',(-0.053675107750117,0.497113999567916,1.32457829280282));
#3128=CARTESIAN_POINT('',(-0.0509057609145917,0.497413148937754,1.32046975491988));
#3129=CARTESIAN_POINT('',(-0.047568768167,0.49773206878307,1.31705127946557));
#3130=CARTESIAN_POINT('',(-0.047568768167,0.49773206878307,1.31705127946557));
#3131=CARTESIAN_POINT('',(0.0441909274012065,0.478302211680289,1.36849236823173));
#3132=CARTESIAN_POINT('',(0.0364450382247308,0.478302211680125,1.37516959796023));
#3133=CARTESIAN_POINT('',(0.0314278584771073,0.478302211680207,1.37789661766414));
#3134=CARTESIAN_POINT('',(0.0177401731120338,0.478302211680207,1.38181078606097));
#3135=CARTESIAN_POINT('',(0.00892186737719379,0.478302211680207,1.38291088006738));
#3136=CARTESIAN_POINT('',(-0.0114983645618583,0.478302211680207,1.38274674251256));
#3137=CARTESIAN_POINT('',(-0.0199063402757001,0.478302211680215,1.38154451436392));
#3138=CARTESIAN_POINT('',(-0.033029603975926,0.4783022116802,1.37760303085075));
#3139=CARTESIAN_POINT('',(-0.0373662635672444,0.478302211680207,1.37522514461963));
#3140=CARTESIAN_POINT('',(-0.0451214524295266,0.478302211680207,1.36832355377813));
#3141=CARTESIAN_POINT('',(-0.0476384159640806,0.478302211680195,1.36476633518497));
#3142=CARTESIAN_POINT('',(-0.051106205887382,0.47830221168022,1.35645669533595));
#3143=CARTESIAN_POINT('',(-0.0520592500373154,0.478302211680207,1.35138953111411));
#3144=CARTESIAN_POINT('',(-0.0518608389012957,0.478302211680207,1.33951747046961));
#3145=CARTESIAN_POINT('',(-0.0507609945142923,0.478302211680207,1.33484281305938));
#3146=CARTESIAN_POINT('',(-0.0470362420938095,0.478302211680207,1.32685002522875));
#3147=CARTESIAN_POINT('',(-0.0440308495476461,0.478302211680219,1.32308199625916));
#3148=CARTESIAN_POINT('',(-0.0367791855882768,0.478302211680193,1.31717752552359));
#3149=CARTESIAN_POINT('',(-0.0318499067934099,0.478302211680191,1.31464725278478));
#3150=CARTESIAN_POINT('',(-0.0181385401289377,0.478302211680222,1.31104608529278));
#3151=CARTESIAN_POINT('',(-0.00904955382395096,0.478302211680226,1.31004684152372));
#3152=CARTESIAN_POINT('',(0.0111559217727847,0.478302211680186,1.31029316658781));
#3153=CARTESIAN_POINT('',(0.0195060935034144,0.478302211680198,1.31152002173899));
#3154=CARTESIAN_POINT('',(0.0293382512569534,0.47830221168021,1.31450676089436));
#3155=CARTESIAN_POINT('',(0.0321704225044634,0.47830221168021,1.31568649422379));
#3156=CARTESIAN_POINT('',(0.0370563165657296,0.478302211680203,1.31831573298932));
#3157=CARTESIAN_POINT('',(0.0389398035449472,0.478302211680196,1.31961937147531));
#3158=CARTESIAN_POINT('',(0.0489543262775196,0.478302211680245,1.32847001475412));
#3159=CARTESIAN_POINT('',(0.0520442425909371,0.47830221168018,1.33554062701295));
#3160=CARTESIAN_POINT('',(0.0519268111408763,0.47830221168022,1.35215125288584));
#3161=CARTESIAN_POINT('',(0.0509123898214001,0.478302211680219,1.35659725115631));
#3162=CARTESIAN_POINT('',(0.0472252783778821,0.478302211680195,1.36457807009086));
#3163=CARTESIAN_POINT('',(0.0441909274012065,0.478302211680289,1.36849236823173));
#3164=CARTESIAN_POINT('',(0.0364450382247308,0.478302211680125,1.37516959796023));
#3165=CARTESIAN_POINT('',(0.0573820178384292,0.525000000000084,1.37956123955297));
#3166=CARTESIAN_POINT('',(0.0454489617527741,0.52499999999992,1.38984795318856));
#3167=CARTESIAN_POINT('',(0.0380643361335537,0.52500000000001,1.39367672838202));
#3168=CARTESIAN_POINT('',(0.0204498579661339,0.524999999999994,1.39871381421071));
#3169=CARTESIAN_POINT('',(0.0100159388980379,0.525000000000002,1.39991682831498));
#3170=CARTESIAN_POINT('',(-0.0128656645229058,0.525000000000002,1.39973290608716));
#3171=CARTESIAN_POINT('',(-0.0228401901882752,0.52500000000001,1.39841000665686));
#3172=CARTESIAN_POINT('',(-0.0398738843075441,0.524999999999995,1.39329405079178));
#3173=CARTESIAN_POINT('',(-0.0469323820291584,0.525000000000002,1.38946442492893));
#3174=CARTESIAN_POINT('',(-0.0581539888652693,0.525000000000002,1.3794779560834));
#3175=CARTESIAN_POINT('',(-0.0623241062471104,0.52499999999999,1.37370807941751));
#3176=CARTESIAN_POINT('',(-0.0677915664033337,0.525000000000015,1.3606067612029));
#3177=CARTESIAN_POINT('',(-0.0690874273283426,0.525000000000002,1.35313663401412));
#3178=CARTESIAN_POINT('',(-0.0688211252271612,0.525000000000002,1.33720233510887));
#3179=CARTESIAN_POINT('',(-0.0672726343212379,0.525000000000002,1.33003623933059));
#3180=CARTESIAN_POINT('',(-0.0613363753360927,0.525000000000002,1.31729787472883));
#3181=CARTESIAN_POINT('',(-0.0569518901726022,0.525000000000015,1.3116845023135));
#3182=CARTESIAN_POINT('',(-0.0453213595935169,0.524999999999989,1.30221465646623));
#3183=CARTESIAN_POINT('',(-0.0380478506710954,0.524999999999987,1.29870204211069));
#3184=CARTESIAN_POINT('',(-0.0205757481066865,0.525000000000018,1.29411315015014));
#3185=CARTESIAN_POINT('',(-0.0100771038856912,0.525000000000022,1.29303644662377));
#3186=CARTESIAN_POINT('',(0.0125978527493302,0.524999999999983,1.2933128773468));
#3187=CARTESIAN_POINT('',(0.0225114150240113,0.524999999999995,1.29466944792008));
#3188=CARTESIAN_POINT('',(0.0352458843717909,0.525000000000006,1.29853783025877));
#3189=CARTESIAN_POINT('',(0.0391347284770096,0.525000000000006,1.30013287877823));
#3190=CARTESIAN_POINT('',(0.046200458666034,0.524999999999999,1.30393515025625));
#3191=CARTESIAN_POINT('',(0.0493773447498381,0.524999999999993,1.3061607651429));
#3192=CARTESIAN_POINT('',(0.0634818801153268,0.525000000000042,1.31862608518844));
#3193=CARTESIAN_POINT('',(0.0690704717283738,0.524999999999976,1.33141053741573));
#3194=CARTESIAN_POINT('',(0.0689079668960437,0.525000000000016,1.35439653531582));
#3195=CARTESIAN_POINT('',(0.0674214281625596,0.525000000000014,1.36138904281152));
#3196=CARTESIAN_POINT('',(0.0615753122025279,0.52499999999999,1.37404306576585));
#3197=CARTESIAN_POINT('',(0.0573820178384292,0.525000000000084,1.37956123955297));
#3198=CARTESIAN_POINT('',(0.0454489617527741,0.52499999999992,1.38984795318856));
#3199=CARTESIAN_POINT('',(-0.050112352294366,0.525000000000005,1.43111948005059));
#3200=CARTESIAN_POINT('',(0.0761331621807366,0.525000000000005,1.27830052857416));
#3201=CARTESIAN_POINT('',(-0.057937808399729,0.470232257098782,1.44945304882505));
#3202=CARTESIAN_POINT('',(-0.0458040159986948,0.470232257098782,1.4546322067806));
#3203=CARTESIAN_POINT('',(-0.0323258673424959,0.470232257098759,1.457685570941));
#3204=CARTESIAN_POINT('',(-0.00286785008118345,0.470232257098805,1.46040986635458));
#3205=CARTESIAN_POINT('',(0.013674297445931,0.470232257098782,1.46018261096417));
#3206=CARTESIAN_POINT('',(0.0431810057368139,0.470232257098782,1.45546036565172));
#3207=CARTESIAN_POINT('',(0.0568624820071627,0.470232257098782,1.4509875323816));
#3208=CARTESIAN_POINT('',(0.0813090688095074,0.470232257098782,1.43743882335631));
#3209=CARTESIAN_POINT('',(0.0920811769657319,0.470232257098783,1.42827344421838));
#3210=CARTESIAN_POINT('',(0.109014821944441,0.470232257098783,1.40686904787044));
#3211=CARTESIAN_POINT('',(0.115195201467849,0.470232257098783,1.39452800445759));
#3212=CARTESIAN_POINT('',(0.120794674280816,0.470232257098783,1.37444423576853));
#3213=CARTESIAN_POINT('',(0.122063363649664,0.470232257098783,1.36748879596029));
#3214=CARTESIAN_POINT('',(0.12347638842698,0.470232257098783,1.35313950656011));
#3215=CARTESIAN_POINT('',(0.123634591595359,0.470232257098783,1.34560205205811));
#3216=CARTESIAN_POINT('',(0.121642357885259,0.470232257098783,1.30893773969775));
#3217=CARTESIAN_POINT('',(0.110373395696958,0.470232257099024,1.28286241489733));
#3218=CARTESIAN_POINT('',(0.089685730144686,0.470232257098784,1.26368254619465));
#3219=CARTESIAN_POINT('',(-0.050112352294366,0.525000000000005,1.43111948005059));
#3220=CARTESIAN_POINT('',(-0.0403188642187354,0.525000000000005,1.43529970876023));
#3221=CARTESIAN_POINT('',(-0.0288596941904747,0.524999999999993,1.43798723444792));
#3222=CARTESIAN_POINT('',(-0.00266270465620582,0.525000000000016,1.44040994786126));
#3223=CARTESIAN_POINT('',(0.0124891086175154,0.525000000000005,1.44018479424408));
#3224=CARTESIAN_POINT('',(0.0380659592463411,0.525000000000005,1.4360914824341));
#3225=CARTESIAN_POINT('',(0.0494488067823928,0.525000000000005,1.432305783559));
#3226=CARTESIAN_POINT('',(0.0693969817883081,0.525000000000005,1.42125017007812));
#3227=CARTESIAN_POINT('',(0.0781106822446303,0.525000000000005,1.41380403553451));
#3228=CARTESIAN_POINT('',(0.0917190722645783,0.525000000000005,1.39660281445392));
#3229=CARTESIAN_POINT('',(0.0966563406376217,0.525000000000005,1.38679780580609));
#3230=CARTESIAN_POINT('',(0.101261853241802,0.525000000000005,1.37027909832821));
#3231=CARTESIAN_POINT('',(0.102330292450629,0.525000000000005,1.36447099675419));
#3232=CARTESIAN_POINT('',(0.103533707549817,0.525000000000005,1.35225029588044));
#3233=CARTESIAN_POINT('',(0.103673297488342,0.525000000000005,1.34563775558377));
#3234=CARTESIAN_POINT('',(0.101965205955953,0.525000000000005,1.31420268298135));
#3235=CARTESIAN_POINT('',(0.0929078490355557,0.525000000000243,1.2938526121555));
#3236=CARTESIAN_POINT('',(0.0761331621807367,0.525000000000005,1.27830052857416));
#3237=CARTESIAN_POINT('',(0.0897022414886847,0.470165532545511,1.26366473683658));
#3238=CARTESIAN_POINT('',(0.0772338494258327,0.470165532545416,1.25210508871777));
#3239=CARTESIAN_POINT('',(0.0620833559118683,0.470165532545512,1.24381477314414));
#3240=CARTESIAN_POINT('',(0.0366422874040977,0.470165532545512,1.23638889598656));
#3241=CARTESIAN_POINT('',(0.0277107975300868,0.470165532545526,1.23472681032707));
#3242=CARTESIAN_POINT('',(0.00902040040617287,0.470165532545497,1.23289740381869));
#3243=CARTESIAN_POINT('',(-0.0010173850091373,0.470165532545512,1.23272188377712));
#3244=CARTESIAN_POINT('',(-0.029667728729485,0.470165532545512,1.23431670201181));
#3245=CARTESIAN_POINT('',(-0.047177712878584,0.470165532545524,1.2382880820272));
#3246=CARTESIAN_POINT('',(-0.0781643679123332,0.470165532545499,1.2529824342908));
#3247=CARTESIAN_POINT('',(-0.0915900991957188,0.470165532545511,1.2639293210023));
#3248=CARTESIAN_POINT('',(-0.111592757659252,0.470165532545511,1.29010621033394));
#3249=CARTESIAN_POINT('',(-0.118212113865672,0.470165532545511,1.30549384470068));
#3250=CARTESIAN_POINT('',(-0.12440422279623,0.470165532545511,1.33888620596775));
#3251=CARTESIAN_POINT('',(-0.124199133019016,0.470165532545535,1.35735106255374));
#3252=CARTESIAN_POINT('',(-0.119287324738519,0.470165532545498,1.38189200801289));
#3253=CARTESIAN_POINT('',(-0.116939631262331,0.470165532545499,1.38950939616151));
#3254=CARTESIAN_POINT('',(-0.110035327642998,0.470165532545521,1.40475057185896));
#3255=CARTESIAN_POINT('',(-0.105475387749672,0.47016553254551,1.41193905243044));
#3256=CARTESIAN_POINT('',(-0.0888253971902487,0.47016553254551,1.43178653374957));
#3257=CARTESIAN_POINT('',(-0.0739507513078478,0.47016553254551,1.44264452875641));
#3258=CARTESIAN_POINT('',(-0.0579473422975147,0.47016553254551,1.44947538495069));
#3259=CARTESIAN_POINT('',(0.0761331621807366,0.525000000000005,1.27830052857416));
#3260=CARTESIAN_POINT('',(0.0660633494328957,0.524999999999862,1.2689646422559));
#3261=CARTESIAN_POINT('',(0.0538662791023945,0.525000000000005,1.26220725299497));
#3262=CARTESIAN_POINT('',(0.0323626245003833,0.525000000000005,1.25593064978329));
#3263=CARTESIAN_POINT('',(0.02466006478764,0.525000000000019,1.25448169549622));
#3264=CARTESIAN_POINT('',(0.00818273520222148,0.524999999999991,1.25286890300067));
#3265=CARTESIAN_POINT('',(-0.000944778531694043,0.525000000000005,1.25270685314166));
#3266=CARTESIAN_POINT('',(-0.0264851949651503,0.525000000000005,1.25412855749495));
#3267=CARTESIAN_POINT('',(-0.041370392005721,0.525000000000017,1.25762266597958));
#3268=CARTESIAN_POINT('',(-0.0668684482777841,0.524999999999993,1.26971423935021));
#3269=CARTESIAN_POINT('',(-0.0776814285580418,0.525000000000005,1.27859852529295));
#3270=CARTESIAN_POINT('',(-0.0937849141899936,0.525000000000005,1.29967268191809));
#3271=CARTESIAN_POINT('',(-0.0991020543653201,0.525000000000005,1.31190199681731));
#3272=CARTESIAN_POINT('',(-0.104267129434713,0.525000000000005,1.33975584502982));
#3273=CARTESIAN_POINT('',(-0.104084936897476,0.525000000000029,1.35615322584081));
#3274=CARTESIAN_POINT('',(-0.0999894442318481,0.524999999999993,1.3766156018958));
#3275=CARTESIAN_POINT('',(-0.0979895632648709,0.524999999999994,1.38297439261867));
#3276=CARTESIAN_POINT('',(-0.0926259070978679,0.525000000000016,1.394814605633));
#3277=CARTESIAN_POINT('',(-0.0890829211917813,0.525000000000005,1.40042583771901));
#3278=CARTESIAN_POINT('',(-0.0757393450373389,0.525000000000005,1.4163319350165));
#3279=CARTESIAN_POINT('',(-0.0632022740725201,0.525000000000005,1.42553220951375));
#3280=CARTESIAN_POINT('',(-0.0501123522943659,0.525000000000005,1.43111948005059));
#3281=CARTESIAN_POINT('',(0.,0.,0.));
#3282=CARTESIAN_POINT('',(0.0264929748216379,0.525000000000001,1.57804696925212));
#3283=CARTESIAN_POINT('',(0.024511876875966,0.520797767998276,1.57917346265558));
#3284=CARTESIAN_POINT('',(0.0225307789333339,0.516595535990868,1.58029995604318));
#3285=CARTESIAN_POINT('',(0.0205496809940248,0.512393303977252,1.58142644941347));
#3286=CARTESIAN_POINT('',(0.0185685830547157,0.508191071963635,1.58255294278376));
#3287=CARTESIAN_POINT('',(0.01658748511873,0.503988839943809,1.58367943613673));
#3288=CARTESIAN_POINT('',(0.0146063871863833,0.499786607917181,1.58480592947072));
#3289=CARTESIAN_POINT('',(0.0264929748216379,0.525000000000001,1.57804696925212));
#3290=CARTESIAN_POINT('',(-0.0353694870041454,0.525,1.57936222348941));
#3291=CARTESIAN_POINT('',(-0.0325980928440852,0.518749331068592,1.5810851707627));
#3292=CARTESIAN_POINT('',(-0.0298266986984761,0.512498662098669,1.58280811791951));
#3293=CARTESIAN_POINT('',(-0.0270553045744574,0.506247993071204,1.5845310649023));
#3294=CARTESIAN_POINT('',(-0.0260465190962347,0.503972754017532,1.58515821637127));
#3295=CARTESIAN_POINT('',(-0.0250377336209085,0.501697514956141,1.58578536781689));
#3296=CARTESIAN_POINT('',(-0.0240289481489775,0.499422275885702,1.58641251923515));
#3297=CARTESIAN_POINT('',(-0.0353694870041454,0.525,1.57936222348941));
#3298=CARTESIAN_POINT('',(-0.0353694870041399,0.524999999999931,1.57936222348943));
#3299=CARTESIAN_POINT('',(-0.0479001347890648,0.524999999999964,1.58210146137247));
#3300=CARTESIAN_POINT('',(-0.0579490476747933,0.524999999999921,1.58911011750494));
#3301=CARTESIAN_POINT('',(-0.0664803132588908,0.524999999999936,1.60379277830941));
#3302=CARTESIAN_POINT('',(-0.0681855142071094,0.524999999999936,1.6092755450782));
#3303=CARTESIAN_POINT('',(-0.0693188076105814,0.524999999999925,1.62143351379885));
#3304=CARTESIAN_POINT('',(-0.0687621661598916,0.524999999999921,1.62789183900944));
#3305=CARTESIAN_POINT('',(-0.0655821605013371,0.524999999999941,1.6390212654868));
#3306=CARTESIAN_POINT('',(-0.0629337859022367,0.524999999999921,1.64404801366499));
#3307=CARTESIAN_POINT('',(-0.0573736663488547,0.524999999999936,1.65078992695221));
#3308=CARTESIAN_POINT('',(-0.0552576376394075,0.524999999999925,1.65290697021944));
#3309=CARTESIAN_POINT('',(-0.0504885505416909,0.524999999999936,1.65686521401419));
#3310=CARTESIAN_POINT('',(-0.0477766520613277,0.524999999999937,1.65862217787044));
#3311=CARTESIAN_POINT('',(-0.0386577576470452,0.524999999999919,1.66322768766651));
#3312=CARTESIAN_POINT('',(-0.0312675627736792,0.524999999999946,1.66541085180147));
#3313=CARTESIAN_POINT('',(-0.0182113359749677,0.524999999999923,1.66735920369648));
#3314=CARTESIAN_POINT('',(-0.0135307712991148,0.524999999999935,1.66778758860531));
#3315=CARTESIAN_POINT('',(-0.00351190768861465,0.524999999999926,1.66820295519878));
#3316=CARTESIAN_POINT('',(0.00196832826194362,0.524999999999931,1.66818409294668));
#3317=CARTESIAN_POINT('',(0.0268622339639758,0.524999999999931,1.66716033816715));
#3318=CARTESIAN_POINT('',(0.0416337112505537,0.524999999999931,1.66324543249443));
#3319=CARTESIAN_POINT('',(0.0560754562678484,0.524999999999931,1.65269988016903));
#3320=CARTESIAN_POINT('',(0.0597974906019441,0.524999999999926,1.64859314171924));
#3321=CARTESIAN_POINT('',(0.0654632451490608,0.524999999999935,1.63957272881922));
#3322=CARTESIAN_POINT('',(0.0673445044104649,0.524999999999931,1.63459884127333));
#3323=CARTESIAN_POINT('',(0.0692088643859092,0.524999999999931,1.62371392354367));
#3324=CARTESIAN_POINT('',(0.0692312443811247,0.524999999999936,1.61757425429095));
#3325=CARTESIAN_POINT('',(0.0669744837029281,0.524999999999926,1.60673770204832));
#3326=CARTESIAN_POINT('',(0.0647367593940637,0.524999999999931,1.60179402554594));
#3327=CARTESIAN_POINT('',(0.0546955545581494,0.524999999999931,1.58835025211152));
#3328=CARTESIAN_POINT('',(0.0432499923246062,0.524999999999931,1.58177136080972));
#3329=CARTESIAN_POINT('',(0.0264929748216323,0.524999999999931,1.57804696925215));
#3330=CARTESIAN_POINT('',(0.0113011979524317,0.481565695589578,1.5908650211937));
#3331=CARTESIAN_POINT('',(0.0152218088468177,0.481565695589578,1.59173641092398));
#3332=CARTESIAN_POINT('',(0.0191424197412037,0.481565695589578,1.59260780065426));
#3333=CARTESIAN_POINT('',(0.0230630306355896,0.481565695589578,1.59347919038454));
#3334=CARTESIAN_POINT('',(0.0381380968377803,0.481565695589578,1.59682975442309));
#3335=CARTESIAN_POINT('',(0.0446581014072423,0.481565695589578,1.60132944881713));
#3336=CARTESIAN_POINT('',(0.0507567347041032,0.481565695589578,1.60949466589098));
#3337=CARTESIAN_POINT('',(0.0519569549181031,0.481565695589574,1.61216586539742));
#3338=CARTESIAN_POINT('',(0.0532952865104452,0.481565695589583,1.61859229359628));
#3339=CARTESIAN_POINT('',(0.0533000601482896,0.481565695589579,1.62295375063541));
#3340=CARTESIAN_POINT('',(0.0520895354661811,0.481565695589579,1.63002130813299));
#3341=CARTESIAN_POINT('',(0.0509684040318551,0.481565695589584,1.63292781852234));
#3342=CARTESIAN_POINT('',(0.0475180851348539,0.481565695589574,1.63842104917263));
#3343=CARTESIAN_POINT('',(0.0447715981881283,0.481565695589579,1.64137919902204));
#3344=CARTESIAN_POINT('',(0.0362729611754644,0.481565695589579,1.64758501164095));
#3345=CARTESIAN_POINT('',(0.0244667695817491,0.481565695589579,1.65143669453066));
#3346=CARTESIAN_POINT('',(0.0017552155126083,0.481565695589579,1.65237070056243));
#3347=CARTESIAN_POINT('',(-0.00334880622258734,0.481565695589575,1.65238734287027));
#3348=CARTESIAN_POINT('',(-0.0123841815324926,0.481565695589584,1.65201275026166));
#3349=CARTESIAN_POINT('',(-0.0165108583801045,0.481565695589572,1.65162911487164));
#3350=CARTESIAN_POINT('',(-0.0276686939020167,0.481565695589595,1.64996405599412));
#3351=CARTESIAN_POINT('',(-0.0334410720156712,0.481565695589568,1.64815175543513));
#3352=CARTESIAN_POINT('',(-0.0396946833435979,0.481565695589585,1.64499336191456));
#3353=CARTESIAN_POINT('',(-0.0413866166767728,0.481565695589585,1.64387509642626));
#3354=CARTESIAN_POINT('',(-0.0441666823931215,0.481565695589574,1.64156770034822));
#3355=CARTESIAN_POINT('',(-0.0458421906801282,0.481565695589585,1.6399255530452));
#3356=CARTESIAN_POINT('',(-0.049408075479076,0.481565695589569,1.63560174654355));
#3357=CARTESIAN_POINT('',(-0.0509647671784182,0.481565695589589,1.63263737356724));
#3358=CARTESIAN_POINT('',(-0.052978613873453,0.481565695589569,1.62558928338979));
#3359=CARTESIAN_POINT('',(-0.0533877583261778,0.481565695589568,1.62085717246996));
#3360=CARTESIAN_POINT('',(-0.0526354472522522,0.48156569558959,1.61278636849507));
#3361=CARTESIAN_POINT('',(-0.0516139699188679,0.481565695589583,1.60967416619912));
#3362=CARTESIAN_POINT('',(-0.0466750197043728,0.481565695589569,1.60117402948028));
#3363=CARTESIAN_POINT('',(-0.0409291191673806,0.481565695589611,1.59675969354214));
#3364=CARTESIAN_POINT('',(-0.0319933629588176,0.481565695589578,1.59480630820266));
#3365=CARTESIAN_POINT('',(-0.0288621585430865,0.481565695589567,1.59412181674409));
#3366=CARTESIAN_POINT('',(-0.0257309541273554,0.481565695589555,1.59343732528552));
#3367=CARTESIAN_POINT('',(-0.0225997497116242,0.481565695589544,1.59275283382695));
#3368=CARTESIAN_POINT('',(0.0134188540519315,0.525000000000001,1.57514113323394));
#3369=CARTESIAN_POINT('',(0.0177768943085003,0.525000000000001,1.57610974524));
#3370=CARTESIAN_POINT('',(0.0221349345650691,0.525000000000001,1.57707835724606));
#3371=CARTESIAN_POINT('',(0.0264929748216379,0.525000000000001,1.57804696925212));
#3372=CARTESIAN_POINT('',(0.0432499923246146,0.525000000000001,1.5817713608097));
#3373=CARTESIAN_POINT('',(0.0546955545581657,0.525000000000001,1.5883502521115));
#3374=CARTESIAN_POINT('',(0.0647367593940864,0.525000000000001,1.60179402554593));
#3375=CARTESIAN_POINT('',(0.0669744837029525,0.524999999999997,1.60673770204831));
#3376=CARTESIAN_POINT('',(0.0692312443811506,0.525000000000006,1.61757425429095));
#3377=CARTESIAN_POINT('',(0.0692088643859351,0.525000000000001,1.62371392354367));
#3378=CARTESIAN_POINT('',(0.0673445044104897,0.525000000000001,1.63459884127334));
#3379=CARTESIAN_POINT('',(0.0654632451490844,0.525000000000006,1.63957272881923));
#3380=CARTESIAN_POINT('',(0.0597974906019641,0.524999999999997,1.64859314171925));
#3381=CARTESIAN_POINT('',(0.0560754562678668,0.525000000000001,1.65269988016905));
#3382=CARTESIAN_POINT('',(0.0416337112505624,0.525000000000001,1.66324543249446));
#3383=CARTESIAN_POINT('',(0.0268622339639797,0.525000000000001,1.66716033816718));
#3384=CARTESIAN_POINT('',(0.00196832826194397,0.525000000000001,1.66818409294671));
#3385=CARTESIAN_POINT('',(-0.00351190768861491,0.524999999999997,1.6682029551988));
#3386=CARTESIAN_POINT('',(-0.0135307712991166,0.525000000000006,1.66778758860533));
#3387=CARTESIAN_POINT('',(-0.0182113359749704,0.524999999999994,1.66735920369651));
#3388=CARTESIAN_POINT('',(-0.0312675627736851,0.525000000000017,1.66541085180149));
#3389=CARTESIAN_POINT('',(-0.0386577576470537,0.52499999999999,1.66322768766654));
#3390=CARTESIAN_POINT('',(-0.0477766520613408,0.525000000000007,1.65862217787047));
#3391=CARTESIAN_POINT('',(-0.0504885505417057,0.525000000000007,1.65686521401421));
#3392=CARTESIAN_POINT('',(-0.0552576376394255,0.524999999999996,1.65290697021946));
#3393=CARTESIAN_POINT('',(-0.0573736663488735,0.525000000000007,1.65078992695222));
#3394=CARTESIAN_POINT('',(-0.0629337859022587,0.524999999999991,1.64404801366501));
#3395=CARTESIAN_POINT('',(-0.0655821605013609,0.525000000000012,1.63902126548681));
#3396=CARTESIAN_POINT('',(-0.0687621661599173,0.524999999999991,1.62789183900944));
#3397=CARTESIAN_POINT('',(-0.0693188076106073,0.524999999999996,1.62143351379885));
#3398=CARTESIAN_POINT('',(-0.0681855142071347,0.525000000000007,1.6092755450782));
#3399=CARTESIAN_POINT('',(-0.066480313258915,0.525000000000006,1.6037927783094));
#3400=CARTESIAN_POINT('',(-0.0579490476748117,0.524999999999991,1.58911011750492));
#3401=CARTESIAN_POINT('',(-0.0479001347890761,0.525000000000035,1.58210146137244));
#3402=CARTESIAN_POINT('',(-0.0353694870041454,0.525000000000001,1.57936222348941));
#3403=CARTESIAN_POINT('',(-0.030978586137966,0.52499999999999,1.57840235914722));
#3404=CARTESIAN_POINT('',(-0.0265876852717867,0.524999999999978,1.57744249480503));
#3405=CARTESIAN_POINT('',(-0.0221967844056073,0.524999999999966,1.57648263046284));
#3406=CARTESIAN_POINT('',(0.0264929748216379,0.524999999999999,1.57804696925212));
#3407=CARTESIAN_POINT('',(0.0306353471734747,0.524999999999999,1.56546437038206));
#3408=CARTESIAN_POINT('',(0.0347777195253116,0.524999999999999,1.55288177151201));
#3409=CARTESIAN_POINT('',(0.0389200918771484,0.524999999999999,1.54029917264195));
#3410=CARTESIAN_POINT('',(0.0389200918771481,0.525000000000003,1.54029917264195));
#3411=CARTESIAN_POINT('',(-0.0449288078160766,0.524999999999999,1.54082527433687));
#3412=CARTESIAN_POINT('',(-0.0417423675454328,0.524999999999999,1.55367092405438));
#3413=CARTESIAN_POINT('',(-0.0385559272747891,0.524999999999999,1.5665165737719));
#3414=CARTESIAN_POINT('',(-0.0353694870041454,0.524999999999999,1.57936222348941));
#3415=CARTESIAN_POINT('',(-0.0449288078160763,0.525000000000004,1.54082527433687));
#3416=CARTESIAN_POINT('',(0.0389200918771348,0.525000000000145,1.540299172642));
#3417=CARTESIAN_POINT('',(0.0633125106606151,0.524999999999882,1.54675970453825));
#3418=CARTESIAN_POINT('',(0.0805797470044382,0.525000000000145,1.55802131190885));
#3419=CARTESIAN_POINT('',(0.0962901896215237,0.525000000000145,1.58191307093723));
#3420=CARTESIAN_POINT('',(0.0998731942025758,0.525000000000145,1.59100882938413));
#3421=CARTESIAN_POINT('',(0.103743412307444,0.525000000000145,1.61144123986626));
#3422=CARTESIAN_POINT('',(0.104092718816121,0.525000000000155,1.62341857078624));
#3423=CARTESIAN_POINT('',(0.101058874559976,0.525000000000136,1.64495046202597));
#3424=CARTESIAN_POINT('',(0.0977020748881034,0.525000000000145,1.65479042511164));
#3425=CARTESIAN_POINT('',(0.087308720456751,0.525000000000145,1.67261838621436));
#3426=CARTESIAN_POINT('',(0.0801385915244765,0.525000000000145,1.68080773598145));
#3427=CARTESIAN_POINT('',(0.0540704475863449,0.525000000000145,1.70114800365268));
#3428=CARTESIAN_POINT('',(0.0312941822443565,0.525000000000194,1.70804415168958));
#3429=CARTESIAN_POINT('',(-0.0251031673261788,0.525000000000096,1.70846041057496));
#3430=CARTESIAN_POINT('',(-0.0485729938068258,0.525000000000108,1.70262100534419));
#3431=CARTESIAN_POINT('',(-0.0751932982158671,0.525000000000164,1.68488470446155));
#3432=CARTESIAN_POINT('',(-0.0827463058945314,0.525000000000128,1.67742240361186));
#3433=CARTESIAN_POINT('',(-0.0943016936266433,0.525000000000163,1.66096791827712));
#3434=CARTESIAN_POINT('',(-0.0984091631346776,0.525000000000145,1.6517949441007));
#3435=CARTESIAN_POINT('',(-0.10328365343472,0.525000000000145,1.63156260490468));
#3436=CARTESIAN_POINT('',(-0.104069377936649,0.525000000000136,1.6198612924987));
#3437=CARTESIAN_POINT('',(-0.102199466329313,0.525000000000155,1.59802166030908));
#3438=CARTESIAN_POINT('',(-0.0995379024976872,0.525000000000137,1.58815661705577));
#3439=CARTESIAN_POINT('',(-0.090796077577037,0.525000000000154,1.57050988467048));
#3440=CARTESIAN_POINT('',(-0.0849544181172224,0.525000000000145,1.56259490974345));
#3441=CARTESIAN_POINT('',(-0.0686997681380115,0.525000000000145,1.54948522672604));
#3442=CARTESIAN_POINT('',(-0.0580670063675611,0.525000000000181,1.54441362875985));
#3443=CARTESIAN_POINT('',(-0.0449288078160629,0.525000000000145,1.54082527433692));
#3444=CARTESIAN_POINT('',(0.0069471094023511,0.524999999999999,1.6679793419908));
#3445=CARTESIAN_POINT('',(0.0389200918771481,0.525000000000003,1.54029917264195));
#3446=CARTESIAN_POINT('',(0.0368479919835152,0.516309771876749,1.53647831443282));
#3447=CARTESIAN_POINT('',(0.0347758920813055,0.507619543747271,1.5326574562425));
#3448=CARTESIAN_POINT('',(0.0327037921718357,0.498929315612524,1.5288365980681));
#3449=CARTESIAN_POINT('',(0.0101706838490406,0.525000000000001,1.62762649096206));
#3450=CARTESIAN_POINT('',(-0.0449288078160763,0.525000000000004,1.54082527433687));
#3451=CARTESIAN_POINT('',(-0.0426057595146021,0.516185660575187,1.53686513060833));
#3452=CARTESIAN_POINT('',(-0.0402827112003941,0.507371321138633,1.53290498691339));
#3453=CARTESIAN_POINT('',(-0.0379596628758133,0.498556981692519,1.52894484324581));
#3454=CARTESIAN_POINT('',(-0.0228234537542497,0.525000000000001,1.62993964995405));
#3455=CARTESIAN_POINT('',(-0.0355508710137012,0.470173421240294,1.51757778355545));
#3456=CARTESIAN_POINT('',(-0.0404294085148045,0.470173421240305,1.5189102280322));
#3457=CARTESIAN_POINT('',(-0.0453079460159078,0.470173421240317,1.52024267250894));
#3458=CARTESIAN_POINT('',(-0.0501864835170111,0.470173421240328,1.52157511698568));
#3459=CARTESIAN_POINT('',(-0.0652454908211564,0.470173421240363,1.52568808959338));
#3460=CARTESIAN_POINT('',(-0.0785223974255851,0.470173421240328,1.53177071694529));
#3461=CARTESIAN_POINT('',(-0.100186961142882,0.470173421240328,1.54924359927672));
#3462=CARTESIAN_POINT('',(-0.107481579370204,0.470173421240336,1.55923760443719));
#3463=CARTESIAN_POINT('',(-0.118615279894901,0.470173421240319,1.581712709231));
#3464=CARTESIAN_POINT('',(-0.121894506922822,0.470173421240337,1.59412990660384));
#3465=CARTESIAN_POINT('',(-0.124139334252925,0.470173421240318,1.62034836295011));
#3466=CARTESIAN_POINT('',(-0.123236190825875,0.470173421240327,1.63394379357115));
#3467=CARTESIAN_POINT('',(-0.117256909511545,0.470173421240327,1.65876174060831));
#3468=CARTESIAN_POINT('',(-0.11208511629619,0.470173421240344,1.67036750446051));
#3469=CARTESIAN_POINT('',(-0.0976240546130525,0.470173421240309,1.6909595724486));
#3470=CARTESIAN_POINT('',(-0.0883316382329781,0.470173421240345,1.70010985036555));
#3471=CARTESIAN_POINT('',(-0.0554901501161608,0.47017342124029,1.72199113741244));
#3472=CARTESIAN_POINT('',(-0.0281297627426344,0.470173421240278,1.72843853572058));
#3473=CARTESIAN_POINT('',(0.0346153418902247,0.470173421240376,1.7279754249259));
#3474=CARTESIAN_POINT('',(0.0622664648763628,0.470173421240327,1.72006400318987));
#3475=CARTESIAN_POINT('',(0.0944542507236528,0.470173421240327,1.69494874441505));
#3476=CARTESIAN_POINT('',(0.103213290241627,0.470173421240327,1.68495866332109));
#3477=CARTESIAN_POINT('',(0.116276633292839,0.470173421240327,1.66255080885421));
#3478=CARTESIAN_POINT('',(0.120485844746987,0.470173421240318,1.65009867082566));
#3479=CARTESIAN_POINT('',(0.124185869076248,0.470173421240337,1.62383874838998));
#3480=CARTESIAN_POINT('',(0.123785211045181,0.470173421240319,1.6100249389908));
#3481=CARTESIAN_POINT('',(0.119044628084862,0.470173421240337,1.58499753072931));
#3482=CARTESIAN_POINT('',(0.114500195946547,0.470173421240328,1.57328586832017));
#3483=CARTESIAN_POINT('',(0.0941801023294713,0.470173421240328,1.5423839523066));
#3484=CARTESIAN_POINT('',(0.071342263206371,0.470173421240069,1.52824314080988));
#3485=CARTESIAN_POINT('',(0.0440292356195764,0.470173421240328,1.52100906216946));
#3486=CARTESIAN_POINT('',(0.0396282807213121,0.47017342124037,1.51984343328685));
#3487=CARTESIAN_POINT('',(0.0352273258230479,0.470173421240412,1.51867780440423));
#3488=CARTESIAN_POINT('',(0.0308263709247836,0.470173421240454,1.51751217552161));
#3489=CARTESIAN_POINT('',(-0.0321599991484282,0.52499999999997,1.53733780907453));
#3490=CARTESIAN_POINT('',(-0.0364162687043109,0.524999999999981,1.53850029749531));
#3491=CARTESIAN_POINT('',(-0.0406725382601936,0.524999999999993,1.53966278591609));
#3492=CARTESIAN_POINT('',(-0.0449288078160763,0.525000000000004,1.54082527433687));
#3493=CARTESIAN_POINT('',(-0.0580670063675794,0.525000000000039,1.5444136287598));
#3494=CARTESIAN_POINT('',(-0.0686997681380366,0.525000000000004,1.549485226726));
#3495=CARTESIAN_POINT('',(-0.0849544181172616,0.525000000000004,1.56259490974341));
#3496=CARTESIAN_POINT('',(-0.0907960775770799,0.525000000000013,1.57050988467045));
#3497=CARTESIAN_POINT('',(-0.0995379024977363,0.524999999999995,1.58815661705575));
#3498=CARTESIAN_POINT('',(-0.102199466329363,0.525000000000014,1.59802166030907));
#3499=CARTESIAN_POINT('',(-0.104069377936701,0.524999999999995,1.61986129249871));
#3500=CARTESIAN_POINT('',(-0.103283653434771,0.525000000000004,1.63156260490469));
#3501=CARTESIAN_POINT('',(-0.0984091631347261,0.525000000000004,1.65179494410071));
#3502=CARTESIAN_POINT('',(-0.094301693626689,0.525000000000021,1.66096791827714));
#3503=CARTESIAN_POINT('',(-0.0827463058945697,0.524999999999987,1.6774224036119));
#3504=CARTESIAN_POINT('',(-0.0751932982159009,0.525000000000023,1.68488470446159));
#3505=CARTESIAN_POINT('',(-0.0485729938068436,0.524999999999967,1.70262100534424));
#3506=CARTESIAN_POINT('',(-0.0251031673261866,0.524999999999955,1.70846041057501));
#3507=CARTESIAN_POINT('',(0.031294182244365,0.525000000000053,1.70804415168963));
#3508=CARTESIAN_POINT('',(0.054070447586366,0.525000000000004,1.70114800365273));
#3509=CARTESIAN_POINT('',(0.0801385915245134,0.525000000000004,1.68080773598149));
#3510=CARTESIAN_POINT('',(0.087308720456792,0.525000000000004,1.67261838621439));
#3511=CARTESIAN_POINT('',(0.0977020748881512,0.525000000000004,1.65479042511166));
#3512=CARTESIAN_POINT('',(0.101058874560026,0.524999999999995,1.64495046202599));
#3513=CARTESIAN_POINT('',(0.104092718816172,0.525000000000013,1.62341857078624));
#3514=CARTESIAN_POINT('',(0.103743412307496,0.525000000000004,1.61144123986626));
#3515=CARTESIAN_POINT('',(0.0998731942026251,0.525000000000004,1.59100882938411));
#3516=CARTESIAN_POINT('',(0.0962901896215706,0.525000000000004,1.58191307093721));
#3517=CARTESIAN_POINT('',(0.0805797470044732,0.525000000000004,1.55802131190881));
#3518=CARTESIAN_POINT('',(0.0633125106606359,0.524999999999741,1.5467597045382));
#3519=CARTESIAN_POINT('',(0.0389200918771481,0.525000000000004,1.54029917264195));
#3520=CARTESIAN_POINT('',(0.0349897353985567,0.525000000000046,1.53925818553776));
#3521=CARTESIAN_POINT('',(0.0310593789199654,0.525000000000089,1.53821719843358));
#3522=CARTESIAN_POINT('',(0.027129022441374,0.525000000000131,1.53717621132939));
#3523=MECHANICAL_DESIGN_GEOMETRIC_PRESENTATION_REPRESENTATION('',(#32),
#3524);
#3524=(
GEOMETRIC_REPRESENTATION_CONTEXT(3)
GLOBAL_UNCERTAINTY_ASSIGNED_CONTEXT((#3525))
GLOBAL_UNIT_ASSIGNED_CONTEXT((#3530,#3527,#3526))
REPRESENTATION_CONTEXT('COPV','TOP_LEVEL_ASSEMBLY_PART')
);
#3525=UNCERTAINTY_MEASURE_WITH_UNIT(LENGTH_MEASURE(0.002),#3530,
'DISTANCE_ACCURACY_VALUE','Maximum Tolerance applied to model');
#3526=(
NAMED_UNIT(*)
SI_UNIT($,.STERADIAN.)
SOLID_ANGLE_UNIT()
);
#3527=(
CONVERSION_BASED_UNIT('DEGREE',#3528)
NAMED_UNIT(#3532)
PLANE_ANGLE_UNIT()
);
#3528=PLANE_ANGLE_MEASURE_WITH_UNIT(PLANE_ANGLE_MEASURE(0.0174532925),#3529);
#3529=(
NAMED_UNIT(*)
PLANE_ANGLE_UNIT()
SI_UNIT($,.RADIAN.)
);
#3530=(
CONVERSION_BASED_UNIT('INCH',#3533)
LENGTH_UNIT()
NAMED_UNIT(#3531)
);
#3531=DIMENSIONAL_EXPONENTS(1.,0.,0.,0.,0.,0.,0.);
#3532=DIMENSIONAL_EXPONENTS(0.,0.,0.,0.,0.,0.,0.);
#3533=LENGTH_MEASURE_WITH_UNIT(LENGTH_MEASURE(25.4),#3534);
#3534=(
LENGTH_UNIT()
NAMED_UNIT(*)
SI_UNIT(.MILLI.,.METRE.)
);
ENDSEC;
END-ISO-10303-21;
