ISO-10303-21;
HEADER;
/* Generated by software containing ST-Developer
 * from STEP Tools, Inc. (www.steptools.com) 
 */
/* OPTION: using custom renumber hook */

FILE_DESCRIPTION(
/* description */ (
'CAx-IF Rec.Pracs.---Representation and Presentation of Product Manufa
cturing Information (PMI)---4.0---2014-10-13',
'CAx-IF Rec.Pracs.---3D Tessellated Geometry---0.4---2014-09-14','2;1'),

/* implementation_level */ '2;1');

FILE_NAME(
/* name */ 'engine',
/* time_stamp */ '2025-08-21T02:15:02-04:00',
/* author */ (''),
/* organization */ (''),
/* preprocessor_version */ 'ST-DEVELOPER v18.102',
/* originating_system */ 'SIEMENS PLM Software NX 2027',
/* authorisation */ $);

FILE_SCHEMA (('AP242_MANAGED_MODEL_BASED_3D_ENGINEERING_MIM_LF { 1 0 10303 442 3 1 4 }'));
ENDSEC;

DATA;
#10=DEFAULT_MODEL_GEOMETRIC_VIEW('','',#53,#27,'','',#3917,*);
#11=MECHANICAL_DESIGN_AND_DRAUGHTING_RELATIONSHIP('','',#19,#20);
#12=MECHANICAL_DESIGN_AND_DRAUGHTING_RELATIONSHIP('','',#21,#20);
#13=MECHANICAL_DESIGN_AND_DRAUGHTING_RELATIONSHIP('','',#22,#20);
#14=MECHANICAL_DESIGN_AND_DRAUGHTING_RELATIONSHIP('','',#23,#20);
#15=MECHANICAL_DESIGN_AND_DRAUGHTING_RELATIONSHIP('','',#24,#20);
#16=MECHANICAL_DESIGN_AND_DRAUGHTING_RELATIONSHIP('','',#25,#20);
#17=MECHANICAL_DESIGN_AND_DRAUGHTING_RELATIONSHIP('','',#26,#20);
#18=MECHANICAL_DESIGN_AND_DRAUGHTING_RELATIONSHIP('','',#27,#20);
#19=DRAUGHTING_MODEL('Top',(#46,#37),#3909);
#20=DRAUGHTING_MODEL('',(#38),#3909);
#21=DRAUGHTING_MODEL('Front',(#47,#39),#3909);
#22=DRAUGHTING_MODEL('Right',(#48,#40),#3909);
#23=DRAUGHTING_MODEL('Back',(#49,#41),#3909);
#24=DRAUGHTING_MODEL('Bottom',(#50,#42),#3909);
#25=DRAUGHTING_MODEL('Left',(#51,#43),#3909);
#26=DRAUGHTING_MODEL('Isometric',(#52,#44),#3909);
#27=DRAUGHTING_MODEL('Trimetric',(#53,#45),#3909);
#28=REPRESENTATION_MAP(#1941,#71);
#29=REPRESENTATION_MAP(#1941,#71);
#30=REPRESENTATION_MAP(#1941,#71);
#31=REPRESENTATION_MAP(#1941,#71);
#32=REPRESENTATION_MAP(#1941,#71);
#33=REPRESENTATION_MAP(#1941,#71);
#34=REPRESENTATION_MAP(#1941,#71);
#35=REPRESENTATION_MAP(#1941,#71);
#36=REPRESENTATION_MAP(#1941,#71);
#37=MAPPED_ITEM('',#28,#1941);
#38=MAPPED_ITEM('',#29,#1941);
#39=MAPPED_ITEM('',#30,#1941);
#40=MAPPED_ITEM('',#31,#1941);
#41=MAPPED_ITEM('',#32,#1941);
#42=MAPPED_ITEM('',#33,#1941);
#43=MAPPED_ITEM('',#34,#1941);
#44=MAPPED_ITEM('',#35,#1941);
#45=MAPPED_ITEM('',#36,#1941);
#46=CAMERA_MODEL_D3('Top',#2180,#54);
#47=CAMERA_MODEL_D3('Front',#2182,#55);
#48=CAMERA_MODEL_D3('Right',#2184,#56);
#49=CAMERA_MODEL_D3('Back',#2186,#57);
#50=CAMERA_MODEL_D3('Bottom',#2188,#58);
#51=CAMERA_MODEL_D3('Left',#2190,#59);
#52=CAMERA_MODEL_D3('Isometric',#2192,#60);
#53=CAMERA_MODEL_D3('Trimetric',#2194,#61);
#54=VIEW_VOLUME(.PARALLEL.,#3885,5.14056396484375,0.,.F.,0.,.F.,.F.,#62);
#55=VIEW_VOLUME(.PARALLEL.,#3888,9.10323810577393,0.,.F.,0.,.F.,.F.,#63);
#56=VIEW_VOLUME(.PARALLEL.,#3891,9.10323810577393,0.,.F.,0.,.F.,.F.,#64);
#57=VIEW_VOLUME(.PARALLEL.,#3894,9.10323810577393,0.,.F.,0.,.F.,.F.,#65);
#58=VIEW_VOLUME(.PARALLEL.,#3897,5.14056396484375,0.,.F.,0.,.F.,.F.,#66);
#59=VIEW_VOLUME(.PARALLEL.,#3900,9.10323810577393,0.,.F.,0.,.F.,.F.,#67);
#60=VIEW_VOLUME(.PARALLEL.,#3903,11.630015837931,0.,.F.,0.,.F.,.F.,#68);
#61=VIEW_VOLUME(.PARALLEL.,#3906,11.152364763404,0.,.F.,0.,.F.,.F.,#69);
#62=PLANAR_BOX('',2.56337308844559,2.56337308844559,#2181);
#63=PLANAR_BOX('',4.53938434336018,4.53938434336018,#2183);
#64=PLANAR_BOX('',4.53938434336018,4.53938434336018,#2185);
#65=PLANAR_BOX('',4.53938434336018,4.53938434336018,#2187);
#66=PLANAR_BOX('',2.56337308844559,2.56337308844559,#2189);
#67=PLANAR_BOX('',4.53938434336018,4.53938434336018,#2191);
#68=PLANAR_BOX('',5.79937723195988,5.79937723195988,#2193);
#69=PLANAR_BOX('',5.56119365551122,5.56119365551122,#2195);
#70=SHAPE_REPRESENTATION_RELATIONSHIP('','',#1940,#71);
#71=ADVANCED_BREP_SHAPE_REPRESENTATION('',(#1938),#3909);
#72=CONICAL_SURFACE('',#2167,0.503318648760539,0.523598775598298);
#73=DEGENERATE_TOROIDAL_SURFACE('',#2166,1.24999999999631,2.,.F.);
#74=DEGENERATE_TOROIDAL_SURFACE('',#2173,1.24999999999631,1.9,.F.);
#75=B_SPLINE_SURFACE_WITH_KNOTS('',3,3,((#3681,#3682,#3683,#3684,#3685,
#3686,#3687,#3688,#3689,#3690,#3691,#3692,#3693,#3694,#3695,#3696,#3697,
#3698,#3699),(#3700,#3701,#3702,#3703,#3704,#3705,#3706,#3707,#3708,#3709,
#3710,#3711,#3712,#3713,#3714,#3715,#3716,#3717,#3718),(#3719,#3720,#3721,
#3722,#3723,#3724,#3725,#3726,#3727,#3728,#3729,#3730,#3731,#3732,#3733,
#3734,#3735,#3736,#3737),(#3738,#3739,#3740,#3741,#3742,#3743,#3744,#3745,
#3746,#3747,#3748,#3749,#3750,#3751,#3752,#3753,#3754,#3755,#3756),(#3757,
#3758,#3759,#3760,#3761,#3762,#3763,#3764,#3765,#3766,#3767,#3768,#3769,
#3770,#3771,#3772,#3773,#3774,#3775)),.UNSPECIFIED.,.F.,.T.,.F.,(4,1,4),
(1,1,1,1,1,1,1,1,1,1,1,1,1,1,1,1,1,1,1,1,1,1,1),(0.,0.49827027334444,0.996540546688881),
(-1.17809724509617,-0.785398163397448,-0.392699081698725,0.,0.392699081698724,
0.785398163397448,1.17809724509617,1.5707963267949,1.96349540849362,2.35619449019234,
2.74889357189107,3.14159265358979,3.53429173528852,3.92699081698724,4.31968989868597,
4.71238898038469,5.10508806208341,5.49778714378214,5.89048622548086,6.28318530717959,
6.67588438887831,7.06858347057703,7.46128255227576),.UNSPECIFIED.);
#76=B_SPLINE_SURFACE_WITH_KNOTS('',3,3,((#3783,#3784,#3785,#3786,#3787,
#3788,#3789,#3790,#3791,#3792,#3793,#3794,#3795,#3796,#3797,#3798,#3799,
#3800,#3801),(#3802,#3803,#3804,#3805,#3806,#3807,#3808,#3809,#3810,#3811,
#3812,#3813,#3814,#3815,#3816,#3817,#3818,#3819,#3820),(#3821,#3822,#3823,
#3824,#3825,#3826,#3827,#3828,#3829,#3830,#3831,#3832,#3833,#3834,#3835,
#3836,#3837,#3838,#3839),(#3840,#3841,#3842,#3843,#3844,#3845,#3846,#3847,
#3848,#3849,#3850,#3851,#3852,#3853,#3854,#3855,#3856,#3857,#3858)),
 .UNSPECIFIED.,.F.,.T.,.F.,(4,4),(1,1,1,1,1,1,1,1,1,1,1,1,1,1,1,1,1,1,1,
1,1,1,1),(0.00341378281461575,1.),(-1.17809724509617,-0.785398163397448,
-0.392699081698725,0.,0.392699081698724,0.785398163397448,1.17809724509617,
1.5707963267949,1.96349540849362,2.35619449019234,2.74889357189107,3.14159265358979,
3.53429173528852,3.92699081698724,4.31968989868597,4.71238898038469,5.10508806208341,
5.49778714378214,5.89048622548086,6.28318530717959,6.67588438887831,7.06858347057703,
7.46128255227576),.UNSPECIFIED.);
#77=TOROIDAL_SURFACE('',#1963,0.00800000000000008,0.005);
#78=TOROIDAL_SURFACE('',#1970,0.01,0.005);
#79=TOROIDAL_SURFACE('',#1978,0.01,0.005);
#80=TOROIDAL_SURFACE('',#1985,0.00800000000000008,0.005);
#81=TOROIDAL_SURFACE('',#1998,0.02,0.005);
#82=TOROIDAL_SURFACE('',#2003,0.02,0.005);
#83=TOROIDAL_SURFACE('',#2011,0.02,0.005);
#84=TOROIDAL_SURFACE('',#2015,0.02,0.005);
#85=TOROIDAL_SURFACE('',#2031,0.00800000000000008,0.005);
#86=TOROIDAL_SURFACE('',#2038,0.01,0.005);
#87=TOROIDAL_SURFACE('',#2046,0.01,0.005);
#88=TOROIDAL_SURFACE('',#2053,0.00800000000000008,0.005);
#89=TOROIDAL_SURFACE('',#2066,0.02,0.005);
#90=TOROIDAL_SURFACE('',#2071,0.02,0.005);
#91=TOROIDAL_SURFACE('',#2079,0.02,0.005);
#92=TOROIDAL_SURFACE('',#2083,0.02,0.005);
#93=TOROIDAL_SURFACE('',#2122,0.02,0.005);
#94=TOROIDAL_SURFACE('',#2124,0.02,0.005);
#95=TOROIDAL_SURFACE('',#2130,0.01,0.005);
#96=TOROIDAL_SURFACE('',#2132,0.00800000000000008,0.005);
#97=TOROIDAL_SURFACE('',#2140,0.02,0.005);
#98=TOROIDAL_SURFACE('',#2144,0.02,0.005);
#99=TOROIDAL_SURFACE('',#2146,0.00800000000000008,0.005);
#100=TOROIDAL_SURFACE('',#2149,0.01,0.005);
#101=TOROIDAL_SURFACE('',#2155,0.65,0.35);
#102=TOROIDAL_SURFACE('',#2164,0.65,0.249999999999999);
#103=TOROIDAL_SURFACE('',#2174,0.630000000003646,0.02);
#104=TOROIDAL_SURFACE('',#2175,0.730000000003645,0.02);
#105=TOROIDAL_SURFACE('',#2176,1.57997255275927,0.02);
#106=TOROIDAL_SURFACE('',#2177,1.51997204620472,0.02);
#107=TOROIDAL_SURFACE('',#2178,0.523318648760539,0.02);
#108=TOROIDAL_SURFACE('',#2179,0.523318648760539,0.02);
#109=ELLIPSE('',#1955,0.0057058711328145,0.005);
#110=ELLIPSE('',#1956,0.00570587113281441,0.005);
#111=ELLIPSE('',#1959,0.00570587113281441,0.005);
#112=ELLIPSE('',#1960,0.0057058711328145,0.005);
#113=ELLIPSE('',#2023,0.0057058711328145,0.005);
#114=ELLIPSE('',#2024,0.00570587113281446,0.005);
#115=ELLIPSE('',#2027,0.00570587113281447,0.005);
#116=ELLIPSE('',#2028,0.0057058711328145,0.005);
#117=ELLIPSE('',#2134,0.0057058711328145,0.005);
#118=ELLIPSE('',#2135,0.00570587113281446,0.005);
#119=ELLIPSE('',#2152,0.00570587113281446,0.005);
#120=ELLIPSE('',#2154,0.0057058711328145,0.005);
#121=(
BOUNDED_SURFACE()
B_SPLINE_SURFACE(3,2,((#2908,#2909,#2910),(#2911,#2912,#2913),(#2914,#2915,
#2916),(#2917,#2918,#2919)),.UNSPECIFIED.,.F.,.F.,.F.)
B_SPLINE_SURFACE_WITH_KNOTS((4,4),(3,3),(0.,4.39306708557813E-5),(0.,1.),
 .PIECEWISE_BEZIER_KNOTS.)
GEOMETRIC_REPRESENTATION_ITEM()
RATIONAL_B_SPLINE_SURFACE(((1.,0.812091417930102,1.),(1.,0.812188122985485,
1.),(1.,1.00005708803297,1.),(1.,1.,1.)))
REPRESENTATION_ITEM('')
SURFACE()
);
#122=(
BOUNDED_SURFACE()
B_SPLINE_SURFACE(3,2,((#2932,#2933,#2934),(#2935,#2936,#2937),(#2938,#2939,
#2940),(#2941,#2942,#2943)),.UNSPECIFIED.,.F.,.F.,.F.)
B_SPLINE_SURFACE_WITH_KNOTS((4,4),(3,3),(6.28318530717959,7.85398163397448),
(0.,1.),.PIECEWISE_BEZIER_KNOTS.)
GEOMETRIC_REPRESENTATION_ITEM()
RATIONAL_B_SPLINE_SURFACE(((1.,0.737277336810123,1.),(1.,0.737278530254373,
1.),(1.,0.999999857631097,1.),(1.,1.,1.)))
REPRESENTATION_ITEM('')
SURFACE()
);
#123=(
BOUNDED_SURFACE()
B_SPLINE_SURFACE(3,2,((#2953,#2954,#2955),(#2956,#2957,#2958),(#2959,#2960,
#2961),(#2962,#2963,#2964)),.UNSPECIFIED.,.F.,.F.,.F.)
B_SPLINE_SURFACE_WITH_KNOTS((4,4),(3,3),(6.28318530717959,7.85398163397448),
(0.,1.),.PIECEWISE_BEZIER_KNOTS.)
GEOMETRIC_REPRESENTATION_ITEM()
RATIONAL_B_SPLINE_SURFACE(((1.,0.73727733681012,1.),(1.,0.737278530254319,
1.),(1.,0.999999857631097,1.),(1.,1.,1.)))
REPRESENTATION_ITEM('')
SURFACE()
);
#124=(
BOUNDED_SURFACE()
B_SPLINE_SURFACE(3,2,((#2971,#2972,#2973),(#2974,#2975,#2976),(#2977,#2978,
#2979),(#2980,#2981,#2982)),.UNSPECIFIED.,.F.,.F.,.F.)
B_SPLINE_SURFACE_WITH_KNOTS((4,4),(3,3),(0.,4.39306708557814E-5),(0.,1.),
 .PIECEWISE_BEZIER_KNOTS.)
GEOMETRIC_REPRESENTATION_ITEM()
RATIONAL_B_SPLINE_SURFACE(((1.,0.812091417930108,1.),(1.,0.812188122985492,
1.),(1.,1.00005708772234,1.),(1.,1.,1.)))
REPRESENTATION_ITEM('')
SURFACE()
);
#125=(
BOUNDED_SURFACE()
B_SPLINE_SURFACE(3,2,((#3091,#3092,#3093),(#3094,#3095,#3096),(#3097,#3098,
#3099),(#3100,#3101,#3102)),.UNSPECIFIED.,.F.,.F.,.F.)
B_SPLINE_SURFACE_WITH_KNOTS((4,4),(3,3),(0.,0.000520063242286948),(0.,1.),
 .PIECEWISE_BEZIER_KNOTS.)
GEOMETRIC_REPRESENTATION_ITEM()
RATIONAL_B_SPLINE_SURFACE(((1.,0.70710678118655,1.),(1.,0.813247871764313,
1.),(1.,0.999999994143254,1.),(1.,1.,1.)))
REPRESENTATION_ITEM('')
SURFACE()
);
#126=(
BOUNDED_SURFACE()
B_SPLINE_SURFACE(3,2,((#3110,#3111,#3112),(#3113,#3114,#3115),(#3116,#3117,
#3118),(#3119,#3120,#3121)),.UNSPECIFIED.,.F.,.F.,.F.)
B_SPLINE_SURFACE_WITH_KNOTS((4,4),(3,3),(0.,0.000520063242286952),(0.,1.),
 .PIECEWISE_BEZIER_KNOTS.)
GEOMETRIC_REPRESENTATION_ITEM()
RATIONAL_B_SPLINE_SURFACE(((1.,0.70710678118655,1.),(1.,0.813247871764313,
1.),(1.,0.999999994143254,1.),(1.,1.,1.)))
REPRESENTATION_ITEM('')
SURFACE()
);
#127=(
BOUNDED_SURFACE()
B_SPLINE_SURFACE(3,2,((#3131,#3132,#3133),(#3134,#3135,#3136),(#3137,#3138,
#3139),(#3140,#3141,#3142)),.UNSPECIFIED.,.F.,.F.,.F.)
B_SPLINE_SURFACE_WITH_KNOTS((4,4),(3,3),(0.,0.000520063242286948),(0.,1.),
 .PIECEWISE_BEZIER_KNOTS.)
GEOMETRIC_REPRESENTATION_ITEM()
RATIONAL_B_SPLINE_SURFACE(((1.,0.707106781186551,1.),(1.,0.8132478717636,
1.),(1.,0.999999994143254,1.),(1.,1.,1.)))
REPRESENTATION_ITEM('')
SURFACE()
);
#128=(
BOUNDED_SURFACE()
B_SPLINE_SURFACE(3,2,((#3144,#3145,#3146),(#3147,#3148,#3149),(#3150,#3151,
#3152),(#3153,#3154,#3155)),.UNSPECIFIED.,.F.,.F.,.F.)
B_SPLINE_SURFACE_WITH_KNOTS((4,4),(3,3),(0.,0.000520063242286952),(0.,1.),
 .PIECEWISE_BEZIER_KNOTS.)
GEOMETRIC_REPRESENTATION_ITEM()
RATIONAL_B_SPLINE_SURFACE(((1.,0.707106781186551,1.),(1.,0.813247871763601,
1.),(1.,0.999999994143254,1.),(1.,1.,1.)))
REPRESENTATION_ITEM('')
SURFACE()
);
#129=(
BOUNDED_SURFACE()
B_SPLINE_SURFACE(3,2,((#3167,#3168,#3169),(#3170,#3171,#3172),(#3173,#3174,
#3175),(#3176,#3177,#3178)),.UNSPECIFIED.,.F.,.F.,.F.)
B_SPLINE_SURFACE_WITH_KNOTS((4,4),(3,3),(0.,4.39306708557826E-5),(0.,1.),
 .PIECEWISE_BEZIER_KNOTS.)
GEOMETRIC_REPRESENTATION_ITEM()
RATIONAL_B_SPLINE_SURFACE(((1.,0.812091417930115,1.),(1.,0.812188122985623,
1.),(1.,1.00005708803298,1.),(1.,1.,1.)))
REPRESENTATION_ITEM('')
SURFACE()
);
#130=(
BOUNDED_SURFACE()
B_SPLINE_SURFACE(3,2,((#3191,#3192,#3193),(#3194,#3195,#3196),(#3197,#3198,
#3199),(#3200,#3201,#3202)),.UNSPECIFIED.,.F.,.F.,.F.)
B_SPLINE_SURFACE_WITH_KNOTS((4,4),(3,3),(6.28318530717959,7.85398163397448),
(0.,1.),.PIECEWISE_BEZIER_KNOTS.)
GEOMETRIC_REPRESENTATION_ITEM()
RATIONAL_B_SPLINE_SURFACE(((1.,0.737277336810119,1.),(1.,0.737278530254695,
1.),(1.,0.999999857631106,1.),(1.,1.,1.)))
REPRESENTATION_ITEM('')
SURFACE()
);
#131=(
BOUNDED_SURFACE()
B_SPLINE_SURFACE(3,2,((#3212,#3213,#3214),(#3215,#3216,#3217),(#3218,#3219,
#3220),(#3221,#3222,#3223)),.UNSPECIFIED.,.F.,.F.,.F.)
B_SPLINE_SURFACE_WITH_KNOTS((4,4),(3,3),(6.28318530717959,7.85398163397449),
(0.,1.),.PIECEWISE_BEZIER_KNOTS.)
GEOMETRIC_REPRESENTATION_ITEM()
RATIONAL_B_SPLINE_SURFACE(((1.,0.737277336810125,1.),(1.,0.737278530253992,
1.),(1.,0.999999857631097,1.),(1.,1.,1.)))
REPRESENTATION_ITEM('')
SURFACE()
);
#132=(
BOUNDED_SURFACE()
B_SPLINE_SURFACE(3,2,((#3230,#3231,#3232),(#3233,#3234,#3235),(#3236,#3237,
#3238),(#3239,#3240,#3241)),.UNSPECIFIED.,.F.,.F.,.F.)
B_SPLINE_SURFACE_WITH_KNOTS((4,4),(3,3),(0.,4.39306708557836E-5),(0.,1.),
 .PIECEWISE_BEZIER_KNOTS.)
GEOMETRIC_REPRESENTATION_ITEM()
RATIONAL_B_SPLINE_SURFACE(((1.,0.812091417930127,1.),(1.,0.812188122985529,
1.),(1.,1.00005708772231,1.),(1.,1.,1.)))
REPRESENTATION_ITEM('')
SURFACE()
);
#133=(
BOUNDED_SURFACE()
B_SPLINE_SURFACE(3,2,((#3350,#3351,#3352),(#3353,#3354,#3355),(#3356,#3357,
#3358),(#3359,#3360,#3361)),.UNSPECIFIED.,.F.,.F.,.F.)
B_SPLINE_SURFACE_WITH_KNOTS((4,4),(3,3),(0.,0.000520063242286901),(0.,1.),
 .PIECEWISE_BEZIER_KNOTS.)
GEOMETRIC_REPRESENTATION_ITEM()
RATIONAL_B_SPLINE_SURFACE(((1.,0.70710678118655,1.),(1.,0.813247871763912,
1.),(1.,0.999999994143254,1.),(1.,1.,1.)))
REPRESENTATION_ITEM('')
SURFACE()
);
#134=(
BOUNDED_SURFACE()
B_SPLINE_SURFACE(3,2,((#3369,#3370,#3371),(#3372,#3373,#3374),(#3375,#3376,
#3377),(#3378,#3379,#3380)),.UNSPECIFIED.,.F.,.F.,.F.)
B_SPLINE_SURFACE_WITH_KNOTS((4,4),(3,3),(0.,0.00052006324228691),(0.,1.),
 .PIECEWISE_BEZIER_KNOTS.)
GEOMETRIC_REPRESENTATION_ITEM()
RATIONAL_B_SPLINE_SURFACE(((1.,0.70710678118655,1.),(1.,0.813247871764774,
1.),(1.,0.999999994143254,1.),(1.,1.,1.)))
REPRESENTATION_ITEM('')
SURFACE()
);
#135=(
BOUNDED_SURFACE()
B_SPLINE_SURFACE(3,2,((#3390,#3391,#3392),(#3393,#3394,#3395),(#3396,#3397,
#3398),(#3399,#3400,#3401)),.UNSPECIFIED.,.F.,.F.,.F.)
B_SPLINE_SURFACE_WITH_KNOTS((4,4),(3,3),(0.,0.000520063242286899),(0.,1.),
 .PIECEWISE_BEZIER_KNOTS.)
GEOMETRIC_REPRESENTATION_ITEM()
RATIONAL_B_SPLINE_SURFACE(((1.,0.70710678118655,1.),(1.,0.813247871764977,
1.),(1.,0.999999994143254,1.),(1.,1.,1.)))
REPRESENTATION_ITEM('')
SURFACE()
);
#136=(
BOUNDED_SURFACE()
B_SPLINE_SURFACE(3,2,((#3403,#3404,#3405),(#3406,#3407,#3408),(#3409,#3410,
#3411),(#3412,#3413,#3414)),.UNSPECIFIED.,.F.,.F.,.F.)
B_SPLINE_SURFACE_WITH_KNOTS((4,4),(3,3),(0.,0.00052006324228691),(0.,1.),
 .PIECEWISE_BEZIER_KNOTS.)
GEOMETRIC_REPRESENTATION_ITEM()
RATIONAL_B_SPLINE_SURFACE(((1.,0.707106781186548,1.),(1.,0.813247871765387,
1.),(1.,0.999999994143254,1.),(1.,1.,1.)))
REPRESENTATION_ITEM('')
SURFACE()
);
#137=(
BOUNDED_SURFACE()
B_SPLINE_SURFACE(3,2,((#3515,#3516,#3517),(#3518,#3519,#3520),(#3521,#3522,
#3523),(#3524,#3525,#3526)),.UNSPECIFIED.,.F.,.F.,.F.)
B_SPLINE_SURFACE_WITH_KNOTS((4,4),(3,3),(0.,0.000520063242286918),(0.,1.),
 .PIECEWISE_BEZIER_KNOTS.)
GEOMETRIC_REPRESENTATION_ITEM()
RATIONAL_B_SPLINE_SURFACE(((1.,0.707106781186548,1.),(1.,0.813247871765389,
1.),(1.,0.999999994143254,1.),(1.,1.,1.)))
REPRESENTATION_ITEM('')
SURFACE()
);
#138=(
BOUNDED_SURFACE()
B_SPLINE_SURFACE(3,2,((#3531,#3532,#3533),(#3534,#3535,#3536),(#3537,#3538,
#3539),(#3540,#3541,#3542)),.UNSPECIFIED.,.F.,.F.,.F.)
B_SPLINE_SURFACE_WITH_KNOTS((4,4),(3,3),(0.,0.000520063242286921),(0.,1.),
 .PIECEWISE_BEZIER_KNOTS.)
GEOMETRIC_REPRESENTATION_ITEM()
RATIONAL_B_SPLINE_SURFACE(((1.,0.70710678118655,1.),(1.,0.813247871764121,
1.),(1.,0.999999994143254,1.),(1.,1.,1.)))
REPRESENTATION_ITEM('')
SURFACE()
);
#139=(
BOUNDED_SURFACE()
B_SPLINE_SURFACE(3,2,((#3564,#3565,#3566),(#3567,#3568,#3569),(#3570,#3571,
#3572),(#3573,#3574,#3575)),.UNSPECIFIED.,.F.,.F.,.F.)
B_SPLINE_SURFACE_WITH_KNOTS((4,4),(3,3),(0.,4.39306708557819E-5),(0.,1.),
 .PIECEWISE_BEZIER_KNOTS.)
GEOMETRIC_REPRESENTATION_ITEM()
RATIONAL_B_SPLINE_SURFACE(((1.,0.812091417930125,1.),(1.,0.812188122985548,
1.),(1.,1.00005708803299,1.),(1.,1.,1.)))
REPRESENTATION_ITEM('')
SURFACE()
);
#140=(
BOUNDED_SURFACE()
B_SPLINE_SURFACE(3,2,((#3580,#3581,#3582),(#3583,#3584,#3585),(#3586,#3587,
#3588),(#3589,#3590,#3591)),.UNSPECIFIED.,.F.,.F.,.F.)
B_SPLINE_SURFACE_WITH_KNOTS((4,4),(3,3),(6.28318530717959,7.85398163397448),
(0.,1.),.PIECEWISE_BEZIER_KNOTS.)
GEOMETRIC_REPRESENTATION_ITEM()
RATIONAL_B_SPLINE_SURFACE(((1.,0.737277336810116,1.),(1.,0.737278530254245,
1.),(1.,0.999999857631113,1.),(1.,1.,1.)))
REPRESENTATION_ITEM('')
SURFACE()
);
#141=(
BOUNDED_SURFACE()
B_SPLINE_SURFACE(3,2,((#3594,#3595,#3596),(#3597,#3598,#3599),(#3600,#3601,
#3602),(#3603,#3604,#3605)),.UNSPECIFIED.,.F.,.F.,.F.)
B_SPLINE_SURFACE_WITH_KNOTS((4,4),(3,3),(0.,0.000520063242286924),(0.,1.),
 .PIECEWISE_BEZIER_KNOTS.)
GEOMETRIC_REPRESENTATION_ITEM()
RATIONAL_B_SPLINE_SURFACE(((1.,0.707106781186548,1.),(1.,0.813247871764462,
1.),(1.,0.999999994143254,1.),(1.,1.,1.)))
REPRESENTATION_ITEM('')
SURFACE()
);
#142=(
BOUNDED_SURFACE()
B_SPLINE_SURFACE(3,2,((#3615,#3616,#3617),(#3618,#3619,#3620),(#3621,#3622,
#3623),(#3624,#3625,#3626)),.UNSPECIFIED.,.F.,.F.,.F.)
B_SPLINE_SURFACE_WITH_KNOTS((4,4),(3,3),(0.,0.000520063242286917),(0.,1.),
 .PIECEWISE_BEZIER_KNOTS.)
GEOMETRIC_REPRESENTATION_ITEM()
RATIONAL_B_SPLINE_SURFACE(((1.,0.70710678118655,1.),(1.,0.8132478717637,
1.),(1.,0.999999994143254,1.),(1.,1.,1.)))
REPRESENTATION_ITEM('')
SURFACE()
);
#143=(
BOUNDED_SURFACE()
B_SPLINE_SURFACE(3,2,((#3642,#3643,#3644),(#3645,#3646,#3647),(#3648,#3649,
#3650),(#3651,#3652,#3653)),.UNSPECIFIED.,.F.,.F.,.F.)
B_SPLINE_SURFACE_WITH_KNOTS((4,4),(3,3),(0.,4.39306708557849E-5),(0.,1.),
 .PIECEWISE_BEZIER_KNOTS.)
GEOMETRIC_REPRESENTATION_ITEM()
RATIONAL_B_SPLINE_SURFACE(((1.,0.81209141793013,1.),(1.,0.812188122985405,
1.),(1.,1.00005708772231,1.),(1.,1.,1.)))
REPRESENTATION_ITEM('')
SURFACE()
);
#144=(
BOUNDED_SURFACE()
B_SPLINE_SURFACE(3,2,((#3664,#3665,#3666),(#3667,#3668,#3669),(#3670,#3671,
#3672),(#3673,#3674,#3675)),.UNSPECIFIED.,.F.,.F.,.F.)
B_SPLINE_SURFACE_WITH_KNOTS((4,4),(3,3),(6.28318530717958,7.85398163397449),
(0.,1.),.PIECEWISE_BEZIER_KNOTS.)
GEOMETRIC_REPRESENTATION_ITEM()
RATIONAL_B_SPLINE_SURFACE(((1.,0.737277336810129,1.),(1.,0.737278530253692,
1.),(1.,0.999999857631098,1.),(1.,1.,1.)))
REPRESENTATION_ITEM('')
SURFACE()
);
#145=CYLINDRICAL_SURFACE('',#1945,0.503318648760539);
#146=CYLINDRICAL_SURFACE('',#1948,0.750000000003645);
#147=CYLINDRICAL_SURFACE('',#1951,0.002);
#148=CYLINDRICAL_SURFACE('',#1957,0.00400000000000016);
#149=CYLINDRICAL_SURFACE('',#1967,0.005);
#150=CYLINDRICAL_SURFACE('',#1968,0.005);
#151=CYLINDRICAL_SURFACE('',#1974,0.005);
#152=CYLINDRICAL_SURFACE('',#1976,0.00300000000000008);
#153=CYLINDRICAL_SURFACE('',#1983,0.005);
#154=CYLINDRICAL_SURFACE('',#1984,0.005);
#155=CYLINDRICAL_SURFACE('',#1988,0.005);
#156=CYLINDRICAL_SURFACE('',#1990,0.015);
#157=CYLINDRICAL_SURFACE('',#1991,0.005);
#158=CYLINDRICAL_SURFACE('',#1993,0.005);
#159=CYLINDRICAL_SURFACE('',#2001,0.015);
#160=CYLINDRICAL_SURFACE('',#2009,0.005);
#161=CYLINDRICAL_SURFACE('',#2013,0.015);
#162=CYLINDRICAL_SURFACE('',#2018,0.005);
#163=CYLINDRICAL_SURFACE('',#2019,0.002);
#164=CYLINDRICAL_SURFACE('',#2025,0.00400000000000016);
#165=CYLINDRICAL_SURFACE('',#2035,0.005);
#166=CYLINDRICAL_SURFACE('',#2036,0.005);
#167=CYLINDRICAL_SURFACE('',#2042,0.005);
#168=CYLINDRICAL_SURFACE('',#2044,0.00300000000000008);
#169=CYLINDRICAL_SURFACE('',#2051,0.005);
#170=CYLINDRICAL_SURFACE('',#2052,0.005);
#171=CYLINDRICAL_SURFACE('',#2056,0.005);
#172=CYLINDRICAL_SURFACE('',#2058,0.015);
#173=CYLINDRICAL_SURFACE('',#2059,0.005);
#174=CYLINDRICAL_SURFACE('',#2061,0.005);
#175=CYLINDRICAL_SURFACE('',#2069,0.015);
#176=CYLINDRICAL_SURFACE('',#2077,0.005);
#177=CYLINDRICAL_SURFACE('',#2081,0.015);
#178=CYLINDRICAL_SURFACE('',#2086,0.005);
#179=CYLINDRICAL_SURFACE('',#2087,0.015);
#180=CYLINDRICAL_SURFACE('',#2090,0.015);
#181=CYLINDRICAL_SURFACE('',#2094,0.00300000000000008);
#182=CYLINDRICAL_SURFACE('',#2097,0.00400000000000016);
#183=CYLINDRICAL_SURFACE('',#2101,0.002);
#184=CYLINDRICAL_SURFACE('',#2105,0.015);
#185=CYLINDRICAL_SURFACE('',#2119,0.005);
#186=CYLINDRICAL_SURFACE('',#2126,0.005);
#187=CYLINDRICAL_SURFACE('',#2128,0.005);
#188=CYLINDRICAL_SURFACE('',#2133,0.005);
#189=CYLINDRICAL_SURFACE('',#2136,0.005);
#190=CYLINDRICAL_SURFACE('',#2138,0.005);
#191=CYLINDRICAL_SURFACE('',#2142,0.005);
#192=CYLINDRICAL_SURFACE('',#2147,0.005);
#193=CYLINDRICAL_SURFACE('',#2151,0.005);
#194=CYLINDRICAL_SURFACE('',#2153,0.005);
#195=CYLINDRICAL_SURFACE('',#2170,0.650000000003646);
#196=B_SPLINE_CURVE_WITH_KNOTS('',3,(#2808,#2809,#2810,#2811),
 .UNSPECIFIED.,.F.,.F.,(4,4),(0.,0.000520063242286899),.UNSPECIFIED.);
#197=B_SPLINE_CURVE_WITH_KNOTS('',3,(#2815,#2816,#2817,#2818),
 .UNSPECIFIED.,.F.,.F.,(4,4),(1.73472347597681E-18,0.000520063242286901),
 .UNSPECIFIED.);
#198=B_SPLINE_CURVE_WITH_KNOTS('',3,(#2822,#2823,#2824,#2825),
 .UNSPECIFIED.,.F.,.F.,(4,4),(0.,0.00052006324228691),.UNSPECIFIED.);
#199=B_SPLINE_CURVE_WITH_KNOTS('',3,(#2829,#2830,#2831,#2832),
 .UNSPECIFIED.,.F.,.F.,(4,4),(0.,0.00052006324228691),.UNSPECIFIED.);
#200=B_SPLINE_CURVE_WITH_KNOTS('',3,(#2836,#2837,#2838,#2839),
 .UNSPECIFIED.,.F.,.F.,(4,4),(0.,0.000520063242286948),.UNSPECIFIED.);
#201=B_SPLINE_CURVE_WITH_KNOTS('',3,(#2843,#2844,#2845,#2846),
 .UNSPECIFIED.,.F.,.F.,(4,4),(0.,0.000520063242286948),.UNSPECIFIED.);
#202=B_SPLINE_CURVE_WITH_KNOTS('',3,(#2850,#2851,#2852,#2853),
 .UNSPECIFIED.,.F.,.F.,(4,4),(0.,0.000520063242286952),.UNSPECIFIED.);
#203=B_SPLINE_CURVE_WITH_KNOTS('',3,(#2857,#2858,#2859,#2860),
 .UNSPECIFIED.,.F.,.F.,(4,4),(0.,0.000520063242286952),.UNSPECIFIED.);
#204=B_SPLINE_CURVE_WITH_KNOTS('',3,(#2864,#2865,#2866,#2867),
 .UNSPECIFIED.,.F.,.F.,(4,4),(0.,0.000520063242286918),.UNSPECIFIED.);
#205=B_SPLINE_CURVE_WITH_KNOTS('',3,(#2871,#2872,#2873,#2874),
 .UNSPECIFIED.,.F.,.F.,(4,4),(0.,0.000520063242286917),.UNSPECIFIED.);
#206=B_SPLINE_CURVE_WITH_KNOTS('',3,(#2878,#2879,#2880,#2881),
 .UNSPECIFIED.,.F.,.F.,(4,4),(1.73472347597681E-18,0.000520063242286924),
 .UNSPECIFIED.);
#207=B_SPLINE_CURVE_WITH_KNOTS('',3,(#2885,#2886,#2887,#2888),
 .UNSPECIFIED.,.F.,.F.,(4,4),(0.,0.000520063242286922),.UNSPECIFIED.);
#208=B_SPLINE_CURVE_WITH_KNOTS('',3,(#2923,#2924,#2925,#2926),
 .UNSPECIFIED.,.F.,.F.,(4,4),(0.,0.000199956454992881),.UNSPECIFIED.);
#209=B_SPLINE_CURVE_WITH_KNOTS('',3,(#2928,#2929,#2930,#2931),
 .UNSPECIFIED.,.F.,.F.,(4,4),(4.33680868994202E-19,0.000199630187511037),
 .UNSPECIFIED.);
#210=B_SPLINE_CURVE_WITH_KNOTS('',3,(#2983,#2984,#2985,#2986),
 .UNSPECIFIED.,.F.,.F.,(4,4),(4.33680868994202E-19,0.000199630187511038),
 .UNSPECIFIED.);
#211=B_SPLINE_CURVE_WITH_KNOTS('',3,(#2988,#2989,#2990,#2991),
 .UNSPECIFIED.,.F.,.F.,(4,4),(4.33680868994202E-19,0.00019995645499288),
 .UNSPECIFIED.);
#212=B_SPLINE_CURVE_WITH_KNOTS('',3,(#3069,#3070,#3071,#3072),
 .UNSPECIFIED.,.F.,.F.,(4,4),(0.,0.000479052262518412),.UNSPECIFIED.);
#213=B_SPLINE_CURVE_WITH_KNOTS('',3,(#3079,#3080,#3081,#3082),
 .UNSPECIFIED.,.F.,.F.,(4,4),(0.,0.000479052262518412),.UNSPECIFIED.);
#214=B_SPLINE_CURVE_WITH_KNOTS('',3,(#3103,#3104,#3105,#3106),
 .UNSPECIFIED.,.F.,.F.,(4,4),(0.,0.000479052262518412),.UNSPECIFIED.);
#215=B_SPLINE_CURVE_WITH_KNOTS('',3,(#3127,#3128,#3129,#3130),
 .UNSPECIFIED.,.F.,.F.,(4,4),(0.,0.000479052262518412),.UNSPECIFIED.);
#216=B_SPLINE_CURVE_WITH_KNOTS('',3,(#3182,#3183,#3184,#3185),
 .UNSPECIFIED.,.F.,.F.,(4,4),(0.,0.000199956454992878),.UNSPECIFIED.);
#217=B_SPLINE_CURVE_WITH_KNOTS('',3,(#3187,#3188,#3189,#3190),
 .UNSPECIFIED.,.F.,.F.,(4,4),(0.,0.000199630187511034),.UNSPECIFIED.);
#218=B_SPLINE_CURVE_WITH_KNOTS('',3,(#3242,#3243,#3244,#3245),
 .UNSPECIFIED.,.F.,.F.,(4,4),(2.4532694666934E-18,0.000199630187511032),
 .UNSPECIFIED.);
#219=B_SPLINE_CURVE_WITH_KNOTS('',3,(#3247,#3248,#3249,#3250),
 .UNSPECIFIED.,.F.,.F.,(4,4),(1.73472347597681E-18,0.000199956454992877),
 .UNSPECIFIED.);
#220=B_SPLINE_CURVE_WITH_KNOTS('',3,(#3328,#3329,#3330,#3331),
 .UNSPECIFIED.,.F.,.F.,(4,4),(0.,0.000479052262518404),.UNSPECIFIED.);
#221=B_SPLINE_CURVE_WITH_KNOTS('',3,(#3338,#3339,#3340,#3341),
 .UNSPECIFIED.,.F.,.F.,(4,4),(0.,0.000479052262518403),.UNSPECIFIED.);
#222=B_SPLINE_CURVE_WITH_KNOTS('',3,(#3362,#3363,#3364,#3365),
 .UNSPECIFIED.,.F.,.F.,(4,4),(0.,0.000479052262518401),.UNSPECIFIED.);
#223=B_SPLINE_CURVE_WITH_KNOTS('',3,(#3386,#3387,#3388,#3389),
 .UNSPECIFIED.,.F.,.F.,(4,4),(0.,0.000479052262518401),.UNSPECIFIED.);
#224=B_SPLINE_CURVE_WITH_KNOTS('',3,(#3527,#3528,#3529,#3530),
 .UNSPECIFIED.,.F.,.F.,(4,4),(0.,0.000479052262518405),.UNSPECIFIED.);
#225=B_SPLINE_CURVE_WITH_KNOTS('',3,(#3543,#3544,#3545,#3546),
 .UNSPECIFIED.,.F.,.F.,(4,4),(0.,0.000479052262518406),.UNSPECIFIED.);
#226=B_SPLINE_CURVE_WITH_KNOTS('',3,(#3558,#3559,#3560,#3561),
 .UNSPECIFIED.,.F.,.F.,(4,4),(0.,0.000199630187511038),.UNSPECIFIED.);
#227=B_SPLINE_CURVE_WITH_KNOTS('',3,(#3576,#3577,#3578,#3579),
 .UNSPECIFIED.,.F.,.F.,(4,4),(8.67361737988403E-19,0.000199956454992882),
 .UNSPECIFIED.);
#228=B_SPLINE_CURVE_WITH_KNOTS('',3,(#3606,#3607,#3608,#3609),
 .UNSPECIFIED.,.F.,.F.,(4,4),(0.,0.000479052262518406),.UNSPECIFIED.);
#229=B_SPLINE_CURVE_WITH_KNOTS('',3,(#3627,#3628,#3629,#3630),
 .UNSPECIFIED.,.F.,.F.,(4,4),(0.,0.000479052262518406),.UNSPECIFIED.);
#230=B_SPLINE_CURVE_WITH_KNOTS('',3,(#3636,#3637,#3638,#3639),
 .UNSPECIFIED.,.F.,.F.,(4,4),(0.,0.000199630187511035),.UNSPECIFIED.);
#231=B_SPLINE_CURVE_WITH_KNOTS('',3,(#3654,#3655,#3656,#3657),
 .UNSPECIFIED.,.F.,.F.,(4,4),(0.,0.000199956454992876),.UNSPECIFIED.);
#232=LINE('',#2805,#325);
#233=LINE('',#2813,#326);
#234=LINE('',#2820,#327);
#235=LINE('',#2827,#328);
#236=LINE('',#2833,#329);
#237=LINE('',#2841,#330);
#238=LINE('',#2848,#331);
#239=LINE('',#2855,#332);
#240=LINE('',#2861,#333);
#241=LINE('',#2869,#334);
#242=LINE('',#2876,#335);
#243=LINE('',#2883,#336);
#244=LINE('',#2900,#337);
#245=LINE('',#2905,#338);
#246=LINE('',#2948,#339);
#247=LINE('',#2950,#340);
#248=LINE('',#2969,#341);
#249=LINE('',#2970,#342);
#250=LINE('',#2993,#343);
#251=LINE('',#2996,#344);
#252=LINE('',#2997,#345);
#253=LINE('',#3005,#346);
#254=LINE('',#3009,#347);
#255=LINE('',#3020,#348);
#256=LINE('',#3021,#349);
#257=LINE('',#3023,#350);
#258=LINE('',#3035,#351);
#259=LINE('',#3037,#352);
#260=LINE('',#3046,#353);
#261=LINE('',#3047,#354);
#262=LINE('',#3049,#355);
#263=LINE('',#3054,#356);
#264=LINE('',#3055,#357);
#265=LINE('',#3060,#358);
#266=LINE('',#3061,#359);
#267=LINE('',#3065,#360);
#268=LINE('',#3075,#361);
#269=LINE('',#3086,#362);
#270=LINE('',#3090,#363);
#271=LINE('',#3159,#364);
#272=LINE('',#3164,#365);
#273=LINE('',#3207,#366);
#274=LINE('',#3209,#367);
#275=LINE('',#3228,#368);
#276=LINE('',#3229,#369);
#277=LINE('',#3252,#370);
#278=LINE('',#3255,#371);
#279=LINE('',#3256,#372);
#280=LINE('',#3264,#373);
#281=LINE('',#3268,#374);
#282=LINE('',#3279,#375);
#283=LINE('',#3280,#376);
#284=LINE('',#3282,#377);
#285=LINE('',#3294,#378);
#286=LINE('',#3296,#379);
#287=LINE('',#3305,#380);
#288=LINE('',#3306,#381);
#289=LINE('',#3308,#382);
#290=LINE('',#3313,#383);
#291=LINE('',#3314,#384);
#292=LINE('',#3319,#385);
#293=LINE('',#3320,#386);
#294=LINE('',#3324,#387);
#295=LINE('',#3334,#388);
#296=LINE('',#3345,#389);
#297=LINE('',#3349,#390);
#298=LINE('',#3420,#391);
#299=LINE('',#3424,#392);
#300=LINE('',#3430,#393);
#301=LINE('',#3433,#394);
#302=LINE('',#3434,#395);
#303=LINE('',#3436,#396);
#304=LINE('',#3442,#397);
#305=LINE('',#3448,#398);
#306=LINE('',#3450,#399);
#307=LINE('',#3452,#400);
#308=LINE('',#3456,#401);
#309=LINE('',#3460,#402);
#310=LINE('',#3463,#403);
#311=LINE('',#3464,#404);
#312=LINE('',#3466,#405);
#313=LINE('',#3472,#406);
#314=LINE('',#3473,#407);
#315=LINE('',#3478,#408);
#316=LINE('',#3482,#409);
#317=LINE('',#3486,#410);
#318=LINE('',#3490,#411);
#319=LINE('',#3492,#412);
#320=LINE('',#3497,#413);
#321=LINE('',#3501,#414);
#322=LINE('',#3505,#415);
#323=LINE('',#3507,#416);
#324=LINE('',#3511,#417);
#325=VECTOR('',#2204,39.3700787401575);
#326=VECTOR('',#2205,39.3700787401575);
#327=VECTOR('',#2206,39.3700787401575);
#328=VECTOR('',#2207,39.3700787401575);
#329=VECTOR('',#2208,39.3700787401575);
#330=VECTOR('',#2209,39.3700787401575);
#331=VECTOR('',#2210,39.3700787401575);
#332=VECTOR('',#2211,39.3700787401575);
#333=VECTOR('',#2212,39.3700787401575);
#334=VECTOR('',#2213,39.3700787401575);
#335=VECTOR('',#2214,39.3700787401575);
#336=VECTOR('',#2215,39.3700787401575);
#337=VECTOR('',#2230,39.3700787401575);
#338=VECTOR('',#2233,39.3700787401575);
#339=VECTOR('',#2244,39.3700787401575);
#340=VECTOR('',#2245,39.3700787401575);
#341=VECTOR('',#2254,39.3700787401575);
#342=VECTOR('',#2255,39.3700787401575);
#343=VECTOR('',#2258,39.3700787401575);
#344=VECTOR('',#2259,39.3700787401575);
#345=VECTOR('',#2260,39.3700787401575);
#346=VECTOR('',#2271,39.3700787401575);
#347=VECTOR('',#2276,39.3700787401575);
#348=VECTOR('',#2289,39.3700787401575);
#349=VECTOR('',#2290,39.3700787401575);
#350=VECTOR('',#2293,39.3700787401575);
#351=VECTOR('',#2308,39.3700787401575);
#352=VECTOR('',#2311,39.3700787401575);
#353=VECTOR('',#2322,39.3700787401575);
#354=VECTOR('',#2323,39.3700787401575);
#355=VECTOR('',#2326,39.3700787401575);
#356=VECTOR('',#2331,39.3700787401575);
#357=VECTOR('',#2332,39.3700787401575);
#358=VECTOR('',#2337,39.3700787401575);
#359=VECTOR('',#2338,39.3700787401575);
#360=VECTOR('',#2343,39.3700787401575);
#361=VECTOR('',#2352,39.3700787401575);
#362=VECTOR('',#2363,39.3700787401575);
#363=VECTOR('',#2368,39.3700787401575);
#364=VECTOR('',#2393,39.3700787401575);
#365=VECTOR('',#2396,39.3700787401575);
#366=VECTOR('',#2407,39.3700787401575);
#367=VECTOR('',#2408,39.3700787401575);
#368=VECTOR('',#2417,39.3700787401575);
#369=VECTOR('',#2418,39.3700787401575);
#370=VECTOR('',#2421,39.3700787401575);
#371=VECTOR('',#2422,39.3700787401575);
#372=VECTOR('',#2423,39.3700787401575);
#373=VECTOR('',#2434,39.3700787401575);
#374=VECTOR('',#2439,39.3700787401575);
#375=VECTOR('',#2452,39.3700787401575);
#376=VECTOR('',#2453,39.3700787401575);
#377=VECTOR('',#2456,39.3700787401575);
#378=VECTOR('',#2471,39.3700787401575);
#379=VECTOR('',#2474,39.3700787401575);
#380=VECTOR('',#2485,39.3700787401575);
#381=VECTOR('',#2486,39.3700787401575);
#382=VECTOR('',#2489,39.3700787401575);
#383=VECTOR('',#2494,39.3700787401575);
#384=VECTOR('',#2495,39.3700787401575);
#385=VECTOR('',#2500,39.3700787401575);
#386=VECTOR('',#2501,39.3700787401575);
#387=VECTOR('',#2506,39.3700787401575);
#388=VECTOR('',#2515,39.3700787401575);
#389=VECTOR('',#2526,39.3700787401575);
#390=VECTOR('',#2531,39.3700787401575);
#391=VECTOR('',#2558,39.3700787401575);
#392=VECTOR('',#2563,39.3700787401575);
#393=VECTOR('',#2570,39.3700787401575);
#394=VECTOR('',#2571,39.3700787401575);
#395=VECTOR('',#2572,39.3700787401575);
#396=VECTOR('',#2575,39.3700787401575);
#397=VECTOR('',#2582,39.3700787401575);
#398=VECTOR('',#2589,39.3700787401575);
#399=VECTOR('',#2590,39.3700787401575);
#400=VECTOR('',#2591,39.3700787401575);
#401=VECTOR('',#2596,39.3700787401575);
#402=VECTOR('',#2601,39.3700787401575);
#403=VECTOR('',#2602,39.3700787401575);
#404=VECTOR('',#2603,39.3700787401575);
#405=VECTOR('',#2606,39.3700787401575);
#406=VECTOR('',#2613,39.3700787401575);
#407=VECTOR('',#2614,39.3700787401575);
#408=VECTOR('',#2619,39.3700787401575);
#409=VECTOR('',#2622,39.3700787401575);
#410=VECTOR('',#2625,39.3700787401575);
#411=VECTOR('',#2628,39.3700787401575);
#412=VECTOR('',#2629,39.3700787401575);
#413=VECTOR('',#2634,39.3700787401575);
#414=VECTOR('',#2637,39.3700787401575);
#415=VECTOR('',#2640,39.3700787401575);
#416=VECTOR('',#2641,39.3700787401575);
#417=VECTOR('',#2644,39.3700787401575);
#418=ORIENTED_EDGE('',*,*,#940,.T.);
#419=ORIENTED_EDGE('',*,*,#941,.T.);
#420=ORIENTED_EDGE('',*,*,#942,.F.);
#421=ORIENTED_EDGE('',*,*,#943,.F.);
#422=ORIENTED_EDGE('',*,*,#944,.T.);
#423=ORIENTED_EDGE('',*,*,#945,.F.);
#424=ORIENTED_EDGE('',*,*,#946,.F.);
#425=ORIENTED_EDGE('',*,*,#947,.F.);
#426=ORIENTED_EDGE('',*,*,#948,.F.);
#427=ORIENTED_EDGE('',*,*,#949,.F.);
#428=ORIENTED_EDGE('',*,*,#950,.F.);
#429=ORIENTED_EDGE('',*,*,#951,.F.);
#430=ORIENTED_EDGE('',*,*,#952,.T.);
#431=ORIENTED_EDGE('',*,*,#953,.F.);
#432=ORIENTED_EDGE('',*,*,#954,.F.);
#433=ORIENTED_EDGE('',*,*,#955,.F.);
#434=ORIENTED_EDGE('',*,*,#956,.F.);
#435=ORIENTED_EDGE('',*,*,#957,.F.);
#436=ORIENTED_EDGE('',*,*,#958,.F.);
#437=ORIENTED_EDGE('',*,*,#959,.F.);
#438=ORIENTED_EDGE('',*,*,#960,.T.);
#439=ORIENTED_EDGE('',*,*,#961,.F.);
#440=ORIENTED_EDGE('',*,*,#962,.F.);
#441=ORIENTED_EDGE('',*,*,#963,.F.);
#442=ORIENTED_EDGE('',*,*,#964,.F.);
#443=ORIENTED_EDGE('',*,*,#965,.F.);
#444=ORIENTED_EDGE('',*,*,#966,.T.);
#445=ORIENTED_EDGE('',*,*,#967,.T.);
#446=ORIENTED_EDGE('',*,*,#968,.T.);
#447=ORIENTED_EDGE('',*,*,#969,.F.);
#448=ORIENTED_EDGE('',*,*,#970,.F.);
#449=ORIENTED_EDGE('',*,*,#971,.T.);
#450=ORIENTED_EDGE('',*,*,#972,.T.);
#451=ORIENTED_EDGE('',*,*,#973,.T.);
#452=ORIENTED_EDGE('',*,*,#974,.F.);
#453=ORIENTED_EDGE('',*,*,#975,.F.);
#454=ORIENTED_EDGE('',*,*,#976,.T.);
#455=ORIENTED_EDGE('',*,*,#977,.T.);
#456=ORIENTED_EDGE('',*,*,#978,.F.);
#457=ORIENTED_EDGE('',*,*,#973,.F.);
#458=ORIENTED_EDGE('',*,*,#979,.T.);
#459=ORIENTED_EDGE('',*,*,#974,.T.);
#460=ORIENTED_EDGE('',*,*,#980,.F.);
#461=ORIENTED_EDGE('',*,*,#981,.T.);
#462=ORIENTED_EDGE('',*,*,#971,.F.);
#463=ORIENTED_EDGE('',*,*,#982,.T.);
#464=ORIENTED_EDGE('',*,*,#983,.T.);
#465=ORIENTED_EDGE('',*,*,#979,.F.);
#466=ORIENTED_EDGE('',*,*,#984,.T.);
#467=ORIENTED_EDGE('',*,*,#970,.T.);
#468=ORIENTED_EDGE('',*,*,#985,.T.);
#469=ORIENTED_EDGE('',*,*,#986,.F.);
#470=ORIENTED_EDGE('',*,*,#987,.F.);
#471=ORIENTED_EDGE('',*,*,#981,.F.);
#472=ORIENTED_EDGE('',*,*,#988,.T.);
#473=ORIENTED_EDGE('',*,*,#989,.T.);
#474=ORIENTED_EDGE('',*,*,#972,.F.);
#475=ORIENTED_EDGE('',*,*,#990,.T.);
#476=ORIENTED_EDGE('',*,*,#991,.F.);
#477=ORIENTED_EDGE('',*,*,#992,.F.);
#478=ORIENTED_EDGE('',*,*,#976,.F.);
#479=ORIENTED_EDGE('',*,*,#993,.F.);
#480=ORIENTED_EDGE('',*,*,#975,.T.);
#481=ORIENTED_EDGE('',*,*,#985,.F.);
#482=ORIENTED_EDGE('',*,*,#978,.T.);
#483=ORIENTED_EDGE('',*,*,#994,.F.);
#484=ORIENTED_EDGE('',*,*,#995,.F.);
#485=ORIENTED_EDGE('',*,*,#996,.F.);
#486=ORIENTED_EDGE('',*,*,#977,.F.);
#487=ORIENTED_EDGE('',*,*,#989,.F.);
#488=ORIENTED_EDGE('',*,*,#997,.T.);
#489=ORIENTED_EDGE('',*,*,#998,.F.);
#490=ORIENTED_EDGE('',*,*,#995,.T.);
#491=ORIENTED_EDGE('',*,*,#999,.F.);
#492=ORIENTED_EDGE('',*,*,#1000,.T.);
#493=ORIENTED_EDGE('',*,*,#1001,.F.);
#494=ORIENTED_EDGE('',*,*,#991,.T.);
#495=ORIENTED_EDGE('',*,*,#1002,.F.);
#496=ORIENTED_EDGE('',*,*,#980,.T.);
#497=ORIENTED_EDGE('',*,*,#992,.T.);
#498=ORIENTED_EDGE('',*,*,#1003,.F.);
#499=ORIENTED_EDGE('',*,*,#1004,.T.);
#500=ORIENTED_EDGE('',*,*,#1005,.F.);
#501=ORIENTED_EDGE('',*,*,#1006,.F.);
#502=ORIENTED_EDGE('',*,*,#1007,.T.);
#503=ORIENTED_EDGE('',*,*,#1008,.F.);
#504=ORIENTED_EDGE('',*,*,#1007,.F.);
#505=ORIENTED_EDGE('',*,*,#990,.F.);
#506=ORIENTED_EDGE('',*,*,#983,.F.);
#507=ORIENTED_EDGE('',*,*,#1009,.F.);
#508=ORIENTED_EDGE('',*,*,#987,.T.);
#509=ORIENTED_EDGE('',*,*,#1010,.F.);
#510=ORIENTED_EDGE('',*,*,#982,.F.);
#511=ORIENTED_EDGE('',*,*,#984,.F.);
#512=ORIENTED_EDGE('',*,*,#1011,.F.);
#513=ORIENTED_EDGE('',*,*,#1012,.F.);
#514=ORIENTED_EDGE('',*,*,#986,.T.);
#515=ORIENTED_EDGE('',*,*,#1004,.F.);
#516=ORIENTED_EDGE('',*,*,#1013,.F.);
#517=ORIENTED_EDGE('',*,*,#1014,.F.);
#518=ORIENTED_EDGE('',*,*,#1011,.T.);
#519=ORIENTED_EDGE('',*,*,#1015,.F.);
#520=ORIENTED_EDGE('',*,*,#1016,.T.);
#521=ORIENTED_EDGE('',*,*,#999,.T.);
#522=ORIENTED_EDGE('',*,*,#988,.F.);
#523=ORIENTED_EDGE('',*,*,#1006,.T.);
#524=ORIENTED_EDGE('',*,*,#1017,.T.);
#525=ORIENTED_EDGE('',*,*,#1018,.F.);
#526=ORIENTED_EDGE('',*,*,#1005,.T.);
#527=ORIENTED_EDGE('',*,*,#1019,.F.);
#528=ORIENTED_EDGE('',*,*,#1020,.T.);
#529=ORIENTED_EDGE('',*,*,#1021,.F.);
#530=ORIENTED_EDGE('',*,*,#997,.F.);
#531=ORIENTED_EDGE('',*,*,#1022,.F.);
#532=ORIENTED_EDGE('',*,*,#998,.T.);
#533=ORIENTED_EDGE('',*,*,#1021,.T.);
#534=ORIENTED_EDGE('',*,*,#1023,.T.);
#535=ORIENTED_EDGE('',*,*,#1024,.T.);
#536=ORIENTED_EDGE('',*,*,#1025,.T.);
#537=ORIENTED_EDGE('',*,*,#1002,.T.);
#538=ORIENTED_EDGE('',*,*,#993,.T.);
#539=ORIENTED_EDGE('',*,*,#994,.T.);
#540=ORIENTED_EDGE('',*,*,#996,.T.);
#541=ORIENTED_EDGE('',*,*,#1026,.T.);
#542=ORIENTED_EDGE('',*,*,#1027,.F.);
#543=ORIENTED_EDGE('',*,*,#1000,.F.);
#544=ORIENTED_EDGE('',*,*,#1025,.F.);
#545=ORIENTED_EDGE('',*,*,#1003,.T.);
#546=ORIENTED_EDGE('',*,*,#1001,.T.);
#547=ORIENTED_EDGE('',*,*,#1028,.F.);
#548=ORIENTED_EDGE('',*,*,#1015,.T.);
#549=ORIENTED_EDGE('',*,*,#1028,.T.);
#550=ORIENTED_EDGE('',*,*,#1027,.T.);
#551=ORIENTED_EDGE('',*,*,#956,.T.);
#552=ORIENTED_EDGE('',*,*,#1029,.T.);
#553=ORIENTED_EDGE('',*,*,#1030,.T.);
#554=ORIENTED_EDGE('',*,*,#1031,.F.);
#555=ORIENTED_EDGE('',*,*,#1013,.T.);
#556=ORIENTED_EDGE('',*,*,#1029,.F.);
#557=ORIENTED_EDGE('',*,*,#1031,.T.);
#558=ORIENTED_EDGE('',*,*,#1032,.T.);
#559=ORIENTED_EDGE('',*,*,#1033,.T.);
#560=ORIENTED_EDGE('',*,*,#1019,.T.);
#561=ORIENTED_EDGE('',*,*,#1008,.T.);
#562=ORIENTED_EDGE('',*,*,#1009,.T.);
#563=ORIENTED_EDGE('',*,*,#1010,.T.);
#564=ORIENTED_EDGE('',*,*,#1012,.T.);
#565=ORIENTED_EDGE('',*,*,#1014,.T.);
#566=ORIENTED_EDGE('',*,*,#1034,.T.);
#567=ORIENTED_EDGE('',*,*,#1022,.T.);
#568=ORIENTED_EDGE('',*,*,#1016,.F.);
#569=ORIENTED_EDGE('',*,*,#1018,.T.);
#570=ORIENTED_EDGE('',*,*,#953,.T.);
#571=ORIENTED_EDGE('',*,*,#1035,.F.);
#572=ORIENTED_EDGE('',*,*,#1036,.T.);
#573=ORIENTED_EDGE('',*,*,#1037,.T.);
#574=ORIENTED_EDGE('',*,*,#954,.T.);
#575=ORIENTED_EDGE('',*,*,#1036,.F.);
#576=ORIENTED_EDGE('',*,*,#1032,.F.);
#577=ORIENTED_EDGE('',*,*,#1030,.F.);
#578=ORIENTED_EDGE('',*,*,#955,.T.);
#579=ORIENTED_EDGE('',*,*,#1037,.F.);
#580=ORIENTED_EDGE('',*,*,#1035,.T.);
#581=ORIENTED_EDGE('',*,*,#1038,.F.);
#582=ORIENTED_EDGE('',*,*,#1017,.F.);
#583=ORIENTED_EDGE('',*,*,#1033,.F.);
#584=ORIENTED_EDGE('',*,*,#952,.F.);
#585=ORIENTED_EDGE('',*,*,#1039,.T.);
#586=ORIENTED_EDGE('',*,*,#1034,.F.);
#587=ORIENTED_EDGE('',*,*,#1038,.T.);
#588=ORIENTED_EDGE('',*,*,#1040,.T.);
#589=ORIENTED_EDGE('',*,*,#1023,.F.);
#590=ORIENTED_EDGE('',*,*,#1020,.F.);
#591=ORIENTED_EDGE('',*,*,#1039,.F.);
#592=ORIENTED_EDGE('',*,*,#1041,.F.);
#593=ORIENTED_EDGE('',*,*,#1040,.F.);
#594=ORIENTED_EDGE('',*,*,#951,.T.);
#595=ORIENTED_EDGE('',*,*,#957,.T.);
#596=ORIENTED_EDGE('',*,*,#1026,.F.);
#597=ORIENTED_EDGE('',*,*,#1042,.T.);
#598=ORIENTED_EDGE('',*,*,#1042,.F.);
#599=ORIENTED_EDGE('',*,*,#1024,.F.);
#600=ORIENTED_EDGE('',*,*,#1041,.T.);
#601=ORIENTED_EDGE('',*,*,#950,.T.);
#602=ORIENTED_EDGE('',*,*,#1043,.F.);
#603=ORIENTED_EDGE('',*,*,#1044,.T.);
#604=ORIENTED_EDGE('',*,*,#1045,.T.);
#605=ORIENTED_EDGE('',*,*,#1046,.T.);
#606=ORIENTED_EDGE('',*,*,#1047,.F.);
#607=ORIENTED_EDGE('',*,*,#1048,.F.);
#608=ORIENTED_EDGE('',*,*,#1049,.T.);
#609=ORIENTED_EDGE('',*,*,#1050,.T.);
#610=ORIENTED_EDGE('',*,*,#1051,.F.);
#611=ORIENTED_EDGE('',*,*,#1046,.F.);
#612=ORIENTED_EDGE('',*,*,#1052,.T.);
#613=ORIENTED_EDGE('',*,*,#1047,.T.);
#614=ORIENTED_EDGE('',*,*,#1053,.F.);
#615=ORIENTED_EDGE('',*,*,#1054,.T.);
#616=ORIENTED_EDGE('',*,*,#1044,.F.);
#617=ORIENTED_EDGE('',*,*,#1055,.T.);
#618=ORIENTED_EDGE('',*,*,#1056,.T.);
#619=ORIENTED_EDGE('',*,*,#1052,.F.);
#620=ORIENTED_EDGE('',*,*,#1057,.T.);
#621=ORIENTED_EDGE('',*,*,#1043,.T.);
#622=ORIENTED_EDGE('',*,*,#1058,.T.);
#623=ORIENTED_EDGE('',*,*,#1059,.F.);
#624=ORIENTED_EDGE('',*,*,#1060,.F.);
#625=ORIENTED_EDGE('',*,*,#1054,.F.);
#626=ORIENTED_EDGE('',*,*,#1061,.T.);
#627=ORIENTED_EDGE('',*,*,#1062,.T.);
#628=ORIENTED_EDGE('',*,*,#1045,.F.);
#629=ORIENTED_EDGE('',*,*,#1063,.T.);
#630=ORIENTED_EDGE('',*,*,#1064,.F.);
#631=ORIENTED_EDGE('',*,*,#1065,.F.);
#632=ORIENTED_EDGE('',*,*,#1049,.F.);
#633=ORIENTED_EDGE('',*,*,#1066,.F.);
#634=ORIENTED_EDGE('',*,*,#1048,.T.);
#635=ORIENTED_EDGE('',*,*,#1058,.F.);
#636=ORIENTED_EDGE('',*,*,#1051,.T.);
#637=ORIENTED_EDGE('',*,*,#1067,.F.);
#638=ORIENTED_EDGE('',*,*,#1068,.F.);
#639=ORIENTED_EDGE('',*,*,#1069,.F.);
#640=ORIENTED_EDGE('',*,*,#1050,.F.);
#641=ORIENTED_EDGE('',*,*,#1062,.F.);
#642=ORIENTED_EDGE('',*,*,#1070,.T.);
#643=ORIENTED_EDGE('',*,*,#1071,.F.);
#644=ORIENTED_EDGE('',*,*,#1068,.T.);
#645=ORIENTED_EDGE('',*,*,#1072,.F.);
#646=ORIENTED_EDGE('',*,*,#1073,.T.);
#647=ORIENTED_EDGE('',*,*,#1074,.F.);
#648=ORIENTED_EDGE('',*,*,#1064,.T.);
#649=ORIENTED_EDGE('',*,*,#1075,.F.);
#650=ORIENTED_EDGE('',*,*,#1053,.T.);
#651=ORIENTED_EDGE('',*,*,#1065,.T.);
#652=ORIENTED_EDGE('',*,*,#1076,.F.);
#653=ORIENTED_EDGE('',*,*,#1077,.T.);
#654=ORIENTED_EDGE('',*,*,#1078,.F.);
#655=ORIENTED_EDGE('',*,*,#1079,.F.);
#656=ORIENTED_EDGE('',*,*,#1080,.T.);
#657=ORIENTED_EDGE('',*,*,#1081,.F.);
#658=ORIENTED_EDGE('',*,*,#1080,.F.);
#659=ORIENTED_EDGE('',*,*,#1063,.F.);
#660=ORIENTED_EDGE('',*,*,#1056,.F.);
#661=ORIENTED_EDGE('',*,*,#1082,.F.);
#662=ORIENTED_EDGE('',*,*,#1060,.T.);
#663=ORIENTED_EDGE('',*,*,#1083,.F.);
#664=ORIENTED_EDGE('',*,*,#1055,.F.);
#665=ORIENTED_EDGE('',*,*,#1057,.F.);
#666=ORIENTED_EDGE('',*,*,#1084,.F.);
#667=ORIENTED_EDGE('',*,*,#1085,.F.);
#668=ORIENTED_EDGE('',*,*,#1059,.T.);
#669=ORIENTED_EDGE('',*,*,#1077,.F.);
#670=ORIENTED_EDGE('',*,*,#1086,.F.);
#671=ORIENTED_EDGE('',*,*,#1087,.F.);
#672=ORIENTED_EDGE('',*,*,#1084,.T.);
#673=ORIENTED_EDGE('',*,*,#1088,.F.);
#674=ORIENTED_EDGE('',*,*,#1089,.T.);
#675=ORIENTED_EDGE('',*,*,#1072,.T.);
#676=ORIENTED_EDGE('',*,*,#1061,.F.);
#677=ORIENTED_EDGE('',*,*,#1079,.T.);
#678=ORIENTED_EDGE('',*,*,#1090,.T.);
#679=ORIENTED_EDGE('',*,*,#1091,.F.);
#680=ORIENTED_EDGE('',*,*,#1078,.T.);
#681=ORIENTED_EDGE('',*,*,#1092,.F.);
#682=ORIENTED_EDGE('',*,*,#1093,.T.);
#683=ORIENTED_EDGE('',*,*,#1094,.F.);
#684=ORIENTED_EDGE('',*,*,#1070,.F.);
#685=ORIENTED_EDGE('',*,*,#1095,.F.);
#686=ORIENTED_EDGE('',*,*,#1071,.T.);
#687=ORIENTED_EDGE('',*,*,#1094,.T.);
#688=ORIENTED_EDGE('',*,*,#1096,.T.);
#689=ORIENTED_EDGE('',*,*,#1097,.T.);
#690=ORIENTED_EDGE('',*,*,#1098,.T.);
#691=ORIENTED_EDGE('',*,*,#1075,.T.);
#692=ORIENTED_EDGE('',*,*,#1066,.T.);
#693=ORIENTED_EDGE('',*,*,#1067,.T.);
#694=ORIENTED_EDGE('',*,*,#1069,.T.);
#695=ORIENTED_EDGE('',*,*,#1099,.T.);
#696=ORIENTED_EDGE('',*,*,#1100,.F.);
#697=ORIENTED_EDGE('',*,*,#1073,.F.);
#698=ORIENTED_EDGE('',*,*,#1098,.F.);
#699=ORIENTED_EDGE('',*,*,#1076,.T.);
#700=ORIENTED_EDGE('',*,*,#1074,.T.);
#701=ORIENTED_EDGE('',*,*,#1101,.F.);
#702=ORIENTED_EDGE('',*,*,#1088,.T.);
#703=ORIENTED_EDGE('',*,*,#1101,.T.);
#704=ORIENTED_EDGE('',*,*,#1100,.T.);
#705=ORIENTED_EDGE('',*,*,#948,.T.);
#706=ORIENTED_EDGE('',*,*,#1102,.T.);
#707=ORIENTED_EDGE('',*,*,#1103,.T.);
#708=ORIENTED_EDGE('',*,*,#1104,.F.);
#709=ORIENTED_EDGE('',*,*,#1086,.T.);
#710=ORIENTED_EDGE('',*,*,#1102,.F.);
#711=ORIENTED_EDGE('',*,*,#1104,.T.);
#712=ORIENTED_EDGE('',*,*,#1105,.T.);
#713=ORIENTED_EDGE('',*,*,#1106,.T.);
#714=ORIENTED_EDGE('',*,*,#1092,.T.);
#715=ORIENTED_EDGE('',*,*,#1081,.T.);
#716=ORIENTED_EDGE('',*,*,#1082,.T.);
#717=ORIENTED_EDGE('',*,*,#1083,.T.);
#718=ORIENTED_EDGE('',*,*,#1085,.T.);
#719=ORIENTED_EDGE('',*,*,#1087,.T.);
#720=ORIENTED_EDGE('',*,*,#1107,.T.);
#721=ORIENTED_EDGE('',*,*,#1095,.T.);
#722=ORIENTED_EDGE('',*,*,#1089,.F.);
#723=ORIENTED_EDGE('',*,*,#1091,.T.);
#724=ORIENTED_EDGE('',*,*,#945,.T.);
#725=ORIENTED_EDGE('',*,*,#1108,.F.);
#726=ORIENTED_EDGE('',*,*,#1109,.T.);
#727=ORIENTED_EDGE('',*,*,#1110,.T.);
#728=ORIENTED_EDGE('',*,*,#946,.T.);
#729=ORIENTED_EDGE('',*,*,#1109,.F.);
#730=ORIENTED_EDGE('',*,*,#1105,.F.);
#731=ORIENTED_EDGE('',*,*,#1103,.F.);
#732=ORIENTED_EDGE('',*,*,#947,.T.);
#733=ORIENTED_EDGE('',*,*,#1110,.F.);
#734=ORIENTED_EDGE('',*,*,#1108,.T.);
#735=ORIENTED_EDGE('',*,*,#1111,.F.);
#736=ORIENTED_EDGE('',*,*,#1090,.F.);
#737=ORIENTED_EDGE('',*,*,#1106,.F.);
#738=ORIENTED_EDGE('',*,*,#944,.F.);
#739=ORIENTED_EDGE('',*,*,#1112,.T.);
#740=ORIENTED_EDGE('',*,*,#1107,.F.);
#741=ORIENTED_EDGE('',*,*,#1111,.T.);
#742=ORIENTED_EDGE('',*,*,#1113,.T.);
#743=ORIENTED_EDGE('',*,*,#1096,.F.);
#744=ORIENTED_EDGE('',*,*,#1093,.F.);
#745=ORIENTED_EDGE('',*,*,#1112,.F.);
#746=ORIENTED_EDGE('',*,*,#1114,.F.);
#747=ORIENTED_EDGE('',*,*,#1113,.F.);
#748=ORIENTED_EDGE('',*,*,#943,.T.);
#749=ORIENTED_EDGE('',*,*,#949,.T.);
#750=ORIENTED_EDGE('',*,*,#1099,.F.);
#751=ORIENTED_EDGE('',*,*,#1115,.T.);
#752=ORIENTED_EDGE('',*,*,#1115,.F.);
#753=ORIENTED_EDGE('',*,*,#1097,.F.);
#754=ORIENTED_EDGE('',*,*,#1114,.T.);
#755=ORIENTED_EDGE('',*,*,#942,.T.);
#756=ORIENTED_EDGE('',*,*,#960,.F.);
#757=ORIENTED_EDGE('',*,*,#1116,.T.);
#758=ORIENTED_EDGE('',*,*,#1117,.F.);
#759=ORIENTED_EDGE('',*,*,#1118,.T.);
#760=ORIENTED_EDGE('',*,*,#1119,.T.);
#761=ORIENTED_EDGE('',*,*,#1120,.T.);
#762=ORIENTED_EDGE('',*,*,#964,.T.);
#763=ORIENTED_EDGE('',*,*,#1121,.T.);
#764=ORIENTED_EDGE('',*,*,#1122,.T.);
#765=ORIENTED_EDGE('',*,*,#1123,.T.);
#766=ORIENTED_EDGE('',*,*,#1119,.F.);
#767=ORIENTED_EDGE('',*,*,#1124,.T.);
#768=ORIENTED_EDGE('',*,*,#1125,.T.);
#769=ORIENTED_EDGE('',*,*,#1126,.T.);
#770=ORIENTED_EDGE('',*,*,#1122,.F.);
#771=ORIENTED_EDGE('',*,*,#1127,.T.);
#772=ORIENTED_EDGE('',*,*,#1128,.T.);
#773=ORIENTED_EDGE('',*,*,#1129,.T.);
#774=ORIENTED_EDGE('',*,*,#1125,.F.);
#775=ORIENTED_EDGE('',*,*,#1130,.T.);
#776=ORIENTED_EDGE('',*,*,#1128,.F.);
#777=ORIENTED_EDGE('',*,*,#1131,.T.);
#778=ORIENTED_EDGE('',*,*,#1132,.T.);
#779=ORIENTED_EDGE('',*,*,#1133,.T.);
#780=ORIENTED_EDGE('',*,*,#1132,.F.);
#781=ORIENTED_EDGE('',*,*,#1134,.T.);
#782=ORIENTED_EDGE('',*,*,#1135,.T.);
#783=ORIENTED_EDGE('',*,*,#1136,.T.);
#784=ORIENTED_EDGE('',*,*,#1137,.T.);
#785=ORIENTED_EDGE('',*,*,#1138,.T.);
#786=ORIENTED_EDGE('',*,*,#1135,.F.);
#787=ORIENTED_EDGE('',*,*,#1139,.T.);
#788=ORIENTED_EDGE('',*,*,#1140,.T.);
#789=ORIENTED_EDGE('',*,*,#1141,.T.);
#790=ORIENTED_EDGE('',*,*,#1137,.F.);
#791=ORIENTED_EDGE('',*,*,#1142,.T.);
#792=ORIENTED_EDGE('',*,*,#1117,.T.);
#793=ORIENTED_EDGE('',*,*,#1143,.T.);
#794=ORIENTED_EDGE('',*,*,#1140,.F.);
#795=ORIENTED_EDGE('',*,*,#1144,.T.);
#796=ORIENTED_EDGE('',*,*,#1145,.T.);
#797=ORIENTED_EDGE('',*,*,#1146,.T.);
#798=ORIENTED_EDGE('',*,*,#1147,.T.);
#799=ORIENTED_EDGE('',*,*,#1148,.T.);
#800=ORIENTED_EDGE('',*,*,#1149,.T.);
#801=ORIENTED_EDGE('',*,*,#1150,.T.);
#802=ORIENTED_EDGE('',*,*,#1151,.T.);
#803=ORIENTED_EDGE('',*,*,#1152,.T.);
#804=ORIENTED_EDGE('',*,*,#1153,.T.);
#805=ORIENTED_EDGE('',*,*,#1154,.T.);
#806=ORIENTED_EDGE('',*,*,#1155,.T.);
#807=ORIENTED_EDGE('',*,*,#1156,.T.);
#808=ORIENTED_EDGE('',*,*,#1157,.T.);
#809=ORIENTED_EDGE('',*,*,#1158,.T.);
#810=ORIENTED_EDGE('',*,*,#1159,.T.);
#811=ORIENTED_EDGE('',*,*,#1160,.T.);
#812=ORIENTED_EDGE('',*,*,#1161,.T.);
#813=ORIENTED_EDGE('',*,*,#1162,.T.);
#814=ORIENTED_EDGE('',*,*,#1163,.F.);
#815=ORIENTED_EDGE('',*,*,#1148,.F.);
#816=ORIENTED_EDGE('',*,*,#1164,.T.);
#817=ORIENTED_EDGE('',*,*,#958,.T.);
#818=ORIENTED_EDGE('',*,*,#1164,.F.);
#819=ORIENTED_EDGE('',*,*,#1165,.F.);
#820=ORIENTED_EDGE('',*,*,#959,.T.);
#821=ORIENTED_EDGE('',*,*,#965,.T.);
#822=ORIENTED_EDGE('',*,*,#1166,.F.);
#823=ORIENTED_EDGE('',*,*,#1163,.T.);
#824=ORIENTED_EDGE('',*,*,#1165,.T.);
#825=ORIENTED_EDGE('',*,*,#1147,.F.);
#826=ORIENTED_EDGE('',*,*,#1167,.F.);
#827=ORIENTED_EDGE('',*,*,#1116,.F.);
#828=ORIENTED_EDGE('',*,*,#1166,.T.);
#829=ORIENTED_EDGE('',*,*,#1120,.F.);
#830=ORIENTED_EDGE('',*,*,#1168,.F.);
#831=ORIENTED_EDGE('',*,*,#1149,.F.);
#832=ORIENTED_EDGE('',*,*,#1167,.T.);
#833=ORIENTED_EDGE('',*,*,#1146,.F.);
#834=ORIENTED_EDGE('',*,*,#1169,.F.);
#835=ORIENTED_EDGE('',*,*,#1143,.F.);
#836=ORIENTED_EDGE('',*,*,#1168,.T.);
#837=ORIENTED_EDGE('',*,*,#1123,.F.);
#838=ORIENTED_EDGE('',*,*,#1170,.T.);
#839=ORIENTED_EDGE('',*,*,#1150,.F.);
#840=ORIENTED_EDGE('',*,*,#1169,.T.);
#841=ORIENTED_EDGE('',*,*,#1145,.F.);
#842=ORIENTED_EDGE('',*,*,#1171,.T.);
#843=ORIENTED_EDGE('',*,*,#1141,.F.);
#844=ORIENTED_EDGE('',*,*,#1170,.F.);
#845=ORIENTED_EDGE('',*,*,#1126,.F.);
#846=ORIENTED_EDGE('',*,*,#1172,.F.);
#847=ORIENTED_EDGE('',*,*,#1151,.F.);
#848=ORIENTED_EDGE('',*,*,#1171,.F.);
#849=ORIENTED_EDGE('',*,*,#1153,.F.);
#850=ORIENTED_EDGE('',*,*,#1173,.F.);
#851=ORIENTED_EDGE('',*,*,#1138,.F.);
#852=ORIENTED_EDGE('',*,*,#1129,.F.);
#853=ORIENTED_EDGE('',*,*,#1174,.F.);
#854=ORIENTED_EDGE('',*,*,#1172,.T.);
#855=ORIENTED_EDGE('',*,*,#1173,.T.);
#856=ORIENTED_EDGE('',*,*,#1175,.F.);
#857=ORIENTED_EDGE('',*,*,#1136,.F.);
#858=ORIENTED_EDGE('',*,*,#1174,.T.);
#859=ORIENTED_EDGE('',*,*,#1133,.F.);
#860=ORIENTED_EDGE('',*,*,#1175,.T.);
#861=ORIENTED_EDGE('',*,*,#1152,.F.);
#862=ORIENTED_EDGE('',*,*,#1176,.F.);
#863=ORIENTED_EDGE('',*,*,#963,.T.);
#864=ORIENTED_EDGE('',*,*,#1177,.F.);
#865=ORIENTED_EDGE('',*,*,#1177,.T.);
#866=ORIENTED_EDGE('',*,*,#962,.T.);
#867=ORIENTED_EDGE('',*,*,#1178,.F.);
#868=ORIENTED_EDGE('',*,*,#1155,.F.);
#869=ORIENTED_EDGE('',*,*,#1176,.T.);
#870=ORIENTED_EDGE('',*,*,#1154,.F.);
#871=ORIENTED_EDGE('',*,*,#1179,.T.);
#872=ORIENTED_EDGE('',*,*,#1121,.F.);
#873=ORIENTED_EDGE('',*,*,#961,.T.);
#874=ORIENTED_EDGE('',*,*,#1180,.F.);
#875=ORIENTED_EDGE('',*,*,#1178,.T.);
#876=ORIENTED_EDGE('',*,*,#1179,.F.);
#877=ORIENTED_EDGE('',*,*,#1162,.F.);
#878=ORIENTED_EDGE('',*,*,#1181,.T.);
#879=ORIENTED_EDGE('',*,*,#1124,.F.);
#880=ORIENTED_EDGE('',*,*,#1180,.T.);
#881=ORIENTED_EDGE('',*,*,#1118,.F.);
#882=ORIENTED_EDGE('',*,*,#1182,.F.);
#883=ORIENTED_EDGE('',*,*,#1156,.F.);
#884=ORIENTED_EDGE('',*,*,#1181,.F.);
#885=ORIENTED_EDGE('',*,*,#1161,.F.);
#886=ORIENTED_EDGE('',*,*,#1183,.T.);
#887=ORIENTED_EDGE('',*,*,#1127,.F.);
#888=ORIENTED_EDGE('',*,*,#1182,.T.);
#889=ORIENTED_EDGE('',*,*,#1144,.F.);
#890=ORIENTED_EDGE('',*,*,#1184,.T.);
#891=ORIENTED_EDGE('',*,*,#1157,.F.);
#892=ORIENTED_EDGE('',*,*,#1183,.F.);
#893=ORIENTED_EDGE('',*,*,#1185,.F.);
#894=ORIENTED_EDGE('',*,*,#1130,.F.);
#895=ORIENTED_EDGE('',*,*,#1184,.F.);
#896=ORIENTED_EDGE('',*,*,#1142,.F.);
#897=ORIENTED_EDGE('',*,*,#1186,.T.);
#898=ORIENTED_EDGE('',*,*,#1158,.F.);
#899=ORIENTED_EDGE('',*,*,#1185,.T.);
#900=ORIENTED_EDGE('',*,*,#1160,.F.);
#901=ORIENTED_EDGE('',*,*,#1187,.F.);
#902=ORIENTED_EDGE('',*,*,#1131,.F.);
#903=ORIENTED_EDGE('',*,*,#1186,.F.);
#904=ORIENTED_EDGE('',*,*,#1139,.F.);
#905=ORIENTED_EDGE('',*,*,#1188,.F.);
#906=ORIENTED_EDGE('',*,*,#1159,.F.);
#907=ORIENTED_EDGE('',*,*,#1134,.F.);
#908=ORIENTED_EDGE('',*,*,#1187,.T.);
#909=ORIENTED_EDGE('',*,*,#1188,.T.);
#910=ORIENTED_EDGE('',*,*,#1189,.T.);
#911=ORIENTED_EDGE('',*,*,#1190,.F.);
#912=ORIENTED_EDGE('',*,*,#1191,.T.);
#913=ORIENTED_EDGE('',*,*,#1189,.F.);
#914=ORIENTED_EDGE('',*,*,#1192,.T.);
#915=ORIENTED_EDGE('',*,*,#1193,.T.);
#916=ORIENTED_EDGE('',*,*,#1194,.T.);
#917=ORIENTED_EDGE('',*,*,#1195,.T.);
#918=ORIENTED_EDGE('',*,*,#1196,.T.);
#919=ORIENTED_EDGE('',*,*,#1195,.F.);
#920=ORIENTED_EDGE('',*,*,#969,.T.);
#921=ORIENTED_EDGE('',*,*,#1196,.F.);
#922=ORIENTED_EDGE('',*,*,#1197,.T.);
#923=ORIENTED_EDGE('',*,*,#1198,.T.);
#924=ORIENTED_EDGE('',*,*,#1199,.T.);
#925=ORIENTED_EDGE('',*,*,#1200,.T.);
#926=ORIENTED_EDGE('',*,*,#1190,.T.);
#927=ORIENTED_EDGE('',*,*,#1200,.F.);
#928=ORIENTED_EDGE('',*,*,#1199,.F.);
#929=ORIENTED_EDGE('',*,*,#1197,.F.);
#930=ORIENTED_EDGE('',*,*,#968,.F.);
#931=ORIENTED_EDGE('',*,*,#940,.F.);
#932=ORIENTED_EDGE('',*,*,#1194,.F.);
#933=ORIENTED_EDGE('',*,*,#1192,.F.);
#934=ORIENTED_EDGE('',*,*,#1193,.F.);
#935=ORIENTED_EDGE('',*,*,#1191,.F.);
#936=ORIENTED_EDGE('',*,*,#941,.F.);
#937=ORIENTED_EDGE('',*,*,#966,.F.);
#938=ORIENTED_EDGE('',*,*,#967,.F.);
#939=ORIENTED_EDGE('',*,*,#1198,.F.);
#940=EDGE_CURVE('',#1201,#1201,#1351,.F.);
#941=EDGE_CURVE('',#1202,#1202,#1352,.T.);
#942=EDGE_CURVE('',#1203,#1204,#232,.T.);
#943=EDGE_CURVE('',#1205,#1203,#196,.F.);
#944=EDGE_CURVE('',#1205,#1206,#233,.T.);
#945=EDGE_CURVE('',#1207,#1206,#197,.T.);
#946=EDGE_CURVE('',#1208,#1207,#234,.F.);
#947=EDGE_CURVE('',#1209,#1208,#198,.F.);
#948=EDGE_CURVE('',#1210,#1209,#235,.T.);
#949=EDGE_CURVE('',#1204,#1210,#199,.T.);
#950=EDGE_CURVE('',#1211,#1212,#236,.T.);
#951=EDGE_CURVE('',#1213,#1211,#200,.F.);
#952=EDGE_CURVE('',#1213,#1214,#237,.T.);
#953=EDGE_CURVE('',#1215,#1214,#201,.T.);
#954=EDGE_CURVE('',#1216,#1215,#238,.F.);
#955=EDGE_CURVE('',#1217,#1216,#202,.F.);
#956=EDGE_CURVE('',#1218,#1217,#239,.T.);
#957=EDGE_CURVE('',#1212,#1218,#203,.T.);
#958=EDGE_CURVE('',#1219,#1220,#240,.T.);
#959=EDGE_CURVE('',#1221,#1219,#204,.F.);
#960=EDGE_CURVE('',#1221,#1222,#241,.T.);
#961=EDGE_CURVE('',#1223,#1222,#205,.T.);
#962=EDGE_CURVE('',#1224,#1223,#242,.F.);
#963=EDGE_CURVE('',#1225,#1224,#206,.F.);
#964=EDGE_CURVE('',#1226,#1225,#243,.T.);
#965=EDGE_CURVE('',#1220,#1226,#207,.T.);
#966=EDGE_CURVE('',#1227,#1227,#1353,.F.);
#967=EDGE_CURVE('',#1228,#1228,#1354,.T.);
#968=EDGE_CURVE('',#1229,#1229,#1355,.T.);
#969=EDGE_CURVE('',#1230,#1230,#1356,.T.);
#970=EDGE_CURVE('',#1231,#1232,#244,.F.);
#971=EDGE_CURVE('',#1231,#1233,#1357,.F.);
#972=EDGE_CURVE('',#1233,#1234,#245,.F.);
#973=EDGE_CURVE('',#1234,#1232,#1358,.F.);
#974=EDGE_CURVE('',#1235,#1236,#1359,.F.);
#975=EDGE_CURVE('',#1237,#1235,#208,.F.);
#976=EDGE_CURVE('',#1237,#1236,#209,.F.);
#977=EDGE_CURVE('',#1234,#1238,#109,.F.);
#978=EDGE_CURVE('',#1232,#1238,#110,.F.);
#979=EDGE_CURVE('',#1239,#1235,#246,.F.);
#980=EDGE_CURVE('',#1240,#1236,#247,.F.);
#981=EDGE_CURVE('',#1240,#1239,#1360,.F.);
#982=EDGE_CURVE('',#1231,#1241,#111,.F.);
#983=EDGE_CURVE('',#1241,#1233,#112,.T.);
#984=EDGE_CURVE('',#1239,#1231,#248,.T.);
#985=EDGE_CURVE('',#1232,#1235,#249,.F.);
#986=EDGE_CURVE('',#1242,#1240,#210,.F.);
#987=EDGE_CURVE('',#1239,#1242,#211,.T.);
#988=EDGE_CURVE('',#1243,#1244,#250,.F.);
#989=EDGE_CURVE('',#1244,#1234,#251,.F.);
#990=EDGE_CURVE('',#1233,#1243,#252,.T.);
#991=EDGE_CURVE('',#1245,#1246,#1361,.T.);
#992=EDGE_CURVE('',#1236,#1245,#1362,.F.);
#993=EDGE_CURVE('',#1246,#1237,#1363,.T.);
#994=EDGE_CURVE('',#1237,#1238,#253,.T.);
#995=EDGE_CURVE('',#1247,#1244,#1364,.T.);
#996=EDGE_CURVE('',#1238,#1247,#254,.T.);
#997=EDGE_CURVE('',#1248,#1249,#1365,.F.);
#998=EDGE_CURVE('',#1247,#1249,#1366,.F.);
#999=EDGE_CURVE('',#1248,#1244,#1367,.T.);
#1000=EDGE_CURVE('',#1250,#1251,#1368,.F.);
#1001=EDGE_CURVE('',#1245,#1251,#255,.F.);
#1002=EDGE_CURVE('',#1250,#1246,#256,.T.);
#1003=EDGE_CURVE('',#1252,#1245,#257,.F.);
#1004=EDGE_CURVE('',#1252,#1240,#1369,.T.);
#1005=EDGE_CURVE('',#1253,#1254,#1370,.T.);
#1006=EDGE_CURVE('',#1243,#1253,#1371,.F.);
#1007=EDGE_CURVE('',#1243,#1255,#1372,.T.);
#1008=EDGE_CURVE('',#1254,#1255,#1373,.T.);
#1009=EDGE_CURVE('',#1255,#1241,#258,.F.);
#1010=EDGE_CURVE('',#1241,#1242,#259,.F.);
#1011=EDGE_CURVE('',#1256,#1252,#1374,.T.);
#1012=EDGE_CURVE('',#1242,#1256,#1375,.F.);
#1013=EDGE_CURVE('',#1257,#1258,#1376,.T.);
#1014=EDGE_CURVE('',#1256,#1257,#260,.F.);
#1015=EDGE_CURVE('',#1258,#1252,#261,.T.);
#1016=EDGE_CURVE('',#1253,#1248,#262,.F.);
#1017=EDGE_CURVE('',#1259,#1260,#1377,.F.);
#1018=EDGE_CURVE('',#1253,#1260,#263,.T.);
#1019=EDGE_CURVE('',#1259,#1254,#264,.F.);
#1020=EDGE_CURVE('',#1261,#1262,#1378,.F.);
#1021=EDGE_CURVE('',#1249,#1262,#265,.T.);
#1022=EDGE_CURVE('',#1261,#1248,#266,.F.);
#1023=EDGE_CURVE('',#1262,#1263,#1379,.T.);
#1024=EDGE_CURVE('',#1263,#1264,#267,.T.);
#1025=EDGE_CURVE('',#1264,#1250,#1380,.T.);
#1026=EDGE_CURVE('',#1264,#1218,#212,.T.);
#1027=EDGE_CURVE('',#1251,#1218,#1381,.F.);
#1028=EDGE_CURVE('',#1258,#1251,#268,.F.);
#1029=EDGE_CURVE('',#1217,#1258,#1382,.T.);
#1030=EDGE_CURVE('',#1217,#1265,#213,.F.);
#1031=EDGE_CURVE('',#1257,#1265,#1383,.F.);
#1032=EDGE_CURVE('',#1265,#1266,#269,.F.);
#1033=EDGE_CURVE('',#1266,#1259,#1384,.F.);
#1034=EDGE_CURVE('',#1260,#1261,#270,.F.);
#1035=EDGE_CURVE('',#1266,#1214,#214,.T.);
#1036=EDGE_CURVE('',#1266,#1215,#1385,.F.);
#1037=EDGE_CURVE('',#1265,#1216,#1386,.F.);
#1038=EDGE_CURVE('',#1260,#1214,#1387,.T.);
#1039=EDGE_CURVE('',#1213,#1261,#1388,.F.);
#1040=EDGE_CURVE('',#1213,#1263,#215,.F.);
#1041=EDGE_CURVE('',#1263,#1211,#1389,.T.);
#1042=EDGE_CURVE('',#1264,#1212,#1390,.F.);
#1043=EDGE_CURVE('',#1267,#1268,#271,.F.);
#1044=EDGE_CURVE('',#1267,#1269,#1391,.F.);
#1045=EDGE_CURVE('',#1269,#1270,#272,.F.);
#1046=EDGE_CURVE('',#1270,#1268,#1392,.F.);
#1047=EDGE_CURVE('',#1271,#1272,#1393,.F.);
#1048=EDGE_CURVE('',#1273,#1271,#216,.F.);
#1049=EDGE_CURVE('',#1273,#1272,#217,.F.);
#1050=EDGE_CURVE('',#1270,#1274,#113,.F.);
#1051=EDGE_CURVE('',#1268,#1274,#114,.F.);
#1052=EDGE_CURVE('',#1275,#1271,#273,.F.);
#1053=EDGE_CURVE('',#1276,#1272,#274,.F.);
#1054=EDGE_CURVE('',#1276,#1275,#1394,.F.);
#1055=EDGE_CURVE('',#1267,#1277,#115,.F.);
#1056=EDGE_CURVE('',#1277,#1269,#116,.T.);
#1057=EDGE_CURVE('',#1275,#1267,#275,.T.);
#1058=EDGE_CURVE('',#1268,#1271,#276,.F.);
#1059=EDGE_CURVE('',#1278,#1276,#218,.F.);
#1060=EDGE_CURVE('',#1275,#1278,#219,.T.);
#1061=EDGE_CURVE('',#1279,#1280,#277,.F.);
#1062=EDGE_CURVE('',#1280,#1270,#278,.F.);
#1063=EDGE_CURVE('',#1269,#1279,#279,.T.);
#1064=EDGE_CURVE('',#1281,#1282,#1395,.T.);
#1065=EDGE_CURVE('',#1272,#1281,#1396,.F.);
#1066=EDGE_CURVE('',#1282,#1273,#1397,.T.);
#1067=EDGE_CURVE('',#1273,#1274,#280,.T.);
#1068=EDGE_CURVE('',#1283,#1280,#1398,.T.);
#1069=EDGE_CURVE('',#1274,#1283,#281,.T.);
#1070=EDGE_CURVE('',#1284,#1285,#1399,.F.);
#1071=EDGE_CURVE('',#1283,#1285,#1400,.F.);
#1072=EDGE_CURVE('',#1284,#1280,#1401,.T.);
#1073=EDGE_CURVE('',#1286,#1287,#1402,.F.);
#1074=EDGE_CURVE('',#1281,#1287,#282,.F.);
#1075=EDGE_CURVE('',#1286,#1282,#283,.T.);
#1076=EDGE_CURVE('',#1288,#1281,#284,.F.);
#1077=EDGE_CURVE('',#1288,#1276,#1403,.T.);
#1078=EDGE_CURVE('',#1289,#1290,#1404,.T.);
#1079=EDGE_CURVE('',#1279,#1289,#1405,.F.);
#1080=EDGE_CURVE('',#1279,#1291,#1406,.T.);
#1081=EDGE_CURVE('',#1290,#1291,#1407,.T.);
#1082=EDGE_CURVE('',#1291,#1277,#285,.F.);
#1083=EDGE_CURVE('',#1277,#1278,#286,.F.);
#1084=EDGE_CURVE('',#1292,#1288,#1408,.T.);
#1085=EDGE_CURVE('',#1278,#1292,#1409,.F.);
#1086=EDGE_CURVE('',#1293,#1294,#1410,.T.);
#1087=EDGE_CURVE('',#1292,#1293,#287,.F.);
#1088=EDGE_CURVE('',#1294,#1288,#288,.T.);
#1089=EDGE_CURVE('',#1289,#1284,#289,.F.);
#1090=EDGE_CURVE('',#1295,#1296,#1411,.F.);
#1091=EDGE_CURVE('',#1289,#1296,#290,.T.);
#1092=EDGE_CURVE('',#1295,#1290,#291,.F.);
#1093=EDGE_CURVE('',#1297,#1298,#1412,.F.);
#1094=EDGE_CURVE('',#1285,#1298,#292,.T.);
#1095=EDGE_CURVE('',#1297,#1284,#293,.F.);
#1096=EDGE_CURVE('',#1298,#1299,#1413,.T.);
#1097=EDGE_CURVE('',#1299,#1300,#294,.T.);
#1098=EDGE_CURVE('',#1300,#1286,#1414,.T.);
#1099=EDGE_CURVE('',#1300,#1210,#220,.T.);
#1100=EDGE_CURVE('',#1287,#1210,#1415,.F.);
#1101=EDGE_CURVE('',#1294,#1287,#295,.F.);
#1102=EDGE_CURVE('',#1209,#1294,#1416,.T.);
#1103=EDGE_CURVE('',#1209,#1301,#221,.F.);
#1104=EDGE_CURVE('',#1293,#1301,#1417,.F.);
#1105=EDGE_CURVE('',#1301,#1302,#296,.F.);
#1106=EDGE_CURVE('',#1302,#1295,#1418,.F.);
#1107=EDGE_CURVE('',#1296,#1297,#297,.F.);
#1108=EDGE_CURVE('',#1302,#1206,#222,.T.);
#1109=EDGE_CURVE('',#1302,#1207,#1419,.F.);
#1110=EDGE_CURVE('',#1301,#1208,#1420,.F.);
#1111=EDGE_CURVE('',#1296,#1206,#1421,.T.);
#1112=EDGE_CURVE('',#1205,#1297,#1422,.F.);
#1113=EDGE_CURVE('',#1205,#1299,#223,.F.);
#1114=EDGE_CURVE('',#1299,#1203,#1423,.T.);
#1115=EDGE_CURVE('',#1300,#1204,#1424,.F.);
#1116=EDGE_CURVE('',#1221,#1303,#1425,.F.);
#1117=EDGE_CURVE('',#1304,#1303,#298,.F.);
#1118=EDGE_CURVE('',#1304,#1222,#1426,.T.);
#1119=EDGE_CURVE('',#1305,#1306,#299,.F.);
#1120=EDGE_CURVE('',#1306,#1226,#1427,.F.);
#1121=EDGE_CURVE('',#1225,#1305,#1428,.T.);
#1122=EDGE_CURVE('',#1307,#1308,#300,.F.);
#1123=EDGE_CURVE('',#1308,#1306,#301,.F.);
#1124=EDGE_CURVE('',#1305,#1307,#302,.T.);
#1125=EDGE_CURVE('',#1309,#1310,#303,.F.);
#1126=EDGE_CURVE('',#1310,#1308,#1429,.F.);
#1127=EDGE_CURVE('',#1307,#1309,#1430,.T.);
#1128=EDGE_CURVE('',#1311,#1312,#304,.F.);
#1129=EDGE_CURVE('',#1312,#1310,#1431,.F.);
#1130=EDGE_CURVE('',#1309,#1311,#1432,.F.);
#1131=EDGE_CURVE('',#1311,#1313,#305,.T.);
#1132=EDGE_CURVE('',#1313,#1314,#306,.F.);
#1133=EDGE_CURVE('',#1314,#1312,#307,.F.);
#1134=EDGE_CURVE('',#1313,#1315,#1433,.F.);
#1135=EDGE_CURVE('',#1315,#1316,#308,.F.);
#1136=EDGE_CURVE('',#1316,#1314,#1434,.F.);
#1137=EDGE_CURVE('',#1317,#1318,#309,.F.);
#1138=EDGE_CURVE('',#1318,#1316,#310,.F.);
#1139=EDGE_CURVE('',#1315,#1317,#311,.T.);
#1140=EDGE_CURVE('',#1319,#1320,#312,.F.);
#1141=EDGE_CURVE('',#1320,#1318,#1435,.T.);
#1142=EDGE_CURVE('',#1317,#1319,#1436,.F.);
#1143=EDGE_CURVE('',#1303,#1320,#313,.F.);
#1144=EDGE_CURVE('',#1319,#1304,#314,.T.);
#1145=EDGE_CURVE('',#1321,#1322,#1437,.F.);
#1146=EDGE_CURVE('',#1322,#1323,#315,.T.);
#1147=EDGE_CURVE('',#1323,#1324,#1438,.T.);
#1148=EDGE_CURVE('',#1324,#1325,#316,.T.);
#1149=EDGE_CURVE('',#1325,#1326,#1439,.T.);
#1150=EDGE_CURVE('',#1326,#1327,#317,.T.);
#1151=EDGE_CURVE('',#1327,#1328,#1440,.T.);
#1152=EDGE_CURVE('',#1328,#1329,#318,.T.);
#1153=EDGE_CURVE('',#1329,#1321,#319,.T.);
#1154=EDGE_CURVE('',#1330,#1331,#1441,.F.);
#1155=EDGE_CURVE('',#1331,#1332,#320,.F.);
#1156=EDGE_CURVE('',#1332,#1333,#1442,.F.);
#1157=EDGE_CURVE('',#1333,#1334,#321,.F.);
#1158=EDGE_CURVE('',#1334,#1335,#1443,.T.);
#1159=EDGE_CURVE('',#1335,#1336,#322,.F.);
#1160=EDGE_CURVE('',#1336,#1337,#323,.F.);
#1161=EDGE_CURVE('',#1337,#1338,#1444,.F.);
#1162=EDGE_CURVE('',#1338,#1330,#324,.F.);
#1163=EDGE_CURVE('',#1325,#1220,#1445,.F.);
#1164=EDGE_CURVE('',#1324,#1219,#1446,.T.);
#1165=EDGE_CURVE('',#1221,#1324,#224,.F.);
#1166=EDGE_CURVE('',#1325,#1226,#225,.T.);
#1167=EDGE_CURVE('',#1303,#1323,#1447,.F.);
#1168=EDGE_CURVE('',#1326,#1306,#1448,.F.);
#1169=EDGE_CURVE('',#1320,#1322,#1449,.F.);
#1170=EDGE_CURVE('',#1308,#1327,#1450,.T.);
#1171=EDGE_CURVE('',#1321,#1318,#1451,.T.);
#1172=EDGE_CURVE('',#1328,#1310,#226,.F.);
#1173=EDGE_CURVE('',#1316,#1329,#117,.F.);
#1174=EDGE_CURVE('',#1328,#1312,#227,.F.);
#1175=EDGE_CURVE('',#1314,#1329,#118,.F.);
#1176=EDGE_CURVE('',#1225,#1331,#228,.F.);
#1177=EDGE_CURVE('',#1331,#1224,#1452,.F.);
#1178=EDGE_CURVE('',#1332,#1223,#1453,.F.);
#1179=EDGE_CURVE('',#1330,#1305,#1454,.T.);
#1180=EDGE_CURVE('',#1332,#1222,#229,.T.);
#1181=EDGE_CURVE('',#1338,#1307,#1455,.T.);
#1182=EDGE_CURVE('',#1333,#1304,#1456,.F.);
#1183=EDGE_CURVE('',#1337,#1309,#230,.F.);
#1184=EDGE_CURVE('',#1319,#1334,#1457,.T.);
#1185=EDGE_CURVE('',#1311,#1337,#231,.T.);
#1186=EDGE_CURVE('',#1317,#1335,#1458,.T.);
#1187=EDGE_CURVE('',#1313,#1336,#119,.F.);
#1188=EDGE_CURVE('',#1336,#1315,#120,.T.);
#1189=EDGE_CURVE('',#1339,#1339,#1459,.T.);
#1190=EDGE_CURVE('',#1340,#1340,#1460,.T.);
#1191=EDGE_CURVE('',#1341,#1341,#1461,.T.);
#1192=EDGE_CURVE('',#1342,#1342,#1462,.T.);
#1193=EDGE_CURVE('',#1343,#1343,#1463,.F.);
#1194=EDGE_CURVE('',#1344,#1344,#1464,.F.);
#1195=EDGE_CURVE('',#1345,#1345,#1465,.T.);
#1196=EDGE_CURVE('',#1346,#1346,#1466,.T.);
#1197=EDGE_CURVE('',#1347,#1347,#1467,.T.);
#1198=EDGE_CURVE('',#1348,#1348,#1468,.T.);
#1199=EDGE_CURVE('',#1349,#1349,#1469,.F.);
#1200=EDGE_CURVE('',#1350,#1350,#1470,.T.);
#1201=VERTEX_POINT('',#2802);
#1202=VERTEX_POINT('',#2804);
#1203=VERTEX_POINT('',#2806);
#1204=VERTEX_POINT('',#2807);
#1205=VERTEX_POINT('',#2812);
#1206=VERTEX_POINT('',#2814);
#1207=VERTEX_POINT('',#2819);
#1208=VERTEX_POINT('',#2821);
#1209=VERTEX_POINT('',#2826);
#1210=VERTEX_POINT('',#2828);
#1211=VERTEX_POINT('',#2834);
#1212=VERTEX_POINT('',#2835);
#1213=VERTEX_POINT('',#2840);
#1214=VERTEX_POINT('',#2842);
#1215=VERTEX_POINT('',#2847);
#1216=VERTEX_POINT('',#2849);
#1217=VERTEX_POINT('',#2854);
#1218=VERTEX_POINT('',#2856);
#1219=VERTEX_POINT('',#2862);
#1220=VERTEX_POINT('',#2863);
#1221=VERTEX_POINT('',#2868);
#1222=VERTEX_POINT('',#2870);
#1223=VERTEX_POINT('',#2875);
#1224=VERTEX_POINT('',#2877);
#1225=VERTEX_POINT('',#2882);
#1226=VERTEX_POINT('',#2884);
#1227=VERTEX_POINT('',#2891);
#1228=VERTEX_POINT('',#2893);
#1229=VERTEX_POINT('',#2896);
#1230=VERTEX_POINT('',#2898);
#1231=VERTEX_POINT('',#2901);
#1232=VERTEX_POINT('',#2902);
#1233=VERTEX_POINT('',#2904);
#1234=VERTEX_POINT('',#2906);
#1235=VERTEX_POINT('',#2921);
#1236=VERTEX_POINT('',#2922);
#1237=VERTEX_POINT('',#2927);
#1238=VERTEX_POINT('',#2945);
#1239=VERTEX_POINT('',#2949);
#1240=VERTEX_POINT('',#2951);
#1241=VERTEX_POINT('',#2966);
#1242=VERTEX_POINT('',#2987);
#1243=VERTEX_POINT('',#2994);
#1244=VERTEX_POINT('',#2995);
#1245=VERTEX_POINT('',#3000);
#1246=VERTEX_POINT('',#3001);
#1247=VERTEX_POINT('',#3008);
#1248=VERTEX_POINT('',#3012);
#1249=VERTEX_POINT('',#3013);
#1250=VERTEX_POINT('',#3018);
#1251=VERTEX_POINT('',#3019);
#1252=VERTEX_POINT('',#3024);
#1253=VERTEX_POINT('',#3028);
#1254=VERTEX_POINT('',#3029);
#1255=VERTEX_POINT('',#3032);
#1256=VERTEX_POINT('',#3040);
#1257=VERTEX_POINT('',#3044);
#1258=VERTEX_POINT('',#3045);
#1259=VERTEX_POINT('',#3052);
#1260=VERTEX_POINT('',#3053);
#1261=VERTEX_POINT('',#3058);
#1262=VERTEX_POINT('',#3059);
#1263=VERTEX_POINT('',#3064);
#1264=VERTEX_POINT('',#3066);
#1265=VERTEX_POINT('',#3083);
#1266=VERTEX_POINT('',#3087);
#1267=VERTEX_POINT('',#3160);
#1268=VERTEX_POINT('',#3161);
#1269=VERTEX_POINT('',#3163);
#1270=VERTEX_POINT('',#3165);
#1271=VERTEX_POINT('',#3180);
#1272=VERTEX_POINT('',#3181);
#1273=VERTEX_POINT('',#3186);
#1274=VERTEX_POINT('',#3204);
#1275=VERTEX_POINT('',#3208);
#1276=VERTEX_POINT('',#3210);
#1277=VERTEX_POINT('',#3225);
#1278=VERTEX_POINT('',#3246);
#1279=VERTEX_POINT('',#3253);
#1280=VERTEX_POINT('',#3254);
#1281=VERTEX_POINT('',#3259);
#1282=VERTEX_POINT('',#3260);
#1283=VERTEX_POINT('',#3267);
#1284=VERTEX_POINT('',#3271);
#1285=VERTEX_POINT('',#3272);
#1286=VERTEX_POINT('',#3277);
#1287=VERTEX_POINT('',#3278);
#1288=VERTEX_POINT('',#3283);
#1289=VERTEX_POINT('',#3287);
#1290=VERTEX_POINT('',#3288);
#1291=VERTEX_POINT('',#3291);
#1292=VERTEX_POINT('',#3299);
#1293=VERTEX_POINT('',#3303);
#1294=VERTEX_POINT('',#3304);
#1295=VERTEX_POINT('',#3311);
#1296=VERTEX_POINT('',#3312);
#1297=VERTEX_POINT('',#3317);
#1298=VERTEX_POINT('',#3318);
#1299=VERTEX_POINT('',#3323);
#1300=VERTEX_POINT('',#3325);
#1301=VERTEX_POINT('',#3342);
#1302=VERTEX_POINT('',#3346);
#1303=VERTEX_POINT('',#3419);
#1304=VERTEX_POINT('',#3421);
#1305=VERTEX_POINT('',#3425);
#1306=VERTEX_POINT('',#3426);
#1307=VERTEX_POINT('',#3431);
#1308=VERTEX_POINT('',#3432);
#1309=VERTEX_POINT('',#3437);
#1310=VERTEX_POINT('',#3438);
#1311=VERTEX_POINT('',#3443);
#1312=VERTEX_POINT('',#3444);
#1313=VERTEX_POINT('',#3449);
#1314=VERTEX_POINT('',#3451);
#1315=VERTEX_POINT('',#3455);
#1316=VERTEX_POINT('',#3457);
#1317=VERTEX_POINT('',#3461);
#1318=VERTEX_POINT('',#3462);
#1319=VERTEX_POINT('',#3467);
#1320=VERTEX_POINT('',#3468);
#1321=VERTEX_POINT('',#3476);
#1322=VERTEX_POINT('',#3477);
#1323=VERTEX_POINT('',#3479);
#1324=VERTEX_POINT('',#3481);
#1325=VERTEX_POINT('',#3483);
#1326=VERTEX_POINT('',#3485);
#1327=VERTEX_POINT('',#3487);
#1328=VERTEX_POINT('',#3489);
#1329=VERTEX_POINT('',#3491);
#1330=VERTEX_POINT('',#3495);
#1331=VERTEX_POINT('',#3496);
#1332=VERTEX_POINT('',#3498);
#1333=VERTEX_POINT('',#3500);
#1334=VERTEX_POINT('',#3502);
#1335=VERTEX_POINT('',#3504);
#1336=VERTEX_POINT('',#3506);
#1337=VERTEX_POINT('',#3508);
#1338=VERTEX_POINT('',#3510);
#1339=VERTEX_POINT('',#3678);
#1340=VERTEX_POINT('',#3680);
#1341=VERTEX_POINT('',#3777);
#1342=VERTEX_POINT('',#3780);
#1343=VERTEX_POINT('',#3782);
#1344=VERTEX_POINT('',#3860);
#1345=VERTEX_POINT('',#3862);
#1346=VERTEX_POINT('',#3865);
#1347=VERTEX_POINT('',#3869);
#1348=VERTEX_POINT('',#3871);
#1349=VERTEX_POINT('',#3874);
#1350=VERTEX_POINT('',#3876);
#1351=CIRCLE('',#1943,0.730000000003645);
#1352=CIRCLE('',#1944,0.523318648760539);
#1353=CIRCLE('',#1946,0.503318648760539);
#1354=CIRCLE('',#1947,0.503318648760539);
#1355=CIRCLE('',#1949,0.750000000003645);
#1356=CIRCLE('',#1950,0.750000000003693);
#1357=CIRCLE('',#1952,0.002);
#1358=CIRCLE('',#1953,0.002);
#1359=CIRCLE('',#1954,0.00400000000000016);
#1360=CIRCLE('',#1958,0.00400000000000016);
#1361=CIRCLE('',#1964,0.005);
#1362=CIRCLE('',#1965,0.00300000000000008);
#1363=CIRCLE('',#1966,0.00800000000000008);
#1364=CIRCLE('',#1969,0.005);
#1365=CIRCLE('',#1971,0.005);
#1366=CIRCLE('',#1972,0.01);
#1367=CIRCLE('',#1973,0.015);
#1368=CIRCLE('',#1975,0.005);
#1369=CIRCLE('',#1977,0.00300000000000008);
#1370=CIRCLE('',#1979,0.005);
#1371=CIRCLE('',#1980,0.015);
#1372=CIRCLE('',#1981,0.005);
#1373=CIRCLE('',#1982,0.01);
#1374=CIRCLE('',#1986,0.005);
#1375=CIRCLE('',#1987,0.00800000000000008);
#1376=CIRCLE('',#1989,0.005);
#1377=CIRCLE('',#1992,0.005);
#1378=CIRCLE('',#1994,0.005);
#1379=CIRCLE('',#1996,0.02);
#1380=CIRCLE('',#1997,0.02);
#1381=CIRCLE('',#1999,0.015);
#1382=CIRCLE('',#2002,0.015);
#1383=CIRCLE('',#2004,0.02);
#1384=CIRCLE('',#2006,0.02);
#1385=CIRCLE('',#2008,0.005);
#1386=CIRCLE('',#2010,0.005);
#1387=CIRCLE('',#2012,0.015);
#1388=CIRCLE('',#2014,0.015);
#1389=CIRCLE('',#2016,0.005);
#1390=CIRCLE('',#2017,0.005);
#1391=CIRCLE('',#2020,0.002);
#1392=CIRCLE('',#2021,0.002);
#1393=CIRCLE('',#2022,0.00400000000000016);
#1394=CIRCLE('',#2026,0.00400000000000016);
#1395=CIRCLE('',#2032,0.005);
#1396=CIRCLE('',#2033,0.00300000000000008);
#1397=CIRCLE('',#2034,0.00800000000000008);
#1398=CIRCLE('',#2037,0.005);
#1399=CIRCLE('',#2039,0.005);
#1400=CIRCLE('',#2040,0.01);
#1401=CIRCLE('',#2041,0.015);
#1402=CIRCLE('',#2043,0.005);
#1403=CIRCLE('',#2045,0.00300000000000008);
#1404=CIRCLE('',#2047,0.005);
#1405=CIRCLE('',#2048,0.015);
#1406=CIRCLE('',#2049,0.005);
#1407=CIRCLE('',#2050,0.01);
#1408=CIRCLE('',#2054,0.005);
#1409=CIRCLE('',#2055,0.00800000000000008);
#1410=CIRCLE('',#2057,0.005);
#1411=CIRCLE('',#2060,0.005);
#1412=CIRCLE('',#2062,0.005);
#1413=CIRCLE('',#2064,0.02);
#1414=CIRCLE('',#2065,0.02);
#1415=CIRCLE('',#2067,0.015);
#1416=CIRCLE('',#2070,0.015);
#1417=CIRCLE('',#2072,0.02);
#1418=CIRCLE('',#2074,0.02);
#1419=CIRCLE('',#2076,0.005);
#1420=CIRCLE('',#2078,0.005);
#1421=CIRCLE('',#2080,0.015);
#1422=CIRCLE('',#2082,0.015);
#1423=CIRCLE('',#2084,0.005);
#1424=CIRCLE('',#2085,0.005);
#1425=CIRCLE('',#2088,0.015);
#1426=CIRCLE('',#2089,0.015);
#1427=CIRCLE('',#2091,0.015);
#1428=CIRCLE('',#2092,0.015);
#1429=CIRCLE('',#2095,0.00300000000000008);
#1430=CIRCLE('',#2096,0.00300000000000008);
#1431=CIRCLE('',#2098,0.00400000000000016);
#1432=CIRCLE('',#2099,0.00400000000000016);
#1433=CIRCLE('',#2102,0.002);
#1434=CIRCLE('',#2103,0.002);
#1435=CIRCLE('',#2106,0.015);
#1436=CIRCLE('',#2107,0.015);
#1437=CIRCLE('',#2110,0.01);
#1438=CIRCLE('',#2111,0.02);
#1439=CIRCLE('',#2112,0.02);
#1440=CIRCLE('',#2113,0.00800000000000008);
#1441=CIRCLE('',#2115,0.02);
#1442=CIRCLE('',#2116,0.02);
#1443=CIRCLE('',#2117,0.01);
#1444=CIRCLE('',#2118,0.00800000000000008);
#1445=CIRCLE('',#2120,0.005);
#1446=CIRCLE('',#2121,0.005);
#1447=CIRCLE('',#2123,0.005);
#1448=CIRCLE('',#2125,0.005);
#1449=CIRCLE('',#2127,0.005);
#1450=CIRCLE('',#2129,0.005);
#1451=CIRCLE('',#2131,0.005);
#1452=CIRCLE('',#2137,0.005);
#1453=CIRCLE('',#2139,0.005);
#1454=CIRCLE('',#2141,0.005);
#1455=CIRCLE('',#2143,0.005);
#1456=CIRCLE('',#2145,0.005);
#1457=CIRCLE('',#2148,0.005);
#1458=CIRCLE('',#2150,0.005);
#1459=CIRCLE('',#2156,0.370581899433691);
#1460=CIRCLE('',#2157,0.354444444445019);
#1461=CIRCLE('',#2158,1.49997212409761);
#1462=CIRCLE('',#2160,1.57997255275927);
#1463=CIRCLE('',#2161,1.51997204620472);
#1464=CIRCLE('',#2162,1.59997247730836);
#1465=CIRCLE('',#2163,0.450415642452636);
#1466=CIRCLE('',#2165,0.4388888888893);
#1467=CIRCLE('',#2168,0.647320508079335);
#1468=CIRCLE('',#2169,0.50599814068485);
#1469=CIRCLE('',#2171,0.650000000003646);
#1470=CIRCLE('',#2172,0.650000000003645);
#1471=EDGE_LOOP('',(#418));
#1472=EDGE_LOOP('',(#419));
#1473=EDGE_LOOP('',(#420,#421,#422,#423,#424,#425,#426,#427));
#1474=EDGE_LOOP('',(#428,#429,#430,#431,#432,#433,#434,#435));
#1475=EDGE_LOOP('',(#436,#437,#438,#439,#440,#441,#442,#443));
#1476=EDGE_LOOP('',(#444));
#1477=EDGE_LOOP('',(#445));
#1478=EDGE_LOOP('',(#446));
#1479=EDGE_LOOP('',(#447));
#1480=EDGE_LOOP('',(#448,#449,#450,#451));
#1481=EDGE_LOOP('',(#452,#453,#454));
#1482=EDGE_LOOP('',(#455,#456,#457));
#1483=EDGE_LOOP('',(#458,#459,#460,#461));
#1484=EDGE_LOOP('',(#462,#463,#464));
#1485=EDGE_LOOP('',(#465,#466,#467,#468));
#1486=EDGE_LOOP('',(#469,#470,#471));
#1487=EDGE_LOOP('',(#472,#473,#474,#475));
#1488=EDGE_LOOP('',(#476,#477,#478,#479));
#1489=EDGE_LOOP('',(#480,#481,#482,#483));
#1490=EDGE_LOOP('',(#484,#485,#486,#487));
#1491=EDGE_LOOP('',(#488,#489,#490,#491));
#1492=EDGE_LOOP('',(#492,#493,#494,#495));
#1493=EDGE_LOOP('',(#496,#497,#498,#499));
#1494=EDGE_LOOP('',(#500,#501,#502,#503));
#1495=EDGE_LOOP('',(#504,#505,#506,#507));
#1496=EDGE_LOOP('',(#508,#509,#510,#511));
#1497=EDGE_LOOP('',(#512,#513,#514,#515));
#1498=EDGE_LOOP('',(#516,#517,#518,#519));
#1499=EDGE_LOOP('',(#520,#521,#522,#523));
#1500=EDGE_LOOP('',(#524,#525,#526,#527));
#1501=EDGE_LOOP('',(#528,#529,#530,#531));
#1502=EDGE_LOOP('',(#532,#533,#534,#535,#536,#537,#538,#539,#540));
#1503=EDGE_LOOP('',(#541,#542,#543,#544));
#1504=EDGE_LOOP('',(#545,#546,#547,#548));
#1505=EDGE_LOOP('',(#549,#550,#551,#552));
#1506=EDGE_LOOP('',(#553,#554,#555,#556));
#1507=EDGE_LOOP('',(#557,#558,#559,#560,#561,#562,#563,#564,#565));
#1508=EDGE_LOOP('',(#566,#567,#568,#569));
#1509=EDGE_LOOP('',(#570,#571,#572));
#1510=EDGE_LOOP('',(#573,#574,#575,#576));
#1511=EDGE_LOOP('',(#577,#578,#579));
#1512=EDGE_LOOP('',(#580,#581,#582,#583));
#1513=EDGE_LOOP('',(#584,#585,#586,#587));
#1514=EDGE_LOOP('',(#588,#589,#590,#591));
#1515=EDGE_LOOP('',(#592,#593,#594));
#1516=EDGE_LOOP('',(#595,#596,#597));
#1517=EDGE_LOOP('',(#598,#599,#600,#601));
#1518=EDGE_LOOP('',(#602,#603,#604,#605));
#1519=EDGE_LOOP('',(#606,#607,#608));
#1520=EDGE_LOOP('',(#609,#610,#611));
#1521=EDGE_LOOP('',(#612,#613,#614,#615));
#1522=EDGE_LOOP('',(#616,#617,#618));
#1523=EDGE_LOOP('',(#619,#620,#621,#622));
#1524=EDGE_LOOP('',(#623,#624,#625));
#1525=EDGE_LOOP('',(#626,#627,#628,#629));
#1526=EDGE_LOOP('',(#630,#631,#632,#633));
#1527=EDGE_LOOP('',(#634,#635,#636,#637));
#1528=EDGE_LOOP('',(#638,#639,#640,#641));
#1529=EDGE_LOOP('',(#642,#643,#644,#645));
#1530=EDGE_LOOP('',(#646,#647,#648,#649));
#1531=EDGE_LOOP('',(#650,#651,#652,#653));
#1532=EDGE_LOOP('',(#654,#655,#656,#657));
#1533=EDGE_LOOP('',(#658,#659,#660,#661));
#1534=EDGE_LOOP('',(#662,#663,#664,#665));
#1535=EDGE_LOOP('',(#666,#667,#668,#669));
#1536=EDGE_LOOP('',(#670,#671,#672,#673));
#1537=EDGE_LOOP('',(#674,#675,#676,#677));
#1538=EDGE_LOOP('',(#678,#679,#680,#681));
#1539=EDGE_LOOP('',(#682,#683,#684,#685));
#1540=EDGE_LOOP('',(#686,#687,#688,#689,#690,#691,#692,#693,#694));
#1541=EDGE_LOOP('',(#695,#696,#697,#698));
#1542=EDGE_LOOP('',(#699,#700,#701,#702));
#1543=EDGE_LOOP('',(#703,#704,#705,#706));
#1544=EDGE_LOOP('',(#707,#708,#709,#710));
#1545=EDGE_LOOP('',(#711,#712,#713,#714,#715,#716,#717,#718,#719));
#1546=EDGE_LOOP('',(#720,#721,#722,#723));
#1547=EDGE_LOOP('',(#724,#725,#726));
#1548=EDGE_LOOP('',(#727,#728,#729,#730));
#1549=EDGE_LOOP('',(#731,#732,#733));
#1550=EDGE_LOOP('',(#734,#735,#736,#737));
#1551=EDGE_LOOP('',(#738,#739,#740,#741));
#1552=EDGE_LOOP('',(#742,#743,#744,#745));
#1553=EDGE_LOOP('',(#746,#747,#748));
#1554=EDGE_LOOP('',(#749,#750,#751));
#1555=EDGE_LOOP('',(#752,#753,#754,#755));
#1556=EDGE_LOOP('',(#756,#757,#758,#759));
#1557=EDGE_LOOP('',(#760,#761,#762,#763));
#1558=EDGE_LOOP('',(#764,#765,#766,#767));
#1559=EDGE_LOOP('',(#768,#769,#770,#771));
#1560=EDGE_LOOP('',(#772,#773,#774,#775));
#1561=EDGE_LOOP('',(#776,#777,#778,#779));
#1562=EDGE_LOOP('',(#780,#781,#782,#783));
#1563=EDGE_LOOP('',(#784,#785,#786,#787));
#1564=EDGE_LOOP('',(#788,#789,#790,#791));
#1565=EDGE_LOOP('',(#792,#793,#794,#795));
#1566=EDGE_LOOP('',(#796,#797,#798,#799,#800,#801,#802,#803,#804));
#1567=EDGE_LOOP('',(#805,#806,#807,#808,#809,#810,#811,#812,#813));
#1568=EDGE_LOOP('',(#814,#815,#816,#817));
#1569=EDGE_LOOP('',(#818,#819,#820));
#1570=EDGE_LOOP('',(#821,#822,#823));
#1571=EDGE_LOOP('',(#824,#825,#826,#827));
#1572=EDGE_LOOP('',(#828,#829,#830,#831));
#1573=EDGE_LOOP('',(#832,#833,#834,#835));
#1574=EDGE_LOOP('',(#836,#837,#838,#839));
#1575=EDGE_LOOP('',(#840,#841,#842,#843));
#1576=EDGE_LOOP('',(#844,#845,#846,#847));
#1577=EDGE_LOOP('',(#848,#849,#850,#851));
#1578=EDGE_LOOP('',(#852,#853,#854));
#1579=EDGE_LOOP('',(#855,#856,#857));
#1580=EDGE_LOOP('',(#858,#859,#860,#861));
#1581=EDGE_LOOP('',(#862,#863,#864));
#1582=EDGE_LOOP('',(#865,#866,#867,#868));
#1583=EDGE_LOOP('',(#869,#870,#871,#872));
#1584=EDGE_LOOP('',(#873,#874,#875));
#1585=EDGE_LOOP('',(#876,#877,#878,#879));
#1586=EDGE_LOOP('',(#880,#881,#882,#883));
#1587=EDGE_LOOP('',(#884,#885,#886,#887));
#1588=EDGE_LOOP('',(#888,#889,#890,#891));
#1589=EDGE_LOOP('',(#892,#893,#894));
#1590=EDGE_LOOP('',(#895,#896,#897,#898));
#1591=EDGE_LOOP('',(#899,#900,#901,#902));
#1592=EDGE_LOOP('',(#903,#904,#905,#906));
#1593=EDGE_LOOP('',(#907,#908,#909));
#1594=EDGE_LOOP('',(#910));
#1595=EDGE_LOOP('',(#911));
#1596=EDGE_LOOP('',(#912));
#1597=EDGE_LOOP('',(#913));
#1598=EDGE_LOOP('',(#914));
#1599=EDGE_LOOP('',(#915));
#1600=EDGE_LOOP('',(#916));
#1601=EDGE_LOOP('',(#917));
#1602=EDGE_LOOP('',(#918));
#1603=EDGE_LOOP('',(#919));
#1604=EDGE_LOOP('',(#920));
#1605=EDGE_LOOP('',(#921));
#1606=EDGE_LOOP('',(#922));
#1607=EDGE_LOOP('',(#923));
#1608=EDGE_LOOP('',(#924));
#1609=EDGE_LOOP('',(#925));
#1610=EDGE_LOOP('',(#926));
#1611=EDGE_LOOP('',(#927));
#1612=EDGE_LOOP('',(#928));
#1613=EDGE_LOOP('',(#929));
#1614=EDGE_LOOP('',(#930));
#1615=EDGE_LOOP('',(#931));
#1616=EDGE_LOOP('',(#932));
#1617=EDGE_LOOP('',(#933));
#1618=EDGE_LOOP('',(#934));
#1619=EDGE_LOOP('',(#935));
#1620=EDGE_LOOP('',(#936));
#1621=EDGE_LOOP('',(#937));
#1622=EDGE_LOOP('',(#938));
#1623=EDGE_LOOP('',(#939));
#1624=FACE_BOUND('',#1471,.T.);
#1625=FACE_BOUND('',#1472,.T.);
#1626=FACE_BOUND('',#1473,.T.);
#1627=FACE_BOUND('',#1474,.T.);
#1628=FACE_BOUND('',#1475,.T.);
#1629=FACE_BOUND('',#1476,.T.);
#1630=FACE_BOUND('',#1477,.T.);
#1631=FACE_BOUND('',#1478,.T.);
#1632=FACE_BOUND('',#1479,.T.);
#1633=FACE_BOUND('',#1480,.T.);
#1634=FACE_BOUND('',#1481,.T.);
#1635=FACE_BOUND('',#1482,.T.);
#1636=FACE_BOUND('',#1483,.T.);
#1637=FACE_BOUND('',#1484,.T.);
#1638=FACE_BOUND('',#1485,.T.);
#1639=FACE_BOUND('',#1486,.T.);
#1640=FACE_BOUND('',#1487,.T.);
#1641=FACE_BOUND('',#1488,.T.);
#1642=FACE_BOUND('',#1489,.T.);
#1643=FACE_BOUND('',#1490,.T.);
#1644=FACE_BOUND('',#1491,.T.);
#1645=FACE_BOUND('',#1492,.T.);
#1646=FACE_BOUND('',#1493,.T.);
#1647=FACE_BOUND('',#1494,.T.);
#1648=FACE_BOUND('',#1495,.T.);
#1649=FACE_BOUND('',#1496,.T.);
#1650=FACE_BOUND('',#1497,.T.);
#1651=FACE_BOUND('',#1498,.T.);
#1652=FACE_BOUND('',#1499,.T.);
#1653=FACE_BOUND('',#1500,.T.);
#1654=FACE_BOUND('',#1501,.T.);
#1655=FACE_BOUND('',#1502,.T.);
#1656=FACE_BOUND('',#1503,.T.);
#1657=FACE_BOUND('',#1504,.T.);
#1658=FACE_BOUND('',#1505,.T.);
#1659=FACE_BOUND('',#1506,.T.);
#1660=FACE_BOUND('',#1507,.T.);
#1661=FACE_BOUND('',#1508,.T.);
#1662=FACE_BOUND('',#1509,.T.);
#1663=FACE_BOUND('',#1510,.T.);
#1664=FACE_BOUND('',#1511,.T.);
#1665=FACE_BOUND('',#1512,.T.);
#1666=FACE_BOUND('',#1513,.T.);
#1667=FACE_BOUND('',#1514,.T.);
#1668=FACE_BOUND('',#1515,.T.);
#1669=FACE_BOUND('',#1516,.T.);
#1670=FACE_BOUND('',#1517,.T.);
#1671=FACE_BOUND('',#1518,.T.);
#1672=FACE_BOUND('',#1519,.T.);
#1673=FACE_BOUND('',#1520,.T.);
#1674=FACE_BOUND('',#1521,.T.);
#1675=FACE_BOUND('',#1522,.T.);
#1676=FACE_BOUND('',#1523,.T.);
#1677=FACE_BOUND('',#1524,.T.);
#1678=FACE_BOUND('',#1525,.T.);
#1679=FACE_BOUND('',#1526,.T.);
#1680=FACE_BOUND('',#1527,.T.);
#1681=FACE_BOUND('',#1528,.T.);
#1682=FACE_BOUND('',#1529,.T.);
#1683=FACE_BOUND('',#1530,.T.);
#1684=FACE_BOUND('',#1531,.T.);
#1685=FACE_BOUND('',#1532,.T.);
#1686=FACE_BOUND('',#1533,.T.);
#1687=FACE_BOUND('',#1534,.T.);
#1688=FACE_BOUND('',#1535,.T.);
#1689=FACE_BOUND('',#1536,.T.);
#1690=FACE_BOUND('',#1537,.T.);
#1691=FACE_BOUND('',#1538,.T.);
#1692=FACE_BOUND('',#1539,.T.);
#1693=FACE_BOUND('',#1540,.T.);
#1694=FACE_BOUND('',#1541,.T.);
#1695=FACE_BOUND('',#1542,.T.);
#1696=FACE_BOUND('',#1543,.T.);
#1697=FACE_BOUND('',#1544,.T.);
#1698=FACE_BOUND('',#1545,.T.);
#1699=FACE_BOUND('',#1546,.T.);
#1700=FACE_BOUND('',#1547,.T.);
#1701=FACE_BOUND('',#1548,.T.);
#1702=FACE_BOUND('',#1549,.T.);
#1703=FACE_BOUND('',#1550,.T.);
#1704=FACE_BOUND('',#1551,.T.);
#1705=FACE_BOUND('',#1552,.T.);
#1706=FACE_BOUND('',#1553,.T.);
#1707=FACE_BOUND('',#1554,.T.);
#1708=FACE_BOUND('',#1555,.T.);
#1709=FACE_BOUND('',#1556,.T.);
#1710=FACE_BOUND('',#1557,.T.);
#1711=FACE_BOUND('',#1558,.T.);
#1712=FACE_BOUND('',#1559,.T.);
#1713=FACE_BOUND('',#1560,.T.);
#1714=FACE_BOUND('',#1561,.T.);
#1715=FACE_BOUND('',#1562,.T.);
#1716=FACE_BOUND('',#1563,.T.);
#1717=FACE_BOUND('',#1564,.T.);
#1718=FACE_BOUND('',#1565,.T.);
#1719=FACE_BOUND('',#1566,.T.);
#1720=FACE_BOUND('',#1567,.T.);
#1721=FACE_BOUND('',#1568,.T.);
#1722=FACE_BOUND('',#1569,.T.);
#1723=FACE_BOUND('',#1570,.T.);
#1724=FACE_BOUND('',#1571,.T.);
#1725=FACE_BOUND('',#1572,.T.);
#1726=FACE_BOUND('',#1573,.T.);
#1727=FACE_BOUND('',#1574,.T.);
#1728=FACE_BOUND('',#1575,.T.);
#1729=FACE_BOUND('',#1576,.T.);
#1730=FACE_BOUND('',#1577,.T.);
#1731=FACE_BOUND('',#1578,.T.);
#1732=FACE_BOUND('',#1579,.T.);
#1733=FACE_BOUND('',#1580,.T.);
#1734=FACE_BOUND('',#1581,.T.);
#1735=FACE_BOUND('',#1582,.T.);
#1736=FACE_BOUND('',#1583,.T.);
#1737=FACE_BOUND('',#1584,.T.);
#1738=FACE_BOUND('',#1585,.T.);
#1739=FACE_BOUND('',#1586,.T.);
#1740=FACE_BOUND('',#1587,.T.);
#1741=FACE_BOUND('',#1588,.T.);
#1742=FACE_BOUND('',#1589,.T.);
#1743=FACE_BOUND('',#1590,.T.);
#1744=FACE_BOUND('',#1591,.T.);
#1745=FACE_BOUND('',#1592,.T.);
#1746=FACE_BOUND('',#1593,.T.);
#1747=FACE_BOUND('',#1594,.T.);
#1748=FACE_BOUND('',#1595,.T.);
#1749=FACE_BOUND('',#1596,.T.);
#1750=FACE_BOUND('',#1597,.T.);
#1751=FACE_BOUND('',#1598,.T.);
#1752=FACE_BOUND('',#1599,.T.);
#1753=FACE_BOUND('',#1600,.T.);
#1754=FACE_BOUND('',#1601,.T.);
#1755=FACE_BOUND('',#1602,.T.);
#1756=FACE_BOUND('',#1603,.T.);
#1757=FACE_BOUND('',#1604,.T.);
#1758=FACE_BOUND('',#1605,.T.);
#1759=FACE_BOUND('',#1606,.T.);
#1760=FACE_BOUND('',#1607,.T.);
#1761=FACE_BOUND('',#1608,.T.);
#1762=FACE_BOUND('',#1609,.T.);
#1763=FACE_BOUND('',#1610,.T.);
#1764=FACE_BOUND('',#1611,.T.);
#1765=FACE_BOUND('',#1612,.T.);
#1766=FACE_BOUND('',#1613,.T.);
#1767=FACE_BOUND('',#1614,.T.);
#1768=FACE_BOUND('',#1615,.T.);
#1769=FACE_BOUND('',#1616,.T.);
#1770=FACE_BOUND('',#1617,.T.);
#1771=FACE_BOUND('',#1618,.T.);
#1772=FACE_BOUND('',#1619,.T.);
#1773=FACE_BOUND('',#1620,.T.);
#1774=FACE_BOUND('',#1621,.T.);
#1775=FACE_BOUND('',#1622,.T.);
#1776=FACE_BOUND('',#1623,.T.);
#1777=PLANE('',#1942);
#1778=PLANE('',#1961);
#1779=PLANE('',#1962);
#1780=PLANE('',#1995);
#1781=PLANE('',#2000);
#1782=PLANE('',#2005);
#1783=PLANE('',#2007);
#1784=PLANE('',#2029);
#1785=PLANE('',#2030);
#1786=PLANE('',#2063);
#1787=PLANE('',#2068);
#1788=PLANE('',#2073);
#1789=PLANE('',#2075);
#1790=PLANE('',#2093);
#1791=PLANE('',#2100);
#1792=PLANE('',#2104);
#1793=PLANE('',#2108);
#1794=PLANE('',#2109);
#1795=PLANE('',#2114);
#1796=PLANE('',#2159);
#1797=ADVANCED_FACE('',(#1624,#1625,#1626,#1627,#1628),#1777,.F.);
#1798=ADVANCED_FACE('',(#1629,#1630),#145,.F.);
#1799=ADVANCED_FACE('',(#1631,#1632),#146,.T.);
#1800=ADVANCED_FACE('',(#1633),#147,.F.);
#1801=ADVANCED_FACE('',(#1634),#121,.F.);
#1802=ADVANCED_FACE('',(#1635),#122,.F.);
#1803=ADVANCED_FACE('',(#1636),#148,.F.);
#1804=ADVANCED_FACE('',(#1637),#123,.F.);
#1805=ADVANCED_FACE('',(#1638),#1778,.F.);
#1806=ADVANCED_FACE('',(#1639),#124,.F.);
#1807=ADVANCED_FACE('',(#1640),#1779,.F.);
#1808=ADVANCED_FACE('',(#1641),#77,.F.);
#1809=ADVANCED_FACE('',(#1642),#149,.F.);
#1810=ADVANCED_FACE('',(#1643),#150,.F.);
#1811=ADVANCED_FACE('',(#1644),#78,.F.);
#1812=ADVANCED_FACE('',(#1645),#151,.F.);
#1813=ADVANCED_FACE('',(#1646),#152,.T.);
#1814=ADVANCED_FACE('',(#1647),#79,.F.);
#1815=ADVANCED_FACE('',(#1648),#153,.F.);
#1816=ADVANCED_FACE('',(#1649),#154,.F.);
#1817=ADVANCED_FACE('',(#1650),#80,.F.);
#1818=ADVANCED_FACE('',(#1651),#155,.F.);
#1819=ADVANCED_FACE('',(#1652),#156,.F.);
#1820=ADVANCED_FACE('',(#1653),#157,.F.);
#1821=ADVANCED_FACE('',(#1654),#158,.F.);
#1822=ADVANCED_FACE('',(#1655),#1780,.F.);
#1823=ADVANCED_FACE('',(#1656),#81,.F.);
#1824=ADVANCED_FACE('',(#1657),#1781,.F.);
#1825=ADVANCED_FACE('',(#1658),#159,.T.);
#1826=ADVANCED_FACE('',(#1659),#82,.F.);
#1827=ADVANCED_FACE('',(#1660),#1782,.T.);
#1828=ADVANCED_FACE('',(#1661),#1783,.F.);
#1829=ADVANCED_FACE('',(#1662),#125,.T.);
#1830=ADVANCED_FACE('',(#1663),#160,.T.);
#1831=ADVANCED_FACE('',(#1664),#126,.T.);
#1832=ADVANCED_FACE('',(#1665),#83,.F.);
#1833=ADVANCED_FACE('',(#1666),#161,.T.);
#1834=ADVANCED_FACE('',(#1667),#84,.F.);
#1835=ADVANCED_FACE('',(#1668),#127,.T.);
#1836=ADVANCED_FACE('',(#1669),#128,.T.);
#1837=ADVANCED_FACE('',(#1670),#162,.T.);
#1838=ADVANCED_FACE('',(#1671),#163,.F.);
#1839=ADVANCED_FACE('',(#1672),#129,.F.);
#1840=ADVANCED_FACE('',(#1673),#130,.F.);
#1841=ADVANCED_FACE('',(#1674),#164,.F.);
#1842=ADVANCED_FACE('',(#1675),#131,.F.);
#1843=ADVANCED_FACE('',(#1676),#1784,.F.);
#1844=ADVANCED_FACE('',(#1677),#132,.F.);
#1845=ADVANCED_FACE('',(#1678),#1785,.F.);
#1846=ADVANCED_FACE('',(#1679),#85,.F.);
#1847=ADVANCED_FACE('',(#1680),#165,.F.);
#1848=ADVANCED_FACE('',(#1681),#166,.F.);
#1849=ADVANCED_FACE('',(#1682),#86,.F.);
#1850=ADVANCED_FACE('',(#1683),#167,.F.);
#1851=ADVANCED_FACE('',(#1684),#168,.T.);
#1852=ADVANCED_FACE('',(#1685),#87,.F.);
#1853=ADVANCED_FACE('',(#1686),#169,.F.);
#1854=ADVANCED_FACE('',(#1687),#170,.F.);
#1855=ADVANCED_FACE('',(#1688),#88,.F.);
#1856=ADVANCED_FACE('',(#1689),#171,.F.);
#1857=ADVANCED_FACE('',(#1690),#172,.F.);
#1858=ADVANCED_FACE('',(#1691),#173,.F.);
#1859=ADVANCED_FACE('',(#1692),#174,.F.);
#1860=ADVANCED_FACE('',(#1693),#1786,.F.);
#1861=ADVANCED_FACE('',(#1694),#89,.F.);
#1862=ADVANCED_FACE('',(#1695),#1787,.F.);
#1863=ADVANCED_FACE('',(#1696),#175,.T.);
#1864=ADVANCED_FACE('',(#1697),#90,.F.);
#1865=ADVANCED_FACE('',(#1698),#1788,.T.);
#1866=ADVANCED_FACE('',(#1699),#1789,.F.);
#1867=ADVANCED_FACE('',(#1700),#133,.T.);
#1868=ADVANCED_FACE('',(#1701),#176,.T.);
#1869=ADVANCED_FACE('',(#1702),#134,.T.);
#1870=ADVANCED_FACE('',(#1703),#91,.F.);
#1871=ADVANCED_FACE('',(#1704),#177,.T.);
#1872=ADVANCED_FACE('',(#1705),#92,.F.);
#1873=ADVANCED_FACE('',(#1706),#135,.T.);
#1874=ADVANCED_FACE('',(#1707),#136,.T.);
#1875=ADVANCED_FACE('',(#1708),#178,.T.);
#1876=ADVANCED_FACE('',(#1709),#179,.T.);
#1877=ADVANCED_FACE('',(#1710),#180,.T.);
#1878=ADVANCED_FACE('',(#1711),#1790,.F.);
#1879=ADVANCED_FACE('',(#1712),#181,.T.);
#1880=ADVANCED_FACE('',(#1713),#182,.F.);
#1881=ADVANCED_FACE('',(#1714),#1791,.F.);
#1882=ADVANCED_FACE('',(#1715),#183,.F.);
#1883=ADVANCED_FACE('',(#1716),#1792,.F.);
#1884=ADVANCED_FACE('',(#1717),#184,.F.);
#1885=ADVANCED_FACE('',(#1718),#1793,.F.);
#1886=ADVANCED_FACE('',(#1719),#1794,.F.);
#1887=ADVANCED_FACE('',(#1720),#1795,.T.);
#1888=ADVANCED_FACE('',(#1721),#185,.T.);
#1889=ADVANCED_FACE('',(#1722),#137,.T.);
#1890=ADVANCED_FACE('',(#1723),#138,.T.);
#1891=ADVANCED_FACE('',(#1724),#93,.F.);
#1892=ADVANCED_FACE('',(#1725),#94,.F.);
#1893=ADVANCED_FACE('',(#1726),#186,.F.);
#1894=ADVANCED_FACE('',(#1727),#187,.F.);
#1895=ADVANCED_FACE('',(#1728),#95,.F.);
#1896=ADVANCED_FACE('',(#1729),#96,.F.);
#1897=ADVANCED_FACE('',(#1730),#188,.F.);
#1898=ADVANCED_FACE('',(#1731),#139,.F.);
#1899=ADVANCED_FACE('',(#1732),#140,.F.);
#1900=ADVANCED_FACE('',(#1733),#189,.F.);
#1901=ADVANCED_FACE('',(#1734),#141,.T.);
#1902=ADVANCED_FACE('',(#1735),#190,.T.);
#1903=ADVANCED_FACE('',(#1736),#97,.F.);
#1904=ADVANCED_FACE('',(#1737),#142,.T.);
#1905=ADVANCED_FACE('',(#1738),#191,.F.);
#1906=ADVANCED_FACE('',(#1739),#98,.F.);
#1907=ADVANCED_FACE('',(#1740),#99,.F.);
#1908=ADVANCED_FACE('',(#1741),#192,.F.);
#1909=ADVANCED_FACE('',(#1742),#143,.F.);
#1910=ADVANCED_FACE('',(#1743),#100,.F.);
#1911=ADVANCED_FACE('',(#1744),#193,.F.);
#1912=ADVANCED_FACE('',(#1745),#194,.F.);
#1913=ADVANCED_FACE('',(#1746),#144,.F.);
#1914=ADVANCED_FACE('',(#1747,#1748),#101,.T.);
#1915=ADVANCED_FACE('',(#1749,#1750),#75,.T.);
#1916=ADVANCED_FACE('',(#1751,#1752),#1796,.T.);
#1917=ADVANCED_FACE('',(#1753,#1754),#76,.T.);
#1918=ADVANCED_FACE('',(#1755,#1756),#102,.F.);
#1919=ADVANCED_FACE('',(#1757,#1758),#73,.F.);
#1920=ADVANCED_FACE('',(#1759,#1760),#72,.F.);
#1921=ADVANCED_FACE('',(#1761,#1762),#195,.F.);
#1922=ADVANCED_FACE('',(#1763,#1764),#74,.T.);
#1923=ADVANCED_FACE('',(#1765,#1766),#103,.F.);
#1924=ADVANCED_FACE('',(#1767,#1768),#104,.T.);
#1925=ADVANCED_FACE('',(#1769,#1770),#105,.T.);
#1926=ADVANCED_FACE('',(#1771,#1772),#106,.T.);
#1927=ADVANCED_FACE('',(#1773,#1774),#107,.T.);
#1928=ADVANCED_FACE('',(#1775,#1776),#108,.T.);
#1929=CLOSED_SHELL('',(#1797,#1798,#1799,#1800,#1801,#1802,#1803,#1804,
#1805,#1806,#1807,#1808,#1809,#1810,#1811,#1812,#1813,#1814,#1815,#1816,
#1817,#1818,#1819,#1820,#1821,#1822,#1823,#1824,#1825,#1826,#1827,#1828,
#1829,#1830,#1831,#1832,#1833,#1834,#1835,#1836,#1837,#1838,#1839,#1840,
#1841,#1842,#1843,#1844,#1845,#1846,#1847,#1848,#1849,#1850,#1851,#1852,
#1853,#1854,#1855,#1856,#1857,#1858,#1859,#1860,#1861,#1862,#1863,#1864,
#1865,#1866,#1867,#1868,#1869,#1870,#1871,#1872,#1873,#1874,#1875,#1876,
#1877,#1878,#1879,#1880,#1881,#1882,#1883,#1884,#1885,#1886,#1887,#1888,
#1889,#1890,#1891,#1892,#1893,#1894,#1895,#1896,#1897,#1898,#1899,#1900,
#1901,#1902,#1903,#1904,#1905,#1906,#1907,#1908,#1909,#1910,#1911,#1912,
#1913,#1914,#1915,#1916,#1917,#1918,#1919,#1920,#1921,#1922,#1923,#1924,
#1925,#1926,#1927,#1928));
#1930=STYLED_ITEM('',(#1931),#1938);
#1931=PRESENTATION_STYLE_ASSIGNMENT((#1932));
#1932=SURFACE_STYLE_USAGE(.BOTH.,#1933);
#1933=SURFACE_SIDE_STYLE('',(#1934));
#1934=SURFACE_STYLE_FILL_AREA(#1935);
#1935=FILL_AREA_STYLE('',(#1936));
#1936=FILL_AREA_STYLE_COLOUR('',#1937);
#1937=DRAUGHTING_PRE_DEFINED_COLOUR('white');
#1938=MANIFOLD_SOLID_BREP('Body (0)',#1929);
#1939=SHAPE_DEFINITION_REPRESENTATION(#3917,#1940);
#1940=SHAPE_REPRESENTATION('engine',(#1941),#3909);
#1941=AXIS2_PLACEMENT_3D('',#2799,#2196,#2197);
#1942=AXIS2_PLACEMENT_3D('',#2800,#2198,#2199);
#1943=AXIS2_PLACEMENT_3D('',#2801,#2200,#2201);
#1944=AXIS2_PLACEMENT_3D('',#2803,#2202,#2203);
#1945=AXIS2_PLACEMENT_3D('',#2889,#2216,#2217);
#1946=AXIS2_PLACEMENT_3D('',#2890,#2218,#2219);
#1947=AXIS2_PLACEMENT_3D('',#2892,#2220,#2221);
#1948=AXIS2_PLACEMENT_3D('',#2894,#2222,#2223);
#1949=AXIS2_PLACEMENT_3D('',#2895,#2224,#2225);
#1950=AXIS2_PLACEMENT_3D('',#2897,#2226,#2227);
#1951=AXIS2_PLACEMENT_3D('',#2899,#2228,#2229);
#1952=AXIS2_PLACEMENT_3D('',#2903,#2231,#2232);
#1953=AXIS2_PLACEMENT_3D('',#2907,#2234,#2235);
#1954=AXIS2_PLACEMENT_3D('',#2920,#2236,#2237);
#1955=AXIS2_PLACEMENT_3D('',#2944,#2238,#2239);
#1956=AXIS2_PLACEMENT_3D('',#2946,#2240,#2241);
#1957=AXIS2_PLACEMENT_3D('',#2947,#2242,#2243);
#1958=AXIS2_PLACEMENT_3D('',#2952,#2246,#2247);
#1959=AXIS2_PLACEMENT_3D('',#2965,#2248,#2249);
#1960=AXIS2_PLACEMENT_3D('',#2967,#2250,#2251);
#1961=AXIS2_PLACEMENT_3D('',#2968,#2252,#2253);
#1962=AXIS2_PLACEMENT_3D('',#2992,#2256,#2257);
#1963=AXIS2_PLACEMENT_3D('',#2998,#2261,#2262);
#1964=AXIS2_PLACEMENT_3D('',#2999,#2263,#2264);
#1965=AXIS2_PLACEMENT_3D('',#3002,#2265,#2266);
#1966=AXIS2_PLACEMENT_3D('',#3003,#2267,#2268);
#1967=AXIS2_PLACEMENT_3D('',#3004,#2269,#2270);
#1968=AXIS2_PLACEMENT_3D('',#3006,#2272,#2273);
#1969=AXIS2_PLACEMENT_3D('',#3007,#2274,#2275);
#1970=AXIS2_PLACEMENT_3D('',#3010,#2277,#2278);
#1971=AXIS2_PLACEMENT_3D('',#3011,#2279,#2280);
#1972=AXIS2_PLACEMENT_3D('',#3014,#2281,#2282);
#1973=AXIS2_PLACEMENT_3D('',#3015,#2283,#2284);
#1974=AXIS2_PLACEMENT_3D('',#3016,#2285,#2286);
#1975=AXIS2_PLACEMENT_3D('',#3017,#2287,#2288);
#1976=AXIS2_PLACEMENT_3D('',#3022,#2291,#2292);
#1977=AXIS2_PLACEMENT_3D('',#3025,#2294,#2295);
#1978=AXIS2_PLACEMENT_3D('',#3026,#2296,#2297);
#1979=AXIS2_PLACEMENT_3D('',#3027,#2298,#2299);
#1980=AXIS2_PLACEMENT_3D('',#3030,#2300,#2301);
#1981=AXIS2_PLACEMENT_3D('',#3031,#2302,#2303);
#1982=AXIS2_PLACEMENT_3D('',#3033,#2304,#2305);
#1983=AXIS2_PLACEMENT_3D('',#3034,#2306,#2307);
#1984=AXIS2_PLACEMENT_3D('',#3036,#2309,#2310);
#1985=AXIS2_PLACEMENT_3D('',#3038,#2312,#2313);
#1986=AXIS2_PLACEMENT_3D('',#3039,#2314,#2315);
#1987=AXIS2_PLACEMENT_3D('',#3041,#2316,#2317);
#1988=AXIS2_PLACEMENT_3D('',#3042,#2318,#2319);
#1989=AXIS2_PLACEMENT_3D('',#3043,#2320,#2321);
#1990=AXIS2_PLACEMENT_3D('',#3048,#2324,#2325);
#1991=AXIS2_PLACEMENT_3D('',#3050,#2327,#2328);
#1992=AXIS2_PLACEMENT_3D('',#3051,#2329,#2330);
#1993=AXIS2_PLACEMENT_3D('',#3056,#2333,#2334);
#1994=AXIS2_PLACEMENT_3D('',#3057,#2335,#2336);
#1995=AXIS2_PLACEMENT_3D('',#3062,#2339,#2340);
#1996=AXIS2_PLACEMENT_3D('',#3063,#2341,#2342);
#1997=AXIS2_PLACEMENT_3D('',#3067,#2344,#2345);
#1998=AXIS2_PLACEMENT_3D('',#3068,#2346,#2347);
#1999=AXIS2_PLACEMENT_3D('',#3073,#2348,#2349);
#2000=AXIS2_PLACEMENT_3D('',#3074,#2350,#2351);
#2001=AXIS2_PLACEMENT_3D('',#3076,#2353,#2354);
#2002=AXIS2_PLACEMENT_3D('',#3077,#2355,#2356);
#2003=AXIS2_PLACEMENT_3D('',#3078,#2357,#2358);
#2004=AXIS2_PLACEMENT_3D('',#3084,#2359,#2360);
#2005=AXIS2_PLACEMENT_3D('',#3085,#2361,#2362);
#2006=AXIS2_PLACEMENT_3D('',#3088,#2364,#2365);
#2007=AXIS2_PLACEMENT_3D('',#3089,#2366,#2367);
#2008=AXIS2_PLACEMENT_3D('',#3107,#2369,#2370);
#2009=AXIS2_PLACEMENT_3D('',#3108,#2371,#2372);
#2010=AXIS2_PLACEMENT_3D('',#3109,#2373,#2374);
#2011=AXIS2_PLACEMENT_3D('',#3122,#2375,#2376);
#2012=AXIS2_PLACEMENT_3D('',#3123,#2377,#2378);
#2013=AXIS2_PLACEMENT_3D('',#3124,#2379,#2380);
#2014=AXIS2_PLACEMENT_3D('',#3125,#2381,#2382);
#2015=AXIS2_PLACEMENT_3D('',#3126,#2383,#2384);
#2016=AXIS2_PLACEMENT_3D('',#3143,#2385,#2386);
#2017=AXIS2_PLACEMENT_3D('',#3156,#2387,#2388);
#2018=AXIS2_PLACEMENT_3D('',#3157,#2389,#2390);
#2019=AXIS2_PLACEMENT_3D('',#3158,#2391,#2392);
#2020=AXIS2_PLACEMENT_3D('',#3162,#2394,#2395);
#2021=AXIS2_PLACEMENT_3D('',#3166,#2397,#2398);
#2022=AXIS2_PLACEMENT_3D('',#3179,#2399,#2400);
#2023=AXIS2_PLACEMENT_3D('',#3203,#2401,#2402);
#2024=AXIS2_PLACEMENT_3D('',#3205,#2403,#2404);
#2025=AXIS2_PLACEMENT_3D('',#3206,#2405,#2406);
#2026=AXIS2_PLACEMENT_3D('',#3211,#2409,#2410);
#2027=AXIS2_PLACEMENT_3D('',#3224,#2411,#2412);
#2028=AXIS2_PLACEMENT_3D('',#3226,#2413,#2414);
#2029=AXIS2_PLACEMENT_3D('',#3227,#2415,#2416);
#2030=AXIS2_PLACEMENT_3D('',#3251,#2419,#2420);
#2031=AXIS2_PLACEMENT_3D('',#3257,#2424,#2425);
#2032=AXIS2_PLACEMENT_3D('',#3258,#2426,#2427);
#2033=AXIS2_PLACEMENT_3D('',#3261,#2428,#2429);
#2034=AXIS2_PLACEMENT_3D('',#3262,#2430,#2431);
#2035=AXIS2_PLACEMENT_3D('',#3263,#2432,#2433);
#2036=AXIS2_PLACEMENT_3D('',#3265,#2435,#2436);
#2037=AXIS2_PLACEMENT_3D('',#3266,#2437,#2438);
#2038=AXIS2_PLACEMENT_3D('',#3269,#2440,#2441);
#2039=AXIS2_PLACEMENT_3D('',#3270,#2442,#2443);
#2040=AXIS2_PLACEMENT_3D('',#3273,#2444,#2445);
#2041=AXIS2_PLACEMENT_3D('',#3274,#2446,#2447);
#2042=AXIS2_PLACEMENT_3D('',#3275,#2448,#2449);
#2043=AXIS2_PLACEMENT_3D('',#3276,#2450,#2451);
#2044=AXIS2_PLACEMENT_3D('',#3281,#2454,#2455);
#2045=AXIS2_PLACEMENT_3D('',#3284,#2457,#2458);
#2046=AXIS2_PLACEMENT_3D('',#3285,#2459,#2460);
#2047=AXIS2_PLACEMENT_3D('',#3286,#2461,#2462);
#2048=AXIS2_PLACEMENT_3D('',#3289,#2463,#2464);
#2049=AXIS2_PLACEMENT_3D('',#3290,#2465,#2466);
#2050=AXIS2_PLACEMENT_3D('',#3292,#2467,#2468);
#2051=AXIS2_PLACEMENT_3D('',#3293,#2469,#2470);
#2052=AXIS2_PLACEMENT_3D('',#3295,#2472,#2473);
#2053=AXIS2_PLACEMENT_3D('',#3297,#2475,#2476);
#2054=AXIS2_PLACEMENT_3D('',#3298,#2477,#2478);
#2055=AXIS2_PLACEMENT_3D('',#3300,#2479,#2480);
#2056=AXIS2_PLACEMENT_3D('',#3301,#2481,#2482);
#2057=AXIS2_PLACEMENT_3D('',#3302,#2483,#2484);
#2058=AXIS2_PLACEMENT_3D('',#3307,#2487,#2488);
#2059=AXIS2_PLACEMENT_3D('',#3309,#2490,#2491);
#2060=AXIS2_PLACEMENT_3D('',#3310,#2492,#2493);
#2061=AXIS2_PLACEMENT_3D('',#3315,#2496,#2497);
#2062=AXIS2_PLACEMENT_3D('',#3316,#2498,#2499);
#2063=AXIS2_PLACEMENT_3D('',#3321,#2502,#2503);
#2064=AXIS2_PLACEMENT_3D('',#3322,#2504,#2505);
#2065=AXIS2_PLACEMENT_3D('',#3326,#2507,#2508);
#2066=AXIS2_PLACEMENT_3D('',#3327,#2509,#2510);
#2067=AXIS2_PLACEMENT_3D('',#3332,#2511,#2512);
#2068=AXIS2_PLACEMENT_3D('',#3333,#2513,#2514);
#2069=AXIS2_PLACEMENT_3D('',#3335,#2516,#2517);
#2070=AXIS2_PLACEMENT_3D('',#3336,#2518,#2519);
#2071=AXIS2_PLACEMENT_3D('',#3337,#2520,#2521);
#2072=AXIS2_PLACEMENT_3D('',#3343,#2522,#2523);
#2073=AXIS2_PLACEMENT_3D('',#3344,#2524,#2525);
#2074=AXIS2_PLACEMENT_3D('',#3347,#2527,#2528);
#2075=AXIS2_PLACEMENT_3D('',#3348,#2529,#2530);
#2076=AXIS2_PLACEMENT_3D('',#3366,#2532,#2533);
#2077=AXIS2_PLACEMENT_3D('',#3367,#2534,#2535);
#2078=AXIS2_PLACEMENT_3D('',#3368,#2536,#2537);
#2079=AXIS2_PLACEMENT_3D('',#3381,#2538,#2539);
#2080=AXIS2_PLACEMENT_3D('',#3382,#2540,#2541);
#2081=AXIS2_PLACEMENT_3D('',#3383,#2542,#2543);
#2082=AXIS2_PLACEMENT_3D('',#3384,#2544,#2545);
#2083=AXIS2_PLACEMENT_3D('',#3385,#2546,#2547);
#2084=AXIS2_PLACEMENT_3D('',#3402,#2548,#2549);
#2085=AXIS2_PLACEMENT_3D('',#3415,#2550,#2551);
#2086=AXIS2_PLACEMENT_3D('',#3416,#2552,#2553);
#2087=AXIS2_PLACEMENT_3D('',#3417,#2554,#2555);
#2088=AXIS2_PLACEMENT_3D('',#3418,#2556,#2557);
#2089=AXIS2_PLACEMENT_3D('',#3422,#2559,#2560);
#2090=AXIS2_PLACEMENT_3D('',#3423,#2561,#2562);
#2091=AXIS2_PLACEMENT_3D('',#3427,#2564,#2565);
#2092=AXIS2_PLACEMENT_3D('',#3428,#2566,#2567);
#2093=AXIS2_PLACEMENT_3D('',#3429,#2568,#2569);
#2094=AXIS2_PLACEMENT_3D('',#3435,#2573,#2574);
#2095=AXIS2_PLACEMENT_3D('',#3439,#2576,#2577);
#2096=AXIS2_PLACEMENT_3D('',#3440,#2578,#2579);
#2097=AXIS2_PLACEMENT_3D('',#3441,#2580,#2581);
#2098=AXIS2_PLACEMENT_3D('',#3445,#2583,#2584);
#2099=AXIS2_PLACEMENT_3D('',#3446,#2585,#2586);
#2100=AXIS2_PLACEMENT_3D('',#3447,#2587,#2588);
#2101=AXIS2_PLACEMENT_3D('',#3453,#2592,#2593);
#2102=AXIS2_PLACEMENT_3D('',#3454,#2594,#2595);
#2103=AXIS2_PLACEMENT_3D('',#3458,#2597,#2598);
#2104=AXIS2_PLACEMENT_3D('',#3459,#2599,#2600);
#2105=AXIS2_PLACEMENT_3D('',#3465,#2604,#2605);
#2106=AXIS2_PLACEMENT_3D('',#3469,#2607,#2608);
#2107=AXIS2_PLACEMENT_3D('',#3470,#2609,#2610);
#2108=AXIS2_PLACEMENT_3D('',#3471,#2611,#2612);
#2109=AXIS2_PLACEMENT_3D('',#3474,#2615,#2616);
#2110=AXIS2_PLACEMENT_3D('',#3475,#2617,#2618);
#2111=AXIS2_PLACEMENT_3D('',#3480,#2620,#2621);
#2112=AXIS2_PLACEMENT_3D('',#3484,#2623,#2624);
#2113=AXIS2_PLACEMENT_3D('',#3488,#2626,#2627);
#2114=AXIS2_PLACEMENT_3D('',#3493,#2630,#2631);
#2115=AXIS2_PLACEMENT_3D('',#3494,#2632,#2633);
#2116=AXIS2_PLACEMENT_3D('',#3499,#2635,#2636);
#2117=AXIS2_PLACEMENT_3D('',#3503,#2638,#2639);
#2118=AXIS2_PLACEMENT_3D('',#3509,#2642,#2643);
#2119=AXIS2_PLACEMENT_3D('',#3512,#2645,#2646);
#2120=AXIS2_PLACEMENT_3D('',#3513,#2647,#2648);
#2121=AXIS2_PLACEMENT_3D('',#3514,#2649,#2650);
#2122=AXIS2_PLACEMENT_3D('',#3547,#2651,#2652);
#2123=AXIS2_PLACEMENT_3D('',#3548,#2653,#2654);
#2124=AXIS2_PLACEMENT_3D('',#3549,#2655,#2656);
#2125=AXIS2_PLACEMENT_3D('',#3550,#2657,#2658);
#2126=AXIS2_PLACEMENT_3D('',#3551,#2659,#2660);
#2127=AXIS2_PLACEMENT_3D('',#3552,#2661,#2662);
#2128=AXIS2_PLACEMENT_3D('',#3553,#2663,#2664);
#2129=AXIS2_PLACEMENT_3D('',#3554,#2665,#2666);
#2130=AXIS2_PLACEMENT_3D('',#3555,#2667,#2668);
#2131=AXIS2_PLACEMENT_3D('',#3556,#2669,#2670);
#2132=AXIS2_PLACEMENT_3D('',#3557,#2671,#2672);
#2133=AXIS2_PLACEMENT_3D('',#3562,#2673,#2674);
#2134=AXIS2_PLACEMENT_3D('',#3563,#2675,#2676);
#2135=AXIS2_PLACEMENT_3D('',#3592,#2677,#2678);
#2136=AXIS2_PLACEMENT_3D('',#3593,#2679,#2680);
#2137=AXIS2_PLACEMENT_3D('',#3610,#2681,#2682);
#2138=AXIS2_PLACEMENT_3D('',#3611,#2683,#2684);
#2139=AXIS2_PLACEMENT_3D('',#3612,#2685,#2686);
#2140=AXIS2_PLACEMENT_3D('',#3613,#2687,#2688);
#2141=AXIS2_PLACEMENT_3D('',#3614,#2689,#2690);
#2142=AXIS2_PLACEMENT_3D('',#3631,#2691,#2692);
#2143=AXIS2_PLACEMENT_3D('',#3632,#2693,#2694);
#2144=AXIS2_PLACEMENT_3D('',#3633,#2695,#2696);
#2145=AXIS2_PLACEMENT_3D('',#3634,#2697,#2698);
#2146=AXIS2_PLACEMENT_3D('',#3635,#2699,#2700);
#2147=AXIS2_PLACEMENT_3D('',#3640,#2701,#2702);
#2148=AXIS2_PLACEMENT_3D('',#3641,#2703,#2704);
#2149=AXIS2_PLACEMENT_3D('',#3658,#2705,#2706);
#2150=AXIS2_PLACEMENT_3D('',#3659,#2707,#2708);
#2151=AXIS2_PLACEMENT_3D('',#3660,#2709,#2710);
#2152=AXIS2_PLACEMENT_3D('',#3661,#2711,#2712);
#2153=AXIS2_PLACEMENT_3D('',#3662,#2713,#2714);
#2154=AXIS2_PLACEMENT_3D('',#3663,#2715,#2716);
#2155=AXIS2_PLACEMENT_3D('',#3676,#2717,#2718);
#2156=AXIS2_PLACEMENT_3D('',#3677,#2719,#2720);
#2157=AXIS2_PLACEMENT_3D('',#3679,#2721,#2722);
#2158=AXIS2_PLACEMENT_3D('',#3776,#2723,#2724);
#2159=AXIS2_PLACEMENT_3D('',#3778,#2725,#2726);
#2160=AXIS2_PLACEMENT_3D('',#3779,#2727,#2728);
#2161=AXIS2_PLACEMENT_3D('',#3781,#2729,#2730);
#2162=AXIS2_PLACEMENT_3D('',#3859,#2731,#2732);
#2163=AXIS2_PLACEMENT_3D('',#3861,#2733,#2734);
#2164=AXIS2_PLACEMENT_3D('',#3863,#2735,#2736);
#2165=AXIS2_PLACEMENT_3D('',#3864,#2737,#2738);
#2166=AXIS2_PLACEMENT_3D('',#3866,#2739,#2740);
#2167=AXIS2_PLACEMENT_3D('',#3867,#2741,#2742);
#2168=AXIS2_PLACEMENT_3D('',#3868,#2743,#2744);
#2169=AXIS2_PLACEMENT_3D('',#3870,#2745,#2746);
#2170=AXIS2_PLACEMENT_3D('',#3872,#2747,#2748);
#2171=AXIS2_PLACEMENT_3D('',#3873,#2749,#2750);
#2172=AXIS2_PLACEMENT_3D('',#3875,#2751,#2752);
#2173=AXIS2_PLACEMENT_3D('',#3877,#2753,#2754);
#2174=AXIS2_PLACEMENT_3D('',#3878,#2755,#2756);
#2175=AXIS2_PLACEMENT_3D('',#3879,#2757,#2758);
#2176=AXIS2_PLACEMENT_3D('',#3880,#2759,#2760);
#2177=AXIS2_PLACEMENT_3D('',#3881,#2761,#2762);
#2178=AXIS2_PLACEMENT_3D('',#3882,#2763,#2764);
#2179=AXIS2_PLACEMENT_3D('',#3883,#2765,#2766);
#2180=AXIS2_PLACEMENT_3D('',#3884,#2767,#2768);
#2181=AXIS2_PLACEMENT_3D('',#3886,#2769,#2770);
#2182=AXIS2_PLACEMENT_3D('',#3887,#2771,#2772);
#2183=AXIS2_PLACEMENT_3D('',#3889,#2773,#2774);
#2184=AXIS2_PLACEMENT_3D('',#3890,#2775,#2776);
#2185=AXIS2_PLACEMENT_3D('',#3892,#2777,#2778);
#2186=AXIS2_PLACEMENT_3D('',#3893,#2779,#2780);
#2187=AXIS2_PLACEMENT_3D('',#3895,#2781,#2782);
#2188=AXIS2_PLACEMENT_3D('',#3896,#2783,#2784);
#2189=AXIS2_PLACEMENT_3D('',#3898,#2785,#2786);
#2190=AXIS2_PLACEMENT_3D('',#3899,#2787,#2788);
#2191=AXIS2_PLACEMENT_3D('',#3901,#2789,#2790);
#2192=AXIS2_PLACEMENT_3D('',#3902,#2791,#2792);
#2193=AXIS2_PLACEMENT_3D('',#3904,#2793,#2794);
#2194=AXIS2_PLACEMENT_3D('',#3905,#2795,#2796);
#2195=AXIS2_PLACEMENT_3D('',#3907,#2797,#2798);
#2196=DIRECTION('',(0.,0.,1.));
#2197=DIRECTION('',(1.,0.,0.));
#2198=DIRECTION('',(0.,-2.90078930018242E-19,-1.));
#2199=DIRECTION('',(0.,1.,-2.90078930018242E-19));
#2200=DIRECTION('',(0.,-2.90078930018242E-19,-1.));
#2201=DIRECTION('',(0.,1.,-2.90078930018242E-19));
#2202=DIRECTION('',(0.,-2.90078930018242E-19,-1.));
#2203=DIRECTION('',(0.,1.,-2.90078930018242E-19));
#2204=DIRECTION('',(0.86602540378444,-0.499999999999999,1.45039465009121E-19));
#2205=DIRECTION('',(0.499999999999999,0.86602540378444,-2.51215722498406E-19));
#2206=DIRECTION('',(0.86602540378444,-0.499999999999999,1.45039465009121E-19));
#2207=DIRECTION('',(0.499999999999999,0.86602540378444,-2.51215722498406E-19));
#2208=DIRECTION('',(0.,1.,-2.90078930018242E-19));
#2209=DIRECTION('',(-1.,0.,0.));
#2210=DIRECTION('',(0.,1.,-2.90078930018242E-19));
#2211=DIRECTION('',(-1.,0.,0.));
#2212=DIRECTION('',(-0.866025403784437,-0.500000000000003,1.45039465009122E-19));
#2213=DIRECTION('',(0.500000000000003,-0.866025403784437,2.51215722498406E-19));
#2214=DIRECTION('',(-0.866025403784437,-0.500000000000003,1.45039465009122E-19));
#2215=DIRECTION('',(0.500000000000003,-0.866025403784437,2.51215722498406E-19));
#2216=DIRECTION('',(0.,0.,-1.));
#2217=DIRECTION('',(-1.,0.,0.));
#2218=DIRECTION('',(0.,-2.90078930018242E-19,-1.));
#2219=DIRECTION('',(0.,1.,-2.90078930018242E-19));
#2220=DIRECTION('',(0.,0.,-1.));
#2221=DIRECTION('',(-1.,0.,0.));
#2222=DIRECTION('',(0.,0.,-1.));
#2223=DIRECTION('',(-1.,0.,0.));
#2224=DIRECTION('',(0.,-2.90078930018242E-19,-1.));
#2225=DIRECTION('',(0.,1.,-2.90078930018242E-19));
#2226=DIRECTION('',(0.,0.,-1.));
#2227=DIRECTION('',(-1.,0.,0.));
#2228=DIRECTION('',(-1.,0.,0.));
#2229=DIRECTION('',(0.,0.,1.));
#2230=DIRECTION('',(-1.,0.,0.));
#2231=DIRECTION('',(1.,0.,0.));
#2232=DIRECTION('',(0.,0.,-1.));
#2233=DIRECTION('',(-1.,0.,0.));
#2234=DIRECTION('',(-1.,0.,0.));
#2235=DIRECTION('',(0.,0.,1.));
#2236=DIRECTION('',(-1.,0.,0.));
#2237=DIRECTION('',(0.,0.,1.));
#2238=DIRECTION('',(0.,0.876290382943453,0.481783317229661));
#2239=DIRECTION('',(0.,0.481783317229661,-0.876290382943453));
#2240=DIRECTION('',(0.,0.556323725441302,0.830965650620476));
#2241=DIRECTION('',(0.,0.830965650620476,-0.556323725441302));
#2242=DIRECTION('',(-1.,0.,0.));
#2243=DIRECTION('',(0.,0.,1.));
#2244=DIRECTION('',(-1.,0.,0.));
#2245=DIRECTION('',(-1.,0.,0.));
#2246=DIRECTION('',(1.,3.92531296527689E-16,4.48665324978232E-15));
#2247=DIRECTION('',(4.48665324978232E-15,0.,-1.));
#2248=DIRECTION('',(0.,-0.556323725441302,-0.830965650620476));
#2249=DIRECTION('',(0.,0.830965650620476,-0.556323725441302));
#2250=DIRECTION('',(0.,-0.876290382943453,-0.481783317229661));
#2251=DIRECTION('',(0.,0.481783317229661,-0.876290382943453));
#2252=DIRECTION('',(0.,0.996194698091746,-0.0871557427476495));
#2253=DIRECTION('',(0.,0.0871557427476495,0.996194698091746));
#2254=DIRECTION('',(0.,-0.0871557427476495,-0.996194698091746));
#2255=DIRECTION('',(0.,-0.0871557427476495,-0.996194698091746));
#2256=DIRECTION('',(0.,0.,-1.));
#2257=DIRECTION('',(-1.,0.,0.));
#2258=DIRECTION('',(-1.,0.,0.));
#2259=DIRECTION('',(0.,-1.,0.));
#2260=DIRECTION('',(0.,-1.,0.));
#2261=DIRECTION('',(1.,0.,0.));
#2262=DIRECTION('',(0.,0.,-1.));
#2263=DIRECTION('',(0.,-0.121869343405147,-0.992546151641322));
#2264=DIRECTION('',(0.,0.992546151641322,-0.121869343405147));
#2265=DIRECTION('',(1.,0.,0.));
#2266=DIRECTION('',(0.,0.,-1.));
#2267=DIRECTION('',(1.,0.,0.));
#2268=DIRECTION('',(0.,0.,-1.));
#2269=DIRECTION('',(0.,-0.0871557427476495,-0.996194698091746));
#2270=DIRECTION('',(0.,0.996194698091746,-0.0871557427476495));
#2271=DIRECTION('',(0.,-0.0871557427476495,-0.996194698091746));
#2272=DIRECTION('',(0.,-1.,0.));
#2273=DIRECTION('',(0.,0.,-1.));
#2274=DIRECTION('',(0.,1.,0.));
#2275=DIRECTION('',(0.,0.,1.));
#2276=DIRECTION('',(0.,-1.,0.));
#2277=DIRECTION('',(1.,0.,0.));
#2278=DIRECTION('',(0.,0.,-1.));
#2279=DIRECTION('',(0.,0.173648177666935,-0.984807753012207));
#2280=DIRECTION('',(0.,0.984807753012207,0.173648177666935));
#2281=DIRECTION('',(1.,0.,0.));
#2282=DIRECTION('',(0.,0.,-1.));
#2283=DIRECTION('',(1.,0.,0.));
#2284=DIRECTION('',(0.,0.,-1.));
#2285=DIRECTION('',(0.,-0.121869343405147,-0.992546151641322));
#2286=DIRECTION('',(0.,0.992546151641322,-0.121869343405147));
#2287=DIRECTION('',(0.,-0.121869343405147,-0.992546151641322));
#2288=DIRECTION('',(0.,0.992546151641322,-0.121869343405147));
#2289=DIRECTION('',(0.,-0.121869343405147,-0.992546151641322));
#2290=DIRECTION('',(0.,-0.121869343405147,-0.992546151641322));
#2291=DIRECTION('',(-1.,0.,0.));
#2292=DIRECTION('',(0.,0.,1.));
#2293=DIRECTION('',(-1.,0.,0.));
#2294=DIRECTION('',(1.,0.,0.));
#2295=DIRECTION('',(0.,0.,-1.));
#2296=DIRECTION('',(1.,0.,0.));
#2297=DIRECTION('',(0.,0.,-1.));
#2298=DIRECTION('',(0.,0.173648177666935,-0.984807753012207));
#2299=DIRECTION('',(0.,0.984807753012207,0.173648177666935));
#2300=DIRECTION('',(1.,0.,0.));
#2301=DIRECTION('',(0.,0.,-1.));
#2302=DIRECTION('',(0.,1.,0.));
#2303=DIRECTION('',(0.,0.,1.));
#2304=DIRECTION('',(1.,0.,0.));
#2305=DIRECTION('',(0.,0.,-1.));
#2306=DIRECTION('',(0.,1.,0.));
#2307=DIRECTION('',(0.,0.,1.));
#2308=DIRECTION('',(0.,-1.,0.));
#2309=DIRECTION('',(0.,0.0871557427476495,0.996194698091746));
#2310=DIRECTION('',(0.,-0.996194698091746,0.0871557427476495));
#2311=DIRECTION('',(0.,-0.0871557427476495,-0.996194698091746));
#2312=DIRECTION('',(1.,0.,0.));
#2313=DIRECTION('',(0.,0.,-1.));
#2314=DIRECTION('',(0.,-0.121869343405147,-0.992546151641322));
#2315=DIRECTION('',(0.,0.992546151641322,-0.121869343405147));
#2316=DIRECTION('',(1.,0.,0.));
#2317=DIRECTION('',(0.,0.,-1.));
#2318=DIRECTION('',(0.,0.121869343405147,0.992546151641322));
#2319=DIRECTION('',(0.,-0.992546151641322,0.121869343405147));
#2320=DIRECTION('',(0.,-0.121869343405147,-0.992546151641322));
#2321=DIRECTION('',(0.,0.992546151641322,-0.121869343405147));
#2322=DIRECTION('',(0.,-0.121869343405147,-0.992546151641322));
#2323=DIRECTION('',(0.,-0.121869343405147,-0.992546151641322));
#2324=DIRECTION('',(-1.,0.,0.));
#2325=DIRECTION('',(0.,0.,1.));
#2326=DIRECTION('',(-1.,0.,0.));
#2327=DIRECTION('',(0.,0.173648177666931,-0.984807753012208));
#2328=DIRECTION('',(0.,0.984807753012208,0.173648177666931));
#2329=DIRECTION('',(-1.34517254210571E-14,0.173648177666922,-0.984807753012209));
#2330=DIRECTION('',(0.,0.98480775301221,0.173648177666922));
#2331=DIRECTION('',(0.,-0.173648177666931,0.984807753012208));
#2332=DIRECTION('',(0.,-0.173648177666931,0.984807753012208));
#2333=DIRECTION('',(0.,-0.173648177666931,0.984807753012208));
#2334=DIRECTION('',(0.,-0.984807753012208,-0.173648177666931));
#2335=DIRECTION('',(0.,0.173648177666922,-0.98480775301221));
#2336=DIRECTION('',(0.,0.98480775301221,0.173648177666922));
#2337=DIRECTION('',(0.,-0.173648177666931,0.984807753012208));
#2338=DIRECTION('',(0.,-0.173648177666931,0.984807753012208));
#2339=DIRECTION('',(1.,0.,0.));
#2340=DIRECTION('',(0.,0.,-1.));
#2341=DIRECTION('',(1.,0.,0.));
#2342=DIRECTION('',(0.,0.,-1.));
#2343=DIRECTION('',(0.,1.,-2.90078930018242E-19));
#2344=DIRECTION('',(1.,0.,0.));
#2345=DIRECTION('',(0.,0.,-1.));
#2346=DIRECTION('',(1.,0.,0.));
#2347=DIRECTION('',(0.,0.,-1.));
#2348=DIRECTION('',(1.,0.,0.));
#2349=DIRECTION('',(0.,0.,-1.));
#2350=DIRECTION('',(0.,0.992546151641322,-0.121869343405147));
#2351=DIRECTION('',(0.,0.121869343405147,0.992546151641322));
#2352=DIRECTION('',(-1.,0.,0.));
#2353=DIRECTION('',(-1.,0.,0.));
#2354=DIRECTION('',(0.,0.,1.));
#2355=DIRECTION('',(1.,0.,0.));
#2356=DIRECTION('',(0.,0.,-1.));
#2357=DIRECTION('',(1.,0.,0.));
#2358=DIRECTION('',(0.,0.,-1.));
#2359=DIRECTION('',(1.,0.,0.));
#2360=DIRECTION('',(0.,0.,-1.));
#2361=DIRECTION('',(1.,0.,0.));
#2362=DIRECTION('',(0.,0.,-1.));
#2363=DIRECTION('',(0.,1.,-2.90078930018242E-19));
#2364=DIRECTION('',(1.,0.,0.));
#2365=DIRECTION('',(0.,0.,-1.));
#2366=DIRECTION('',(0.,-0.984807753012208,-0.173648177666931));
#2367=DIRECTION('',(0.,0.173648177666931,-0.984807753012208));
#2368=DIRECTION('',(-1.,0.,0.));
#2369=DIRECTION('',(0.,1.,0.));
#2370=DIRECTION('',(0.,0.,1.));
#2371=DIRECTION('',(0.,1.,-2.90078930018242E-19));
#2372=DIRECTION('',(0.,2.90078930018242E-19,1.));
#2373=DIRECTION('',(0.,1.,0.));
#2374=DIRECTION('',(0.,0.,1.));
#2375=DIRECTION('',(1.,0.,0.));
#2376=DIRECTION('',(0.,0.,-1.));
#2377=DIRECTION('',(1.,0.,0.));
#2378=DIRECTION('',(0.,0.,-1.));
#2379=DIRECTION('',(-1.,0.,0.));
#2380=DIRECTION('',(0.,0.,1.));
#2381=DIRECTION('',(1.,0.,0.));
#2382=DIRECTION('',(0.,0.,-1.));
#2383=DIRECTION('',(1.,0.,0.));
#2384=DIRECTION('',(0.,0.,-1.));
#2385=DIRECTION('',(0.,1.,0.));
#2386=DIRECTION('',(0.,0.,1.));
#2387=DIRECTION('',(0.,-1.,0.));
#2388=DIRECTION('',(0.,0.,-1.));
#2389=DIRECTION('',(0.,-1.,2.90078930018242E-19));
#2390=DIRECTION('',(0.,-2.90078930018242E-19,-1.));
#2391=DIRECTION('',(0.499999999999999,0.86602540378444,-2.51215722498406E-19));
#2392=DIRECTION('',(-0.866025403784439,0.499999999999999,0.));
#2393=DIRECTION('',(0.499999999999999,0.86602540378444,-2.51215722498406E-19));
#2394=DIRECTION('',(-0.499999999999995,-0.866025403784441,0.));
#2395=DIRECTION('',(0.866025403784441,-0.499999999999995,0.));
#2396=DIRECTION('',(0.499999999999999,0.86602540378444,-2.51215722498406E-19));
#2397=DIRECTION('',(0.499999999999993,0.866025403784442,0.));
#2398=DIRECTION('',(-0.866025403784442,0.499999999999993,0.));
#2399=DIRECTION('',(0.500000000000021,0.866025403784426,-1.4690597778864E-14));
#2400=DIRECTION('',(-0.866025403784426,0.500000000000021,0.));
#2401=DIRECTION('',(0.758889732721025,-0.438145191471725,0.481783317229661));
#2402=DIRECTION('',(0.417236591840423,-0.240891658614831,-0.876290382943453));
#2403=DIRECTION('',(0.481790478960163,-0.278161862720648,0.830965650620479));
#2404=DIRECTION('',(0.719637363109599,-0.41548282531024,-0.556323725441297));
#2405=DIRECTION('',(0.499999999999999,0.86602540378444,-2.51215722498406E-19));
#2406=DIRECTION('',(-0.866025403784439,0.499999999999999,0.));
#2407=DIRECTION('',(0.499999999999999,0.86602540378444,-2.51215722498406E-19));
#2408=DIRECTION('',(0.499999999999999,0.86602540378444,-2.51215722498406E-19));
#2409=DIRECTION('',(-0.499999999999994,-0.866025403784442,4.92927683745534E-14));
#2410=DIRECTION('',(0.866025403784442,-0.499999999999994,0.));
#2411=DIRECTION('',(-0.481790478960162,0.278161862720647,-0.83096565062048));
#2412=DIRECTION('',(0.719637363109604,-0.415482825310233,-0.556323725441296));
#2413=DIRECTION('',(-0.758889732721025,0.438145191471725,-0.481783317229662));
#2414=DIRECTION('',(0.417236591840429,-0.240891658614822,-0.876290382943453));
#2415=DIRECTION('',(0.862729915662823,-0.498097349045872,-0.087155742747647));
#2416=DIRECTION('',(0.499999999999999,0.866025403784439,0.));
#2417=DIRECTION('',(-0.0754790873051637,0.0435778713738234,-0.996194698091747));
#2418=DIRECTION('',(-0.0754790873051637,0.0435778713738234,-0.996194698091747));
#2419=DIRECTION('',(-1.25607861249203E-19,-2.17559197513682E-19,-1.));
#2420=DIRECTION('',(0.,1.,-2.17559197513682E-19));
#2421=DIRECTION('',(0.499999999999999,0.86602540378444,-2.51215722498406E-19));
#2422=DIRECTION('',(-0.86602540378444,0.499999999999999,9.62964972193618E-35));
#2423=DIRECTION('',(-0.86602540378444,0.499999999999999,9.62964972193618E-35));
#2424=DIRECTION('',(-0.499999999999999,-0.866025403784439,2.51215722498406E-19));
#2425=DIRECTION('',(0.86602540378444,-0.499999999999999,0.));
#2426=DIRECTION('',(-0.105541947331449,0.0609346717024657,-0.992546151641322));
#2427=DIRECTION('',(-0.99439397792891,0.,0.105738435106249));
#2428=DIRECTION('',(-0.499999999999999,-0.866025403784439,2.51215722498406E-19));
#2429=DIRECTION('',(0.86602540378444,-0.499999999999999,0.));
#2430=DIRECTION('',(-0.499999999999999,-0.866025403784439,2.51215722498406E-19));
#2431=DIRECTION('',(0.86602540378444,-0.499999999999999,0.));
#2432=DIRECTION('',(-0.0754790873051637,0.0435778713738234,-0.996194698091747));
#2433=DIRECTION('',(-0.997141949694317,0.,0.0755508581011209));
#2434=DIRECTION('',(-0.0754790873051637,0.0435778713738234,-0.996194698091747));
#2435=DIRECTION('',(-0.86602540378444,0.499999999999999,9.62964972193618E-35));
#2436=DIRECTION('',(-0.499999999999999,-0.866025403784439,0.));
#2437=DIRECTION('',(0.866025403784442,-0.499999999999994,0.));
#2438=DIRECTION('',(0.499999999999994,0.866025403784442,0.));
#2439=DIRECTION('',(-0.86602540378444,0.499999999999999,9.62964972193618E-35));
#2440=DIRECTION('',(-0.499999999999999,-0.866025403784439,2.51215722498406E-19));
#2441=DIRECTION('',(0.86602540378444,-0.499999999999999,0.));
#2442=DIRECTION('',(0.150383733180443,-0.0868240888334679,-0.984807753012207));
#2443=DIRECTION('',(-0.988540820816137,0.,-0.150953786239889));
#2444=DIRECTION('',(-0.499999999999999,-0.866025403784439,2.51215722498406E-19));
#2445=DIRECTION('',(0.86602540378444,-0.499999999999999,0.));
#2446=DIRECTION('',(-0.499999999999999,-0.866025403784439,2.51215722498406E-19));
#2447=DIRECTION('',(0.86602540378444,-0.499999999999999,0.));
#2448=DIRECTION('',(-0.105541947331386,0.0609346717025728,-0.992546151641322));
#2449=DIRECTION('',(-0.994393977928917,0.,0.105738435106186));
#2450=DIRECTION('',(-0.105541947331386,0.0609346717025739,-0.992546151641322));
#2451=DIRECTION('',(-0.994393977928917,0.,0.105738435106187));
#2452=DIRECTION('',(-0.105541947331386,0.0609346717025728,-0.992546151641322));
#2453=DIRECTION('',(-0.105541947331386,0.0609346717025728,-0.992546151641322));
#2454=DIRECTION('',(0.499999999999999,0.86602540378444,-2.51215722498406E-19));
#2455=DIRECTION('',(-0.866025403784439,0.499999999999999,0.));
#2456=DIRECTION('',(0.499999999999999,0.86602540378444,-2.51215722498406E-19));
#2457=DIRECTION('',(-0.499999999999999,-0.866025403784439,2.51215722498406E-19));
#2458=DIRECTION('',(0.86602540378444,-0.499999999999999,0.));
#2459=DIRECTION('',(-0.499999999999999,-0.866025403784439,2.51215722498406E-19));
#2460=DIRECTION('',(0.86602540378444,-0.499999999999999,0.));
#2461=DIRECTION('',(0.15038373318044,-0.0868240888334666,-0.984807753012207));
#2462=DIRECTION('',(-0.988540820816138,0.,-0.150953786239886));
#2463=DIRECTION('',(-0.499999999999999,-0.866025403784439,2.51215722498406E-19));
#2464=DIRECTION('',(0.86602540378444,-0.499999999999999,0.));
#2465=DIRECTION('',(0.866025403784445,-0.499999999999989,-1.18292488089541E-14));
#2466=DIRECTION('',(0.499999999999989,0.866025403784445,0.));
#2467=DIRECTION('',(-0.499999999999999,-0.866025403784439,2.51215722498406E-19));
#2468=DIRECTION('',(0.86602540378444,-0.499999999999999,0.));
#2469=DIRECTION('',(0.86602540378444,-0.499999999999999,-9.62964972193618E-35));
#2470=DIRECTION('',(0.499999999999999,0.866025403784439,0.));
#2471=DIRECTION('',(-0.86602540378444,0.499999999999999,9.62964972193618E-35));
#2472=DIRECTION('',(0.0754790873051637,-0.0435778713738234,0.996194698091747));
#2473=DIRECTION('',(0.997141949694317,0.,-0.0755508581011209));
#2474=DIRECTION('',(-0.0754790873051637,0.0435778713738234,-0.996194698091747));
#2475=DIRECTION('',(-0.499999999999999,-0.866025403784439,2.51215722498406E-19));
#2476=DIRECTION('',(0.86602540378444,-0.499999999999999,0.));
#2477=DIRECTION('',(-0.105541947331387,0.060934671702573,-0.992546151641322));
#2478=DIRECTION('',(-0.994393977928917,0.,0.105738435106187));
#2479=DIRECTION('',(-0.499999999999999,-0.866025403784439,2.51215722498406E-19));
#2480=DIRECTION('',(0.86602540378444,-0.499999999999999,0.));
#2481=DIRECTION('',(0.105541947331386,-0.0609346717025728,0.992546151641322));
#2482=DIRECTION('',(0.994393977928917,0.,-0.105738435106186));
#2483=DIRECTION('',(-0.105541947331385,0.0609346717025721,-0.992546151641322));
#2484=DIRECTION('',(-0.994393977928917,0.,0.105738435106186));
#2485=DIRECTION('',(-0.105541947331386,0.0609346717025728,-0.992546151641322));
#2486=DIRECTION('',(-0.105541947331386,0.0609346717025728,-0.992546151641322));
#2487=DIRECTION('',(0.499999999999999,0.86602540378444,-2.51215722498406E-19));
#2488=DIRECTION('',(-0.866025403784439,0.499999999999999,0.));
#2489=DIRECTION('',(0.499999999999999,0.86602540378444,-2.51215722498406E-19));
#2490=DIRECTION('',(0.150383733180435,-0.086824088833465,-0.984807753012208));
#2491=DIRECTION('',(-0.988540820816138,0.,-0.150953786239881));
#2492=DIRECTION('',(0.15038373318044,-0.0868240888334676,-0.984807753012207));
#2493=DIRECTION('',(-0.988540820816138,0.,-0.150953786239886));
#2494=DIRECTION('',(-0.150383733180435,0.086824088833465,0.984807753012208));
#2495=DIRECTION('',(-0.150383733180435,0.086824088833465,0.984807753012208));
#2496=DIRECTION('',(-0.150383733180435,0.086824088833465,0.984807753012208));
#2497=DIRECTION('',(0.988540820816138,0.,0.150953786239881));
#2498=DIRECTION('',(0.150383733180441,-0.0868240888334669,-0.984807753012207));
#2499=DIRECTION('',(-0.988540820816137,0.,-0.150953786239887));
#2500=DIRECTION('',(-0.150383733180435,0.086824088833465,0.984807753012208));
#2501=DIRECTION('',(-0.150383733180435,0.086824088833465,0.984807753012208));
#2502=DIRECTION('',(-0.499999999999999,-0.866025403784439,2.51215722498406E-19));
#2503=DIRECTION('',(0.86602540378444,-0.499999999999999,0.));
#2504=DIRECTION('',(-0.499999999999999,-0.866025403784439,2.51215722498406E-19));
#2505=DIRECTION('',(0.86602540378444,-0.499999999999999,0.));
#2506=DIRECTION('',(0.86602540378444,-0.499999999999999,1.45039465009121E-19));
#2507=DIRECTION('',(-0.499999999999999,-0.866025403784439,2.51215722498406E-19));
#2508=DIRECTION('',(0.86602540378444,-0.499999999999999,0.));
#2509=DIRECTION('',(-0.499999999999999,-0.866025403784439,2.51215722498406E-19));
#2510=DIRECTION('',(0.86602540378444,-0.499999999999999,0.));
#2511=DIRECTION('',(-0.499999999999999,-0.866025403784439,2.51215722498406E-19));
#2512=DIRECTION('',(0.86602540378444,-0.499999999999999,0.));
#2513=DIRECTION('',(0.859570181749867,-0.49627307582066,-0.121869343405146));
#2514=DIRECTION('',(0.499999999999999,0.866025403784439,0.));
#2515=DIRECTION('',(0.499999999999999,0.86602540378444,-2.51215722498406E-19));
#2516=DIRECTION('',(0.499999999999999,0.86602540378444,-2.51215722498406E-19));
#2517=DIRECTION('',(-0.866025403784439,0.499999999999999,0.));
#2518=DIRECTION('',(-0.499999999999999,-0.866025403784439,2.51215722498406E-19));
#2519=DIRECTION('',(0.86602540378444,-0.499999999999999,0.));
#2520=DIRECTION('',(-0.499999999999999,-0.866025403784439,2.51215722498406E-19));
#2521=DIRECTION('',(0.86602540378444,-0.499999999999999,0.));
#2522=DIRECTION('',(-0.499999999999999,-0.866025403784439,2.51215722498406E-19));
#2523=DIRECTION('',(0.86602540378444,-0.499999999999999,0.));
#2524=DIRECTION('',(-0.499999999999999,-0.866025403784439,2.51215722498406E-19));
#2525=DIRECTION('',(0.86602540378444,-0.499999999999999,0.));
#2526=DIRECTION('',(0.86602540378444,-0.499999999999999,1.45039465009121E-19));
#2527=DIRECTION('',(-0.499999999999999,-0.866025403784439,2.51215722498406E-19));
#2528=DIRECTION('',(0.86602540378444,-0.499999999999999,0.));
#2529=DIRECTION('',(-0.852868531952444,0.492403876506103,-0.17364817766693));
#2530=DIRECTION('',(-0.499999999999999,-0.866025403784439,0.));
#2531=DIRECTION('',(0.499999999999999,0.86602540378444,-2.51215722498406E-19));
#2532=DIRECTION('',(0.866025403784441,-0.499999999999997,0.));
#2533=DIRECTION('',(0.499999999999997,0.866025403784441,0.));
#2534=DIRECTION('',(0.86602540378444,-0.499999999999999,1.45039465009121E-19));
#2535=DIRECTION('',(0.499999999999999,0.866025403784439,0.));
#2536=DIRECTION('',(0.866025403784441,-0.499999999999997,3.4148099920803E-15));
#2537=DIRECTION('',(0.499999999999997,0.866025403784441,0.));
#2538=DIRECTION('',(-0.499999999999999,-0.866025403784439,2.51215722498406E-19));
#2539=DIRECTION('',(0.86602540378444,-0.499999999999999,0.));
#2540=DIRECTION('',(-0.499999999999999,-0.866025403784439,2.51215722498406E-19));
#2541=DIRECTION('',(0.86602540378444,-0.499999999999999,0.));
#2542=DIRECTION('',(0.499999999999999,0.86602540378444,-2.51215722498406E-19));
#2543=DIRECTION('',(-0.866025403784439,0.499999999999999,0.));
#2544=DIRECTION('',(-0.499999999999999,-0.866025403784439,2.51215722498406E-19));
#2545=DIRECTION('',(0.86602540378444,-0.499999999999999,0.));
#2546=DIRECTION('',(-0.499999999999999,-0.866025403784439,2.51215722498406E-19));
#2547=DIRECTION('',(0.86602540378444,-0.499999999999999,0.));
#2548=DIRECTION('',(0.866025403784442,-0.499999999999994,6.82961998416055E-15));
#2549=DIRECTION('',(0.499999999999994,0.866025403784442,0.));
#2550=DIRECTION('',(-0.866025403784439,0.5,0.));
#2551=DIRECTION('',(-0.5,-0.866025403784439,0.));
#2552=DIRECTION('',(-0.86602540378444,0.499999999999999,-1.45039465009121E-19));
#2553=DIRECTION('',(-0.499999999999999,-0.866025403784439,0.));
#2554=DIRECTION('',(0.500000000000003,-0.866025403784437,2.51215722498406E-19));
#2555=DIRECTION('',(0.866025403784437,0.500000000000003,0.));
#2556=DIRECTION('',(-0.500000000000003,0.866025403784437,-2.51215722498406E-19));
#2557=DIRECTION('',(-0.866025403784437,-0.500000000000003,0.));
#2558=DIRECTION('',(0.500000000000003,-0.866025403784437,2.51215722498406E-19));
#2559=DIRECTION('',(-0.500000000000003,0.866025403784437,-2.51215722498406E-19));
#2560=DIRECTION('',(-0.866025403784437,-0.500000000000003,0.));
#2561=DIRECTION('',(0.500000000000003,-0.866025403784437,2.51215722498406E-19));
#2562=DIRECTION('',(0.866025403784437,0.500000000000003,0.));
#2563=DIRECTION('',(0.500000000000003,-0.866025403784437,2.51215722498406E-19));
#2564=DIRECTION('',(-0.500000000000003,0.866025403784437,-2.51215722498406E-19));
#2565=DIRECTION('',(-0.866025403784437,-0.500000000000003,0.));
#2566=DIRECTION('',(-0.500000000000003,0.866025403784437,-2.51215722498406E-19));
#2567=DIRECTION('',(-0.866025403784437,-0.500000000000003,0.));
#2568=DIRECTION('',(-0.859570181749865,-0.496273075820664,-0.121869343405147));
#2569=DIRECTION('',(0.500000000000003,-0.866025403784437,0.));
#2570=DIRECTION('',(0.500000000000003,-0.866025403784437,2.51215722498406E-19));
#2571=DIRECTION('',(0.105541947331387,0.0609346717025738,-0.992546151641322));
#2572=DIRECTION('',(0.105541947331387,0.0609346717025738,-0.992546151641322));
#2573=DIRECTION('',(0.500000000000003,-0.866025403784437,2.51215722498406E-19));
#2574=DIRECTION('',(0.866025403784437,0.500000000000003,0.));
#2575=DIRECTION('',(0.500000000000003,-0.866025403784437,2.51215722498406E-19));
#2576=DIRECTION('',(-0.500000000000003,0.866025403784437,-2.51215722498406E-19));
#2577=DIRECTION('',(-0.866025403784437,-0.500000000000003,0.));
#2578=DIRECTION('',(-0.500000000000003,0.866025403784437,-2.51215722498406E-19));
#2579=DIRECTION('',(-0.866025403784437,-0.500000000000003,0.));
#2580=DIRECTION('',(0.500000000000003,-0.866025403784437,2.51215722498406E-19));
#2581=DIRECTION('',(0.866025403784437,0.500000000000003,0.));
#2582=DIRECTION('',(0.500000000000003,-0.866025403784437,2.51215722498406E-19));
#2583=DIRECTION('',(0.499999999999999,-0.866025403784439,3.63565873088441E-15));
#2584=DIRECTION('',(0.866025403784439,0.5,0.));
#2585=DIRECTION('',(-0.500000000000004,0.866025403784437,-8.20136969525078E-15));
#2586=DIRECTION('',(-0.866025403784437,-0.500000000000004,0.));
#2587=DIRECTION('',(-0.86272991566282,-0.498097349045876,-0.087155742747647));
#2588=DIRECTION('',(0.500000000000003,-0.866025403784437,0.));
#2589=DIRECTION('',(0.0754790873051635,0.0435778713738237,-0.996194698091747));
#2590=DIRECTION('',(0.500000000000003,-0.866025403784437,2.51215722498406E-19));
#2591=DIRECTION('',(0.0754790873051635,0.0435778713738237,-0.996194698091747));
#2592=DIRECTION('',(0.500000000000003,-0.866025403784437,2.51215722498406E-19));
#2593=DIRECTION('',(0.866025403784437,0.500000000000003,0.));
#2594=DIRECTION('',(-0.500000000000008,0.866025403784434,0.));
#2595=DIRECTION('',(-0.866025403784434,-0.500000000000008,0.));
#2596=DIRECTION('',(0.500000000000003,-0.866025403784437,2.51215722498406E-19));
#2597=DIRECTION('',(0.500000000000004,-0.866025403784436,2.72856330731811E-14));
#2598=DIRECTION('',(0.866025403784436,0.500000000000004,0.));
#2599=DIRECTION('',(1.25607861249203E-19,-2.17559197513681E-19,-1.));
#2600=DIRECTION('',(0.,1.,-2.17559197513681E-19));
#2601=DIRECTION('',(0.500000000000003,-0.866025403784437,2.51215722498406E-19));
#2602=DIRECTION('',(0.866025403784437,0.500000000000003,0.));
#2603=DIRECTION('',(0.866025403784437,0.500000000000003,0.));
#2604=DIRECTION('',(0.500000000000003,-0.866025403784437,2.51215722498406E-19));
#2605=DIRECTION('',(0.866025403784437,0.500000000000003,0.));
#2606=DIRECTION('',(0.500000000000003,-0.866025403784437,2.51215722498406E-19));
#2607=DIRECTION('',(-0.500000000000003,0.866025403784437,-2.51215722498406E-19));
#2608=DIRECTION('',(-0.866025403784437,-0.500000000000003,0.));
#2609=DIRECTION('',(-0.500000000000003,0.866025403784437,-2.51215722498406E-19));
#2610=DIRECTION('',(-0.866025403784437,-0.500000000000003,0.));
#2611=DIRECTION('',(0.852868531952442,0.492403876506107,-0.17364817766693));
#2612=DIRECTION('',(-0.500000000000003,0.866025403784437,0.));
#2613=DIRECTION('',(0.150383733180435,0.0868240888334656,0.984807753012208));
#2614=DIRECTION('',(0.150383733180435,0.0868240888334656,0.984807753012208));
#2615=DIRECTION('',(-0.500000000000003,0.866025403784437,-2.51215722498406E-19));
#2616=DIRECTION('',(-0.866025403784437,-0.500000000000003,0.));
#2617=DIRECTION('',(-0.500000000000003,0.866025403784437,-2.51215722498406E-19));
#2618=DIRECTION('',(-0.866025403784437,-0.500000000000003,0.));
#2619=DIRECTION('',(0.150383733180435,0.0868240888334656,0.984807753012208));
#2620=DIRECTION('',(-0.500000000000003,0.866025403784437,-2.51215722498406E-19));
#2621=DIRECTION('',(-0.866025403784437,-0.500000000000003,0.));
#2622=DIRECTION('',(-0.866025403784437,-0.500000000000003,1.45039465009122E-19));
#2623=DIRECTION('',(-0.500000000000003,0.866025403784437,-2.51215722498406E-19));
#2624=DIRECTION('',(-0.866025403784437,-0.500000000000003,0.));
#2625=DIRECTION('',(0.105541947331387,0.0609346717025738,-0.992546151641322));
#2626=DIRECTION('',(-0.500000000000003,0.866025403784437,-2.51215722498406E-19));
#2627=DIRECTION('',(-0.866025403784437,-0.500000000000003,0.));
#2628=DIRECTION('',(0.0754790873051635,0.0435778713738237,-0.996194698091747));
#2629=DIRECTION('',(0.866025403784437,0.500000000000003,0.));
#2630=DIRECTION('',(-0.500000000000003,0.866025403784437,-2.51215722498406E-19));
#2631=DIRECTION('',(-0.866025403784437,-0.500000000000003,0.));
#2632=DIRECTION('',(-0.500000000000003,0.866025403784437,-2.51215722498406E-19));
#2633=DIRECTION('',(-0.866025403784437,-0.500000000000003,0.));
#2634=DIRECTION('',(-0.866025403784437,-0.500000000000003,1.45039465009122E-19));
#2635=DIRECTION('',(-0.500000000000003,0.866025403784437,-2.51215722498406E-19));
#2636=DIRECTION('',(-0.866025403784437,-0.500000000000003,0.));
#2637=DIRECTION('',(0.150383733180435,0.0868240888334656,0.984807753012208));
#2638=DIRECTION('',(-0.500000000000003,0.866025403784437,-2.51215722498406E-19));
#2639=DIRECTION('',(-0.866025403784437,-0.500000000000003,0.));
#2640=DIRECTION('',(0.866025403784437,0.500000000000003,0.));
#2641=DIRECTION('',(0.0754790873051635,0.0435778713738237,-0.996194698091747));
#2642=DIRECTION('',(-0.500000000000003,0.866025403784437,-2.51215722498406E-19));
#2643=DIRECTION('',(-0.866025403784437,-0.500000000000003,0.));
#2644=DIRECTION('',(0.105541947331387,0.0609346717025738,-0.992546151641322));
#2645=DIRECTION('',(0.866025403784437,0.500000000000003,-1.45039465009122E-19));
#2646=DIRECTION('',(-0.500000000000003,0.866025403784437,0.));
#2647=DIRECTION('',(0.866025403784433,0.50000000000001,0.));
#2648=DIRECTION('',(-0.50000000000001,0.866025403784433,0.));
#2649=DIRECTION('',(-0.866025403784435,-0.500000000000007,0.));
#2650=DIRECTION('',(0.500000000000007,-0.866025403784435,0.));
#2651=DIRECTION('',(-0.500000000000003,0.866025403784437,-2.51215722498406E-19));
#2652=DIRECTION('',(-0.866025403784437,-0.500000000000003,0.));
#2653=DIRECTION('',(-0.150383733180441,-0.0868240888334699,-0.984807753012207));
#2654=DIRECTION('',(-0.988540820816137,0.,0.150953786239887));
#2655=DIRECTION('',(-0.500000000000003,0.866025403784437,-2.51215722498406E-19));
#2656=DIRECTION('',(-0.866025403784437,-0.500000000000003,0.));
#2657=DIRECTION('',(0.105541947331386,0.0609346717025739,-0.992546151641322));
#2658=DIRECTION('',(-0.994393977928917,0.,-0.105738435106187));
#2659=DIRECTION('',(0.150383733180435,0.0868240888334656,0.984807753012208));
#2660=DIRECTION('',(0.988540820816138,0.,-0.150953786239881));
#2661=DIRECTION('',(-0.15038373318044,-0.0868240888334695,-0.984807753012207));
#2662=DIRECTION('',(-0.988540820816138,0.,0.150953786239886));
#2663=DIRECTION('',(0.105541947331387,0.0609346717025738,-0.992546151641322));
#2664=DIRECTION('',(-0.994393977928917,0.,-0.105738435106187));
#2665=DIRECTION('',(0.105541947331344,0.0609346717026467,-0.992546151641322));
#2666=DIRECTION('',(-0.994393977928921,0.,-0.105738435106145));
#2667=DIRECTION('',(-0.500000000000003,0.866025403784437,-2.51215722498406E-19));
#2668=DIRECTION('',(-0.866025403784437,-0.500000000000003,0.));
#2669=DIRECTION('',(-0.866025403784435,-0.500000000000007,2.70733076099882E-14));
#2670=DIRECTION('',(0.500000000000007,-0.866025403784435,0.));
#2671=DIRECTION('',(-0.500000000000003,0.866025403784437,-2.51215722498406E-19));
#2672=DIRECTION('',(-0.866025403784437,-0.500000000000003,0.));
#2673=DIRECTION('',(0.866025403784437,0.500000000000003,0.));
#2674=DIRECTION('',(-0.500000000000003,0.866025403784437,0.));
#2675=DIRECTION('',(-0.758889732721023,-0.438145191471729,0.481783317229661));
#2676=DIRECTION('',(-0.417236591840423,-0.240891658614831,-0.876290382943453));
#2677=DIRECTION('',(-0.481790478960161,-0.27816186272065,0.830965650620479));
#2678=DIRECTION('',(-0.719637363109599,-0.41548282531024,-0.556323725441297));
#2679=DIRECTION('',(0.0754790873051635,0.0435778713738237,-0.996194698091747));
#2680=DIRECTION('',(-0.997141949694317,0.,-0.0755508581011207));
#2681=DIRECTION('',(-0.866025403784433,-0.50000000000001,4.99962882479313E-15));
#2682=DIRECTION('',(0.50000000000001,-0.866025403784433,0.));
#2683=DIRECTION('',(-0.866025403784437,-0.500000000000003,1.45039465009122E-19));
#2684=DIRECTION('',(0.500000000000003,-0.866025403784437,0.));
#2685=DIRECTION('',(-0.866025403784435,-0.500000000000006,0.));
#2686=DIRECTION('',(0.500000000000006,-0.866025403784435,0.));
#2687=DIRECTION('',(-0.500000000000003,0.866025403784437,-2.51215722498406E-19));
#2688=DIRECTION('',(-0.866025403784437,-0.500000000000003,0.));
#2689=DIRECTION('',(0.105541947331386,0.0609346717025749,-0.992546151641322));
#2690=DIRECTION('',(-0.994393977928916,0.,-0.105738435106187));
#2691=DIRECTION('',(-0.105541947331387,-0.0609346717025738,0.992546151641322));
#2692=DIRECTION('',(0.994393977928917,0.,0.105738435106187));
#2693=DIRECTION('',(0.105541947331387,0.0609346717025753,-0.992546151641322));
#2694=DIRECTION('',(-0.994393977928916,0.,-0.105738435106188));
#2695=DIRECTION('',(-0.500000000000003,0.866025403784437,-2.51215722498406E-19));
#2696=DIRECTION('',(-0.866025403784437,-0.500000000000003,0.));
#2697=DIRECTION('',(-0.150383733180438,-0.0868240888334691,-0.984807753012207));
#2698=DIRECTION('',(-0.988540820816138,0.,0.150953786239884));
#2699=DIRECTION('',(-0.500000000000003,0.866025403784437,-2.51215722498406E-19));
#2700=DIRECTION('',(-0.866025403784437,-0.500000000000003,0.));
#2701=DIRECTION('',(-0.150383733180435,-0.0868240888334656,-0.984807753012208));
#2702=DIRECTION('',(-0.988540820816138,0.,0.150953786239881));
#2703=DIRECTION('',(-0.15038373318044,-0.0868240888334663,-0.984807753012207));
#2704=DIRECTION('',(-0.988540820816137,0.,0.150953786239886));
#2705=DIRECTION('',(-0.500000000000003,0.866025403784437,-2.51215722498406E-19));
#2706=DIRECTION('',(-0.866025403784437,-0.500000000000003,0.));
#2707=DIRECTION('',(-0.866025403784446,-0.499999999999988,3.04881176020686E-14));
#2708=DIRECTION('',(0.499999999999988,-0.866025403784446,0.));
#2709=DIRECTION('',(-0.0754790873051635,-0.0435778713738237,0.996194698091747));
#2710=DIRECTION('',(0.997141949694317,0.,0.0755508581011207));
#2711=DIRECTION('',(0.481790478960161,0.27816186272065,-0.830965650620479));
#2712=DIRECTION('',(-0.719637363109599,-0.41548282531024,-0.556323725441297));
#2713=DIRECTION('',(-0.866025403784437,-0.500000000000003,0.));
#2714=DIRECTION('',(0.500000000000003,-0.866025403784437,0.));
#2715=DIRECTION('',(0.758889732721023,0.438145191471729,-0.481783317229661));
#2716=DIRECTION('',(-0.417236591840423,-0.240891658614831,-0.876290382943453));
#2717=DIRECTION('',(0.,0.,-1.));
#2718=DIRECTION('',(-1.,0.,0.));
#2719=DIRECTION('',(0.,0.,-1.));
#2720=DIRECTION('',(-1.,0.,0.));
#2721=DIRECTION('',(0.,0.,-1.));
#2722=DIRECTION('',(-1.,0.,0.));
#2723=DIRECTION('',(0.,0.,-1.));
#2724=DIRECTION('',(-1.,0.,0.));
#2725=DIRECTION('',(0.,0.,-1.));
#2726=DIRECTION('',(-1.,0.,0.));
#2727=DIRECTION('',(0.,0.,-1.));
#2728=DIRECTION('',(-1.,0.,0.));
#2729=DIRECTION('',(0.,0.,-1.));
#2730=DIRECTION('',(-1.,0.,0.));
#2731=DIRECTION('',(0.,0.,-1.));
#2732=DIRECTION('',(-1.,0.,0.));
#2733=DIRECTION('',(0.,0.,-1.));
#2734=DIRECTION('',(-1.,0.,0.));
#2735=DIRECTION('',(0.,0.,-1.));
#2736=DIRECTION('',(-1.,0.,0.));
#2737=DIRECTION('',(0.,0.,-1.));
#2738=DIRECTION('',(-1.,0.,0.));
#2739=DIRECTION('',(0.,0.,-1.));
#2740=DIRECTION('',(-1.,0.,0.));
#2741=DIRECTION('',(0.,0.,-1.));
#2742=DIRECTION('',(-1.,0.,0.));
#2743=DIRECTION('',(0.,0.,-1.));
#2744=DIRECTION('',(-1.,0.,0.));
#2745=DIRECTION('',(0.,0.,1.));
#2746=DIRECTION('',(1.,0.,0.));
#2747=DIRECTION('',(0.,0.,-1.));
#2748=DIRECTION('',(-1.,0.,0.));
#2749=DIRECTION('',(0.,0.,-1.));
#2750=DIRECTION('',(-1.,0.,0.));
#2751=DIRECTION('',(0.,0.,-1.));
#2752=DIRECTION('',(-1.,0.,0.));
#2753=DIRECTION('',(0.,0.,-1.));
#2754=DIRECTION('',(-1.,0.,0.));
#2755=DIRECTION('',(0.,0.,-1.));
#2756=DIRECTION('',(-1.,0.,0.));
#2757=DIRECTION('',(0.,-2.90078930018242E-19,-1.));
#2758=DIRECTION('',(0.,1.,-2.90078930018242E-19));
#2759=DIRECTION('',(0.,0.,-1.));
#2760=DIRECTION('',(-1.,0.,0.));
#2761=DIRECTION('',(0.,0.,-1.));
#2762=DIRECTION('',(-1.,0.,0.));
#2763=DIRECTION('',(0.,-2.90078930018242E-19,-1.));
#2764=DIRECTION('',(0.,1.,-2.90078930018242E-19));
#2765=DIRECTION('',(0.,0.,-1.));
#2766=DIRECTION('',(-1.,0.,0.));
#2767=DIRECTION('',(0.,0.,-1.));
#2768=DIRECTION('',(-1.,0.,0.));
#2769=DIRECTION('',(0.,0.,1.));
#2770=DIRECTION('',(1.,0.,0.));
#2771=DIRECTION('',(0.,1.,0.));
#2772=DIRECTION('',(-1.,0.,0.));
#2773=DIRECTION('',(0.,0.,1.));
#2774=DIRECTION('',(1.,0.,0.));
#2775=DIRECTION('',(-1.,0.,0.));
#2776=DIRECTION('',(0.,-1.,0.));
#2777=DIRECTION('',(0.,0.,1.));
#2778=DIRECTION('',(1.,0.,0.));
#2779=DIRECTION('',(0.,-1.,0.));
#2780=DIRECTION('',(1.,0.,0.));
#2781=DIRECTION('',(0.,0.,1.));
#2782=DIRECTION('',(1.,0.,0.));
#2783=DIRECTION('',(0.,0.,1.));
#2784=DIRECTION('',(-1.,0.,0.));
#2785=DIRECTION('',(0.,0.,1.));
#2786=DIRECTION('',(1.,0.,0.));
#2787=DIRECTION('',(1.,0.,0.));
#2788=DIRECTION('',(0.,1.,0.));
#2789=DIRECTION('',(0.,0.,1.));
#2790=DIRECTION('',(1.,0.,0.));
#2791=DIRECTION('',(-0.577350269189626,0.577350269189626,-0.577350269189626));
#2792=DIRECTION('',(-0.707106781186547,-0.707106781186547,1.94289029309402E-16));
#2793=DIRECTION('',(0.,0.,1.));
#2794=DIRECTION('',(1.,0.,0.));
#2795=DIRECTION('',(-0.718873086818576,0.585048618558824,-0.375419230954334));
#2796=DIRECTION('',(-0.631219055570383,-0.775604605378818,-3.19327065900765E-8));
#2797=DIRECTION('',(0.,0.,1.));
#2798=DIRECTION('',(1.,0.,0.));
#2799=CARTESIAN_POINT('',(0.,0.,0.));
#2800=CARTESIAN_POINT('',(5.52202633654708E-30,1.74047358008806E-19,0.250000000000013));
#2801=CARTESIAN_POINT('',(1.33716142536032E-33,1.72638434916806E-18,0.250000000000013));
#2802=CARTESIAN_POINT('',(1.33716142536032E-33,0.730000000003645,0.250000000000013));
#2803=CARTESIAN_POINT('',(0.,5.80157860036482E-21,0.250000000000013));
#2804=CARTESIAN_POINT('',(0.,0.523318648760539,0.250000000000013));
#2805=CARTESIAN_POINT('',(0.51907676649773,-0.420932667397365,0.250000000000013));
#2806=CARTESIAN_POINT('',(0.454214184731617,-0.383484238354366,0.250000000000013));
#2807=CARTESIAN_POINT('',(0.50407676649773,-0.412272413359521,0.250000000000013));
#2808=CARTESIAN_POINT('',(0.454214184731617,-0.383484238354366,0.250000000000013));
#2809=CARTESIAN_POINT('',(0.448209933547451,-0.380017682316905,0.250000000000013));
#2810=CARTESIAN_POINT('',(0.445980683628243,-0.372756134376032,0.250000000000013));
#2811=CARTESIAN_POINT('',(0.444214184731617,-0.366163730278677,0.250000000000013));
#2812=CARTESIAN_POINT('',(0.444214184731617,-0.366163730278677,0.250000000000013));
#2813=CARTESIAN_POINT('',(0.441714184731617,-0.370493857297599,0.250000000000012));
#2814=CARTESIAN_POINT('',(0.539214184731617,-0.201618903559634,0.250000000000012));
#2815=CARTESIAN_POINT('',(0.559214184731617,-0.201618903559634,0.250000000000013));
#2816=CARTESIAN_POINT('',(0.55320993354745,-0.198152347522173,0.250000000000013));
#2817=CARTESIAN_POINT('',(0.545806623600256,-0.199852534431207,0.250000000000013));
#2818=CARTESIAN_POINT('',(0.539214184731617,-0.201618903559634,0.250000000000013));
#2819=CARTESIAN_POINT('',(0.559214184731617,-0.201618903559634,0.250000000000013));
#2820=CARTESIAN_POINT('',(0.0524999999999999,0.0909326673973661,0.250000000000013));
#2821=CARTESIAN_POINT('',(0.60907676649773,-0.230407078564789,0.250000000000013));
#2822=CARTESIAN_POINT('',(0.60907676649773,-0.230407078564789,0.250000000000013));
#2823=CARTESIAN_POINT('',(0.615081017681897,-0.233873634602249,0.250000000000013));
#2824=CARTESIAN_POINT('',(0.617310267600609,-0.241135182543255,0.250000000000013));
#2825=CARTESIAN_POINT('',(0.61907676649773,-0.247727586640477,0.250000000000013));
#2826=CARTESIAN_POINT('',(0.61907676649773,-0.247727586640477,0.250000000000013));
#2827=CARTESIAN_POINT('',(0.52157676649773,-0.416602540378443,0.250000000000013));
#2828=CARTESIAN_POINT('',(0.52407676649773,-0.412272413359521,0.250000000000013));
#2829=CARTESIAN_POINT('',(0.50407676649773,-0.412272413359521,0.250000000000013));
#2830=CARTESIAN_POINT('',(0.510081017681897,-0.415738969396982,0.250000000000013));
#2831=CARTESIAN_POINT('',(0.517484327628962,-0.414038782487467,0.250000000000013));
#2832=CARTESIAN_POINT('',(0.52407676649773,-0.412272413359521,0.250000000000013));
#2833=CARTESIAN_POINT('',(0.105,0.66,0.250000000000013));
#2834=CARTESIAN_POINT('',(0.105,0.585103141914001,0.250000000000013));
#2835=CARTESIAN_POINT('',(0.105,0.642679491924311,0.250000000000013));
#2836=CARTESIAN_POINT('',(0.105,0.585103141914001,0.250000000000013));
#2837=CARTESIAN_POINT('',(0.105,0.578170029839079,0.250000000000013));
#2838=CARTESIAN_POINT('',(0.0998259399703303,0.572608668808905,0.250000000000013));
#2839=CARTESIAN_POINT('',(0.095,0.567782633838312,0.250000000000013));
#2840=CARTESIAN_POINT('',(0.095,0.567782633838312,0.250000000000013));
#2841=CARTESIAN_POINT('',(0.1,0.567782633838312,0.250000000000013));
#2842=CARTESIAN_POINT('',(-0.095,0.567782633838312,0.250000000000013));
#2843=CARTESIAN_POINT('',(-0.105,0.585103141914001,0.250000000000013));
#2844=CARTESIAN_POINT('',(-0.105,0.578170029839079,0.250000000000013));
#2845=CARTESIAN_POINT('',(-0.0998259399703303,0.572608668808905,0.250000000000013));
#2846=CARTESIAN_POINT('',(-0.095,0.567782633838312,0.250000000000013));
#2847=CARTESIAN_POINT('',(-0.105,0.585103141914001,0.250000000000013));
#2848=CARTESIAN_POINT('',(-0.105,1.74047358008806E-19,0.250000000000013));
#2849=CARTESIAN_POINT('',(-0.105,0.642679491924311,0.250000000000013));
#2850=CARTESIAN_POINT('',(-0.105,0.642679491924311,0.250000000000013));
#2851=CARTESIAN_POINT('',(-0.105,0.649612603999233,0.250000000000013));
#2852=CARTESIAN_POINT('',(-0.0998259399701869,0.655173965029264,0.250000000000013));
#2853=CARTESIAN_POINT('',(-0.095,0.66,0.250000000000013));
#2854=CARTESIAN_POINT('',(-0.095,0.66,0.250000000000013));
#2855=CARTESIAN_POINT('',(0.1,0.66,0.250000000000013));
#2856=CARTESIAN_POINT('',(0.095,0.66,0.250000000000013));
#2857=CARTESIAN_POINT('',(0.105,0.642679491924311,0.250000000000013));
#2858=CARTESIAN_POINT('',(0.105,0.649612603999233,0.250000000000013));
#2859=CARTESIAN_POINT('',(0.0998259399701868,0.655173965029264,0.250000000000013));
#2860=CARTESIAN_POINT('',(0.095,0.66,0.250000000000013));
#2861=CARTESIAN_POINT('',(-0.624076766497729,-0.239067332602636,0.250000000000013));
#2862=CARTESIAN_POINT('',(-0.559214184731616,-0.201618903559636,0.250000000000013));
#2863=CARTESIAN_POINT('',(-0.609076766497729,-0.230407078564792,0.250000000000013));
#2864=CARTESIAN_POINT('',(-0.559214184731616,-0.201618903559636,0.250000000000013));
#2865=CARTESIAN_POINT('',(-0.553209933547449,-0.198152347522175,0.250000000000013));
#2866=CARTESIAN_POINT('',(-0.545806623600483,-0.199852534432061,0.250000000000013));
#2867=CARTESIAN_POINT('',(-0.539214184731616,-0.201618903559636,0.250000000000013));
#2868=CARTESIAN_POINT('',(-0.539214184731616,-0.201618903559636,0.250000000000013));
#2869=CARTESIAN_POINT('',(-0.541714184731616,-0.197288776540714,0.250000000000013));
#2870=CARTESIAN_POINT('',(-0.444214184731615,-0.366163730278679,0.250000000000013));
#2871=CARTESIAN_POINT('',(-0.454214184731615,-0.383484238354368,0.250000000000013));
#2872=CARTESIAN_POINT('',(-0.448209933547449,-0.380017682316907,0.250000000000013));
#2873=CARTESIAN_POINT('',(-0.445980683629095,-0.372756134375806,0.250000000000013));
#2874=CARTESIAN_POINT('',(-0.444214184731615,-0.366163730278679,0.250000000000013));
#2875=CARTESIAN_POINT('',(-0.454214184731615,-0.383484238354368,0.250000000000013));
#2876=CARTESIAN_POINT('',(0.0525000000000003,-0.0909326673973659,0.250000000000013));
#2877=CARTESIAN_POINT('',(-0.504076766497728,-0.412272413359523,0.250000000000013));
#2878=CARTESIAN_POINT('',(-0.504076766497728,-0.412272413359523,0.250000000000013));
#2879=CARTESIAN_POINT('',(-0.510081017681895,-0.415738969396984,0.250000000000013));
#2880=CARTESIAN_POINT('',(-0.51748432762881,-0.414038782486908,0.250000000000013));
#2881=CARTESIAN_POINT('',(-0.524076766497728,-0.412272413359524,0.250000000000013));
#2882=CARTESIAN_POINT('',(-0.524076766497728,-0.412272413359524,0.250000000000013));
#2883=CARTESIAN_POINT('',(-0.621576766497729,-0.243397459621558,0.250000000000013));
#2884=CARTESIAN_POINT('',(-0.619076766497729,-0.24772758664048,0.250000000000013));
#2885=CARTESIAN_POINT('',(-0.609076766497729,-0.230407078564792,0.250000000000013));
#2886=CARTESIAN_POINT('',(-0.615081017681896,-0.233873634602252,0.250000000000013));
#2887=CARTESIAN_POINT('',(-0.617310267600029,-0.241135182543413,0.250000000000013));
#2888=CARTESIAN_POINT('',(-0.619076766497729,-0.24772758664048,0.250000000000013));
#2889=CARTESIAN_POINT('',(0.,0.,2.47500000000013));
#2890=CARTESIAN_POINT('',(0.,0.,0.230000000000013));
#2891=CARTESIAN_POINT('',(0.,0.503318648760539,0.230000000000013));
#2892=CARTESIAN_POINT('',(0.,0.,0.00535898384862236));
#2893=CARTESIAN_POINT('',(-0.503318648760539,0.,0.00535898384862236));
#2894=CARTESIAN_POINT('',(1.33716142536032E-33,1.72058277056769E-18,2.47500000000014));
#2895=CARTESIAN_POINT('',(1.33716142536032E-33,1.72058277056769E-18,0.230000000000013));
#2896=CARTESIAN_POINT('',(1.33716142536032E-33,0.750000000003645,0.230000000000013));
#2897=CARTESIAN_POINT('',(0.,0.,-0.604059552875921));
#2898=CARTESIAN_POINT('',(-0.750000000003693,0.,-0.604059552875921));
#2899=CARTESIAN_POINT('',(0.0999999999999994,0.637893343973182,0.152000000000013));
#2900=CARTESIAN_POINT('',(0.0999999999999999,0.639885733369366,0.151825688514517));
#2901=CARTESIAN_POINT('',(-0.095,0.639885733369366,0.151825688514517));
#2902=CARTESIAN_POINT('',(0.095,0.639885733369366,0.151825688514517));
#2903=CARTESIAN_POINT('',(-0.095,0.637893343973182,0.152000000000013));
#2904=CARTESIAN_POINT('',(-0.095,0.637893343973182,0.150000000000013));
#2905=CARTESIAN_POINT('',(0.0999999999999994,0.637893343973182,0.150000000000013));
#2906=CARTESIAN_POINT('',(0.095,0.637893343973182,0.150000000000013));
#2907=CARTESIAN_POINT('',(0.095,0.637893343973182,0.152000000000013));
#2908=CARTESIAN_POINT('',(0.095,0.637938228554716,0.160820692582148));
#2909=CARTESIAN_POINT('',(0.095,0.640572015952292,0.159669934331842));
#2910=CARTESIAN_POINT('',(0.095,0.640321512083104,0.156806662004976));
#2911=CARTESIAN_POINT('',(0.097928759534664,0.637938203178375,0.160820703669616));
#2912=CARTESIAN_POINT('',(0.0991404357266826,0.640570026316083,0.159668676391566));
#2913=CARTESIAN_POINT('',(0.0979287595346643,0.640321501288869,0.1568065386263));
#2914=CARTESIAN_POINT('',(0.1,0.636715494212441,0.158517371862969));
#2915=CARTESIAN_POINT('',(0.100000223123035,0.637209313164765,0.157590592365542));
#2916=CARTESIAN_POINT('',(0.0999999999999999,0.63770396540674,0.156664261553419));
#2917=CARTESIAN_POINT('',(0.1,0.635280979998139,0.156561682868432));
#2918=CARTESIAN_POINT('',(0.1,0.635280979998139,0.156561682868432));
#2919=CARTESIAN_POINT('',(0.1,0.635280979998139,0.156561682868432));
#2920=CARTESIAN_POINT('',(0.095,0.636336733290737,0.157155284975967));
#2921=CARTESIAN_POINT('',(0.095,0.640321512083104,0.156806662004976));
#2922=CARTESIAN_POINT('',(0.095,0.637938228554716,0.160820692582148));
#2923=CARTESIAN_POINT('',(0.095,0.640321512083104,0.156806662004976));
#2924=CARTESIAN_POINT('',(0.0976526217444754,0.640321512083104,0.156806662004976));
#2925=CARTESIAN_POINT('',(0.1,0.637902829347917,0.156672910567152));
#2926=CARTESIAN_POINT('',(0.1,0.635280979998139,0.156561682868432));
#2927=CARTESIAN_POINT('',(0.1,0.635280979998139,0.156561682868432));
#2928=CARTESIAN_POINT('',(0.095,0.637938228554716,0.160820692582148));
#2929=CARTESIAN_POINT('',(0.0976478343447635,0.637938228554716,0.160820692582148));
#2930=CARTESIAN_POINT('',(0.1,0.636827919771456,0.158676154114049));
#2931=CARTESIAN_POINT('',(0.1,0.635280979998139,0.156561682868432));
#2932=CARTESIAN_POINT('',(0.095,0.639885733369366,0.151825688514517));
#2933=CARTESIAN_POINT('',(0.095,0.639726006321217,0.150000000000013));
#2934=CARTESIAN_POINT('',(0.095,0.637893343973182,0.150000000000013));
#2935=CARTESIAN_POINT('',(0.0976181441614752,0.639885733440247,0.151825689324694));
#2936=CARTESIAN_POINT('',(0.0984975330760675,0.639725998108073,0.150000008963102));
#2937=CARTESIAN_POINT('',(0.0976181441614752,0.637893343159909,0.150000000000013));
#2938=CARTESIAN_POINT('',(0.1,0.637627010209351,0.153337882529023));
#2939=CARTESIAN_POINT('',(0.0999999993558193,0.637105427089417,0.152859860393414));
#2940=CARTESIAN_POINT('',(0.1,0.636583765008129,0.152381924429));
#2941=CARTESIAN_POINT('',(0.1,0.63514435045113,0.155000000000013));
#2942=CARTESIAN_POINT('',(0.1,0.63514435045113,0.155000000000013));
#2943=CARTESIAN_POINT('',(0.1,0.63514435045113,0.155000000000013));
#2944=CARTESIAN_POINT('',(0.095,0.63514435045113,0.155000000000013));
#2945=CARTESIAN_POINT('',(0.1,0.63514435045113,0.155000000000013));
#2946=CARTESIAN_POINT('',(0.095,0.63514435045113,0.155000000000013));
#2947=CARTESIAN_POINT('',(0.1,0.636336733290737,0.157155284975967));
#2948=CARTESIAN_POINT('',(0.1,0.640321512083104,0.156806662004976));
#2949=CARTESIAN_POINT('',(-0.095,0.640321512083104,0.156806662004976));
#2950=CARTESIAN_POINT('',(0.1,0.637938228554716,0.160820692582148));
#2951=CARTESIAN_POINT('',(-0.095,0.637938228554716,0.160820692582148));
#2952=CARTESIAN_POINT('',(-0.095,0.636336733290737,0.157155284975967));
#2953=CARTESIAN_POINT('',(-0.095,0.637893343973182,0.150000000000013));
#2954=CARTESIAN_POINT('',(-0.095,0.639726006321217,0.150000000000013));
#2955=CARTESIAN_POINT('',(-0.095,0.639885733369366,0.151825688514517));
#2956=CARTESIAN_POINT('',(-0.0976181441614752,0.637893343159909,0.150000000000013));
#2957=CARTESIAN_POINT('',(-0.0984975330760677,0.639725998108073,0.150000008963102));
#2958=CARTESIAN_POINT('',(-0.0976181441614752,0.639885733440247,0.151825689324694));
#2959=CARTESIAN_POINT('',(-0.1,0.636583765008129,0.152381924429));
#2960=CARTESIAN_POINT('',(-0.09999999935583,0.637105427089417,0.152859860393414));
#2961=CARTESIAN_POINT('',(-0.1,0.637627010209351,0.153337882529019));
#2962=CARTESIAN_POINT('',(-0.1,0.63514435045113,0.155000000000013));
#2963=CARTESIAN_POINT('',(-0.1,0.63514435045113,0.155000000000013));
#2964=CARTESIAN_POINT('',(-0.1,0.63514435045113,0.155000000000013));
#2965=CARTESIAN_POINT('',(-0.095,0.63514435045113,0.155000000000013));
#2966=CARTESIAN_POINT('',(-0.1,0.63514435045113,0.155000000000013));
#2967=CARTESIAN_POINT('',(-0.095,0.63514435045113,0.155000000000013));
#2968=CARTESIAN_POINT('',(0.0999999999999999,0.640321512083104,0.156806662004976));
#2969=CARTESIAN_POINT('',(-0.095,0.640321512083104,0.156806662004976));
#2970=CARTESIAN_POINT('',(0.095,0.640321512083104,0.156806662004976));
#2971=CARTESIAN_POINT('',(-0.095,0.640321512083104,0.156806662004976));
#2972=CARTESIAN_POINT('',(-0.095,0.640572015952292,0.159669934331842));
#2973=CARTESIAN_POINT('',(-0.095,0.637938228554716,0.160820692582148));
#2974=CARTESIAN_POINT('',(-0.0979287595346638,0.640321501288869,0.156806538626301));
#2975=CARTESIAN_POINT('',(-0.0991404357266827,0.640570026316087,0.159668676391569));
#2976=CARTESIAN_POINT('',(-0.0979287595346639,0.637938203178378,0.160820703669615));
#2977=CARTESIAN_POINT('',(-0.1,0.637703965512826,0.156664261532027));
#2978=CARTESIAN_POINT('',(-0.100000221604007,0.637209313239056,0.15759059240528));
#2979=CARTESIAN_POINT('',(-0.1,0.636715494253675,0.158517371963156));
#2980=CARTESIAN_POINT('',(-0.1,0.635280979998139,0.156561682868432));
#2981=CARTESIAN_POINT('',(-0.1,0.635280979998139,0.156561682868432));
#2982=CARTESIAN_POINT('',(-0.1,0.635280979998139,0.156561682868432));
#2983=CARTESIAN_POINT('',(-0.095,0.637938228554716,0.160820692582148));
#2984=CARTESIAN_POINT('',(-0.0976478343447635,0.637938228554716,0.160820692582148));
#2985=CARTESIAN_POINT('',(-0.1,0.636827919771416,0.158676154114079));
#2986=CARTESIAN_POINT('',(-0.1,0.635280979998139,0.156561682868432));
#2987=CARTESIAN_POINT('',(-0.1,0.635280979998139,0.156561682868432));
#2988=CARTESIAN_POINT('',(-0.095,0.640321512083104,0.156806662004976));
#2989=CARTESIAN_POINT('',(-0.0976526217444754,0.640321512083104,0.156806662004976));
#2990=CARTESIAN_POINT('',(-0.1,0.637902829347916,0.156672910567174));
#2991=CARTESIAN_POINT('',(-0.1,0.635280979998139,0.156561682868432));
#2992=CARTESIAN_POINT('',(0.1,0.637893343973182,0.150000000000013));
#2993=CARTESIAN_POINT('',(0.1,0.610588320844477,0.150000000000013));
#2994=CARTESIAN_POINT('',(-0.095,0.610588320844477,0.150000000000013));
#2995=CARTESIAN_POINT('',(0.095,0.610588320844477,0.150000000000013));
#2996=CARTESIAN_POINT('',(0.095,0.637893343973182,0.150000000000013));
#2997=CARTESIAN_POINT('',(-0.095,0.637893343973182,0.150000000000013));
#2998=CARTESIAN_POINT('',(0.095,0.639139350002701,0.163569748286784));
#2999=CARTESIAN_POINT('',(0.095,0.63119898078957,0.164544703034025));
#3000=CARTESIAN_POINT('',(0.095,0.636161711547777,0.163935356316999));
#3001=CARTESIAN_POINT('',(0.1,0.63119898078957,0.164544703034025));
#3002=CARTESIAN_POINT('',(0.095,0.639139350002701,0.163569748286784));
#3003=CARTESIAN_POINT('',(0.1,0.639139350002701,0.163569748286784));
#3004=CARTESIAN_POINT('',(0.095,0.635340538592645,0.157242440718714));
#3005=CARTESIAN_POINT('',(0.1,0.641578589639655,0.228543690453336));
#3006=CARTESIAN_POINT('',(0.095,0.637893343973182,0.155000000000013));
#3007=CARTESIAN_POINT('',(0.095,0.610588320844477,0.155000000000013));
#3008=CARTESIAN_POINT('',(0.1,0.610588320844477,0.155000000000013));
#3009=CARTESIAN_POINT('',(0.1,0.567782633838312,0.155000000000013));
#3010=CARTESIAN_POINT('',(0.095,0.610588320844477,0.165000000000013));
#3011=CARTESIAN_POINT('',(0.095,0.600740243314355,0.163263518223344));
#3012=CARTESIAN_POINT('',(0.095,0.595816204549294,0.162395277335009));
#3013=CARTESIAN_POINT('',(0.1,0.600740243314355,0.163263518223344));
#3014=CARTESIAN_POINT('',(0.1,0.610588320844477,0.165000000000013));
#3015=CARTESIAN_POINT('',(0.095,0.610588320844477,0.165000000000013));
#3016=CARTESIAN_POINT('',(0.095,0.640149076967173,0.237437386868116));
#3017=CARTESIAN_POINT('',(0.095,0.640149076967174,0.237437386868116));
#3018=CARTESIAN_POINT('',(0.1,0.640149076967174,0.237437386868116));
#3019=CARTESIAN_POINT('',(0.095,0.64511180772538,0.23682804015109));
#3020=CARTESIAN_POINT('',(0.095,0.64511180772538,0.23682804015109));
#3021=CARTESIAN_POINT('',(0.1,0.638779452023887,0.226282686853594));
#3022=CARTESIAN_POINT('',(0.1,0.639139350002701,0.163569748286784));
#3023=CARTESIAN_POINT('',(0.1,0.636161711547777,0.163935356316999));
#3024=CARTESIAN_POINT('',(-0.095,0.636161711547777,0.163935356316999));
#3025=CARTESIAN_POINT('',(-0.095,0.639139350002701,0.163569748286784));
#3026=CARTESIAN_POINT('',(-0.095,0.610588320844477,0.165000000000013));
#3027=CARTESIAN_POINT('',(-0.095,0.600740243314355,0.163263518223344));
#3028=CARTESIAN_POINT('',(-0.095,0.595816204549294,0.162395277335009));
#3029=CARTESIAN_POINT('',(-0.1,0.600740243314355,0.163263518223344));
#3030=CARTESIAN_POINT('',(-0.095,0.610588320844477,0.165000000000013));
#3031=CARTESIAN_POINT('',(-0.095,0.610588320844477,0.155000000000013));
#3032=CARTESIAN_POINT('',(-0.1,0.610588320844477,0.155000000000013));
#3033=CARTESIAN_POINT('',(-0.1,0.610588320844477,0.165000000000013));
#3034=CARTESIAN_POINT('',(-0.095,0.567782633838312,0.155000000000013));
#3035=CARTESIAN_POINT('',(-0.1,0.610588320844477,0.155000000000013));
#3036=CARTESIAN_POINT('',(-0.095,0.641578589639655,0.228543690453336));
#3037=CARTESIAN_POINT('',(-0.1,0.634904759878907,0.152261467228256));
#3038=CARTESIAN_POINT('',(-0.095,0.639139350002701,0.163569748286784));
#3039=CARTESIAN_POINT('',(-0.095,0.63119898078957,0.164544703034025));
#3040=CARTESIAN_POINT('',(-0.1,0.63119898078957,0.164544703034025));
#3041=CARTESIAN_POINT('',(-0.1,0.639139350002701,0.163569748286784));
#3042=CARTESIAN_POINT('',(-0.095,0.638779452023887,0.226282686853594));
#3043=CARTESIAN_POINT('',(-0.095,0.640149076967174,0.237437386868116));
#3044=CARTESIAN_POINT('',(-0.1,0.640149076967174,0.237437386868116));
#3045=CARTESIAN_POINT('',(-0.095,0.64511180772538,0.23682804015109));
#3046=CARTESIAN_POINT('',(-0.1,0.63119898078957,0.164544703034025));
#3047=CARTESIAN_POINT('',(-0.095,0.64511180772538,0.23682804015109));
#3048=CARTESIAN_POINT('',(0.1,0.610588320844477,0.165000000000013));
#3049=CARTESIAN_POINT('',(0.1,0.595816204549294,0.162395277335009));
#3050=CARTESIAN_POINT('',(-0.095,0.587478788898557,0.238472963553351));
#3051=CARTESIAN_POINT('',(-0.095,0.587478788898557,0.238472963553351));
#3052=CARTESIAN_POINT('',(-0.1,0.587478788898557,0.238472963553351));
#3053=CARTESIAN_POINT('',(-0.095,0.582554750133496,0.237604722665017));
#3054=CARTESIAN_POINT('',(-0.095,0.595816204549294,0.162395277335009));
#3055=CARTESIAN_POINT('',(-0.1,0.587478788898557,0.238472963553351));
#3056=CARTESIAN_POINT('',(0.095,0.600740243314355,0.163263518223344));
#3057=CARTESIAN_POINT('',(0.095,0.587478788898557,0.238472963553351));
#3058=CARTESIAN_POINT('',(0.095,0.582554750133496,0.237604722665017));
#3059=CARTESIAN_POINT('',(0.1,0.587478788898557,0.238472963553351));
#3060=CARTESIAN_POINT('',(0.1,0.587478788898557,0.238472963553351));
#3061=CARTESIAN_POINT('',(0.095,0.595816204549294,0.162395277335009));
#3062=CARTESIAN_POINT('',(0.1,0.567782633838312,0.235000000000013));
#3063=CARTESIAN_POINT('',(0.1,0.567782633838312,0.235000000000013));
#3064=CARTESIAN_POINT('',(0.1,0.585103141914001,0.245000000000013));
#3065=CARTESIAN_POINT('',(0.1,0.567782633838312,0.245000000000013));
#3066=CARTESIAN_POINT('',(0.1,0.642679491924311,0.245000000000013));
#3067=CARTESIAN_POINT('',(0.1,0.66,0.235000000000013));
#3068=CARTESIAN_POINT('',(0.095,0.66,0.235000000000013));
#3069=CARTESIAN_POINT('',(0.1,0.642679491924311,0.245000000000013));
#3070=CARTESIAN_POINT('',(0.1,0.648667782226431,0.247074404610761));
#3071=CARTESIAN_POINT('',(0.0969880773075126,0.654035817001336,0.250000000000013));
#3072=CARTESIAN_POINT('',(0.095,0.66,0.250000000000013));
#3073=CARTESIAN_POINT('',(0.095,0.66,0.235000000000013));
#3074=CARTESIAN_POINT('',(0.1,0.64511180772538,0.23682804015109));
#3075=CARTESIAN_POINT('',(0.1,0.64511180772538,0.23682804015109));
#3076=CARTESIAN_POINT('',(0.1,0.66,0.235000000000013));
#3077=CARTESIAN_POINT('',(-0.095,0.66,0.235000000000013));
#3078=CARTESIAN_POINT('',(-0.095,0.66,0.235000000000013));
#3079=CARTESIAN_POINT('',(-0.1,0.642679491924311,0.245000000000013));
#3080=CARTESIAN_POINT('',(-0.1,0.64866778222643,0.247074404610761));
#3081=CARTESIAN_POINT('',(-0.0969880773075126,0.654035817001336,0.250000000000013));
#3082=CARTESIAN_POINT('',(-0.095,0.66,0.250000000000013));
#3083=CARTESIAN_POINT('',(-0.1,0.642679491924311,0.245000000000013));
#3084=CARTESIAN_POINT('',(-0.1,0.66,0.235000000000013));
#3085=CARTESIAN_POINT('',(-0.1,0.567782633838312,0.235000000000013));
#3086=CARTESIAN_POINT('',(-0.1,0.567782633838312,0.245000000000013));
#3087=CARTESIAN_POINT('',(-0.1,0.585103141914001,0.245000000000013));
#3088=CARTESIAN_POINT('',(-0.1,0.567782633838312,0.235000000000013));
#3089=CARTESIAN_POINT('',(0.1,0.595816204549294,0.162395277335009));
#3090=CARTESIAN_POINT('',(0.1,0.582554750133496,0.237604722665017));
#3091=CARTESIAN_POINT('',(-0.105,0.585103141914001,0.250000000000013));
#3092=CARTESIAN_POINT('',(-0.1,0.585103141914001,0.250000000000013));
#3093=CARTESIAN_POINT('',(-0.1,0.585103141914001,0.245000000000013));
#3094=CARTESIAN_POINT('',(-0.104999977753813,0.578170033814812,0.250000000000013));
#3095=CARTESIAN_POINT('',(-0.101305164269434,0.581335502271052,0.249999999999997));
#3096=CARTESIAN_POINT('',(-0.1,0.580769956283279,0.246501059823753));
#3097=CARTESIAN_POINT('',(-0.0998259399703273,0.572608668808893,0.250000000000013));
#3098=CARTESIAN_POINT('',(-0.0986194877242955,0.573815200962607,0.249993282385517));
#3099=CARTESIAN_POINT('',(-0.0974129699851674,0.575021723694795,0.250000000000013));
#3100=CARTESIAN_POINT('',(-0.095,0.567782633838312,0.250000000000013));
#3101=CARTESIAN_POINT('',(-0.095,0.567782633838312,0.250000000000013));
#3102=CARTESIAN_POINT('',(-0.095,0.567782633838312,0.250000000000013));
#3103=CARTESIAN_POINT('',(-0.1,0.585103141914001,0.245000000000013));
#3104=CARTESIAN_POINT('',(-0.1,0.579114851611882,0.247074404610761));
#3105=CARTESIAN_POINT('',(-0.0969880773076197,0.573746816836941,0.250000000000013));
#3106=CARTESIAN_POINT('',(-0.095,0.567782633838312,0.250000000000013));
#3107=CARTESIAN_POINT('',(-0.105,0.585103141914001,0.245000000000013));
#3108=CARTESIAN_POINT('',(-0.105,0.567782633838312,0.245000000000013));
#3109=CARTESIAN_POINT('',(-0.105,0.642679491924311,0.245000000000013));
#3110=CARTESIAN_POINT('',(-0.1,0.642679491924311,0.245000000000013));
#3111=CARTESIAN_POINT('',(-0.1,0.642679491924311,0.250000000000013));
#3112=CARTESIAN_POINT('',(-0.105,0.642679491924311,0.250000000000013));
#3113=CARTESIAN_POINT('',(-0.1,0.647012677555058,0.246501059823753));
#3114=CARTESIAN_POINT('',(-0.101305164269434,0.64644713156729,0.249999999999997));
#3115=CARTESIAN_POINT('',(-0.104999977753813,0.6496126000235,0.250000000000013));
#3116=CARTESIAN_POINT('',(-0.0974129699853228,0.652760910143091,0.250000000000013));
#3117=CARTESIAN_POINT('',(-0.0986194877242941,0.653967432875384,0.249993282543118));
#3118=CARTESIAN_POINT('',(-0.0998259399701927,0.655173965029271,0.250000000000013));
#3119=CARTESIAN_POINT('',(-0.095,0.66,0.250000000000013));
#3120=CARTESIAN_POINT('',(-0.095,0.66,0.250000000000013));
#3121=CARTESIAN_POINT('',(-0.095,0.66,0.250000000000013));
#3122=CARTESIAN_POINT('',(-0.095,0.567782633838312,0.235000000000013));
#3123=CARTESIAN_POINT('',(-0.095,0.567782633838312,0.235000000000013));
#3124=CARTESIAN_POINT('',(0.1,0.567782633838312,0.235000000000013));
#3125=CARTESIAN_POINT('',(0.095,0.567782633838312,0.235000000000013));
#3126=CARTESIAN_POINT('',(0.095,0.567782633838312,0.235000000000013));
#3127=CARTESIAN_POINT('',(0.1,0.585103141914001,0.245000000000013));
#3128=CARTESIAN_POINT('',(0.1,0.579114851611882,0.247074404610761));
#3129=CARTESIAN_POINT('',(0.0969880773076197,0.573746816836941,0.250000000000013));
#3130=CARTESIAN_POINT('',(0.095,0.567782633838312,0.250000000000013));
#3131=CARTESIAN_POINT('',(0.1,0.585103141914001,0.245000000000013));
#3132=CARTESIAN_POINT('',(0.1,0.585103141914001,0.250000000000013));
#3133=CARTESIAN_POINT('',(0.105,0.585103141914001,0.250000000000013));
#3134=CARTESIAN_POINT('',(0.1,0.580769956283279,0.246501059823753));
#3135=CARTESIAN_POINT('',(0.101305164269432,0.581335502271022,0.250000000000013));
#3136=CARTESIAN_POINT('',(0.104999977753813,0.578170033814812,0.250000000000013));
#3137=CARTESIAN_POINT('',(0.0974129699853908,0.575021723695026,0.250000000000013));
#3138=CARTESIAN_POINT('',(0.0986194877244021,0.573815200962731,0.249993282541549));
#3139=CARTESIAN_POINT('',(0.0998259399703273,0.572608668808893,0.250000000000013));
#3140=CARTESIAN_POINT('',(0.095,0.567782633838312,0.250000000000013));
#3141=CARTESIAN_POINT('',(0.095,0.567782633838312,0.250000000000013));
#3142=CARTESIAN_POINT('',(0.095,0.567782633838312,0.250000000000013));
#3143=CARTESIAN_POINT('',(0.105,0.585103141914001,0.245000000000013));
#3144=CARTESIAN_POINT('',(0.105,0.642679491924311,0.250000000000013));
#3145=CARTESIAN_POINT('',(0.1,0.642679491924311,0.250000000000013));
#3146=CARTESIAN_POINT('',(0.1,0.642679491924311,0.245000000000013));
#3147=CARTESIAN_POINT('',(0.104999977753813,0.6496126000235,0.250000000000013));
#3148=CARTESIAN_POINT('',(0.101305164269432,0.646447131567288,0.250000000000024));
#3149=CARTESIAN_POINT('',(0.1,0.647012677555058,0.246501059823753));
#3150=CARTESIAN_POINT('',(0.0998259399701927,0.655173965029271,0.250000000000013));
#3151=CARTESIAN_POINT('',(0.0986194877241845,0.653967432875549,0.249993282386976));
#3152=CARTESIAN_POINT('',(0.0974129699850993,0.652760910143316,0.250000000000013));
#3153=CARTESIAN_POINT('',(0.095,0.66,0.250000000000013));
#3154=CARTESIAN_POINT('',(0.095,0.66,0.250000000000013));
#3155=CARTESIAN_POINT('',(0.095,0.66,0.250000000000013));
#3156=CARTESIAN_POINT('',(0.105,0.642679491924311,0.245000000000013));
#3157=CARTESIAN_POINT('',(0.105,1.72596963358714E-19,0.245000000000013));
#3158=CARTESIAN_POINT('',(0.502431840785782,-0.405549212365034,0.152000000000013));
#3159=CARTESIAN_POINT('',(0.504157300617107,-0.406545407063126,0.151825688514517));
#3160=CARTESIAN_POINT('',(0.601657300617107,-0.23767045332516,0.151825688514517));
#3161=CARTESIAN_POINT('',(0.506657300617107,-0.402215280044204,0.151825688514517));
#3162=CARTESIAN_POINT('',(0.599931840785781,-0.236674258627069,0.152000000000013));
#3163=CARTESIAN_POINT('',(0.599931840785781,-0.236674258627069,0.150000000000013));
#3164=CARTESIAN_POINT('',(0.502431840785782,-0.405549212365034,0.150000000000013));
#3165=CARTESIAN_POINT('',(0.504931840785782,-0.401219085346112,0.150000000000013));
#3166=CARTESIAN_POINT('',(0.504931840785782,-0.401219085346112,0.152000000000013));
#3167=CARTESIAN_POINT('',(0.504970711973629,-0.401241527636879,0.160820692582148));
#3168=CARTESIAN_POINT('',(0.507251638768096,-0.402558421335667,0.159669934331842));
#3169=CARTESIAN_POINT('',(0.507034696053633,-0.402433169401073,0.156806662004976));
#3170=CARTESIAN_POINT('',(0.503506310229741,-0.403777895107304,0.160820703669615));
#3171=CARTESIAN_POINT('',(0.505179697829256,-0.406143149039608,0.159668676391566));
#3172=CARTESIAN_POINT('',(0.505570306938219,-0.404969544162551,0.156806538626301));
#3173=CARTESIAN_POINT('',(0.501411792971131,-0.404960287484659,0.158517371862951));
#3174=CARTESIAN_POINT('',(0.501839341167181,-0.405207390191032,0.157590592365579));
#3175=CARTESIAN_POINT('',(0.502267834136315,-0.405454523081816,0.156664261553414));
#3176=CARTESIAN_POINT('',(0.500169467219463,-0.404243030377513,0.156561682868432));
#3177=CARTESIAN_POINT('',(0.500169467219463,-0.404243030377513,0.156561682868432));
#3178=CARTESIAN_POINT('',(0.500169467219463,-0.404243030377513,0.156561682868432));
#3179=CARTESIAN_POINT('',(0.503583776390982,-0.400440780004889,0.157155284975966));
#3180=CARTESIAN_POINT('',(0.507034696053633,-0.402433169401073,0.156806662004976));
#3181=CARTESIAN_POINT('',(0.504970711973629,-0.401241527636879,0.160820692582148));
#3182=CARTESIAN_POINT('',(0.507034696053633,-0.402433169401073,0.156806662004976));
#3183=CARTESIAN_POINT('',(0.505708385181395,-0.40473040721842,0.156806662004976));
#3184=CARTESIAN_POINT('',(0.502440055361264,-0.4055539550524,0.156672910567201));
#3185=CARTESIAN_POINT('',(0.500169467219463,-0.404243030377513,0.156561682868432));
#3186=CARTESIAN_POINT('',(0.500169467219463,-0.404243030377513,0.156561682868432));
#3187=CARTESIAN_POINT('',(0.504970711973629,-0.401241527636879,0.160820692582148));
#3188=CARTESIAN_POINT('',(0.503646794801247,-0.403534619444457,0.160820692582148));
#3189=CARTESIAN_POINT('',(0.501509156361296,-0.40501650026418,0.158676154114036));
#3190=CARTESIAN_POINT('',(0.500169467219463,-0.404243030377513,0.156561682868432));
#3191=CARTESIAN_POINT('',(0.506657300617107,-0.402215280044204,0.151825688514517));
#3192=CARTESIAN_POINT('',(0.506518972935739,-0.402135416520129,0.150000000000013));
#3193=CARTESIAN_POINT('',(0.504931840785782,-0.401219085346112,0.150000000000013));
#3194=CARTESIAN_POINT('',(0.505348228597756,-0.404482659434249,0.151825689324693));
#3195=CARTESIAN_POINT('',(0.50477019928491,-0.405164364908001,0.1500000089631));
#3196=CARTESIAN_POINT('',(0.503622768000732,-0.403486464294084,0.150000000000013));
#3197=CARTESIAN_POINT('',(0.502201188980405,-0.405416045483111,0.153337882529019));
#3198=CARTESIAN_POINT('',(0.501749485070653,-0.405155253365448,0.152859860393657));
#3199=CARTESIAN_POINT('',(0.501297712133777,-0.404894422882503,0.152381924428996));
#3200=CARTESIAN_POINT('',(0.500051142560845,-0.404174715604008,0.155000000000013));
#3201=CARTESIAN_POINT('',(0.500051142560845,-0.404174715604008,0.155000000000013));
#3202=CARTESIAN_POINT('',(0.500051142560845,-0.404174715604008,0.155000000000013));
#3203=CARTESIAN_POINT('',(0.502551142560845,-0.399844588585086,0.155000000000013));
#3204=CARTESIAN_POINT('',(0.500051142560845,-0.404174715604008,0.155000000000013));
#3205=CARTESIAN_POINT('',(0.502551142560845,-0.399844588585086,0.155000000000013));
#3206=CARTESIAN_POINT('',(0.501083776390982,-0.404770907023812,0.157155284975967));
#3207=CARTESIAN_POINT('',(0.504534696053633,-0.406763296419995,0.156806662004976));
#3208=CARTESIAN_POINT('',(0.602034696053633,-0.237888342682029,0.156806662004976));
#3209=CARTESIAN_POINT('',(0.502470711973629,-0.405571654655801,0.160820692582148));
#3210=CARTESIAN_POINT('',(0.599970711973628,-0.236696700917835,0.160820692582148));
#3211=CARTESIAN_POINT('',(0.598583776390981,-0.235895953285846,0.157155284975967));
#3212=CARTESIAN_POINT('',(0.599931840785781,-0.236674258627068,0.150000000000013));
#3213=CARTESIAN_POINT('',(0.601518972935739,-0.237590589801086,0.150000000000013));
#3214=CARTESIAN_POINT('',(0.601657300617107,-0.23767045332516,0.151825688514517));
#3215=CARTESIAN_POINT('',(0.601240912162206,-0.234406878865826,0.150000000000013));
#3216=CARTESIAN_POINT('',(0.603267732360975,-0.234561633200055,0.150000008963097));
#3217=CARTESIAN_POINT('',(0.60296637275923,-0.235403074005992,0.151825689324693));
#3218=CARTESIAN_POINT('',(0.601297712133778,-0.231689342125617,0.152381924429));
#3219=CARTESIAN_POINT('',(0.601749484426148,-0.231950173724183,0.152859860393331));
#3220=CARTESIAN_POINT('',(0.602201188980415,-0.232210964726229,0.15333788252902));
#3221=CARTESIAN_POINT('',(0.600051142560845,-0.23096963484712,0.155000000000013));
#3222=CARTESIAN_POINT('',(0.600051142560845,-0.23096963484712,0.155000000000013));
#3223=CARTESIAN_POINT('',(0.600051142560845,-0.23096963484712,0.155000000000013));
#3224=CARTESIAN_POINT('',(0.597551142560845,-0.235299761866042,0.155000000000013));
#3225=CARTESIAN_POINT('',(0.600051142560845,-0.23096963484712,0.155000000000013));
#3226=CARTESIAN_POINT('',(0.597551142560845,-0.235299761866042,0.155000000000013));
#3227=CARTESIAN_POINT('',(0.504534696053633,-0.406763296419995,0.156806662004976));
#3228=CARTESIAN_POINT('',(0.602034696053633,-0.237888342682029,0.156806662004976));
#3229=CARTESIAN_POINT('',(0.507034696053633,-0.402433169401073,0.156806662004976));
#3230=CARTESIAN_POINT('',(0.602034696053633,-0.237888342682029,0.156806662004976));
#3231=CARTESIAN_POINT('',(0.602251638768096,-0.238013594616623,0.159669934331842));
#3232=CARTESIAN_POINT('',(0.599970711973628,-0.236696700917836,0.160820692582148));
#3233=CARTESIAN_POINT('',(0.603499066472884,-0.235351957126314,0.156806538626298));
#3234=CARTESIAN_POINT('',(0.604320133555937,-0.234426877276471,0.159668676391565));
#3235=CARTESIAN_POINT('',(0.601435069764406,-0.234160308071068,0.160820703669615));
#3236=CARTESIAN_POINT('',(0.60226783422815,-0.232249442377949,0.156664261532046));
#3237=CARTESIAN_POINT('',(0.601839563595059,-0.232001924326385,0.157590592405314));
#3238=CARTESIAN_POINT('',(0.601411793006866,-0.231755206748403,0.15851737196322));
#3239=CARTESIAN_POINT('',(0.600169467219463,-0.231037949620625,0.156561682868432));
#3240=CARTESIAN_POINT('',(0.600169467219463,-0.231037949620625,0.156561682868432));
#3241=CARTESIAN_POINT('',(0.600169467219463,-0.231037949620625,0.156561682868432));
#3242=CARTESIAN_POINT('',(0.599970711973628,-0.236696700917836,0.160820692582148));
#3243=CARTESIAN_POINT('',(0.60129462914601,-0.234403609110257,0.160820692582147));
#3244=CARTESIAN_POINT('',(0.601509156361225,-0.231811419507252,0.158676154114095));
#3245=CARTESIAN_POINT('',(0.600169467219463,-0.231037949620625,0.156561682868432));
#3246=CARTESIAN_POINT('',(0.600169467219463,-0.231037949620625,0.156561682868432));
#3247=CARTESIAN_POINT('',(0.602034696053633,-0.237888342682029,0.156806662004976));
#3248=CARTESIAN_POINT('',(0.603361006925871,-0.235591104864683,0.156806662004976));
#3249=CARTESIAN_POINT('',(0.602440055361262,-0.232348874295511,0.156672910567262));
#3250=CARTESIAN_POINT('',(0.600169467219463,-0.231037949620625,0.156561682868432));
#3251=CARTESIAN_POINT('',(0.502431840785782,-0.405549212365034,0.150000000000013));
#3252=CARTESIAN_POINT('',(0.478784997105401,-0.391896700800682,0.150000000000013));
#3253=CARTESIAN_POINT('',(0.576284997105401,-0.223021747062716,0.150000000000013));
#3254=CARTESIAN_POINT('',(0.481284997105401,-0.38756657378176,0.150000000000013));
#3255=CARTESIAN_POINT('',(0.504931840785782,-0.401219085346112,0.150000000000013));
#3256=CARTESIAN_POINT('',(0.599931840785782,-0.236674258627069,0.150000000000013));
#3257=CARTESIAN_POINT('',(0.506010913660614,-0.401842088360872,0.163569748286784));
#3258=CARTESIAN_POINT('',(0.499134352206615,-0.397871903754306,0.164544703034025));
#3259=CARTESIAN_POINT('',(0.503432203115364,-0.40035326913341,0.163935356316999));
#3260=CARTESIAN_POINT('',(0.496634352206615,-0.402202030773228,0.164544703034026));
#3261=CARTESIAN_POINT('',(0.506010913660614,-0.401842088360871,0.163569748286784));
#3262=CARTESIAN_POINT('',(0.503510913660614,-0.406172215379794,0.163569748286784));
#3263=CARTESIAN_POINT('',(0.502721046475319,-0.399942682655844,0.157242440718714));
#3264=CARTESIAN_POINT('',(0.505623357152133,-0.40739183519827,0.228543690453336));
#3265=CARTESIAN_POINT('',(0.504931840785782,-0.401219085346112,0.155000000000013));
#3266=CARTESIAN_POINT('',(0.481284997105401,-0.38756657378176,0.155000000000012));
#3267=CARTESIAN_POINT('',(0.478784997105401,-0.391896700800682,0.155000000000012));
#3268=CARTESIAN_POINT('',(0.441714184731617,-0.370493857297599,0.155000000000013));
#3269=CARTESIAN_POINT('',(0.481284997105402,-0.38756657378176,0.165000000000013));
#3270=CARTESIAN_POINT('',(0.472756311785877,-0.382642535016699,0.163263518223343));
#3271=CARTESIAN_POINT('',(0.468491969126115,-0.380180515634168,0.162395277335008));
#3272=CARTESIAN_POINT('',(0.470256311785877,-0.386972662035621,0.163263518223343));
#3273=CARTESIAN_POINT('',(0.478784997105402,-0.391896700800682,0.165000000000013));
#3274=CARTESIAN_POINT('',(0.481284997105402,-0.38756657378176,0.165000000000013));
#3275=CARTESIAN_POINT('',(0.506885362862733,-0.402346951843108,0.237437386868116));
#3276=CARTESIAN_POINT('',(0.506885362862733,-0.402346951843108,0.237437386868115));
#3277=CARTESIAN_POINT('',(0.504385362862733,-0.40667707886203,0.237437386868115));
#3278=CARTESIAN_POINT('',(0.511183213771482,-0.404828317222211,0.23682804015109));
#3279=CARTESIAN_POINT('',(0.511183213771482,-0.404828317222211,0.23682804015109));
#3280=CARTESIAN_POINT('',(0.50319923286819,-0.405992266390387,0.226282686853593));
#3281=CARTESIAN_POINT('',(0.503510913660614,-0.406172215379794,0.163569748286784));
#3282=CARTESIAN_POINT('',(0.500932203115364,-0.404683396152332,0.163935356316999));
#3283=CARTESIAN_POINT('',(0.598432203115364,-0.235808442414366,0.163935356316999));
#3284=CARTESIAN_POINT('',(0.601010913660613,-0.237297261641828,0.163569748286784));
#3285=CARTESIAN_POINT('',(0.576284997105401,-0.223021747062716,0.165000000000013));
#3286=CARTESIAN_POINT('',(0.567756311785877,-0.218097708297655,0.163263518223343));
#3287=CARTESIAN_POINT('',(0.563491969126115,-0.215635688915125,0.162395277335008));
#3288=CARTESIAN_POINT('',(0.570256311785877,-0.213767581278733,0.163263518223343));
#3289=CARTESIAN_POINT('',(0.576284997105401,-0.223021747062716,0.165000000000013));
#3290=CARTESIAN_POINT('',(0.576284997105401,-0.223021747062716,0.155000000000012));
#3291=CARTESIAN_POINT('',(0.578784997105401,-0.218691620043794,0.155000000000012));
#3292=CARTESIAN_POINT('',(0.578784997105401,-0.218691620043794,0.165000000000013));
#3293=CARTESIAN_POINT('',(0.539214184731617,-0.201618903559634,0.155000000000013));
#3294=CARTESIAN_POINT('',(0.578784997105401,-0.218691620043794,0.155000000000013));
#3295=CARTESIAN_POINT('',(0.603123357152133,-0.238516881460305,0.228543690453336));
#3296=CARTESIAN_POINT('',(0.599843651038793,-0.230849839561009,0.152261467228256));
#3297=CARTESIAN_POINT('',(0.601010913660613,-0.237297261641828,0.163569748286784));
#3298=CARTESIAN_POINT('',(0.594134352206614,-0.233327077035263,0.164544703034025));
#3299=CARTESIAN_POINT('',(0.596634352206614,-0.228996950016341,0.164544703034025));
#3300=CARTESIAN_POINT('',(0.603510913660613,-0.232967134622906,0.163569748286784));
#3301=CARTESIAN_POINT('',(0.600699232868189,-0.237117312652421,0.226282686853593));
#3302=CARTESIAN_POINT('',(0.601885362862733,-0.237802125124064,0.237437386868115));
#3303=CARTESIAN_POINT('',(0.604385362862733,-0.233471998105142,0.237437386868115));
#3304=CARTESIAN_POINT('',(0.606183213771482,-0.240283490503168,0.23682804015109));
#3305=CARTESIAN_POINT('',(0.596634352206614,-0.22899695001634,0.164544703034025));
#3306=CARTESIAN_POINT('',(0.606183213771482,-0.240283490503167,0.23682804015109));
#3307=CARTESIAN_POINT('',(0.478784997105402,-0.391896700800682,0.165000000000013));
#3308=CARTESIAN_POINT('',(0.465991969126115,-0.38451064265309,0.162395277335008));
#3309=CARTESIAN_POINT('',(0.556271555370666,-0.211466981089756,0.238472963553351));
#3310=CARTESIAN_POINT('',(0.556271555370666,-0.211466981089756,0.238472963553351));
#3311=CARTESIAN_POINT('',(0.558771555370666,-0.207136854070834,0.238472963553351));
#3312=CARTESIAN_POINT('',(0.552007212710904,-0.209004961707225,0.237604722665016));
#3313=CARTESIAN_POINT('',(0.563491969126115,-0.215635688915125,0.162395277335008));
#3314=CARTESIAN_POINT('',(0.558771555370666,-0.207136854070834,0.238472963553351));
#3315=CARTESIAN_POINT('',(0.472756311785877,-0.382642535016699,0.163263518223344));
#3316=CARTESIAN_POINT('',(0.461271555370666,-0.376011807808799,0.238472963553351));
#3317=CARTESIAN_POINT('',(0.457007212710904,-0.373549788426269,0.237604722665016));
#3318=CARTESIAN_POINT('',(0.458771555370666,-0.380341934827722,0.238472963553351));
#3319=CARTESIAN_POINT('',(0.458771555370666,-0.380341934827721,0.238472963553351));
#3320=CARTESIAN_POINT('',(0.468491969126115,-0.380180515634168,0.162395277335009));
#3321=CARTESIAN_POINT('',(0.441714184731617,-0.370493857297599,0.235000000000012));
#3322=CARTESIAN_POINT('',(0.441714184731617,-0.370493857297599,0.235000000000012));
#3323=CARTESIAN_POINT('',(0.456714184731617,-0.379154111335444,0.245000000000013));
#3324=CARTESIAN_POINT('',(0.441714184731617,-0.3704938572976,0.245000000000013));
#3325=CARTESIAN_POINT('',(0.50657676649773,-0.407942286340599,0.245000000000013));
#3326=CARTESIAN_POINT('',(0.52157676649773,-0.416602540378443,0.235000000000012));
#3327=CARTESIAN_POINT('',(0.52407676649773,-0.412272413359521,0.235000000000012));
#3328=CARTESIAN_POINT('',(0.50657676649773,-0.407942286340599,0.245000000000013));
#3329=CARTESIAN_POINT('',(0.511762778024602,-0.410936431491659,0.247074404610761));
#3330=CARTESIAN_POINT('',(0.51791759385413,-0.411012047314071,0.250000000000012));
#3331=CARTESIAN_POINT('',(0.52407676649773,-0.412272413359521,0.250000000000012));
#3332=CARTESIAN_POINT('',(0.52407676649773,-0.412272413359521,0.235000000000012));
#3333=CARTESIAN_POINT('',(0.508683213771482,-0.409158444241133,0.23682804015109));
#3334=CARTESIAN_POINT('',(0.508683213771482,-0.409158444241133,0.23682804015109));
#3335=CARTESIAN_POINT('',(0.52157676649773,-0.416602540378443,0.235000000000012));
#3336=CARTESIAN_POINT('',(0.61907676649773,-0.247727586640477,0.235000000000012));
#3337=CARTESIAN_POINT('',(0.61907676649773,-0.247727586640477,0.235000000000012));
#3338=CARTESIAN_POINT('',(0.60657676649773,-0.234737205583711,0.245000000000013));
#3339=CARTESIAN_POINT('',(0.611762778024601,-0.237731350734771,0.247074404610761));
#3340=CARTESIAN_POINT('',(0.614905671162509,-0.243023769687545,0.250000000000013));
#3341=CARTESIAN_POINT('',(0.61907676649773,-0.247727586640477,0.250000000000012));
#3342=CARTESIAN_POINT('',(0.60657676649773,-0.234737205583711,0.245000000000013));
#3343=CARTESIAN_POINT('',(0.62157676649773,-0.243397459621555,0.235000000000012));
#3344=CARTESIAN_POINT('',(0.541714184731617,-0.197288776540712,0.235000000000012));
#3345=CARTESIAN_POINT('',(0.541714184731617,-0.197288776540712,0.245000000000013));
#3346=CARTESIAN_POINT('',(0.556714184731617,-0.205949030578556,0.245000000000013));
#3347=CARTESIAN_POINT('',(0.541714184731617,-0.197288776540712,0.235000000000012));
#3348=CARTESIAN_POINT('',(0.465991969126115,-0.38451064265309,0.162395277335009));
#3349=CARTESIAN_POINT('',(0.454507212710904,-0.377879915445191,0.237604722665016));
#3350=CARTESIAN_POINT('',(0.559214184731617,-0.201618903559634,0.250000000000013));
#3351=CARTESIAN_POINT('',(0.556714184731617,-0.205949030578556,0.250000000000013));
#3352=CARTESIAN_POINT('',(0.556714184731617,-0.205949030578556,0.245000000000013));
#3353=CARTESIAN_POINT('',(0.55320992586745,-0.198152368775818,0.250000000000013));
#3354=CARTESIAN_POINT('',(0.554103895223249,-0.202934905343653,0.250000000000013));
#3355=CARTESIAN_POINT('',(0.552961535896096,-0.203782437763194,0.246501059823752));
#3356=CARTESIAN_POINT('',(0.545806623600267,-0.199852534431201,0.250000000000013));
#3357=CARTESIAN_POINT('',(0.546248284972274,-0.201500618801723,0.249993282386899));
#3358=CARTESIAN_POINT('',(0.54668990543845,-0.203148755180179,0.250000000000013));
#3359=CARTESIAN_POINT('',(0.539214184731617,-0.201618903559634,0.250000000000013));
#3360=CARTESIAN_POINT('',(0.539214184731617,-0.201618903559634,0.250000000000013));
#3361=CARTESIAN_POINT('',(0.539214184731617,-0.201618903559634,0.250000000000013));
#3362=CARTESIAN_POINT('',(0.556714184731617,-0.205949030578556,0.245000000000013));
#3363=CARTESIAN_POINT('',(0.551528173204746,-0.202954885427496,0.247074404610761));
#3364=CARTESIAN_POINT('',(0.545373357375278,-0.20287926960479,0.250000000000012));
#3365=CARTESIAN_POINT('',(0.539214184731617,-0.201618903559634,0.250000000000012));
#3366=CARTESIAN_POINT('',(0.559214184731617,-0.201618903559634,0.245000000000013));
#3367=CARTESIAN_POINT('',(0.544214184731617,-0.192958649521789,0.245000000000013));
#3368=CARTESIAN_POINT('',(0.60907676649773,-0.230407078564789,0.245000000000013));
#3369=CARTESIAN_POINT('',(0.60657676649773,-0.234737205583711,0.245000000000013));
#3370=CARTESIAN_POINT('',(0.60657676649773,-0.234737205583711,0.250000000000013));
#3371=CARTESIAN_POINT('',(0.60907676649773,-0.230407078564789,0.250000000000013));
#3372=CARTESIAN_POINT('',(0.610329415333245,-0.236903798399069,0.246501059823752));
#3373=CARTESIAN_POINT('',(0.610492220275534,-0.235490719991748,0.25));
#3374=CARTESIAN_POINT('',(0.615081003115718,-0.233873651880143,0.250000000000013));
#3375=CARTESIAN_POINT('',(0.614014015776279,-0.242018348406618,0.250000000000012));
#3376=CARTESIAN_POINT('',(0.615662153982089,-0.241576734760219,0.249993282543206));
#3377=CARTESIAN_POINT('',(0.61731026760063,-0.241135182543246,0.250000000000012));
#3378=CARTESIAN_POINT('',(0.61907676649773,-0.247727586640477,0.250000000000012));
#3379=CARTESIAN_POINT('',(0.61907676649773,-0.247727586640477,0.250000000000012));
#3380=CARTESIAN_POINT('',(0.61907676649773,-0.247727586640477,0.250000000000012));
#3381=CARTESIAN_POINT('',(0.539214184731617,-0.201618903559634,0.235000000000012));
#3382=CARTESIAN_POINT('',(0.539214184731617,-0.201618903559634,0.235000000000012));
#3383=CARTESIAN_POINT('',(0.441714184731617,-0.370493857297599,0.235000000000012));
#3384=CARTESIAN_POINT('',(0.444214184731617,-0.366163730278677,0.235000000000012));
#3385=CARTESIAN_POINT('',(0.444214184731617,-0.366163730278677,0.235000000000012));
#3386=CARTESIAN_POINT('',(0.456714184731617,-0.379154111335444,0.245000000000013));
#3387=CARTESIAN_POINT('',(0.451528173204746,-0.376159966184384,0.247074404610761));
#3388=CARTESIAN_POINT('',(0.448385280066616,-0.370867547231807,0.250000000000012));
#3389=CARTESIAN_POINT('',(0.444214184731617,-0.366163730278677,0.250000000000012));
#3390=CARTESIAN_POINT('',(0.456714184731617,-0.379154111335444,0.245000000000013));
#3391=CARTESIAN_POINT('',(0.456714184731617,-0.379154111335444,0.250000000000013));
#3392=CARTESIAN_POINT('',(0.454214184731617,-0.383484238354366,0.250000000000013));
#3393=CARTESIAN_POINT('',(0.452961535896089,-0.376987518520077,0.246501059823764));
#3394=CARTESIAN_POINT('',(0.45279873095379,-0.378400596927434,0.25));
#3395=CARTESIAN_POINT('',(0.448209948113605,-0.380017665039,0.250000000000013));
#3396=CARTESIAN_POINT('',(0.449276935452512,-0.371872968512436,0.250000000000013));
#3397=CARTESIAN_POINT('',(0.447628797246743,-0.372314582158964,0.249993282543189));
#3398=CARTESIAN_POINT('',(0.445980683628243,-0.372756134376042,0.250000000000013));
#3399=CARTESIAN_POINT('',(0.444214184731617,-0.366163730278677,0.250000000000013));
#3400=CARTESIAN_POINT('',(0.444214184731617,-0.366163730278677,0.250000000000013));
#3401=CARTESIAN_POINT('',(0.444214184731617,-0.366163730278677,0.250000000000013));
#3402=CARTESIAN_POINT('',(0.454214184731617,-0.383484238354366,0.245000000000013));
#3403=CARTESIAN_POINT('',(0.50407676649773,-0.412272413359521,0.250000000000013));
#3404=CARTESIAN_POINT('',(0.50657676649773,-0.407942286340599,0.250000000000013));
#3405=CARTESIAN_POINT('',(0.50657676649773,-0.407942286340599,0.245000000000013));
#3406=CARTESIAN_POINT('',(0.510081025361897,-0.415738948143367,0.250000000000013));
#3407=CARTESIAN_POINT('',(0.509187056006169,-0.410956411575541,0.25));
#3408=CARTESIAN_POINT('',(0.510329415333268,-0.410108879155971,0.246501059823752));
#3409=CARTESIAN_POINT('',(0.517484327628967,-0.414038782487477,0.250000000000012));
#3410=CARTESIAN_POINT('',(0.517042666256854,-0.412390698116983,0.249993282386949));
#3411=CARTESIAN_POINT('',(0.516601045790548,-0.410742561738568,0.250000000000012));
#3412=CARTESIAN_POINT('',(0.52407676649773,-0.412272413359521,0.250000000000012));
#3413=CARTESIAN_POINT('',(0.52407676649773,-0.412272413359521,0.250000000000012));
#3414=CARTESIAN_POINT('',(0.52407676649773,-0.412272413359521,0.250000000000012));
#3415=CARTESIAN_POINT('',(0.50407676649773,-0.412272413359521,0.245000000000013));
#3416=CARTESIAN_POINT('',(-0.0524999999999999,-0.0909326673973661,0.245000000000013));
#3417=CARTESIAN_POINT('',(-0.541714184731616,-0.197288776540714,0.235000000000013));
#3418=CARTESIAN_POINT('',(-0.539214184731616,-0.201618903559636,0.235000000000013));
#3419=CARTESIAN_POINT('',(-0.552007212710902,-0.209004961707228,0.237604722665016));
#3420=CARTESIAN_POINT('',(-0.554507212710903,-0.204674834688306,0.237604722665016));
#3421=CARTESIAN_POINT('',(-0.457007212710902,-0.373549788426271,0.237604722665016));
#3422=CARTESIAN_POINT('',(-0.444214184731615,-0.366163730278679,0.235000000000013));
#3423=CARTESIAN_POINT('',(-0.621576766497729,-0.243397459621558,0.235000000000013));
#3424=CARTESIAN_POINT('',(-0.608683213771481,-0.235953363484248,0.23682804015109));
#3425=CARTESIAN_POINT('',(-0.51118321377148,-0.404828317222213,0.23682804015109));
#3426=CARTESIAN_POINT('',(-0.606183213771481,-0.24028349050317,0.23682804015109));
#3427=CARTESIAN_POINT('',(-0.619076766497729,-0.24772758664048,0.235000000000013));
#3428=CARTESIAN_POINT('',(-0.524076766497728,-0.412272413359524,0.235000000000013));
#3429=CARTESIAN_POINT('',(-0.608683213771481,-0.235953363484248,0.23682804015109));
#3430=CARTESIAN_POINT('',(-0.600932203115363,-0.231478315395447,0.163935356316999));
#3431=CARTESIAN_POINT('',(-0.503432203115362,-0.400353269133412,0.163935356316999));
#3432=CARTESIAN_POINT('',(-0.598432203115363,-0.235808442414369,0.163935356316999));
#3433=CARTESIAN_POINT('',(-0.606183213771481,-0.24028349050317,0.23682804015109));
#3434=CARTESIAN_POINT('',(-0.51118321377148,-0.404828317222213,0.23682804015109));
#3435=CARTESIAN_POINT('',(-0.603510913660612,-0.232967134622909,0.163569748286784));
#3436=CARTESIAN_POINT('',(-0.602470711973627,-0.232366573898916,0.160820692582148));
#3437=CARTESIAN_POINT('',(-0.504970711973627,-0.401241527636882,0.160820692582148));
#3438=CARTESIAN_POINT('',(-0.599970711973627,-0.236696700917839,0.160820692582148));
#3439=CARTESIAN_POINT('',(-0.601010913660613,-0.237297261641831,0.163569748286784));
#3440=CARTESIAN_POINT('',(-0.506010913660612,-0.401842088360874,0.163569748286784));
#3441=CARTESIAN_POINT('',(-0.601083776390981,-0.231565826266927,0.157155284975966));
#3442=CARTESIAN_POINT('',(-0.604534696053632,-0.23355821566311,0.156806662004976));
#3443=CARTESIAN_POINT('',(-0.507034696053631,-0.402433169401075,0.156806662004976));
#3444=CARTESIAN_POINT('',(-0.602034696053632,-0.237888342682032,0.156806662004976));
#3445=CARTESIAN_POINT('',(-0.59858377639098,-0.235895953285849,0.157155284975966));
#3446=CARTESIAN_POINT('',(-0.50358377639098,-0.400440780004892,0.157155284975966));
#3447=CARTESIAN_POINT('',(-0.604534696053632,-0.23355821566311,0.156806662004976));
#3448=CARTESIAN_POINT('',(-0.507034696053631,-0.402433169401075,0.156806662004976));
#3449=CARTESIAN_POINT('',(-0.506657300617105,-0.402215280044206,0.151825688514517));
#3450=CARTESIAN_POINT('',(-0.604157300617106,-0.233340326306241,0.151825688514517));
#3451=CARTESIAN_POINT('',(-0.601657300617106,-0.237670453325163,0.151825688514517));
#3452=CARTESIAN_POINT('',(-0.602034696053632,-0.237888342682032,0.156806662004976));
#3453=CARTESIAN_POINT('',(-0.60243184078578,-0.23234413160815,0.152000000000012));
#3454=CARTESIAN_POINT('',(-0.50493184078578,-0.401219085346115,0.152000000000013));
#3455=CARTESIAN_POINT('',(-0.50493184078578,-0.401219085346115,0.150000000000013));
#3456=CARTESIAN_POINT('',(-0.60243184078578,-0.23234413160815,0.150000000000012));
#3457=CARTESIAN_POINT('',(-0.599931840785781,-0.236674258627072,0.150000000000013));
#3458=CARTESIAN_POINT('',(-0.59993184078578,-0.236674258627071,0.152000000000012));
#3459=CARTESIAN_POINT('',(-0.60243184078578,-0.232344131608149,0.150000000000013));
#3460=CARTESIAN_POINT('',(-0.5787849971054,-0.218691620043797,0.150000000000013));
#3461=CARTESIAN_POINT('',(-0.4812849971054,-0.387566573781762,0.150000000000013));
#3462=CARTESIAN_POINT('',(-0.5762849971054,-0.223021747062719,0.150000000000013));
#3463=CARTESIAN_POINT('',(-0.59993184078578,-0.236674258627071,0.150000000000013));
#3464=CARTESIAN_POINT('',(-0.50493184078578,-0.401219085346115,0.150000000000013));
#3465=CARTESIAN_POINT('',(-0.5787849971054,-0.218691620043796,0.165000000000012));
#3466=CARTESIAN_POINT('',(-0.565991969126113,-0.211305561896205,0.162395277335008));
#3467=CARTESIAN_POINT('',(-0.468491969126113,-0.38018051563417,0.162395277335008));
#3468=CARTESIAN_POINT('',(-0.563491969126113,-0.215635688915127,0.162395277335008));
#3469=CARTESIAN_POINT('',(-0.5762849971054,-0.223021747062719,0.165000000000012));
#3470=CARTESIAN_POINT('',(-0.481284997105399,-0.387566573781762,0.165000000000012));
#3471=CARTESIAN_POINT('',(-0.565991969126113,-0.211305561896205,0.162395277335009));
#3472=CARTESIAN_POINT('',(-0.563491969126113,-0.215635688915127,0.162395277335009));
#3473=CARTESIAN_POINT('',(-0.468491969126113,-0.38018051563417,0.162395277335008));
#3474=CARTESIAN_POINT('',(-0.541714184731616,-0.197288776540714,0.235000000000013));
#3475=CARTESIAN_POINT('',(-0.5787849971054,-0.218691620043796,0.165000000000012));
#3476=CARTESIAN_POINT('',(-0.5787849971054,-0.218691620043797,0.155000000000012));
#3477=CARTESIAN_POINT('',(-0.570256311785876,-0.213767581278736,0.163263518223343));
#3478=CARTESIAN_POINT('',(-0.558771555370665,-0.207136854070836,0.238472963553351));
#3479=CARTESIAN_POINT('',(-0.558771555370665,-0.207136854070836,0.238472963553351));
#3480=CARTESIAN_POINT('',(-0.541714184731616,-0.197288776540714,0.235000000000013));
#3481=CARTESIAN_POINT('',(-0.556714184731616,-0.205949030578558,0.245000000000013));
#3482=CARTESIAN_POINT('',(-0.541714184731616,-0.197288776540714,0.245000000000013));
#3483=CARTESIAN_POINT('',(-0.606576766497729,-0.234737205583714,0.245000000000013));
#3484=CARTESIAN_POINT('',(-0.621576766497729,-0.243397459621558,0.235000000000013));
#3485=CARTESIAN_POINT('',(-0.604385362862732,-0.233471998105145,0.237437386868116));
#3486=CARTESIAN_POINT('',(-0.603199232868188,-0.232787185633501,0.226282686853593));
#3487=CARTESIAN_POINT('',(-0.596634352206613,-0.228996950016343,0.164544703034025));
#3488=CARTESIAN_POINT('',(-0.603510913660612,-0.232967134622909,0.163569748286784));
#3489=CARTESIAN_POINT('',(-0.600169467219462,-0.231037949620628,0.156561682868432));
#3490=CARTESIAN_POINT('',(-0.605623357152132,-0.234186754441385,0.228543690453336));
#3491=CARTESIAN_POINT('',(-0.600051142560844,-0.230969634847123,0.155000000000013));
#3492=CARTESIAN_POINT('',(-0.541714184731616,-0.197288776540714,0.155000000000013));
#3493=CARTESIAN_POINT('',(-0.441714184731615,-0.370493857297601,0.235000000000013));
#3494=CARTESIAN_POINT('',(-0.521576766497728,-0.416602540378446,0.235000000000013));
#3495=CARTESIAN_POINT('',(-0.504385362862731,-0.406677078862032,0.237437386868116));
#3496=CARTESIAN_POINT('',(-0.506576766497729,-0.407942286340601,0.245000000000013));
#3497=CARTESIAN_POINT('',(-0.441714184731615,-0.370493857297601,0.245000000000013));
#3498=CARTESIAN_POINT('',(-0.456714184731615,-0.379154111335446,0.245000000000013));
#3499=CARTESIAN_POINT('',(-0.441714184731615,-0.370493857297601,0.235000000000013));
#3500=CARTESIAN_POINT('',(-0.458771555370664,-0.380341934827724,0.238472963553351));
#3501=CARTESIAN_POINT('',(-0.458771555370664,-0.380341934827724,0.238472963553351));
#3502=CARTESIAN_POINT('',(-0.470256311785875,-0.386972662035623,0.163263518223343));
#3503=CARTESIAN_POINT('',(-0.478784997105399,-0.391896700800684,0.165000000000012));
#3504=CARTESIAN_POINT('',(-0.4787849971054,-0.391896700800684,0.155000000000012));
#3505=CARTESIAN_POINT('',(-0.4787849971054,-0.391896700800684,0.155000000000013));
#3506=CARTESIAN_POINT('',(-0.500051142560844,-0.40417471560401,0.155000000000013));
#3507=CARTESIAN_POINT('',(-0.499843651038791,-0.404054920317899,0.152261467228256));
#3508=CARTESIAN_POINT('',(-0.500169467219461,-0.404243030377515,0.156561682868432));
#3509=CARTESIAN_POINT('',(-0.503510913660612,-0.406172215379796,0.163569748286784));
#3510=CARTESIAN_POINT('',(-0.496634352206613,-0.402202030773231,0.164544703034025));
#3511=CARTESIAN_POINT('',(-0.496634352206613,-0.402202030773231,0.164544703034025));
#3512=CARTESIAN_POINT('',(-0.0525000000000003,0.0909326673973659,0.245000000000013));
#3513=CARTESIAN_POINT('',(-0.609076766497729,-0.230407078564792,0.245000000000013));
#3514=CARTESIAN_POINT('',(-0.559214184731616,-0.201618903559636,0.245000000000013));
#3515=CARTESIAN_POINT('',(-0.556714184731616,-0.205949030578558,0.245000000000013));
#3516=CARTESIAN_POINT('',(-0.556714184731616,-0.205949030578558,0.250000000000013));
#3517=CARTESIAN_POINT('',(-0.559214184731616,-0.201618903559636,0.250000000000013));
#3518=CARTESIAN_POINT('',(-0.552961535896109,-0.203782437763204,0.246501059823752));
#3519=CARTESIAN_POINT('',(-0.554103895223233,-0.202934905343631,0.25));
#3520=CARTESIAN_POINT('',(-0.553209925867449,-0.198152368775808,0.250000000000013));
#3521=CARTESIAN_POINT('',(-0.546689905439414,-0.203148755180832,0.250000000000013));
#3522=CARTESIAN_POINT('',(-0.54624828497287,-0.201500618802498,0.249993282543153));
#3523=CARTESIAN_POINT('',(-0.545806623600485,-0.199852534432059,0.250000000000013));
#3524=CARTESIAN_POINT('',(-0.539214184731616,-0.201618903559636,0.250000000000013));
#3525=CARTESIAN_POINT('',(-0.539214184731616,-0.201618903559636,0.250000000000013));
#3526=CARTESIAN_POINT('',(-0.539214184731616,-0.201618903559636,0.250000000000013));
#3527=CARTESIAN_POINT('',(-0.556714184731616,-0.205949030578558,0.245000000000013));
#3528=CARTESIAN_POINT('',(-0.551528173204744,-0.202954885427499,0.247074404610761));
#3529=CARTESIAN_POINT('',(-0.545373357375182,-0.202879269605254,0.250000000000013));
#3530=CARTESIAN_POINT('',(-0.539214184731616,-0.201618903559636,0.250000000000013));
#3531=CARTESIAN_POINT('',(-0.609076766497729,-0.230407078564792,0.250000000000013));
#3532=CARTESIAN_POINT('',(-0.606576766497729,-0.234737205583714,0.250000000000013));
#3533=CARTESIAN_POINT('',(-0.606576766497729,-0.234737205583714,0.245000000000013));
#3534=CARTESIAN_POINT('',(-0.615081003115717,-0.233873651880158,0.250000000000013));
#3535=CARTESIAN_POINT('',(-0.610492220275552,-0.235490719991759,0.250000000000013));
#3536=CARTESIAN_POINT('',(-0.610329415333258,-0.236903798399081,0.246501059823752));
#3537=CARTESIAN_POINT('',(-0.617310267600049,-0.241135182543412,0.250000000000013));
#3538=CARTESIAN_POINT('',(-0.615662153981496,-0.241576734760397,0.249993282387062));
#3539=CARTESIAN_POINT('',(-0.614014015775733,-0.242018348406799,0.250000000000013));
#3540=CARTESIAN_POINT('',(-0.619076766497729,-0.24772758664048,0.250000000000013));
#3541=CARTESIAN_POINT('',(-0.619076766497729,-0.24772758664048,0.250000000000013));
#3542=CARTESIAN_POINT('',(-0.619076766497729,-0.24772758664048,0.250000000000013));
#3543=CARTESIAN_POINT('',(-0.606576766497729,-0.234737205583714,0.245000000000013));
#3544=CARTESIAN_POINT('',(-0.6117627780246,-0.237731350734773,0.247074404610761));
#3545=CARTESIAN_POINT('',(-0.614905671162343,-0.243023769687694,0.250000000000013));
#3546=CARTESIAN_POINT('',(-0.619076766497729,-0.24772758664048,0.250000000000013));
#3547=CARTESIAN_POINT('',(-0.539214184731616,-0.201618903559636,0.235000000000013));
#3548=CARTESIAN_POINT('',(-0.556271555370665,-0.211466981089758,0.238472963553351));
#3549=CARTESIAN_POINT('',(-0.619076766497729,-0.24772758664048,0.235000000000013));
#3550=CARTESIAN_POINT('',(-0.601885362862732,-0.237802125124067,0.237437386868116));
#3551=CARTESIAN_POINT('',(-0.567756311785876,-0.218097708297658,0.163263518223344));
#3552=CARTESIAN_POINT('',(-0.567756311785876,-0.218097708297658,0.163263518223343));
#3553=CARTESIAN_POINT('',(-0.601885362862732,-0.237802125124067,0.237437386868116));
#3554=CARTESIAN_POINT('',(-0.594134352206613,-0.233327077035265,0.164544703034025));
#3555=CARTESIAN_POINT('',(-0.5762849971054,-0.223021747062719,0.165000000000012));
#3556=CARTESIAN_POINT('',(-0.5762849971054,-0.223021747062719,0.155000000000012));
#3557=CARTESIAN_POINT('',(-0.601010913660613,-0.237297261641831,0.163569748286784));
#3558=CARTESIAN_POINT('',(-0.599970711973627,-0.236696700917839,0.160820692582148));
#3559=CARTESIAN_POINT('',(-0.601294629146009,-0.234403609110261,0.160820692582148));
#3560=CARTESIAN_POINT('',(-0.601509156361277,-0.231811419507285,0.158676154114051));
#3561=CARTESIAN_POINT('',(-0.600169467219462,-0.231037949620628,0.156561682868432));
#3562=CARTESIAN_POINT('',(-0.59993184078578,-0.236674258627071,0.155000000000013));
#3563=CARTESIAN_POINT('',(-0.597551142560844,-0.235299761866045,0.155000000000013));
#3564=CARTESIAN_POINT('',(-0.599970711973627,-0.236696700917838,0.160820692582148));
#3565=CARTESIAN_POINT('',(-0.602251638768095,-0.238013594616626,0.159669934331842));
#3566=CARTESIAN_POINT('',(-0.602034696053632,-0.237888342682032,0.156806662004976));
#3567=CARTESIAN_POINT('',(-0.601435069764405,-0.234160308071072,0.160820703669615));
#3568=CARTESIAN_POINT('',(-0.604320133555939,-0.234426877276477,0.159668676391566));
#3569=CARTESIAN_POINT('',(-0.603499066472883,-0.235351957126317,0.156806538626301));
#3570=CARTESIAN_POINT('',(-0.601411792971132,-0.231755206727776,0.158517371862963));
#3571=CARTESIAN_POINT('',(-0.601839564290233,-0.232001922973711,0.157590592365553));
#3572=CARTESIAN_POINT('',(-0.602267834136303,-0.232249442324924,0.156664261553419));
#3573=CARTESIAN_POINT('',(-0.600169467219462,-0.231037949620628,0.156561682868432));
#3574=CARTESIAN_POINT('',(-0.600169467219462,-0.231037949620628,0.156561682868432));
#3575=CARTESIAN_POINT('',(-0.600169467219462,-0.231037949620628,0.156561682868432));
#3576=CARTESIAN_POINT('',(-0.602034696053632,-0.237888342682032,0.156806662004976));
#3577=CARTESIAN_POINT('',(-0.60336100692587,-0.235591104864686,0.156806662004976));
#3578=CARTESIAN_POINT('',(-0.602440055361265,-0.232348874295517,0.156672910567138));
#3579=CARTESIAN_POINT('',(-0.600169467219462,-0.231037949620628,0.156561682868432));
#3580=CARTESIAN_POINT('',(-0.601657300617106,-0.237670453325163,0.151825688514517));
#3581=CARTESIAN_POINT('',(-0.601518972935738,-0.237590589801089,0.150000000000013));
#3582=CARTESIAN_POINT('',(-0.59993184078578,-0.236674258627071,0.150000000000013));
#3583=CARTESIAN_POINT('',(-0.602966372759227,-0.235403074005998,0.151825689324693));
#3584=CARTESIAN_POINT('',(-0.603267732360978,-0.23456163320006,0.1500000089631));
#3585=CARTESIAN_POINT('',(-0.601240912162204,-0.234406878865831,0.150000000000013));
#3586=CARTESIAN_POINT('',(-0.602201188980399,-0.232210964726224,0.153337882529019));
#3587=CARTESIAN_POINT('',(-0.601749484426264,-0.231950173724251,0.152859860393465));
#3588=CARTESIAN_POINT('',(-0.60129771213377,-0.231689342125615,0.152381924428996));
#3589=CARTESIAN_POINT('',(-0.600051142560844,-0.230969634847123,0.155000000000013));
#3590=CARTESIAN_POINT('',(-0.600051142560844,-0.230969634847123,0.155000000000013));
#3591=CARTESIAN_POINT('',(-0.600051142560844,-0.230969634847123,0.155000000000013));
#3592=CARTESIAN_POINT('',(-0.597551142560844,-0.235299761866045,0.155000000000013));
#3593=CARTESIAN_POINT('',(-0.597721046475318,-0.235397855936803,0.157242440718714));
#3594=CARTESIAN_POINT('',(-0.506576766497728,-0.407942286340601,0.245000000000013));
#3595=CARTESIAN_POINT('',(-0.506576766497728,-0.407942286340601,0.250000000000013));
#3596=CARTESIAN_POINT('',(-0.504076766497728,-0.412272413359523,0.250000000000013));
#3597=CARTESIAN_POINT('',(-0.510329415333248,-0.410108879155963,0.246501059823752));
#3598=CARTESIAN_POINT('',(-0.509187056006127,-0.410956411575502,0.250000000000008));
#3599=CARTESIAN_POINT('',(-0.510081025361895,-0.415738948143351,0.250000000000013));
#3600=CARTESIAN_POINT('',(-0.5166010457898,-0.410742561738144,0.250000000000013));
#3601=CARTESIAN_POINT('',(-0.517042666256402,-0.412390698116471,0.249993282543171));
#3602=CARTESIAN_POINT('',(-0.517484327628817,-0.414038782486899,0.250000000000013));
#3603=CARTESIAN_POINT('',(-0.524076766497728,-0.412272413359524,0.250000000000013));
#3604=CARTESIAN_POINT('',(-0.524076766497728,-0.412272413359524,0.250000000000013));
#3605=CARTESIAN_POINT('',(-0.524076766497728,-0.412272413359524,0.250000000000013));
#3606=CARTESIAN_POINT('',(-0.506576766497729,-0.407942286340601,0.245000000000013));
#3607=CARTESIAN_POINT('',(-0.5117627780246,-0.410936431491661,0.247074404610761));
#3608=CARTESIAN_POINT('',(-0.517917593854171,-0.411012047313861,0.250000000000013));
#3609=CARTESIAN_POINT('',(-0.524076766497728,-0.412272413359524,0.250000000000013));
#3610=CARTESIAN_POINT('',(-0.504076766497728,-0.412272413359523,0.245000000000013));
#3611=CARTESIAN_POINT('',(-0.439214184731615,-0.374823984316524,0.245000000000013));
#3612=CARTESIAN_POINT('',(-0.454214184731615,-0.383484238354368,0.245000000000013));
#3613=CARTESIAN_POINT('',(-0.524076766497728,-0.412272413359524,0.235000000000013));
#3614=CARTESIAN_POINT('',(-0.506885362862731,-0.40234695184311,0.237437386868116));
#3615=CARTESIAN_POINT('',(-0.454214184731615,-0.383484238354368,0.250000000000013));
#3616=CARTESIAN_POINT('',(-0.456714184731615,-0.379154111335446,0.250000000000013));
#3617=CARTESIAN_POINT('',(-0.456714184731615,-0.379154111335446,0.245000000000013));
#3618=CARTESIAN_POINT('',(-0.448209948113627,-0.380017665039001,0.250000000000013));
#3619=CARTESIAN_POINT('',(-0.452798730953792,-0.378400596927389,0.250000000000017));
#3620=CARTESIAN_POINT('',(-0.452961535896083,-0.376987518520077,0.246501059823752));
#3621=CARTESIAN_POINT('',(-0.4459806836291,-0.372756134375801,0.250000000000013));
#3622=CARTESIAN_POINT('',(-0.447628797247617,-0.372314582158771,0.249993282386917));
#3623=CARTESIAN_POINT('',(-0.449276935453398,-0.371872968512314,0.250000000000013));
#3624=CARTESIAN_POINT('',(-0.444214184731615,-0.366163730278679,0.250000000000013));
#3625=CARTESIAN_POINT('',(-0.444214184731615,-0.366163730278679,0.250000000000013));
#3626=CARTESIAN_POINT('',(-0.444214184731615,-0.366163730278679,0.250000000000013));
#3627=CARTESIAN_POINT('',(-0.456714184731615,-0.379154111335446,0.245000000000013));
#3628=CARTESIAN_POINT('',(-0.451528173204744,-0.376159966184386,0.247074404610761));
#3629=CARTESIAN_POINT('',(-0.448385280066973,-0.370867547231491,0.250000000000013));
#3630=CARTESIAN_POINT('',(-0.444214184731615,-0.366163730278679,0.250000000000013));
#3631=CARTESIAN_POINT('',(-0.505699232868188,-0.401662139371467,0.226282686853593));
#3632=CARTESIAN_POINT('',(-0.499134352206613,-0.397871903754309,0.164544703034025));
#3633=CARTESIAN_POINT('',(-0.444214184731615,-0.366163730278679,0.235000000000013));
#3634=CARTESIAN_POINT('',(-0.461271555370664,-0.376011807808801,0.238472963553351));
#3635=CARTESIAN_POINT('',(-0.506010913660612,-0.401842088360874,0.163569748286784));
#3636=CARTESIAN_POINT('',(-0.504970711973627,-0.401241527636882,0.160820692582148));
#3637=CARTESIAN_POINT('',(-0.503646794801245,-0.40353461944446,0.160820692582148));
#3638=CARTESIAN_POINT('',(-0.501509156361236,-0.40501650026415,0.158676154114085));
#3639=CARTESIAN_POINT('',(-0.500169467219461,-0.404243030377515,0.156561682868432));
#3640=CARTESIAN_POINT('',(-0.461271555370664,-0.376011807808801,0.238472963553351));
#3641=CARTESIAN_POINT('',(-0.472756311785875,-0.382642535016701,0.163263518223343));
#3642=CARTESIAN_POINT('',(-0.507034696053631,-0.402433169401075,0.156806662004976));
#3643=CARTESIAN_POINT('',(-0.507251638768095,-0.402558421335669,0.159669934331842));
#3644=CARTESIAN_POINT('',(-0.504970711973627,-0.401241527636881,0.160820692582148));
#3645=CARTESIAN_POINT('',(-0.505570306938216,-0.404969544162554,0.156806538626299));
#3646=CARTESIAN_POINT('',(-0.505179697829252,-0.406143149039611,0.159668676391566));
#3647=CARTESIAN_POINT('',(-0.503506310229739,-0.403777895107306,0.160820703669616));
#3648=CARTESIAN_POINT('',(-0.502267834228154,-0.405454523134843,0.156664261532044));
#3649=CARTESIAN_POINT('',(-0.501839341991034,-0.405207388912662,0.157590592405349));
#3650=CARTESIAN_POINT('',(-0.501411793006863,-0.404960287505293,0.158517371963212));
#3651=CARTESIAN_POINT('',(-0.500169467219461,-0.404243030377515,0.156561682868432));
#3652=CARTESIAN_POINT('',(-0.500169467219461,-0.404243030377515,0.156561682868432));
#3653=CARTESIAN_POINT('',(-0.500169467219461,-0.404243030377515,0.156561682868432));
#3654=CARTESIAN_POINT('',(-0.507034696053631,-0.402433169401075,0.156806662004976));
#3655=CARTESIAN_POINT('',(-0.505708385181394,-0.404730407218422,0.156806662004976));
#3656=CARTESIAN_POINT('',(-0.502440055361262,-0.405553955052403,0.156672910567201));
#3657=CARTESIAN_POINT('',(-0.500169467219461,-0.404243030377515,0.156561682868432));
#3658=CARTESIAN_POINT('',(-0.481284997105399,-0.387566573781762,0.165000000000012));
#3659=CARTESIAN_POINT('',(-0.4812849971054,-0.387566573781762,0.155000000000012));
#3660=CARTESIAN_POINT('',(-0.508123357152131,-0.403061708179351,0.228543690453336));
#3661=CARTESIAN_POINT('',(-0.502551142560844,-0.399844588585088,0.155000000000013));
#3662=CARTESIAN_POINT('',(-0.444214184731615,-0.366163730278679,0.155000000000013));
#3663=CARTESIAN_POINT('',(-0.502551142560844,-0.399844588585088,0.155000000000013));
#3664=CARTESIAN_POINT('',(-0.50493184078578,-0.401219085346115,0.150000000000013));
#3665=CARTESIAN_POINT('',(-0.506518972935737,-0.402135416520132,0.150000000000013));
#3666=CARTESIAN_POINT('',(-0.506657300617106,-0.402215280044206,0.151825688514517));
#3667=CARTESIAN_POINT('',(-0.50362276800073,-0.403486464294081,0.150000000000013));
#3668=CARTESIAN_POINT('',(-0.504770199284914,-0.405164364908002,0.150000008963097));
#3669=CARTESIAN_POINT('',(-0.505348228597754,-0.404482659434252,0.151825689324693));
#3670=CARTESIAN_POINT('',(-0.501297712133776,-0.404894422882506,0.152381924428995));
#3671=CARTESIAN_POINT('',(-0.501749485070621,-0.405155253365166,0.152859860393489));
#3672=CARTESIAN_POINT('',(-0.502201188980412,-0.405416045483119,0.15333788252902));
#3673=CARTESIAN_POINT('',(-0.500051142560844,-0.40417471560401,0.155000000000013));
#3674=CARTESIAN_POINT('',(-0.500051142560843,-0.40417471560401,0.155000000000013));
#3675=CARTESIAN_POINT('',(-0.500051142560844,-0.40417471560401,0.155000000000013));
#3676=CARTESIAN_POINT('',(0.,0.,-1.80925663220114));
#3677=CARTESIAN_POINT('',(0.,0.,-2.02003026688042));
#3678=CARTESIAN_POINT('',(-0.370581899433691,0.,-2.02003026688042));
#3679=CARTESIAN_POINT('',(0.,0.,-1.62178153097277));
#3680=CARTESIAN_POINT('',(-0.354444444445019,0.,-1.62178153097277));
#3681=CARTESIAN_POINT('',(-0.145507588466744,0.351286393504614,-2.02003026688042));
#3682=CARTESIAN_POINT('',(3.20138436757531E-17,0.380229652398239,-2.02003026688041));
#3683=CARTESIAN_POINT('',(0.145507588466743,0.351286393504614,-2.02003026688041));
#3684=CARTESIAN_POINT('',(0.268862965618999,0.268862965618999,-2.02003026688041));
#3685=CARTESIAN_POINT('',(0.351286393504614,0.145507588466743,-2.02003026688041));
#3686=CARTESIAN_POINT('',(0.380229652398239,2.03421298356348E-16,-2.02003026688041));
#3687=CARTESIAN_POINT('',(0.351286393504614,-0.145507588466743,-2.02003026688041));
#3688=CARTESIAN_POINT('',(0.268862965618998,-0.268862965618999,-2.02003026688041));
#3689=CARTESIAN_POINT('',(0.145507588466744,-0.351286393504614,-2.02003026688041));
#3690=CARTESIAN_POINT('',(-4.18441101811986E-16,-0.380229652398239,-2.02003026688041));
#3691=CARTESIAN_POINT('',(-0.145507588466742,-0.351286393504615,-2.02003026688041));
#3692=CARTESIAN_POINT('',(-0.268862965618999,-0.268862965618998,-2.02003026688041));
#3693=CARTESIAN_POINT('',(-0.351286393504614,-0.145507588466744,-2.02003026688041));
#3694=CARTESIAN_POINT('',(-0.380229652398239,1.37659527805738E-15,-2.02003026688041));
#3695=CARTESIAN_POINT('',(-0.351286393504615,0.145507588466742,-2.02003026688042));
#3696=CARTESIAN_POINT('',(-0.268862965619,0.268862965618998,-2.02003026688041));
#3697=CARTESIAN_POINT('',(-0.145507588466744,0.351286393504614,-2.02003026688042));
#3698=CARTESIAN_POINT('',(3.20138436757531E-17,0.380229652398239,-2.02003026688041));
#3699=CARTESIAN_POINT('',(0.145507588466743,0.351286393504614,-2.02003026688041));
#3700=CARTESIAN_POINT('',(-0.216091121373003,0.521690115927111,-2.25834640604756));
#3701=CARTESIAN_POINT('',(1.23786862212912E-16,0.56467331244914,-2.25834640604756));
#3702=CARTESIAN_POINT('',(0.216091121373002,0.521690115927111,-2.25834640604756));
#3703=CARTESIAN_POINT('',(0.399284328387857,0.399284328387858,-2.25834640604756));
#3704=CARTESIAN_POINT('',(0.521690115927112,0.216091121373001,-2.25834640604756));
#3705=CARTESIAN_POINT('',(0.56467331244914,3.23206430109791E-16,-2.25834640604756));
#3706=CARTESIAN_POINT('',(0.521690115927112,-0.216091121373002,-2.25834640604756));
#3707=CARTESIAN_POINT('',(0.399284328387856,-0.399284328387857,-2.25834640604756));
#3708=CARTESIAN_POINT('',(0.216091121373003,-0.521690115927111,-2.25834640604756));
#3709=CARTESIAN_POINT('',(-6.91138711337318E-16,-0.56467331244914,-2.25834640604756));
#3710=CARTESIAN_POINT('',(-0.216091121373,-0.521690115927113,-2.25834640604756));
#3711=CARTESIAN_POINT('',(-0.399284328387858,-0.399284328387856,-2.25834640604756));
#3712=CARTESIAN_POINT('',(-0.521690115927111,-0.216091121373003,-2.25834640604756));
#3713=CARTESIAN_POINT('',(-0.56467331244914,2.07369672409691E-15,-2.25834640604756));
#3714=CARTESIAN_POINT('',(-0.521690115927112,0.216091121373,-2.25834640604756));
#3715=CARTESIAN_POINT('',(-0.399284328387859,0.399284328387856,-2.25834640604756));
#3716=CARTESIAN_POINT('',(-0.216091121373003,0.521690115927111,-2.25834640604756));
#3717=CARTESIAN_POINT('',(1.23786862212912E-16,0.56467331244914,-2.25834640604756));
#3718=CARTESIAN_POINT('',(0.216091121373002,0.521690115927111,-2.25834640604756));
#3719=CARTESIAN_POINT('',(-0.435435063402078,1.05123323559808,-2.98485439325608));
#3720=CARTESIAN_POINT('',(-2.56110749406025E-17,1.1378466548995,-2.98485439325608));
#3721=CARTESIAN_POINT('',(0.435435063402078,1.05123323559808,-2.98485439325608));
#3722=CARTESIAN_POINT('',(0.804579085629867,0.804579085629867,-2.98485439325608));
#3723=CARTESIAN_POINT('',(1.05123323559808,0.435435063402076,-2.98485439325608));
#3724=CARTESIAN_POINT('',(1.1378466548995,4.42057824756024E-16,-2.98485439325608));
#3725=CARTESIAN_POINT('',(1.05123323559808,-0.435435063402078,-2.98485439325608));
#3726=CARTESIAN_POINT('',(0.804579085629865,-0.804579085629868,-2.98485439325608));
#3727=CARTESIAN_POINT('',(0.43543506340208,-1.05123323559808,-2.98485439325608));
#3728=CARTESIAN_POINT('',(-1.23939480292545E-15,-1.1378466548995,-2.98485439325608));
#3729=CARTESIAN_POINT('',(-0.435435063402074,-1.05123323559808,-2.98485439325608));
#3730=CARTESIAN_POINT('',(-0.804579085629869,-0.804579085629865,-2.98485439325608));
#3731=CARTESIAN_POINT('',(-1.05123323559808,-0.43543506340208,-2.98485439325608));
#3732=CARTESIAN_POINT('',(-1.1378466548995,4.24556923546612E-15,-2.98485439325608));
#3733=CARTESIAN_POINT('',(-1.05123323559808,0.435435063402074,-2.98485439325608));
#3734=CARTESIAN_POINT('',(-0.80457908562987,0.804579085629864,-2.98485439325608));
#3735=CARTESIAN_POINT('',(-0.435435063402078,1.05123323559808,-2.98485439325608));
#3736=CARTESIAN_POINT('',(-2.56110749406025E-17,1.1378466548995,-2.98485439325608));
#3737=CARTESIAN_POINT('',(0.435435063402078,1.05123323559808,-2.98485439325608));
#3738=CARTESIAN_POINT('',(-0.58784471478492,1.41918268300309,-4.43489023592343));
#3739=CARTESIAN_POINT('',(2.56110749406025E-16,1.53611226687258,-4.43489023592342));
#3740=CARTESIAN_POINT('',(0.587844714784918,1.41918268300309,-4.43489023592342));
#3741=CARTESIAN_POINT('',(1.08619540056944,1.08619540056944,-4.43489023592342));
#3742=CARTESIAN_POINT('',(1.41918268300309,0.587844714784917,-4.43489023592342));
#3743=CARTESIAN_POINT('',(1.53611226687258,8.26490730895692E-16,-4.43489023592342));
#3744=CARTESIAN_POINT('',(1.41918268300309,-0.587844714784919,-4.43489023592342));
#3745=CARTESIAN_POINT('',(1.08619540056944,-1.08619540056944,-4.43489023592342));
#3746=CARTESIAN_POINT('',(0.587844714784922,-1.41918268300309,-4.43489023592342));
#3747=CARTESIAN_POINT('',(-1.78318880873367E-15,-1.53611226687258,-4.43489023592342));
#3748=CARTESIAN_POINT('',(-0.587844714784914,-1.4191826830031,-4.43489023592343));
#3749=CARTESIAN_POINT('',(-1.08619540056944,-1.08619540056944,-4.43489023592342));
#3750=CARTESIAN_POINT('',(-1.41918268300309,-0.587844714784923,-4.43489023592342));
#3751=CARTESIAN_POINT('',(-1.53611226687258,5.49357557475923E-15,-4.43489023592343));
#3752=CARTESIAN_POINT('',(-1.41918268300309,0.587844714784914,-4.43489023592342));
#3753=CARTESIAN_POINT('',(-1.08619540056945,1.08619540056944,-4.43489023592342));
#3754=CARTESIAN_POINT('',(-0.58784471478492,1.41918268300309,-4.43489023592343));
#3755=CARTESIAN_POINT('',(2.56110749406025E-16,1.53611226687258,-4.43489023592342));
#3756=CARTESIAN_POINT('',(0.587844714784918,1.41918268300309,-4.43489023592342));
#3757=CARTESIAN_POINT('',(-0.588958410754307,1.42187138291675,-5.39572062989518));
#3758=CARTESIAN_POINT('',(1.10981324742611E-16,1.53902249468805,-5.39572062989518));
#3759=CARTESIAN_POINT('',(0.588958410754305,1.42187138291675,-5.39572062989518));
#3760=CARTESIAN_POINT('',(1.08825324239256,1.08825324239256,-5.39572062989518));
#3761=CARTESIAN_POINT('',(1.42187138291675,0.588958410754304,-5.39572062989518));
#3762=CARTESIAN_POINT('',(1.53902249468805,8.39829832427256E-16,-5.39572062989518));
#3763=CARTESIAN_POINT('',(1.42187138291675,-0.588958410754306,-5.39572062989518));
#3764=CARTESIAN_POINT('',(1.08825324239255,-1.08825324239256,-5.39572062989518));
#3765=CARTESIAN_POINT('',(0.588958410754309,-1.42187138291675,-5.39572062989518));
#3766=CARTESIAN_POINT('',(-1.77465178375347E-15,-1.53902249468805,-5.39572062989518));
#3767=CARTESIAN_POINT('',(-0.588958410754301,-1.42187138291675,-5.39572062989518));
#3768=CARTESIAN_POINT('',(-1.08825324239256,-1.08825324239255,-5.39572062989518));
#3769=CARTESIAN_POINT('',(-1.42187138291675,-0.58895841075431,-5.39572062989518));
#3770=CARTESIAN_POINT('',(-1.53902249468805,6.02500537977673E-15,-5.39572062989518));
#3771=CARTESIAN_POINT('',(-1.42187138291675,0.588958410754301,-5.39572062989518));
#3772=CARTESIAN_POINT('',(-1.08825324239256,1.08825324239255,-5.39572062989518));
#3773=CARTESIAN_POINT('',(-0.588958410754307,1.42187138291675,-5.39572062989518));
#3774=CARTESIAN_POINT('',(1.10981324742611E-16,1.53902249468805,-5.39572062989518));
#3775=CARTESIAN_POINT('',(0.588958410754305,1.42187138291675,-5.39572062989518));
#3776=CARTESIAN_POINT('',(0.,0.,-5.39572062989518));
#3777=CARTESIAN_POINT('',(-1.49997212409761,0.,-5.39572062989518));
#3778=CARTESIAN_POINT('',(0.,1.50000000000001,-5.41566481135434));
#3779=CARTESIAN_POINT('',(0.,0.,-5.41566481135434));
#3780=CARTESIAN_POINT('',(-1.57997255275927,0.,-5.41566481135434));
#3781=CARTESIAN_POINT('',(0.,0.,-5.41566481135434));
#3782=CARTESIAN_POINT('',(-1.51997204620472,0.,-5.41566481135434));
#3783=CARTESIAN_POINT('',(-0.628223173182676,1.51666490489467,-5.39560987474616));
#3784=CARTESIAN_POINT('',(1.70740499604016E-16,1.6416262635152,-5.39560987474615));
#3785=CARTESIAN_POINT('',(0.628223173182674,1.51666490489467,-5.39560987474616));
#3786=CARTESIAN_POINT('',(1.16080506310553,1.16080506310553,-5.39560987474616));
#3787=CARTESIAN_POINT('',(1.51666490489467,0.628223173182673,-5.39560987474616));
#3788=CARTESIAN_POINT('',(1.6416262635152,7.67265120095549E-16,-5.39560987474616));
#3789=CARTESIAN_POINT('',(1.51666490489467,-0.628223173182674,-5.39560987474616));
#3790=CARTESIAN_POINT('',(1.16080506310553,-1.16080506310553,-5.39560987474616));
#3791=CARTESIAN_POINT('',(0.628223173182678,-1.51666490489467,-5.39560987474616));
#3792=CARTESIAN_POINT('',(-1.88998811672267E-15,-1.6416262635152,-5.39560987474616));
#3793=CARTESIAN_POINT('',(-0.628223173182669,-1.51666490489468,-5.39560987474616));
#3794=CARTESIAN_POINT('',(-1.16080506310553,-1.16080506310553,-5.39560987474616));
#3795=CARTESIAN_POINT('',(-1.51666490489467,-0.628223173182679,-5.39560987474616));
#3796=CARTESIAN_POINT('',(-1.6416262635152,6.04207942973713E-15,-5.39560987474616));
#3797=CARTESIAN_POINT('',(-1.51666490489467,0.628223173182669,-5.39560987474616));
#3798=CARTESIAN_POINT('',(-1.16080506310554,1.16080506310553,-5.39560987474616));
#3799=CARTESIAN_POINT('',(-0.628223173182676,1.51666490489467,-5.39560987474616));
#3800=CARTESIAN_POINT('',(1.70740499604016E-16,1.6416262635152,-5.39560987474615));
#3801=CARTESIAN_POINT('',(0.628223173182674,1.51666490489467,-5.39560987474616));
#3802=CARTESIAN_POINT('',(-0.62612182437729,1.51159180010944,-3.44727671419793));
#3803=CARTESIAN_POINT('',(6.82961998416066E-17,1.63613517446439,-3.44727671419793));
#3804=CARTESIAN_POINT('',(0.626121824377289,1.51159180010944,-3.44727671419793));
#3805=CARTESIAN_POINT('',(1.15692227680161,1.15692227680161,-3.44727671419793));
#3806=CARTESIAN_POINT('',(1.51159180010944,0.626121824377287,-3.44727671419793));
#3807=CARTESIAN_POINT('',(1.63613517446439,1.16316965355236E-15,-3.44727671419793));
#3808=CARTESIAN_POINT('',(1.51159180010943,-0.626121824377289,-3.44727671419793));
#3809=CARTESIAN_POINT('',(1.15692227680161,-1.15692227680161,-3.44727671419793));
#3810=CARTESIAN_POINT('',(0.626121824377292,-1.51159180010943,-3.44727671419793));
#3811=CARTESIAN_POINT('',(-1.77611179010079E-15,-1.63613517446439,-3.44727671419793));
#3812=CARTESIAN_POINT('',(-0.626121824377284,-1.51159180010944,-3.44727671419793));
#3813=CARTESIAN_POINT('',(-1.15692227680161,-1.1569222768016,-3.44727671419793));
#3814=CARTESIAN_POINT('',(-1.51159180010943,-0.626121824377294,-3.44727671419793));
#3815=CARTESIAN_POINT('',(-1.63613517446439,6.98328643380427E-15,-3.44727671419793));
#3816=CARTESIAN_POINT('',(-1.51159180010944,0.626121824377283,-3.44727671419793));
#3817=CARTESIAN_POINT('',(-1.15692227680161,1.1569222768016,-3.44727671419793));
#3818=CARTESIAN_POINT('',(-0.62612182437729,1.51159180010944,-3.44727671419793));
#3819=CARTESIAN_POINT('',(6.82961998416066E-17,1.63613517446439,-3.44727671419793));
#3820=CARTESIAN_POINT('',(0.626121824377289,1.51159180010944,-3.44727671419793));
#3821=CARTESIAN_POINT('',(-0.318106484258068,0.767976988574648,-2.43671533499753));
#3822=CARTESIAN_POINT('',(2.98795874307029E-17,0.83125230243724,-2.43671533499753));
#3823=CARTESIAN_POINT('',(0.318106484258067,0.767976988574648,-2.43671533499752));
#3824=CARTESIAN_POINT('',(0.587784139930303,0.587784139930303,-2.43671533499753));
#3825=CARTESIAN_POINT('',(0.767976988574648,0.318106484258066,-2.43671533499752));
#3826=CARTESIAN_POINT('',(0.83125230243724,5.76916141240134E-16,-2.43671533499753));
#3827=CARTESIAN_POINT('',(0.767976988574648,-0.318106484258066,-2.43671533499753));
#3828=CARTESIAN_POINT('',(0.587784139930302,-0.587784139930305,-2.43671533499753));
#3829=CARTESIAN_POINT('',(0.318106484258069,-0.767976988574646,-2.43671533499753));
#3830=CARTESIAN_POINT('',(-9.10504404493113E-16,-0.83125230243724,-2.43671533499753));
#3831=CARTESIAN_POINT('',(-0.318106484258064,-0.76797698857465,-2.43671533499752));
#3832=CARTESIAN_POINT('',(-0.587784139930305,-0.587784139930301,-2.43671533499753));
#3833=CARTESIAN_POINT('',(-0.767976988574647,-0.31810648425807,-2.43671533499753));
#3834=CARTESIAN_POINT('',(-0.83125230243724,3.76802940063614E-15,-2.43671533499753));
#3835=CARTESIAN_POINT('',(-0.767976988574648,0.318106484258064,-2.43671533499753));
#3836=CARTESIAN_POINT('',(-0.587784139930306,0.587784139930302,-2.43671533499753));
#3837=CARTESIAN_POINT('',(-0.318106484258068,0.767976988574648,-2.43671533499753));
#3838=CARTESIAN_POINT('',(2.98795874307029E-17,0.83125230243724,-2.43671533499753));
#3839=CARTESIAN_POINT('',(0.318106484258067,0.767976988574648,-2.43671533499752));
#3840=CARTESIAN_POINT('',(-0.176854007281886,0.426963342939957,-1.95980922840062));
#3841=CARTESIAN_POINT('',(3.84166124109037E-17,0.462141792208976,-1.95980922840062));
#3842=CARTESIAN_POINT('',(0.176854007281885,0.426963342939957,-1.95980922840062));
#3843=CARTESIAN_POINT('',(0.326783595140671,0.326783595140672,-1.95980922840062));
#3844=CARTESIAN_POINT('',(0.426963342939957,0.176854007281885,-1.95980922840062));
#3845=CARTESIAN_POINT('',(0.462141792208976,2.07423028815817E-16,-1.95980922840062));
#3846=CARTESIAN_POINT('',(0.426963342939957,-0.176854007281885,-1.95980922840062));
#3847=CARTESIAN_POINT('',(0.326783595140671,-0.326783595140672,-1.95980922840062));
#3848=CARTESIAN_POINT('',(0.176854007281886,-0.426963342939957,-1.95980922840062));
#3849=CARTESIAN_POINT('',(-5.24775625482E-16,-0.462141792208976,-1.95980922840062));
#3850=CARTESIAN_POINT('',(-0.176854007281884,-0.426963342939958,-1.95980922840062));
#3851=CARTESIAN_POINT('',(-0.326783595140672,-0.326783595140671,-1.95980922840062));
#3852=CARTESIAN_POINT('',(-0.426963342939957,-0.176854007281886,-1.95980922840062));
#3853=CARTESIAN_POINT('',(-0.462141792208976,1.70206935542754E-15,-1.95980922840062));
#3854=CARTESIAN_POINT('',(-0.426963342939957,0.176854007281884,-1.95980922840062));
#3855=CARTESIAN_POINT('',(-0.326783595140673,0.32678359514067,-1.95980922840062));
#3856=CARTESIAN_POINT('',(-0.176854007281886,0.426963342939957,-1.95980922840062));
#3857=CARTESIAN_POINT('',(3.84166124109037E-17,0.462141792208976,-1.95980922840062));
#3858=CARTESIAN_POINT('',(0.176854007281885,0.426963342939957,-1.95980922840062));
#3859=CARTESIAN_POINT('',(0.,0.,-5.39560987474616));
#3860=CARTESIAN_POINT('',(-1.59997247730836,0.,-5.39560987474616));
#3861=CARTESIAN_POINT('',(0.,0.,-1.95980922840062));
#3862=CARTESIAN_POINT('',(-0.450415642452636,0.,-1.95980922840062));
#3863=CARTESIAN_POINT('',(0.,0.,-1.80925663220114));
#3864=CARTESIAN_POINT('',(0.,0.,-1.67534584560945));
#3865=CARTESIAN_POINT('',(-0.4388888888893,0.,-1.67534584560945));
#3866=CARTESIAN_POINT('',(0.,0.,-0.604059552875921));
#3867=CARTESIAN_POINT('',(0.,0.,0.));
#3868=CARTESIAN_POINT('',(0.,0.,-0.249418536724541));
#3869=CARTESIAN_POINT('',(-0.647320508079335,0.,-0.249418536724541));
#3870=CARTESIAN_POINT('',(0.,0.,-0.00464101615137754));
#3871=CARTESIAN_POINT('',(0.50599814068485,0.,-0.00464101615137754));
#3872=CARTESIAN_POINT('',(0.,0.,0.));
#3873=CARTESIAN_POINT('',(0.,0.,-0.259418536724541));
#3874=CARTESIAN_POINT('',(-0.650000000003646,0.,-0.259418536724541));
#3875=CARTESIAN_POINT('',(0.,0.,-0.604059552875921));
#3876=CARTESIAN_POINT('',(-0.650000000003645,0.,-0.604059552875921));
#3877=CARTESIAN_POINT('',(0.,0.,-0.604059552875921));
#3878=CARTESIAN_POINT('',(0.,0.,-0.259418536724541));
#3879=CARTESIAN_POINT('',(1.33716142536032E-33,1.72058277056769E-18,0.230000000000013));
#3880=CARTESIAN_POINT('',(0.,0.,-5.39566481135434));
#3881=CARTESIAN_POINT('',(0.,0.,-5.39566481135434));
#3882=CARTESIAN_POINT('',(0.,0.,0.230000000000013));
#3883=CARTESIAN_POINT('',(0.,0.,0.00535898384862236));
#3884=CARTESIAN_POINT('',(0.,0.,5.14056396484375));
#3885=CARTESIAN_POINT('',(0.,0.,0.));
#3886=CARTESIAN_POINT('',(-1.28168654422279,-1.28168654422279,5.14056396484375));
#3887=CARTESIAN_POINT('',(0.,-9.10323810577393,-2.58233141899109));
#3888=CARTESIAN_POINT('',(0.,0.,0.));
#3889=CARTESIAN_POINT('',(-2.26969217168009,-2.26969217168009,9.10323810577393));
#3890=CARTESIAN_POINT('',(9.10323810577393,0.,-2.58233141899109));
#3891=CARTESIAN_POINT('',(0.,0.,0.));
#3892=CARTESIAN_POINT('',(-2.26969217168009,-2.26969217168009,9.10323810577393));
#3893=CARTESIAN_POINT('',(0.,9.10323810577393,-2.58233141899109));
#3894=CARTESIAN_POINT('',(0.,0.,0.));
#3895=CARTESIAN_POINT('',(-2.26969217168009,-2.26969217168009,9.10323810577393));
#3896=CARTESIAN_POINT('',(0.,0.,-5.14056396484375));
#3897=CARTESIAN_POINT('',(0.,0.,0.));
#3898=CARTESIAN_POINT('',(-1.28168654422279,-1.28168654422279,5.14056396484375));
#3899=CARTESIAN_POINT('',(-9.10323810577393,0.,-2.58233141899109));
#3900=CARTESIAN_POINT('',(0.,0.,0.));
#3901=CARTESIAN_POINT('',(-2.26969217168009,-2.26969217168009,9.10323810577393));
#3902=CARTESIAN_POINT('',(7.57536991437276,-7.57536991437276,4.99303849538167));
#3903=CARTESIAN_POINT('',(0.,0.,0.));
#3904=CARTESIAN_POINT('',(-2.89968861597994,-2.89968861597994,11.630015837931));
#3905=CARTESIAN_POINT('',(8.71405134378587,-7.091854980341,1.968433420527));
#3906=CARTESIAN_POINT('',(0.,0.,0.));
#3907=CARTESIAN_POINT('',(-2.78059682775561,-2.78059682775561,11.152364763404));
#3908=MECHANICAL_DESIGN_GEOMETRIC_PRESENTATION_REPRESENTATION('',(#1930),
#3909);
#3909=(
GEOMETRIC_REPRESENTATION_CONTEXT(3)
GLOBAL_UNCERTAINTY_ASSIGNED_CONTEXT((#3910))
GLOBAL_UNIT_ASSIGNED_CONTEXT((#3913,#3912,#3911))
REPRESENTATION_CONTEXT('engine','TOP_LEVEL_ASSEMBLY_PART')
);
#3910=UNCERTAINTY_MEASURE_WITH_UNIT(LENGTH_MEASURE(0.000196850393700787),
#3913,'DISTANCE_ACCURACY_VALUE','Maximum Tolerance applied to model');
#3911=(
NAMED_UNIT(*)
SI_UNIT($,.STERADIAN.)
SOLID_ANGLE_UNIT()
);
#3912=(
NAMED_UNIT(*)
PLANE_ANGLE_UNIT()
SI_UNIT($,.RADIAN.)
);
#3913=(
CONVERSION_BASED_UNIT('INCH',#3915)
LENGTH_UNIT()
NAMED_UNIT(#3914)
);
#3914=DIMENSIONAL_EXPONENTS(1.,0.,0.,0.,0.,0.,0.);
#3915=LENGTH_MEASURE_WITH_UNIT(LENGTH_MEASURE(25.4),#3916);
#3916=(
LENGTH_UNIT()
NAMED_UNIT(*)
SI_UNIT(.MILLI.,.METRE.)
);
#3917=PRODUCT_DEFINITION_SHAPE('','',#3918);
#3918=PRODUCT_DEFINITION('','',#3920,#3919);
#3919=PRODUCT_DEFINITION_CONTEXT('',#3926,'design');
#3920=PRODUCT_DEFINITION_FORMATION_WITH_SPECIFIED_SOURCE('','',#3922,
 .NOT_KNOWN.);
#3921=PRODUCT_RELATED_PRODUCT_CATEGORY('','',(#3922));
#3922=PRODUCT('engine','engine','engine',(#3924));
#3923=PRODUCT_CATEGORY('','');
#3924=PRODUCT_CONTEXT('',#3926,'mechanical');
#3925=APPLICATION_PROTOCOL_DEFINITION('international standard',
'ap242_managed_model_based_3d_engineering',2020,#3926);
#3926=APPLICATION_CONTEXT('managed model based 3d engineering');
ENDSEC;
END-ISO-10303-21;
