ISO-10303-21;
HEADER;
/* Generated by software containing ST-Developer
 * from STEP Tools, Inc. (www.steptools.com) 
 */
/* OPTION: using custom renumber hook */

FILE_DESCRIPTION(
/* description */ (
'CAx-IF Rec.Pracs.---Representation and Presentation of Product Manufa
cturing Information (PMI)---4.0---2014-10-13',
'CAx-IF Rec.Pracs.---3D Tessellated Geometry---0.4---2014-09-14','2;1'),

/* implementation_level */ '2;1');

FILE_NAME(
/* name */ 'fuel_ball_valve_1',
/* time_stamp */ '2025-08-17T19:59:17-04:00',
/* author */ (''),
/* organization */ (''),
/* preprocessor_version */ 'ST-DEVELOPER v18.102',
/* originating_system */ 'SIEMENS PLM Software NX 2027',
/* authorisation */ $);

FILE_SCHEMA (('AP242_MANAGED_MODEL_BASED_3D_ENGINEERING_MIM_LF { 1 0 10303 442 3 1 4 }'));
ENDSEC;

DATA;
#10=DEFAULT_MODEL_GEOMETRIC_VIEW('','',#53,#27,'','',#16213,*);
#11=MECHANICAL_DESIGN_AND_DRAUGHTING_RELATIONSHIP('','',#19,#20);
#12=MECHANICAL_DESIGN_AND_DRAUGHTING_RELATIONSHIP('','',#21,#20);
#13=MECHANICAL_DESIGN_AND_DRAUGHTING_RELATIONSHIP('','',#22,#20);
#14=MECHANICAL_DESIGN_AND_DRAUGHTING_RELATIONSHIP('','',#23,#20);
#15=MECHANICAL_DESIGN_AND_DRAUGHTING_RELATIONSHIP('','',#24,#20);
#16=MECHANICAL_DESIGN_AND_DRAUGHTING_RELATIONSHIP('','',#25,#20);
#17=MECHANICAL_DESIGN_AND_DRAUGHTING_RELATIONSHIP('','',#26,#20);
#18=MECHANICAL_DESIGN_AND_DRAUGHTING_RELATIONSHIP('','',#27,#20);
#19=DRAUGHTING_MODEL('Top',(#46,#37),#16205);
#20=DRAUGHTING_MODEL('',(#38),#16205);
#21=DRAUGHTING_MODEL('Front',(#47,#39),#16205);
#22=DRAUGHTING_MODEL('Right',(#48,#40),#16205);
#23=DRAUGHTING_MODEL('Back',(#49,#41),#16205);
#24=DRAUGHTING_MODEL('Bottom',(#50,#42),#16205);
#25=DRAUGHTING_MODEL('Left',(#51,#43),#16205);
#26=DRAUGHTING_MODEL('Isometric',(#52,#44),#16205);
#27=DRAUGHTING_MODEL('Trimetric',(#53,#45),#16205);
#28=REPRESENTATION_MAP(#7414,#71);
#29=REPRESENTATION_MAP(#7414,#71);
#30=REPRESENTATION_MAP(#7414,#71);
#31=REPRESENTATION_MAP(#7414,#71);
#32=REPRESENTATION_MAP(#7414,#71);
#33=REPRESENTATION_MAP(#7414,#71);
#34=REPRESENTATION_MAP(#7414,#71);
#35=REPRESENTATION_MAP(#7414,#71);
#36=REPRESENTATION_MAP(#7414,#71);
#37=MAPPED_ITEM('',#28,#7414);
#38=MAPPED_ITEM('',#29,#7414);
#39=MAPPED_ITEM('',#30,#7414);
#40=MAPPED_ITEM('',#31,#7414);
#41=MAPPED_ITEM('',#32,#7414);
#42=MAPPED_ITEM('',#33,#7414);
#43=MAPPED_ITEM('',#34,#7414);
#44=MAPPED_ITEM('',#35,#7414);
#45=MAPPED_ITEM('',#36,#7414);
#46=CAMERA_MODEL_D3('Top',#8259,#54);
#47=CAMERA_MODEL_D3('Front',#8261,#55);
#48=CAMERA_MODEL_D3('Right',#8263,#56);
#49=CAMERA_MODEL_D3('Back',#8265,#57);
#50=CAMERA_MODEL_D3('Bottom',#8267,#58);
#51=CAMERA_MODEL_D3('Left',#8269,#59);
#52=CAMERA_MODEL_D3('Isometric',#8271,#60);
#53=CAMERA_MODEL_D3('Trimetric',#8273,#61);
#54=VIEW_VOLUME(.PARALLEL.,#16181,3.51844525337219,0.,.F.,0.,.F.,.F.,#62);
#55=VIEW_VOLUME(.PARALLEL.,#16184,3.51844525337219,0.,.F.,0.,.F.,.F.,#63);
#56=VIEW_VOLUME(.PARALLEL.,#16187,1.83701932430267,0.,.F.,0.,.F.,.F.,#64);
#57=VIEW_VOLUME(.PARALLEL.,#16190,3.51844525337219,0.,.F.,0.,.F.,.F.,#65);
#58=VIEW_VOLUME(.PARALLEL.,#16193,3.51844525337219,0.,.F.,0.,.F.,.F.,#66);
#59=VIEW_VOLUME(.PARALLEL.,#16196,1.83701932430267,0.,.F.,0.,.F.,.F.,#67);
#60=VIEW_VOLUME(.PARALLEL.,#16199,4.57614592294078,0.,.F.,0.,.F.,.F.,#68);
#61=VIEW_VOLUME(.PARALLEL.,#16202,3.64571038157837,0.,.F.,0.,.F.,.F.,#69);
#62=PLANAR_BOX('',1.75449385268714,1.75449385268714,#8260);
#63=PLANAR_BOX('',1.75449385268714,1.75449385268714,#8262);
#64=PLANAR_BOX('',0.916040716753361,0.916040716753361,#8264);
#65=PLANAR_BOX('',1.75449385268714,1.75449385268714,#8266);
#66=PLANAR_BOX('',1.75449385268714,1.75449385268714,#8268);
#67=PLANAR_BOX('',0.916040716753361,0.916040716753361,#8270);
#68=PLANAR_BOX('',2.28192264270812,2.28192264270812,#8272);
#69=PLANAR_BOX('',1.8179553730519,1.8179553730519,#8274);
#70=SHAPE_REPRESENTATION_RELATIONSHIP('','',#7413,#71);
#71=ADVANCED_BREP_SHAPE_REPRESENTATION('',(#7411),#16205);
#72=ORIENTED_CLOSED_SHELL('',*,#7399,.F.);
#73=ORIENTED_CLOSED_SHELL('',*,#7400,.F.);
#74=ORIENTED_CLOSED_SHELL('',*,#7401,.F.);
#75=ORIENTED_CLOSED_SHELL('',*,#7402,.F.);
#76=(
BOUNDED_SURFACE()
B_SPLINE_SURFACE(3,2,((#14088,#14089,#14090),(#14091,#14092,#14093),(#14094,
#14095,#14096),(#14097,#14098,#14099),(#14100,#14101,#14102)),
 .UNSPECIFIED.,.F.,.F.,.F.)
B_SPLINE_SURFACE_WITH_KNOTS((4,1,4),(3,3),(0.00199160999202786,0.00428733196714855,
0.00658305394226923),(0.,1.),.UNSPECIFIED.)
GEOMETRIC_REPRESENTATION_ITEM()
RATIONAL_B_SPLINE_SURFACE(((1.,0.707106781186548,1.),(1.,0.879452533062304,
1.),(1.,1.03550166227731,1.),(1.,0.879184984155213,1.),(1.,0.70710678118654,
1.)))
REPRESENTATION_ITEM('')
SURFACE()
);
#77=(
BOUNDED_SURFACE()
B_SPLINE_SURFACE(3,2,((#14128,#14129,#14130),(#14131,#14132,#14133),(#14134,
#14135,#14136),(#14137,#14138,#14139),(#14140,#14141,#14142)),
 .UNSPECIFIED.,.F.,.F.,.F.)
B_SPLINE_SURFACE_WITH_KNOTS((4,1,4),(3,3),(0.00199141279775093,0.00428836105283465,
0.00658530930791836),(0.,1.),.UNSPECIFIED.)
GEOMETRIC_REPRESENTATION_ITEM()
RATIONAL_B_SPLINE_SURFACE(((1.,0.707106781186548,1.),(1.,0.879599523967203,
1.),(1.,1.03582457428339,1.),(1.,0.879220987705784,1.),(1.,0.707106781186496,
1.)))
REPRESENTATION_ITEM('')
SURFACE()
);
#78=(
BOUNDED_SURFACE()
B_SPLINE_SURFACE(3,2,((#14233,#14234,#14235),(#14236,#14237,#14238),(#14239,
#14240,#14241),(#14242,#14243,#14244)),.UNSPECIFIED.,.F.,.F.,.F.)
B_SPLINE_SURFACE_WITH_KNOTS((4,4),(3,3),(0.,0.00285687791830816),(0.,1.),
 .PIECEWISE_BEZIER_KNOTS.)
GEOMETRIC_REPRESENTATION_ITEM()
RATIONAL_B_SPLINE_SURFACE(((1.,0.707106781186548,1.),(1.,0.654028631349074,
1.),(1.,0.654026578859605,1.),(1.,0.707106781186548,1.)))
REPRESENTATION_ITEM('')
SURFACE()
);
#79=(
BOUNDED_SURFACE()
B_SPLINE_SURFACE(3,2,((#14251,#14252,#14253),(#14254,#14255,#14256),(#14257,
#14258,#14259),(#14260,#14261,#14262)),.UNSPECIFIED.,.F.,.F.,.F.)
B_SPLINE_SURFACE_WITH_KNOTS((4,4),(3,3),(0.,0.00285349313738453),(0.,1.),
 .PIECEWISE_BEZIER_KNOTS.)
GEOMETRIC_REPRESENTATION_ITEM()
RATIONAL_B_SPLINE_SURFACE(((1.,0.707106781186547,1.),(1.,0.654144736233519,
1.),(1.,0.654142655367601,1.),(1.,0.707106781186547,1.)))
REPRESENTATION_ITEM('')
SURFACE()
);
#80=TOROIDAL_SURFACE('',#8002,0.0839161417322835,0.01305);
#81=TOROIDAL_SURFACE('',#8008,0.279981496062992,0.01305);
#82=TOROIDAL_SURFACE('',#8009,0.128682283464568,0.01305);
#83=TOROIDAL_SURFACE('',#8015,0.0839161417322835,0.01305);
#84=TOROIDAL_SURFACE('',#8023,0.128682283464568,0.01305);
#85=TOROIDAL_SURFACE('',#8025,0.0223830708661414,0.01305);
#86=TOROIDAL_SURFACE('',#8029,0.324272834645669,0.01305);
#87=TOROIDAL_SURFACE('',#8033,0.0223830708661424,0.01305);
#88=TOROIDAL_SURFACE('',#8039,0.0839161417322835,0.01305);
#89=TOROIDAL_SURFACE('',#8041,0.128682283464567,0.01305);
#90=TOROIDAL_SURFACE('',#8048,0.177015812039921,0.01305);
#91=TOROIDAL_SURFACE('',#8050,0.177015812039921,0.01305);
#92=TOROIDAL_SURFACE('',#8054,0.279981496062992,0.01305);
#93=TOROIDAL_SURFACE('',#8059,0.0223830708661424,0.01305);
#94=TOROIDAL_SURFACE('',#8061,0.128682283464567,0.01305);
#95=TOROIDAL_SURFACE('',#8063,0.324272834645669,0.01305);
#96=TOROIDAL_SURFACE('',#8067,0.0223830708661414,0.01305);
#97=TOROIDAL_SURFACE('',#8069,0.0839161417322835,0.01305);
#98=TOROIDAL_SURFACE('',#8076,0.0839161417322835,0.01305);
#99=TOROIDAL_SURFACE('',#8077,0.0839161417322835,0.01305);
#100=TOROIDAL_SURFACE('',#8078,0.0839161417322835,0.01305);
#101=TOROIDAL_SURFACE('',#8079,0.0839161417322835,0.01305);
#102=TOROIDAL_SURFACE('',#8080,0.292085433070827,0.01305);
#103=TOROIDAL_SURFACE('',#8083,0.292085433070827,0.01305);
#104=TOROIDAL_SURFACE('',#8084,0.292085433070827,0.01305);
#105=TOROIDAL_SURFACE('',#8087,0.292085433070827,0.01305);
#106=TOROIDAL_SURFACE('',#8088,0.292085433070827,0.01305);
#107=TOROIDAL_SURFACE('',#8091,0.292085433070827,0.01305);
#108=TOROIDAL_SURFACE('',#8094,0.177015812039921,0.01305);
#109=TOROIDAL_SURFACE('',#8096,0.177015812039921,0.01305);
#110=TOROIDAL_SURFACE('',#8098,0.292085433070827,0.01305);
#111=TOROIDAL_SURFACE('',#8101,0.292085433070827,0.01305);
#112=TOROIDAL_SURFACE('',#8102,0.292085433070827,0.01305);
#113=TOROIDAL_SURFACE('',#8105,0.292085433070827,0.01305);
#114=TOROIDAL_SURFACE('',#8106,0.292085433070827,0.01305);
#115=TOROIDAL_SURFACE('',#8109,0.292085433070827,0.01305);
#116=ELLIPSE('',#7951,0.0418624473360078,0.01305);
#117=ELLIPSE('',#7952,0.0418624473360078,0.01305);
#118=ELLIPSE('',#7953,0.0418624473360078,0.01305);
#119=ELLIPSE('',#7954,0.0418624473360078,0.01305);
#120=ELLIPSE('',#7956,0.0418624473360078,0.01305);
#121=ELLIPSE('',#7957,0.0418624473360078,0.01305);
#122=ELLIPSE('',#7958,0.0418624473360078,0.01305);
#123=ELLIPSE('',#7959,0.0418624473360078,0.01305);
#124=ELLIPSE('',#7961,0.0418624473360078,0.01305);
#125=ELLIPSE('',#7962,0.0418624473360078,0.01305);
#126=ELLIPSE('',#7963,0.0418624473360078,0.01305);
#127=ELLIPSE('',#7964,0.0418624473360078,0.01305);
#128=ELLIPSE('',#7966,0.0418624473360079,0.01305);
#129=ELLIPSE('',#7967,0.0418624473360079,0.01305);
#130=ELLIPSE('',#7968,0.0418624473360079,0.01305);
#131=ELLIPSE('',#7969,0.0418624473360079,0.01305);
#132=ELLIPSE('',#8014,0.0133640200009799,0.01305);
#133=ELLIPSE('',#8018,0.0133640200009799,0.01305);
#134=ELLIPSE('',#8028,0.0133640200009799,0.01305);
#135=ELLIPSE('',#8032,0.0133640200009799,0.01305);
#136=ELLIPSE('',#8046,0.0133640200009799,0.01305);
#137=ELLIPSE('',#8053,0.0133640200009799,0.01305);
#138=ELLIPSE('',#8072,0.0133640200009799,0.01305);
#139=ELLIPSE('',#8074,0.0133640200009799,0.01305);
#140=CONICAL_SURFACE('',#7451,0.297637795275591,1.0471975511966);
#141=CONICAL_SURFACE('',#7453,0.297637795275591,1.0471975511966);
#142=CONICAL_SURFACE('',#7455,0.297637795275591,1.0471975511966);
#143=CONICAL_SURFACE('',#7458,0.297637795275591,1.0471975511966);
#144=CONICAL_SURFACE('',#7461,0.297637795275591,1.0471975511966);
#145=CONICAL_SURFACE('',#7468,0.12755905511811,0.610865238198013);
#146=CONICAL_SURFACE('',#7470,0.12755905511811,0.610865238198013);
#147=CONICAL_SURFACE('',#7481,0.106299212598425,0.610865238198015);
#148=CONICAL_SURFACE('',#7482,0.106299212598425,0.610865238198015);
#149=CONICAL_SURFACE('',#7483,0.106299212598425,0.610865238198015);
#150=CONICAL_SURFACE('',#7494,0.106299212598425,0.610865238198015);
#151=CONICAL_SURFACE('',#7495,0.106299212598425,0.610865238198015);
#152=CONICAL_SURFACE('',#7496,0.106299212598425,0.610865238198015);
#153=CONICAL_SURFACE('',#7508,0.106299212598425,0.610865238198015);
#154=CONICAL_SURFACE('',#7509,0.106299212598425,0.610865238198015);
#155=CONICAL_SURFACE('',#7510,0.106299212598425,0.610865238198015);
#156=CONICAL_SURFACE('',#7515,0.12755905511811,0.610865238198013);
#157=CONICAL_SURFACE('',#7518,0.106299212598425,0.610865238198015);
#158=CONICAL_SURFACE('',#7520,0.106299212598425,0.610865238198015);
#159=CONICAL_SURFACE('',#7522,0.106299212598425,0.610865238198015);
#160=CONICAL_SURFACE('',#7528,0.12755905511811,0.610865238198013);
#161=CONICAL_SURFACE('',#7530,0.12755905511811,0.610865238198013);
#162=CONICAL_SURFACE('',#7533,0.12755905511811,0.610865238198013);
#163=CONICAL_SURFACE('',#7535,0.12755905511811,0.610865238198013);
#164=CONICAL_SURFACE('',#7538,0.12755905511811,0.610865238198013);
#165=CONICAL_SURFACE('',#7540,0.12755905511811,0.610865238198013);
#166=CONICAL_SURFACE('',#7542,0.12755905511811,0.610865238198013);
#167=CONICAL_SURFACE('',#7544,0.12755905511811,0.610865238198013);
#168=CONICAL_SURFACE('',#7546,0.12755905511811,0.610865238198013);
#169=CONICAL_SURFACE('',#7549,0.12755905511811,0.610865238198013);
#170=CONICAL_SURFACE('',#7552,0.12755905511811,0.610865238198013);
#171=CONICAL_SURFACE('',#7554,0.12755905511811,0.610865238198013);
#172=CONICAL_SURFACE('',#7556,0.12755905511811,0.610865238198013);
#173=CONICAL_SURFACE('',#7564,0.248031496062992,1.0471975511966);
#174=CONICAL_SURFACE('',#7567,0.248031496062992,1.0471975511966);
#175=CONICAL_SURFACE('',#7569,0.248031496062992,1.0471975511966);
#176=CONICAL_SURFACE('',#7572,0.248031496062992,1.0471975511966);
#177=CONICAL_SURFACE('',#7575,0.248031496062992,1.0471975511966);
#178=CONICAL_SURFACE('',#7578,0.248031496062992,1.0471975511966);
#179=CONICAL_SURFACE('',#7619,0.106299212598425,0.610865238198015);
#180=CONICAL_SURFACE('',#7622,0.106299212598425,0.610865238198015);
#181=CONICAL_SURFACE('',#7625,0.106299212598425,0.610865238198015);
#182=CONICAL_SURFACE('',#7673,0.297637795275591,1.0471975511966);
#183=CONICAL_SURFACE('',#7683,0.106299212598425,0.610865238198015);
#184=CONICAL_SURFACE('',#7695,0.12755905511811,0.610865238198013);
#185=CONICAL_SURFACE('',#7696,0.12755905511811,0.610865238198013);
#186=CONICAL_SURFACE('',#7698,0.12755905511811,0.610865238198013);
#187=CONICAL_SURFACE('',#7700,0.12755905511811,0.610865238198013);
#188=CONICAL_SURFACE('',#7702,0.12755905511811,0.610865238198013);
#189=CONICAL_SURFACE('',#7704,0.12755905511811,0.610865238198013);
#190=CONICAL_SURFACE('',#7705,0.12755905511811,0.610865238198013);
#191=CONICAL_SURFACE('',#7707,0.12755905511811,0.610865238198013);
#192=CONICAL_SURFACE('',#7709,0.106299212598425,0.610865238198015);
#193=CONICAL_SURFACE('',#7710,0.106299212598425,0.610865238198015);
#194=CONICAL_SURFACE('',#7711,0.106299212598425,0.610865238198015);
#195=CONICAL_SURFACE('',#7712,0.106299212598425,0.610865238198015);
#196=CONICAL_SURFACE('',#7713,0.106299212598425,0.610865238198015);
#197=CONICAL_SURFACE('',#7714,0.106299212598425,0.610865238198015);
#198=CONICAL_SURFACE('',#7715,0.106299212598425,0.610865238198015);
#199=CONICAL_SURFACE('',#7716,0.106299212598425,0.610865238198015);
#200=CONICAL_SURFACE('',#7748,0.0708661417322835,0.785398163397448);
#201=CONICAL_SURFACE('',#7760,0.12755905511811,0.610865238198014);
#202=CONICAL_SURFACE('',#7761,0.12755905511811,0.610865238198014);
#203=CONICAL_SURFACE('',#7762,0.12755905511811,0.610865238198014);
#204=CONICAL_SURFACE('',#7763,0.12755905511811,0.610865238198014);
#205=CONICAL_SURFACE('',#7764,0.12755905511811,0.610865238198014);
#206=CONICAL_SURFACE('',#7765,0.12755905511811,0.610865238198014);
#207=CONICAL_SURFACE('',#7767,0.106299212598425,0.610865238198015);
#208=CONICAL_SURFACE('',#7770,0.106299212598425,0.610865238198015);
#209=CONICAL_SURFACE('',#7773,0.106299212598425,0.610865238198015);
#210=CONICAL_SURFACE('',#7776,0.106299212598425,0.610865238198015);
#211=CONICAL_SURFACE('',#7778,0.106299212598425,0.610865238198015);
#212=CONICAL_SURFACE('',#7781,0.106299212598425,0.610865238198015);
#213=CONICAL_SURFACE('',#7784,0.0708661417322835,0.785398163397448);
#214=CONICAL_SURFACE('',#7796,0.12755905511811,0.610865238198014);
#215=CONICAL_SURFACE('',#7797,0.12755905511811,0.610865238198014);
#216=CONICAL_SURFACE('',#7798,0.12755905511811,0.610865238198014);
#217=CONICAL_SURFACE('',#7799,0.12755905511811,0.610865238198014);
#218=CONICAL_SURFACE('',#7800,0.12755905511811,0.610865238198014);
#219=CONICAL_SURFACE('',#7801,0.12755905511811,0.610865238198014);
#220=CONICAL_SURFACE('',#7803,0.106299212598425,0.610865238198015);
#221=CONICAL_SURFACE('',#7806,0.106299212598425,0.610865238198015);
#222=CONICAL_SURFACE('',#7808,0.106299212598425,0.610865238198015);
#223=CONICAL_SURFACE('',#7811,0.106299212598425,0.610865238198015);
#224=CONICAL_SURFACE('',#7814,0.106299212598425,0.610865238198015);
#225=CONICAL_SURFACE('',#7817,0.106299212598425,0.610865238198015);
#226=CONICAL_SURFACE('',#7821,0.0708661417322835,0.785398163397448);
#227=CONICAL_SURFACE('',#7833,0.12755905511811,0.610865238198014);
#228=CONICAL_SURFACE('',#7834,0.12755905511811,0.610865238198014);
#229=CONICAL_SURFACE('',#7835,0.12755905511811,0.610865238198014);
#230=CONICAL_SURFACE('',#7836,0.12755905511811,0.610865238198014);
#231=CONICAL_SURFACE('',#7837,0.12755905511811,0.610865238198014);
#232=CONICAL_SURFACE('',#7838,0.12755905511811,0.610865238198014);
#233=CONICAL_SURFACE('',#7840,0.106299212598425,0.610865238198015);
#234=CONICAL_SURFACE('',#7843,0.106299212598425,0.610865238198015);
#235=CONICAL_SURFACE('',#7846,0.106299212598425,0.610865238198015);
#236=CONICAL_SURFACE('',#7849,0.106299212598425,0.610865238198015);
#237=CONICAL_SURFACE('',#7851,0.106299212598425,0.610865238198015);
#238=CONICAL_SURFACE('',#7854,0.106299212598425,0.610865238198015);
#239=CONICAL_SURFACE('',#7857,0.0708661417322835,0.785398163397448);
#240=CONICAL_SURFACE('',#7869,0.12755905511811,0.610865238198014);
#241=CONICAL_SURFACE('',#7870,0.12755905511811,0.610865238198014);
#242=CONICAL_SURFACE('',#7871,0.12755905511811,0.610865238198014);
#243=CONICAL_SURFACE('',#7872,0.12755905511811,0.610865238198014);
#244=CONICAL_SURFACE('',#7873,0.12755905511811,0.610865238198014);
#245=CONICAL_SURFACE('',#7874,0.12755905511811,0.610865238198014);
#246=CONICAL_SURFACE('',#7876,0.106299212598425,0.610865238198015);
#247=CONICAL_SURFACE('',#7879,0.106299212598425,0.610865238198015);
#248=CONICAL_SURFACE('',#7881,0.106299212598425,0.610865238198015);
#249=CONICAL_SURFACE('',#7884,0.106299212598425,0.610865238198015);
#250=CONICAL_SURFACE('',#7887,0.106299212598425,0.610865238198015);
#251=CONICAL_SURFACE('',#7890,0.106299212598425,0.610865238198015);
#252=CONICAL_SURFACE('',#7971,0.0885826771653549,0.700792803711873);
#253=CONICAL_SURFACE('',#7972,0.0885826771653542,0.700792803711873);
#254=CONICAL_SURFACE('',#7973,0.132874015748032,0.700792803711871);
#255=CONICAL_SURFACE('',#7974,0.132874015748032,0.700792803711871);
#256=CONICAL_SURFACE('',#7975,0.0885826771653543,0.700792803711873);
#257=CONICAL_SURFACE('',#7976,0.0885826771653542,0.700792803711872);
#258=CONICAL_SURFACE('',#7979,0.0885826771653545,0.700792803711873);
#259=CONICAL_SURFACE('',#7980,0.088582677165354,0.700792803711872);
#260=CONICAL_SURFACE('',#7981,0.132874015748032,0.700792803711872);
#261=CONICAL_SURFACE('',#7982,0.132874015748032,0.700792803711872);
#262=CONICAL_SURFACE('',#7983,0.0885826771653545,0.700792803711871);
#263=CONICAL_SURFACE('',#7984,0.0885826771653543,0.700792803711871);
#264=CONICAL_SURFACE('',#7987,0.11515748031496,0.700792803711872);
#265=CONICAL_SURFACE('',#7988,0.115157480314961,0.700792803711873);
#266=CONICAL_SURFACE('',#7989,0.132874015748032,0.700792803711872);
#267=CONICAL_SURFACE('',#7990,0.132874015748032,0.700792803711872);
#268=CONICAL_SURFACE('',#7991,0.11515748031496,0.700792803711872);
#269=CONICAL_SURFACE('',#7992,0.115157480314961,0.700792803711871);
#270=CONICAL_SURFACE('',#7995,0.11515748031496,0.700792803711872);
#271=CONICAL_SURFACE('',#7996,0.115157480314961,0.700792803711871);
#272=CONICAL_SURFACE('',#7997,0.132874015748032,0.700792803711872);
#273=CONICAL_SURFACE('',#7998,0.132874015748032,0.700792803711872);
#274=CONICAL_SURFACE('',#7999,0.115157480314961,0.700792803711872);
#275=CONICAL_SURFACE('',#8000,0.115157480314961,0.700792803711872);
#276=B_SPLINE_SURFACE_WITH_KNOTS('',3,3,((#10471,#10472,#10473,#10474),
(#10475,#10476,#10477,#10478),(#10479,#10480,#10481,#10482),(#10483,#10484,
#10485,#10486),(#10487,#10488,#10489,#10490),(#10491,#10492,#10493,#10494),
(#10495,#10496,#10497,#10498),(#10499,#10500,#10501,#10502),(#10503,#10504,
#10505,#10506),(#10507,#10508,#10509,#10510),(#10511,#10512,#10513,#10514),
(#10515,#10516,#10517,#10518),(#10519,#10520,#10521,#10522),(#10523,#10524,
#10525,#10526),(#10527,#10528,#10529,#10530),(#10531,#10532,#10533,#10534),
(#10535,#10536,#10537,#10538),(#10539,#10540,#10541,#10542),(#10543,#10544,
#10545,#10546),(#10547,#10548,#10549,#10550),(#10551,#10552,#10553,#10554),
(#10555,#10556,#10557,#10558),(#10559,#10560,#10561,#10562),(#10563,#10564,
#10565,#10566),(#10567,#10568,#10569,#10570),(#10571,#10572,#10573,#10574),
(#10575,#10576,#10577,#10578),(#10579,#10580,#10581,#10582),(#10583,#10584,
#10585,#10586),(#10587,#10588,#10589,#10590),(#10591,#10592,#10593,#10594),
(#10595,#10596,#10597,#10598),(#10599,#10600,#10601,#10602),(#10603,#10604,
#10605,#10606),(#10607,#10608,#10609,#10610),(#10611,#10612,#10613,#10614),
(#10615,#10616,#10617,#10618),(#10619,#10620,#10621,#10622),(#10623,#10624,
#10625,#10626),(#10627,#10628,#10629,#10630),(#10631,#10632,#10633,#10634),
(#10635,#10636,#10637,#10638),(#10639,#10640,#10641,#10642),(#10643,#10644,
#10645,#10646),(#10647,#10648,#10649,#10650),(#10651,#10652,#10653,#10654),
(#10655,#10656,#10657,#10658),(#10659,#10660,#10661,#10662),(#10663,#10664,
#10665,#10666),(#10667,#10668,#10669,#10670),(#10671,#10672,#10673,#10674),
(#10675,#10676,#10677,#10678),(#10679,#10680,#10681,#10682),(#10683,#10684,
#10685,#10686),(#10687,#10688,#10689,#10690),(#10691,#10692,#10693,#10694),
(#10695,#10696,#10697,#10698),(#10699,#10700,#10701,#10702),(#10703,#10704,
#10705,#10706),(#10707,#10708,#10709,#10710),(#10711,#10712,#10713,#10714),
(#10715,#10716,#10717,#10718),(#10719,#10720,#10721,#10722),(#10723,#10724,
#10725,#10726),(#10727,#10728,#10729,#10730),(#10731,#10732,#10733,#10734),
(#10735,#10736,#10737,#10738),(#10739,#10740,#10741,#10742),(#10743,#10744,
#10745,#10746),(#10747,#10748,#10749,#10750),(#10751,#10752,#10753,#10754),
(#10755,#10756,#10757,#10758),(#10759,#10760,#10761,#10762),(#10763,#10764,
#10765,#10766),(#10767,#10768,#10769,#10770),(#10771,#10772,#10773,#10774),
(#10775,#10776,#10777,#10778),(#10779,#10780,#10781,#10782),(#10783,#10784,
#10785,#10786),(#10787,#10788,#10789,#10790),(#10791,#10792,#10793,#10794),
(#10795,#10796,#10797,#10798),(#10799,#10800,#10801,#10802),(#10803,#10804,
#10805,#10806),(#10807,#10808,#10809,#10810),(#10811,#10812,#10813,#10814),
(#10815,#10816,#10817,#10818),(#10819,#10820,#10821,#10822),(#10823,#10824,
#10825,#10826),(#10827,#10828,#10829,#10830),(#10831,#10832,#10833,#10834),
(#10835,#10836,#10837,#10838),(#10839,#10840,#10841,#10842),(#10843,#10844,
#10845,#10846),(#10847,#10848,#10849,#10850),(#10851,#10852,#10853,#10854),
(#10855,#10856,#10857,#10858),(#10859,#10860,#10861,#10862),(#10863,#10864,
#10865,#10866),(#10867,#10868,#10869,#10870),(#10871,#10872,#10873,#10874),
(#10875,#10876,#10877,#10878),(#10879,#10880,#10881,#10882),(#10883,#10884,
#10885,#10886),(#10887,#10888,#10889,#10890),(#10891,#10892,#10893,#10894),
(#10895,#10896,#10897,#10898),(#10899,#10900,#10901,#10902),(#10903,#10904,
#10905,#10906),(#10907,#10908,#10909,#10910),(#10911,#10912,#10913,#10914),
(#10915,#10916,#10917,#10918),(#10919,#10920,#10921,#10922),(#10923,#10924,
#10925,#10926),(#10927,#10928,#10929,#10930),(#10931,#10932,#10933,#10934),
(#10935,#10936,#10937,#10938),(#10939,#10940,#10941,#10942),(#10943,#10944,
#10945,#10946),(#10947,#10948,#10949,#10950),(#10951,#10952,#10953,#10954),
(#10955,#10956,#10957,#10958),(#10959,#10960,#10961,#10962),(#10963,#10964,
#10965,#10966),(#10967,#10968,#10969,#10970),(#10971,#10972,#10973,#10974),
(#10975,#10976,#10977,#10978),(#10979,#10980,#10981,#10982),(#10983,#10984,
#10985,#10986),(#10987,#10988,#10989,#10990),(#10991,#10992,#10993,#10994),
(#10995,#10996,#10997,#10998),(#10999,#11000,#11001,#11002),(#11003,#11004,
#11005,#11006),(#11007,#11008,#11009,#11010),(#11011,#11012,#11013,#11014),
(#11015,#11016,#11017,#11018),(#11019,#11020,#11021,#11022),(#11023,#11024,
#11025,#11026),(#11027,#11028,#11029,#11030),(#11031,#11032,#11033,#11034),
(#11035,#11036,#11037,#11038),(#11039,#11040,#11041,#11042)),
 .SURF_OF_LINEAR_EXTRUSION.,.T.,.F.,.F.,(1,1,2,1,1,1,1,1,1,1,1,1,1,1,1,
1,1,1,1,1,1,1,1,1,1,1,1,1,1,1,1,1,1,1,1,1,1,1,1,1,1,1,1,1,1,1,1,1,1,1,1,
1,1,1,1,1,1,1,1,1,1,1,1,1,1,1,1,1,1,1,1,1,1,1,1,1,1,1,1,1,1,1,1,1,1,1,1,
1,1,1,1,1,1,1,1,1,1,1,1,1,1,1,1,1,1,1,1,1,1,1,1,1,1,1,1,1,1,1,1,1,1,1,1,
1,1,1,1,1,1,1,1,1,1,1,1,1,1,1,1,1,1,1,2,1,1),(4,4),(-0.0078125,-0.00390625,
0.,0.001953125,0.03125,0.0625,0.078125,0.0859375,0.08984375,0.09375,0.1015625,
0.10546875,0.1083984375,0.109375,0.111328125,0.11328125,0.1171875,0.125,
0.1328125,0.140625,0.1484375,0.15625,0.1640625,0.171875,0.1875,0.1953125,
0.203125,0.2109375,0.21875,0.2265625,0.23046875,0.234375,0.2421875,0.24609375,
0.248779296875,0.25,0.251220703125,0.25390625,0.2578125,0.265625,0.28125,
0.3125,0.328125,0.3359375,0.33984375,0.34375,0.3515625,0.35546875,0.3583984375,
0.359375,0.361328125,0.36328125,0.3671875,0.375,0.3828125,0.390625,0.3984375,
0.40625,0.4140625,0.421875,0.4375,0.4453125,0.453125,0.4609375,0.46875,
0.4765625,0.48046875,0.484375,0.4921875,0.49609375,0.498779296875,0.5,0.501220703125,
0.50390625,0.5078125,0.515625,0.53125,0.5625,0.578125,0.5859375,0.58984375,
0.59375,0.6015625,0.60546875,0.6083984375,0.609375,0.611328125,0.61328125,
0.6171875,0.625,0.6328125,0.640625,0.6484375,0.65625,0.6640625,0.671875,
0.6875,0.6953125,0.703125,0.7109375,0.71875,0.7265625,0.73046875,0.734375,
0.7421875,0.74609375,0.748779296875,0.75,0.751220703125,0.75390625,0.7578125,
0.765625,0.78125,0.8125,0.828125,0.8359375,0.83984375,0.84375,0.8515625,
0.85546875,0.8583984375,0.859375,0.861328125,0.86328125,0.8671875,0.875,
0.8828125,0.890625,0.8984375,0.90625,0.9140625,0.921875,0.9375,0.9453125,
0.953125,0.9609375,0.96875,0.9765625,0.98046875,0.984375,0.9921875,0.99609375,
1.,1.001953125,1.03125),(0.,1.),.UNSPECIFIED.);
#277=B_SPLINE_SURFACE_WITH_KNOTS('',3,3,((#11177,#11178,#11179,#11180),
(#11181,#11182,#11183,#11184),(#11185,#11186,#11187,#11188),(#11189,#11190,
#11191,#11192),(#11193,#11194,#11195,#11196),(#11197,#11198,#11199,#11200),
(#11201,#11202,#11203,#11204),(#11205,#11206,#11207,#11208),(#11209,#11210,
#11211,#11212),(#11213,#11214,#11215,#11216),(#11217,#11218,#11219,#11220),
(#11221,#11222,#11223,#11224),(#11225,#11226,#11227,#11228),(#11229,#11230,
#11231,#11232),(#11233,#11234,#11235,#11236),(#11237,#11238,#11239,#11240),
(#11241,#11242,#11243,#11244),(#11245,#11246,#11247,#11248),(#11249,#11250,
#11251,#11252),(#11253,#11254,#11255,#11256),(#11257,#11258,#11259,#11260),
(#11261,#11262,#11263,#11264),(#11265,#11266,#11267,#11268),(#11269,#11270,
#11271,#11272),(#11273,#11274,#11275,#11276),(#11277,#11278,#11279,#11280),
(#11281,#11282,#11283,#11284),(#11285,#11286,#11287,#11288),(#11289,#11290,
#11291,#11292),(#11293,#11294,#11295,#11296),(#11297,#11298,#11299,#11300),
(#11301,#11302,#11303,#11304),(#11305,#11306,#11307,#11308),(#11309,#11310,
#11311,#11312),(#11313,#11314,#11315,#11316),(#11317,#11318,#11319,#11320),
(#11321,#11322,#11323,#11324),(#11325,#11326,#11327,#11328),(#11329,#11330,
#11331,#11332),(#11333,#11334,#11335,#11336),(#11337,#11338,#11339,#11340),
(#11341,#11342,#11343,#11344),(#11345,#11346,#11347,#11348),(#11349,#11350,
#11351,#11352),(#11353,#11354,#11355,#11356),(#11357,#11358,#11359,#11360),
(#11361,#11362,#11363,#11364),(#11365,#11366,#11367,#11368),(#11369,#11370,
#11371,#11372),(#11373,#11374,#11375,#11376),(#11377,#11378,#11379,#11380),
(#11381,#11382,#11383,#11384),(#11385,#11386,#11387,#11388),(#11389,#11390,
#11391,#11392),(#11393,#11394,#11395,#11396),(#11397,#11398,#11399,#11400),
(#11401,#11402,#11403,#11404),(#11405,#11406,#11407,#11408),(#11409,#11410,
#11411,#11412),(#11413,#11414,#11415,#11416),(#11417,#11418,#11419,#11420),
(#11421,#11422,#11423,#11424),(#11425,#11426,#11427,#11428),(#11429,#11430,
#11431,#11432),(#11433,#11434,#11435,#11436),(#11437,#11438,#11439,#11440),
(#11441,#11442,#11443,#11444),(#11445,#11446,#11447,#11448),(#11449,#11450,
#11451,#11452),(#11453,#11454,#11455,#11456),(#11457,#11458,#11459,#11460),
(#11461,#11462,#11463,#11464),(#11465,#11466,#11467,#11468),(#11469,#11470,
#11471,#11472),(#11473,#11474,#11475,#11476),(#11477,#11478,#11479,#11480),
(#11481,#11482,#11483,#11484),(#11485,#11486,#11487,#11488),(#11489,#11490,
#11491,#11492),(#11493,#11494,#11495,#11496),(#11497,#11498,#11499,#11500),
(#11501,#11502,#11503,#11504),(#11505,#11506,#11507,#11508),(#11509,#11510,
#11511,#11512),(#11513,#11514,#11515,#11516),(#11517,#11518,#11519,#11520),
(#11521,#11522,#11523,#11524),(#11525,#11526,#11527,#11528),(#11529,#11530,
#11531,#11532),(#11533,#11534,#11535,#11536),(#11537,#11538,#11539,#11540),
(#11541,#11542,#11543,#11544),(#11545,#11546,#11547,#11548),(#11549,#11550,
#11551,#11552),(#11553,#11554,#11555,#11556),(#11557,#11558,#11559,#11560),
(#11561,#11562,#11563,#11564),(#11565,#11566,#11567,#11568),(#11569,#11570,
#11571,#11572),(#11573,#11574,#11575,#11576),(#11577,#11578,#11579,#11580),
(#11581,#11582,#11583,#11584),(#11585,#11586,#11587,#11588),(#11589,#11590,
#11591,#11592),(#11593,#11594,#11595,#11596),(#11597,#11598,#11599,#11600),
(#11601,#11602,#11603,#11604),(#11605,#11606,#11607,#11608),(#11609,#11610,
#11611,#11612),(#11613,#11614,#11615,#11616),(#11617,#11618,#11619,#11620),
(#11621,#11622,#11623,#11624),(#11625,#11626,#11627,#11628),(#11629,#11630,
#11631,#11632),(#11633,#11634,#11635,#11636),(#11637,#11638,#11639,#11640),
(#11641,#11642,#11643,#11644),(#11645,#11646,#11647,#11648),(#11649,#11650,
#11651,#11652),(#11653,#11654,#11655,#11656),(#11657,#11658,#11659,#11660),
(#11661,#11662,#11663,#11664),(#11665,#11666,#11667,#11668),(#11669,#11670,
#11671,#11672),(#11673,#11674,#11675,#11676),(#11677,#11678,#11679,#11680),
(#11681,#11682,#11683,#11684),(#11685,#11686,#11687,#11688),(#11689,#11690,
#11691,#11692),(#11693,#11694,#11695,#11696),(#11697,#11698,#11699,#11700),
(#11701,#11702,#11703,#11704),(#11705,#11706,#11707,#11708),(#11709,#11710,
#11711,#11712),(#11713,#11714,#11715,#11716),(#11717,#11718,#11719,#11720),
(#11721,#11722,#11723,#11724),(#11725,#11726,#11727,#11728),(#11729,#11730,
#11731,#11732),(#11733,#11734,#11735,#11736),(#11737,#11738,#11739,#11740),
(#11741,#11742,#11743,#11744),(#11745,#11746,#11747,#11748)),
 .SURF_OF_LINEAR_EXTRUSION.,.T.,.F.,.F.,(1,1,2,1,1,1,1,1,1,1,1,1,1,1,1,
1,1,1,1,1,1,1,1,1,1,1,1,1,1,1,1,1,1,1,1,1,1,1,1,1,1,1,1,1,1,1,1,1,1,1,1,
1,1,1,1,1,1,1,1,1,1,1,1,1,1,1,1,1,1,1,1,1,1,1,1,1,1,1,1,1,1,1,1,1,1,1,1,
1,1,1,1,1,1,1,1,1,1,1,1,1,1,1,1,1,1,1,1,1,1,1,1,1,1,1,1,1,1,1,1,1,1,1,1,
1,1,1,1,1,1,1,1,1,1,1,1,1,1,1,1,1,1,1,2,1,1),(4,4),(-0.0078125,-0.00390625,
0.,0.001953125,0.03125,0.0625,0.078125,0.0859375,0.08984375,0.09375,0.1015625,
0.10546875,0.1083984375,0.109375,0.111328125,0.11328125,0.1171875,0.125,
0.1328125,0.140625,0.1484375,0.15625,0.1640625,0.171875,0.1875,0.1953125,
0.203125,0.2109375,0.21875,0.2265625,0.23046875,0.234375,0.2421875,0.24609375,
0.248779296875,0.25,0.251220703125,0.25390625,0.2578125,0.265625,0.28125,
0.3125,0.328125,0.3359375,0.33984375,0.34375,0.3515625,0.35546875,0.3583984375,
0.359375,0.361328125,0.36328125,0.3671875,0.375,0.3828125,0.390625,0.3984375,
0.40625,0.4140625,0.421875,0.4375,0.4453125,0.453125,0.4609375,0.46875,
0.4765625,0.48046875,0.484375,0.4921875,0.49609375,0.498779296875,0.5,0.501220703125,
0.50390625,0.5078125,0.515625,0.53125,0.5625,0.578125,0.5859375,0.58984375,
0.59375,0.6015625,0.60546875,0.6083984375,0.609375,0.611328125,0.61328125,
0.6171875,0.625,0.6328125,0.640625,0.6484375,0.65625,0.6640625,0.671875,
0.6875,0.6953125,0.703125,0.7109375,0.71875,0.7265625,0.73046875,0.734375,
0.7421875,0.74609375,0.748779296875,0.75,0.751220703125,0.75390625,0.7578125,
0.765625,0.78125,0.8125,0.828125,0.8359375,0.83984375,0.84375,0.8515625,
0.85546875,0.8583984375,0.859375,0.861328125,0.86328125,0.8671875,0.875,
0.8828125,0.890625,0.8984375,0.90625,0.9140625,0.921875,0.9375,0.9453125,
0.953125,0.9609375,0.96875,0.9765625,0.98046875,0.984375,0.9921875,0.99609375,
1.,1.001953125,1.03125),(0.,1.),.UNSPECIFIED.);
#278=B_SPLINE_SURFACE_WITH_KNOTS('',3,3,((#14553,#14554,#14555,#14556,#14557,
#14558,#14559,#14560,#14561,#14562,#14563,#14564,#14565,#14566,#14567,#14568,
#14569,#14570,#14571,#14572,#14573,#14574,#14575,#14576,#14577,#14578,#14579,
#14580,#14581,#14582,#14583,#14584,#14585,#14586,#14587,#14588,#14589,#14590,
#14591,#14592,#14593,#14594,#14595,#14596,#14597,#14598,#14599,#14600,#14601,
#14602,#14603,#14604,#14605,#14606,#14607,#14608),(#14609,#14610,#14611,
#14612,#14613,#14614,#14615,#14616,#14617,#14618,#14619,#14620,#14621,#14622,
#14623,#14624,#14625,#14626,#14627,#14628,#14629,#14630,#14631,#14632,#14633,
#14634,#14635,#14636,#14637,#14638,#14639,#14640,#14641,#14642,#14643,#14644,
#14645,#14646,#14647,#14648,#14649,#14650,#14651,#14652,#14653,#14654,#14655,
#14656,#14657,#14658,#14659,#14660,#14661,#14662,#14663,#14664),(#14665,
#14666,#14667,#14668,#14669,#14670,#14671,#14672,#14673,#14674,#14675,#14676,
#14677,#14678,#14679,#14680,#14681,#14682,#14683,#14684,#14685,#14686,#14687,
#14688,#14689,#14690,#14691,#14692,#14693,#14694,#14695,#14696,#14697,#14698,
#14699,#14700,#14701,#14702,#14703,#14704,#14705,#14706,#14707,#14708,#14709,
#14710,#14711,#14712,#14713,#14714,#14715,#14716,#14717,#14718,#14719,#14720),
(#14721,#14722,#14723,#14724,#14725,#14726,#14727,#14728,#14729,#14730,
#14731,#14732,#14733,#14734,#14735,#14736,#14737,#14738,#14739,#14740,#14741,
#14742,#14743,#14744,#14745,#14746,#14747,#14748,#14749,#14750,#14751,#14752,
#14753,#14754,#14755,#14756,#14757,#14758,#14759,#14760,#14761,#14762,#14763,
#14764,#14765,#14766,#14767,#14768,#14769,#14770,#14771,#14772,#14773,#14774,
#14775,#14776)),.UNSPECIFIED.,.F.,.F.,.F.,(4,4),(4,1,1,1,1,1,1,1,1,1,1,
1,1,1,1,1,1,1,1,1,1,1,1,1,1,1,1,1,1,1,1,1,1,1,1,1,1,1,1,1,1,1,1,1,1,1,1,
1,1,1,1,1,1,4),(0.159224828481046,0.812973824618953),(0.00137094933526878,
0.0327657263943782,0.048463114923933,0.0641605034534877,0.0798578919830425,
0.100787743355782,0.126950057571707,0.153112371787631,0.174042223160371,
0.189739611689926,0.20543700021948,0.221134388749035,0.23683177727859,0.25776162865133,
0.283923942867254,0.310086257083179,0.331016108455918,0.346713496985473,
0.362410885515028,0.383340736887767,0.409503051103692,0.435665365319616,
0.456595216692356,0.472292605221911,0.487989993751466,0.50368738228102,
0.519384770810575,0.540314622183315,0.566476936399239,0.592639250615164,
0.613569101987903,0.629266490517458,0.644963879047013,0.665893730419752,
0.692056044635677,0.718218358851602,0.739148210224341,0.754845598753896,
0.770542987283451,0.786240375813006,0.80193776434256,0.8228676157153,0.84379746708804,
0.864727318460779,0.880424706990334,0.896122095519889,0.911819484049443,
0.927516872578998,0.943214261108553,0.958911649638108,0.974609038167662,
0.987690195275625,0.996847005251198,1.00600381522677),.UNSPECIFIED.);
#279=B_SPLINE_SURFACE_WITH_KNOTS('',3,3,((#14777,#14778,#14779,#14780,#14781,
#14782,#14783,#14784,#14785,#14786,#14787,#14788,#14789,#14790,#14791,#14792,
#14793,#14794,#14795,#14796,#14797,#14798,#14799,#14800,#14801,#14802,#14803,
#14804,#14805,#14806,#14807,#14808,#14809,#14810,#14811,#14812,#14813),
(#14814,#14815,#14816,#14817,#14818,#14819,#14820,#14821,#14822,#14823,
#14824,#14825,#14826,#14827,#14828,#14829,#14830,#14831,#14832,#14833,#14834,
#14835,#14836,#14837,#14838,#14839,#14840,#14841,#14842,#14843,#14844,#14845,
#14846,#14847,#14848,#14849,#14850),(#14851,#14852,#14853,#14854,#14855,
#14856,#14857,#14858,#14859,#14860,#14861,#14862,#14863,#14864,#14865,#14866,
#14867,#14868,#14869,#14870,#14871,#14872,#14873,#14874,#14875,#14876,#14877,
#14878,#14879,#14880,#14881,#14882,#14883,#14884,#14885,#14886,#14887),
(#14888,#14889,#14890,#14891,#14892,#14893,#14894,#14895,#14896,#14897,
#14898,#14899,#14900,#14901,#14902,#14903,#14904,#14905,#14906,#14907,#14908,
#14909,#14910,#14911,#14912,#14913,#14914,#14915,#14916,#14917,#14918,#14919,
#14920,#14921,#14922,#14923,#14924)),.UNSPECIFIED.,.F.,.F.,.F.,(4,4),(4,
1,1,1,1,1,1,1,1,1,1,1,1,1,1,1,1,1,1,1,1,1,1,1,1,1,1,1,1,1,1,1,1,1,4),(0.187026979209002,
0.840761562967614),(0.133228403183339,0.16031501558386,0.17385832178412,
0.191916063384467,0.214488240384901,0.241574852785422,0.268661465185943,
0.295748077586463,0.322834689986984,0.349921302387505,0.377007914788025,
0.404094527188546,0.431181139589066,0.458267751989587,0.485354364390108,
0.512440976790628,0.539527589191149,0.56661420159167,0.59370081399219,0.620787426392711,
0.647874038793232,0.674960651193752,0.702047263594273,0.729133875994794,
0.756220488395314,0.783307100795835,0.810393713196355,0.837480325596876,
0.864566937997397,0.891653550397917,0.918740162798438,0.941312339798872,
0.959370081399219,0.972913387599479,1.),.UNSPECIFIED.);
#280=B_SPLINE_SURFACE_WITH_KNOTS('',3,3,((#15008,#15009,#15010,#15011,#15012,
#15013,#15014,#15015,#15016,#15017,#15018,#15019,#15020,#15021,#15022,#15023,
#15024,#15025,#15026,#15027,#15028,#15029,#15030,#15031,#15032,#15033,#15034,
#15035,#15036,#15037,#15038,#15039,#15040,#15041,#15042,#15043,#15044),
(#15045,#15046,#15047,#15048,#15049,#15050,#15051,#15052,#15053,#15054,
#15055,#15056,#15057,#15058,#15059,#15060,#15061,#15062,#15063,#15064,#15065,
#15066,#15067,#15068,#15069,#15070,#15071,#15072,#15073,#15074,#15075,#15076,
#15077,#15078,#15079,#15080,#15081),(#15082,#15083,#15084,#15085,#15086,
#15087,#15088,#15089,#15090,#15091,#15092,#15093,#15094,#15095,#15096,#15097,
#15098,#15099,#15100,#15101,#15102,#15103,#15104,#15105,#15106,#15107,#15108,
#15109,#15110,#15111,#15112,#15113,#15114,#15115,#15116,#15117,#15118),
(#15119,#15120,#15121,#15122,#15123,#15124,#15125,#15126,#15127,#15128,
#15129,#15130,#15131,#15132,#15133,#15134,#15135,#15136,#15137,#15138,#15139,
#15140,#15141,#15142,#15143,#15144,#15145,#15146,#15147,#15148,#15149,#15150,
#15151,#15152,#15153,#15154,#15155)),.UNSPECIFIED.,.F.,.F.,.F.,(4,4),(4,
1,1,1,1,1,1,1,1,1,1,1,1,1,1,1,1,1,1,1,1,1,1,1,1,1,1,1,1,1,1,1,1,1,4),(0.187026353852352,
0.840761566697375),(0.13322840318334,0.16031501558386,0.173858321784121,
0.191916063384468,0.214488240384902,0.241574852785422,0.268661465185943,
0.295748077586463,0.322834689986984,0.349921302387505,0.377007914788025,
0.404094527188546,0.431181139589067,0.458267751989587,0.485354364390108,
0.512440976790629,0.539527589191149,0.56661420159167,0.59370081399219,0.620787426392711,
0.647874038793232,0.674960651193752,0.702047263594273,0.729133875994794,
0.756220488395314,0.783307100795835,0.810393713196356,0.837480325596876,
0.864566937997397,0.891653550397918,0.918740162798438,0.941312339798872,
0.959370081399219,0.972913387599479,1.),.UNSPECIFIED.);
#281=B_SPLINE_SURFACE_WITH_KNOTS('',3,3,((#15156,#15157,#15158,#15159,#15160,
#15161,#15162,#15163,#15164,#15165,#15166,#15167,#15168,#15169,#15170,#15171,
#15172,#15173,#15174,#15175,#15176,#15177,#15178,#15179,#15180,#15181,#15182,
#15183,#15184,#15185,#15186,#15187,#15188,#15189,#15190,#15191,#15192,#15193,
#15194,#15195,#15196,#15197,#15198,#15199,#15200,#15201,#15202,#15203,#15204,
#15205,#15206,#15207,#15208,#15209,#15210,#15211),(#15212,#15213,#15214,
#15215,#15216,#15217,#15218,#15219,#15220,#15221,#15222,#15223,#15224,#15225,
#15226,#15227,#15228,#15229,#15230,#15231,#15232,#15233,#15234,#15235,#15236,
#15237,#15238,#15239,#15240,#15241,#15242,#15243,#15244,#15245,#15246,#15247,
#15248,#15249,#15250,#15251,#15252,#15253,#15254,#15255,#15256,#15257,#15258,
#15259,#15260,#15261,#15262,#15263,#15264,#15265,#15266,#15267),(#15268,
#15269,#15270,#15271,#15272,#15273,#15274,#15275,#15276,#15277,#15278,#15279,
#15280,#15281,#15282,#15283,#15284,#15285,#15286,#15287,#15288,#15289,#15290,
#15291,#15292,#15293,#15294,#15295,#15296,#15297,#15298,#15299,#15300,#15301,
#15302,#15303,#15304,#15305,#15306,#15307,#15308,#15309,#15310,#15311,#15312,
#15313,#15314,#15315,#15316,#15317,#15318,#15319,#15320,#15321,#15322,#15323),
(#15324,#15325,#15326,#15327,#15328,#15329,#15330,#15331,#15332,#15333,
#15334,#15335,#15336,#15337,#15338,#15339,#15340,#15341,#15342,#15343,#15344,
#15345,#15346,#15347,#15348,#15349,#15350,#15351,#15352,#15353,#15354,#15355,
#15356,#15357,#15358,#15359,#15360,#15361,#15362,#15363,#15364,#15365,#15366,
#15367,#15368,#15369,#15370,#15371,#15372,#15373,#15374,#15375,#15376,#15377,
#15378,#15379)),.UNSPECIFIED.,.F.,.F.,.F.,(4,4),(4,1,1,1,1,1,1,1,1,1,1,
1,1,1,1,1,1,1,1,1,1,1,1,1,1,1,1,1,1,1,1,1,1,1,1,1,1,1,1,1,1,1,1,1,1,1,1,
1,1,1,1,1,1,4),(0.159224828481046,0.812973824618953),(0.00137094933527701,
0.0327657263943862,0.0484631149239408,0.0641605034534954,0.07985789198305,
0.10078774335579,0.126950057571714,0.153112371787638,0.174042223160378,
0.189739611689932,0.205437000219487,0.221134388749041,0.236831777278596,
0.257761628651336,0.28392394286726,0.310086257083184,0.331016108455924,
0.346713496985478,0.362410885515033,0.383340736887772,0.409503051103697,
0.435665365319621,0.456595216692361,0.472292605221915,0.48798999375147,
0.503687382281024,0.519384770810579,0.540314622183318,0.566476936399243,
0.592639250615167,0.613569101987907,0.629266490517461,0.644963879047016,
0.665893730419755,0.69205604463568,0.718218358851604,0.739148210224343,
0.754845598753898,0.770542987283453,0.786240375813007,0.801937764342562,
0.822867615715301,0.843797467088041,0.86472731846078,0.880424706990335,
0.89612209551989,0.911819484049444,0.927516872578999,0.943214261108553,
0.958911649638108,0.974609038167663,0.987690195275625,0.996847005251198,
1.00600381522677),.UNSPECIFIED.);
#282=B_SPLINE_SURFACE_WITH_KNOTS('',3,3,((#15445,#15446,#15447,#15448),
(#15449,#15450,#15451,#15452),(#15453,#15454,#15455,#15456),(#15457,#15458,
#15459,#15460)),.UNSPECIFIED.,.F.,.F.,.F.,(4,4),(4,4),(0.985220744404951,
0.994082866453907),(0.,0.999999999999917),.UNSPECIFIED.);
#283=B_SPLINE_SURFACE_WITH_KNOTS('',3,3,((#15475,#15476,#15477,#15478),
(#15479,#15480,#15481,#15482),(#15483,#15484,#15485,#15486),(#15487,#15488,
#15489,#15490)),.UNSPECIFIED.,.F.,.F.,.F.,(4,4),(4,4),(0.844047555679474,
0.852901956760195),(0.,0.999999999999917),.UNSPECIFIED.);
#284=B_SPLINE_SURFACE_WITH_KNOTS('',3,3,((#15529,#15530,#15531,#15532),
(#15533,#15534,#15535,#15536),(#15537,#15538,#15539,#15540),(#15541,#15542,
#15543,#15544)),.UNSPECIFIED.,.F.,.F.,.F.,(4,4),(4,4),(0.844047555679476,
0.852901956760195),(0.,0.999999999999908),.UNSPECIFIED.);
#285=B_SPLINE_SURFACE_WITH_KNOTS('',3,3,((#15553,#15554,#15555,#15556),
(#15557,#15558,#15559,#15560),(#15561,#15562,#15563,#15564),(#15565,#15566,
#15567,#15568)),.UNSPECIFIED.,.F.,.F.,.F.,(4,4),(4,4),(0.985220744404951,
0.994082866453907),(0.,0.999999999999908),.UNSPECIFIED.);
#286=B_SPLINE_SURFACE_WITH_KNOTS('',3,3,((#15645,#15646,#15647,#15648),
(#15649,#15650,#15651,#15652),(#15653,#15654,#15655,#15656),(#15657,#15658,
#15659,#15660)),.UNSPECIFIED.,.F.,.F.,.F.,(4,4),(4,4),(0.735212003422429,
0.744097199105846),(0.,0.999999999999917),.UNSPECIFIED.);
#287=B_SPLINE_SURFACE_WITH_KNOTS('',3,3,((#15675,#15676,#15677,#15678),
(#15679,#15680,#15681,#15682),(#15683,#15684,#15685,#15686),(#15687,#15688,
#15689,#15690)),.UNSPECIFIED.,.F.,.F.,.F.,(4,4),(4,4),(0.594047555697931,
0.602901956790729),(0.,0.999999999999917),.UNSPECIFIED.);
#288=B_SPLINE_SURFACE_WITH_KNOTS('',3,3,((#15729,#15730,#15731,#15732),
(#15733,#15734,#15735,#15736),(#15737,#15738,#15739,#15740),(#15741,#15742,
#15743,#15744)),.UNSPECIFIED.,.F.,.F.,.F.,(4,4),(4,4),(0.59404755569793,
0.60290195679073),(0.,0.999999999999908),.UNSPECIFIED.);
#289=B_SPLINE_SURFACE_WITH_KNOTS('',3,3,((#15753,#15754,#15755,#15756),
(#15757,#15758,#15759,#15760),(#15761,#15762,#15763,#15764),(#15765,#15766,
#15767,#15768)),.UNSPECIFIED.,.F.,.F.,.F.,(4,4),(4,4),(0.735212003422429,
0.744097199105846),(0.,0.999999999999908),.UNSPECIFIED.);
#290=B_SPLINE_SURFACE_WITH_KNOTS('',3,3,((#15845,#15846,#15847,#15848),
(#15849,#15850,#15851,#15852),(#15853,#15854,#15855,#15856),(#15857,#15858,
#15859,#15860)),.UNSPECIFIED.,.F.,.F.,.F.,(4,4),(4,4),(0.485212003481742,
0.494097199130356),(0.,0.999999999999917),.UNSPECIFIED.);
#291=B_SPLINE_SURFACE_WITH_KNOTS('',3,3,((#15875,#15876,#15877,#15878),
(#15879,#15880,#15881,#15882),(#15883,#15884,#15885,#15886),(#15887,#15888,
#15889,#15890)),.UNSPECIFIED.,.F.,.F.,.F.,(4,4),(4,4),(0.344047555689605,
0.352901956752518),(0.,0.999999999999917),.UNSPECIFIED.);
#292=B_SPLINE_SURFACE_WITH_KNOTS('',3,3,((#15929,#15930,#15931,#15932),
(#15933,#15934,#15935,#15936),(#15937,#15938,#15939,#15940),(#15941,#15942,
#15943,#15944)),.UNSPECIFIED.,.F.,.F.,.F.,(4,4),(4,4),(0.344047555689605,
0.352901956752518),(0.,0.999999999999908),.UNSPECIFIED.);
#293=B_SPLINE_SURFACE_WITH_KNOTS('',3,3,((#15953,#15954,#15955,#15956),
(#15957,#15958,#15959,#15960),(#15961,#15962,#15963,#15964),(#15965,#15966,
#15967,#15968)),.UNSPECIFIED.,.F.,.F.,.F.,(4,4),(4,4),(0.485212003481742,
0.494097199130356),(0.,0.999999999999908),.UNSPECIFIED.);
#294=B_SPLINE_SURFACE_WITH_KNOTS('',3,3,((#16045,#16046,#16047,#16048),
(#16049,#16050,#16051,#16052),(#16053,#16054,#16055,#16056),(#16057,#16058,
#16059,#16060)),.UNSPECIFIED.,.F.,.F.,.F.,(4,4),(4,4),(0.235212003422429,
0.244097199105846),(0.,0.999999999999917),.UNSPECIFIED.);
#295=B_SPLINE_SURFACE_WITH_KNOTS('',3,3,((#16075,#16076,#16077,#16078),
(#16079,#16080,#16081,#16082),(#16083,#16084,#16085,#16086),(#16087,#16088,
#16089,#16090)),.UNSPECIFIED.,.F.,.F.,.F.,(4,4),(4,4),(0.0940475556979334,
0.10290195679073),(0.,0.999999999999917),.UNSPECIFIED.);
#296=B_SPLINE_SURFACE_WITH_KNOTS('',3,3,((#16129,#16130,#16131,#16132),
(#16133,#16134,#16135,#16136),(#16137,#16138,#16139,#16140),(#16141,#16142,
#16143,#16144)),.UNSPECIFIED.,.F.,.F.,.F.,(4,4),(4,4),(0.0940475556979335,
0.10290195679073),(0.,0.999999999999908),.UNSPECIFIED.);
#297=B_SPLINE_SURFACE_WITH_KNOTS('',3,3,((#16153,#16154,#16155,#16156),
(#16157,#16158,#16159,#16160),(#16161,#16162,#16163,#16164),(#16165,#16166,
#16167,#16168)),.UNSPECIFIED.,.F.,.F.,.F.,(4,4),(4,4),(0.235212003422429,
0.244097199105846),(0.,0.999999999999908),.UNSPECIFIED.);
#298=CYLINDRICAL_SURFACE('',#7419,0.0885826771653549);
#299=CYLINDRICAL_SURFACE('',#7421,0.0885826771653542);
#300=CYLINDRICAL_SURFACE('',#7425,0.0885826771653549);
#301=CYLINDRICAL_SURFACE('',#7427,0.0885826771653542);
#302=CYLINDRICAL_SURFACE('',#7429,0.132874015748032);
#303=CYLINDRICAL_SURFACE('',#7431,0.132874015748032);
#304=CYLINDRICAL_SURFACE('',#7433,0.132874015748032);
#305=CYLINDRICAL_SURFACE('',#7434,0.132874015748032);
#306=CYLINDRICAL_SURFACE('',#7436,0.132874015748032);
#307=CYLINDRICAL_SURFACE('',#7438,0.132874015748032);
#308=CYLINDRICAL_SURFACE('',#7439,0.0885826771653542);
#309=CYLINDRICAL_SURFACE('',#7440,0.0885826771653543);
#310=CYLINDRICAL_SURFACE('',#7443,0.0885826771653543);
#311=CYLINDRICAL_SURFACE('',#7444,0.279035433070827);
#312=CYLINDRICAL_SURFACE('',#7448,0.279035433070827);
#313=CYLINDRICAL_SURFACE('',#7558,0.279035433070827);
#314=CYLINDRICAL_SURFACE('',#7561,0.279035433070827);
#315=CYLINDRICAL_SURFACE('',#7584,0.0885826771653545);
#316=CYLINDRICAL_SURFACE('',#7585,0.0885826771653545);
#317=CYLINDRICAL_SURFACE('',#7588,0.0885826771653545);
#318=CYLINDRICAL_SURFACE('',#7590,0.0885826771653545);
#319=CYLINDRICAL_SURFACE('',#7591,0.0885826771653545);
#320=CYLINDRICAL_SURFACE('',#7593,0.0885826771653545);
#321=CYLINDRICAL_SURFACE('',#7596,0.0885826771653543);
#322=CYLINDRICAL_SURFACE('',#7598,0.0885826771653542);
#323=CYLINDRICAL_SURFACE('',#7601,0.0885826771653543);
#324=CYLINDRICAL_SURFACE('',#7604,0.0885826771653543);
#325=CYLINDRICAL_SURFACE('',#7605,0.0885826771653543);
#326=CYLINDRICAL_SURFACE('',#7607,0.088582677165354);
#327=CYLINDRICAL_SURFACE('',#7609,0.0885826771653549);
#328=CYLINDRICAL_SURFACE('',#7610,0.088582677165354);
#329=CYLINDRICAL_SURFACE('',#7627,0.0885826771653542);
#330=CYLINDRICAL_SURFACE('',#7647,0.0885826771653542);
#331=CYLINDRICAL_SURFACE('',#7650,0.279035433070827);
#332=CYLINDRICAL_SURFACE('',#7653,0.279035433070827);
#333=CYLINDRICAL_SURFACE('',#7657,0.279035433070827);
#334=CYLINDRICAL_SURFACE('',#7660,0.279035433070827);
#335=CYLINDRICAL_SURFACE('',#7664,0.279035433070827);
#336=CYLINDRICAL_SURFACE('',#7667,0.279035433070827);
#337=CYLINDRICAL_SURFACE('',#7670,0.279035433070827);
#338=CYLINDRICAL_SURFACE('',#7675,0.279035433070827);
#339=CYLINDRICAL_SURFACE('',#7680,0.088582677165354);
#340=CYLINDRICAL_SURFACE('',#7685,0.132874015748032);
#341=CYLINDRICAL_SURFACE('',#7686,0.132874015748032);
#342=CYLINDRICAL_SURFACE('',#7688,0.132874015748032);
#343=CYLINDRICAL_SURFACE('',#7690,0.132874015748032);
#344=CYLINDRICAL_SURFACE('',#7692,0.132874015748032);
#345=CYLINDRICAL_SURFACE('',#7694,0.132874015748032);
#346=CYLINDRICAL_SURFACE('',#7750,0.0708661417322835);
#347=CYLINDRICAL_SURFACE('',#7786,0.0708661417322835);
#348=CYLINDRICAL_SURFACE('',#7823,0.0708661417322835);
#349=CYLINDRICAL_SURFACE('',#7859,0.0708661417322835);
#350=CYLINDRICAL_SURFACE('',#7892,0.293031496062992);
#351=CYLINDRICAL_SURFACE('',#7901,0.141732283464568);
#352=CYLINDRICAL_SURFACE('',#7905,0.0708661417322835);
#353=CYLINDRICAL_SURFACE('',#7908,0.141732283464567);
#354=CYLINDRICAL_SURFACE('',#7912,0.0708661417322835);
#355=CYLINDRICAL_SURFACE('',#7926,0.0354330708661414);
#356=CYLINDRICAL_SURFACE('',#7929,0.337322834645669);
#357=CYLINDRICAL_SURFACE('',#7932,0.0354330708661424);
#358=CYLINDRICAL_SURFACE('',#7945,0.163965812039921);
#359=CYLINDRICAL_SURFACE('',#8005,0.01305);
#360=CYLINDRICAL_SURFACE('',#8006,0.01305);
#361=CYLINDRICAL_SURFACE('',#8011,0.01305);
#362=CYLINDRICAL_SURFACE('',#8013,0.01305);
#363=CYLINDRICAL_SURFACE('',#8017,0.01305);
#364=CYLINDRICAL_SURFACE('',#8019,0.01305);
#365=CYLINDRICAL_SURFACE('',#8021,0.01305);
#366=CYLINDRICAL_SURFACE('',#8027,0.01305);
#367=CYLINDRICAL_SURFACE('',#8031,0.01305);
#368=CYLINDRICAL_SURFACE('',#8035,0.01305);
#369=CYLINDRICAL_SURFACE('',#8036,0.01305);
#370=CYLINDRICAL_SURFACE('',#8045,0.01305);
#371=CYLINDRICAL_SURFACE('',#8047,0.01305);
#372=CYLINDRICAL_SURFACE('',#8052,0.01305);
#373=CYLINDRICAL_SURFACE('',#8055,0.01305);
#374=CYLINDRICAL_SURFACE('',#8057,0.01305);
#375=CYLINDRICAL_SURFACE('',#8065,0.01305);
#376=CYLINDRICAL_SURFACE('',#8071,0.01305);
#377=CYLINDRICAL_SURFACE('',#8073,0.01305);
#378=CYLINDRICAL_SURFACE('',#8075,0.01305);
#379=CYLINDRICAL_SURFACE('',#8081,0.01305);
#380=CYLINDRICAL_SURFACE('',#8082,0.01305);
#381=CYLINDRICAL_SURFACE('',#8085,0.01305);
#382=CYLINDRICAL_SURFACE('',#8086,0.01305);
#383=CYLINDRICAL_SURFACE('',#8089,0.01305);
#384=CYLINDRICAL_SURFACE('',#8090,0.01305);
#385=CYLINDRICAL_SURFACE('',#8099,0.01305);
#386=CYLINDRICAL_SURFACE('',#8100,0.01305);
#387=CYLINDRICAL_SURFACE('',#8103,0.01305);
#388=CYLINDRICAL_SURFACE('',#8104,0.01305);
#389=CYLINDRICAL_SURFACE('',#8107,0.01305);
#390=CYLINDRICAL_SURFACE('',#8108,0.01305);
#391=CYLINDRICAL_SURFACE('',#8110,0.15625);
#392=CYLINDRICAL_SURFACE('',#8112,0.1875);
#393=CYLINDRICAL_SURFACE('',#8114,0.1875);
#394=CYLINDRICAL_SURFACE('',#8115,0.0797244094488189);
#395=CYLINDRICAL_SURFACE('',#8119,0.0708661417322835);
#396=CYLINDRICAL_SURFACE('',#8126,0.372047244094488);
#397=CYLINDRICAL_SURFACE('',#8131,0.0797244094488189);
#398=CYLINDRICAL_SURFACE('',#8139,0.372047244094488);
#399=CYLINDRICAL_SURFACE('',#8145,0.0797244094488189);
#400=CYLINDRICAL_SURFACE('',#8151,0.0797244094488189);
#401=CYLINDRICAL_SURFACE('',#8155,0.0708661417322835);
#402=CYLINDRICAL_SURFACE('',#8165,0.372047244094488);
#403=CYLINDRICAL_SURFACE('',#8167,0.0797244094488189);
#404=CYLINDRICAL_SURFACE('',#8175,0.372047244094488);
#405=CYLINDRICAL_SURFACE('',#8181,0.0797244094488189);
#406=CYLINDRICAL_SURFACE('',#8187,0.0797244094488189);
#407=CYLINDRICAL_SURFACE('',#8191,0.0708661417322835);
#408=CYLINDRICAL_SURFACE('',#8201,0.372047244094488);
#409=CYLINDRICAL_SURFACE('',#8203,0.0797244094488189);
#410=CYLINDRICAL_SURFACE('',#8211,0.372047244094488);
#411=CYLINDRICAL_SURFACE('',#8217,0.0797244094488189);
#412=CYLINDRICAL_SURFACE('',#8223,0.0797244094488189);
#413=CYLINDRICAL_SURFACE('',#8227,0.0708661417322835);
#414=CYLINDRICAL_SURFACE('',#8237,0.372047244094488);
#415=CYLINDRICAL_SURFACE('',#8239,0.0797244094488189);
#416=CYLINDRICAL_SURFACE('',#8248,0.372047244094488);
#417=CYLINDRICAL_SURFACE('',#8254,0.0797244094488189);
#418=B_SPLINE_CURVE_WITH_KNOTS('',3,(#10306,#10307,#10308,#10309),
 .UNSPECIFIED.,.F.,.F.,(4,4),(0.,1.),.UNSPECIFIED.);
#419=B_SPLINE_CURVE_WITH_KNOTS('',3,(#10329,#10330,#10331,#10332),
 .UNSPECIFIED.,.F.,.F.,(4,4),(0.,0.995277681216069),.UNSPECIFIED.);
#420=B_SPLINE_CURVE_WITH_KNOTS('',3,(#10341,#10342,#10343,#10344),
 .UNSPECIFIED.,.F.,.F.,(4,4),(0.,1.),.UNSPECIFIED.);
#421=B_SPLINE_CURVE_WITH_KNOTS('',3,(#10347,#10348,#10349,#10350),
 .UNSPECIFIED.,.F.,.F.,(4,4),(0.,1.),.UNSPECIFIED.);
#422=B_SPLINE_CURVE_WITH_KNOTS('',3,(#10359,#10360,#10361,#10362),
 .UNSPECIFIED.,.F.,.F.,(4,4),(0.,1.),.UNSPECIFIED.);
#423=B_SPLINE_CURVE_WITH_KNOTS('',3,(#10368,#10369,#10370,#10371),
 .UNSPECIFIED.,.F.,.F.,(4,4),(0.,1.),.UNSPECIFIED.);
#424=B_SPLINE_CURVE_WITH_KNOTS('',3,(#10377,#10378,#10379,#10380),
 .UNSPECIFIED.,.F.,.F.,(4,4),(0.,1.),.UNSPECIFIED.);
#425=B_SPLINE_CURVE_WITH_KNOTS('',3,(#10386,#10387,#10388,#10389,#10390,
#10391,#10392),.UNSPECIFIED.,.F.,.F.,(4,1,1,1,4),(0.,0.25,0.5,0.75,1.),
 .UNSPECIFIED.);
#426=B_SPLINE_CURVE_WITH_KNOTS('',3,(#10398,#10399,#10400,#10401,#10402,
#10403,#10404),.UNSPECIFIED.,.F.,.F.,(4,1,1,1,4),(0.,0.25,0.5,0.75,1.),
 .UNSPECIFIED.);
#427=B_SPLINE_CURVE_WITH_KNOTS('',3,(#10406,#10407,#10408,#10409,#10410,
#10411,#10412),.UNSPECIFIED.,.F.,.F.,(4,1,1,1,4),(0.,0.25,0.5,0.75,1.),
 .UNSPECIFIED.);
#428=B_SPLINE_CURVE_WITH_KNOTS('',3,(#10417,#10418,#10419,#10420,#10421,
#10422,#10423),.UNSPECIFIED.,.F.,.F.,(4,1,1,1,4),(0.,0.25,0.5,0.75,1.),
 .UNSPECIFIED.);
#429=B_SPLINE_CURVE_WITH_KNOTS('',3,(#10431,#10432,#10433,#10434,#10435,
#10436,#10437),.UNSPECIFIED.,.F.,.F.,(4,1,1,1,4),(0.,0.25,0.5,0.75,1.),
 .UNSPECIFIED.);
#430=B_SPLINE_CURVE_WITH_KNOTS('',3,(#10443,#10444,#10445,#10446,#10447,
#10448,#10449),.UNSPECIFIED.,.F.,.F.,(4,1,1,1,4),(0.,0.25,0.5,0.75,1.),
 .UNSPECIFIED.);
#431=B_SPLINE_CURVE_WITH_KNOTS('',3,(#10451,#10452,#10453,#10454,#10455,
#10456,#10457),.UNSPECIFIED.,.F.,.F.,(4,1,1,1,4),(0.,0.25,0.5,0.75,1.),
 .UNSPECIFIED.);
#432=B_SPLINE_CURVE_WITH_KNOTS('',3,(#10462,#10463,#10464,#10465,#10466,
#10467,#10468),.UNSPECIFIED.,.F.,.F.,(4,1,1,1,4),(0.,0.25,0.5,0.75,1.),
 .UNSPECIFIED.);
#433=B_SPLINE_CURVE_WITH_KNOTS('',3,(#11043,#11044,#11045,#11046),
 .UNSPECIFIED.,.F.,.F.,(4,4),(0.,1.),.UNSPECIFIED.);
#434=B_SPLINE_CURVE_WITH_KNOTS('',3,(#11048,#11049,#11050,#11051),
 .UNSPECIFIED.,.F.,.F.,(4,4),(0.,1.),.UNSPECIFIED.);
#435=B_SPLINE_CURVE_WITH_KNOTS('',3,(#11053,#11054,#11055,#11056),
 .UNSPECIFIED.,.F.,.F.,(4,4),(0.,1.),.UNSPECIFIED.);
#436=B_SPLINE_CURVE_WITH_KNOTS('',3,(#11058,#11059,#11060,#11061,#11062,
#11063,#11064),.UNSPECIFIED.,.F.,.F.,(4,1,1,1,4),(0.,0.25,0.5,0.75,1.),
 .UNSPECIFIED.);
#437=B_SPLINE_CURVE_WITH_KNOTS('',3,(#11066,#11067,#11068,#11069),
 .UNSPECIFIED.,.F.,.F.,(4,4),(0.,1.),.UNSPECIFIED.);
#438=B_SPLINE_CURVE_WITH_KNOTS('',3,(#11071,#11072,#11073,#11074),
 .UNSPECIFIED.,.F.,.F.,(4,4),(0.,1.),.UNSPECIFIED.);
#439=B_SPLINE_CURVE_WITH_KNOTS('',3,(#11076,#11077,#11078,#11079),
 .UNSPECIFIED.,.F.,.F.,(4,4),(0.,1.),.UNSPECIFIED.);
#440=B_SPLINE_CURVE_WITH_KNOTS('',3,(#11081,#11082,#11083,#11084,#11085,
#11086,#11087),.UNSPECIFIED.,.F.,.F.,(4,1,1,1,4),(0.,0.25,0.5,0.75,1.),
 .UNSPECIFIED.);
#441=B_SPLINE_CURVE_WITH_KNOTS('',3,(#11089,#11090,#11091,#11092),
 .UNSPECIFIED.,.F.,.F.,(4,4),(0.,1.),.UNSPECIFIED.);
#442=B_SPLINE_CURVE_WITH_KNOTS('',3,(#11094,#11095,#11096,#11097),
 .UNSPECIFIED.,.F.,.F.,(4,4),(0.,1.),.UNSPECIFIED.);
#443=B_SPLINE_CURVE_WITH_KNOTS('',3,(#11099,#11100,#11101,#11102),
 .UNSPECIFIED.,.F.,.F.,(4,4),(0.,1.),.UNSPECIFIED.);
#444=B_SPLINE_CURVE_WITH_KNOTS('',3,(#11103,#11104,#11105,#11106),
 .UNSPECIFIED.,.F.,.F.,(4,4),(0.,1.),.UNSPECIFIED.);
#445=B_SPLINE_CURVE_WITH_KNOTS('',3,(#11108,#11109,#11110,#11111),
 .UNSPECIFIED.,.F.,.F.,(4,4),(0.,1.),.UNSPECIFIED.);
#446=B_SPLINE_CURVE_WITH_KNOTS('',3,(#11113,#11114,#11115,#11116),
 .UNSPECIFIED.,.F.,.F.,(4,4),(0.,1.),.UNSPECIFIED.);
#447=B_SPLINE_CURVE_WITH_KNOTS('',3,(#11117,#11118,#11119,#11120),
 .UNSPECIFIED.,.F.,.F.,(4,4),(0.,1.),.UNSPECIFIED.);
#448=B_SPLINE_CURVE_WITH_KNOTS('',3,(#11122,#11123,#11124,#11125),
 .UNSPECIFIED.,.F.,.F.,(4,4),(0.,1.),.UNSPECIFIED.);
#449=B_SPLINE_CURVE_WITH_KNOTS('',3,(#11127,#11128,#11129,#11130),
 .UNSPECIFIED.,.F.,.F.,(4,4),(0.,1.),.UNSPECIFIED.);
#450=B_SPLINE_CURVE_WITH_KNOTS('',3,(#11132,#11133,#11134,#11135,#11136,
#11137,#11138),.UNSPECIFIED.,.F.,.F.,(4,1,1,1,4),(0.,0.25,0.5,0.75,1.),
 .UNSPECIFIED.);
#451=B_SPLINE_CURVE_WITH_KNOTS('',3,(#11140,#11141,#11142,#11143),
 .UNSPECIFIED.,.F.,.F.,(4,4),(0.,1.),.UNSPECIFIED.);
#452=B_SPLINE_CURVE_WITH_KNOTS('',3,(#11145,#11146,#11147,#11148),
 .UNSPECIFIED.,.F.,.F.,(4,4),(0.,1.),.UNSPECIFIED.);
#453=B_SPLINE_CURVE_WITH_KNOTS('',3,(#11150,#11151,#11152,#11153),
 .UNSPECIFIED.,.F.,.F.,(4,4),(0.,1.),.UNSPECIFIED.);
#454=B_SPLINE_CURVE_WITH_KNOTS('',3,(#11155,#11156,#11157,#11158,#11159,
#11160,#11161),.UNSPECIFIED.,.F.,.F.,(4,1,1,1,4),(0.,0.25,0.5,0.75,1.),
 .UNSPECIFIED.);
#455=B_SPLINE_CURVE_WITH_KNOTS('',3,(#11163,#11164,#11165,#11166),
 .UNSPECIFIED.,.F.,.F.,(4,4),(0.,1.),.UNSPECIFIED.);
#456=B_SPLINE_CURVE_WITH_KNOTS('',3,(#11168,#11169,#11170,#11171),
 .UNSPECIFIED.,.F.,.F.,(4,4),(0.,1.),.UNSPECIFIED.);
#457=B_SPLINE_CURVE_WITH_KNOTS('',3,(#11173,#11174,#11175,#11176),
 .UNSPECIFIED.,.F.,.F.,(4,4),(0.,1.),.UNSPECIFIED.);
#458=B_SPLINE_CURVE_WITH_KNOTS('',3,(#11749,#11750,#11751,#11752),
 .UNSPECIFIED.,.F.,.F.,(4,4),(0.00472269592414274,1.),.UNSPECIFIED.);
#459=B_SPLINE_CURVE_WITH_KNOTS('',3,(#11753,#11754,#11755,#11756),
 .UNSPECIFIED.,.F.,.F.,(4,4),(0.,1.),.UNSPECIFIED.);
#460=B_SPLINE_CURVE_WITH_KNOTS('',3,(#11758,#11759,#11760,#11761),
 .UNSPECIFIED.,.F.,.F.,(4,4),(0.,1.),.UNSPECIFIED.);
#461=B_SPLINE_CURVE_WITH_KNOTS('',3,(#11763,#11764,#11765,#11766),
 .UNSPECIFIED.,.F.,.F.,(4,4),(0.,1.),.UNSPECIFIED.);
#462=B_SPLINE_CURVE_WITH_KNOTS('',3,(#11768,#11769,#11770,#11771,#11772,
#11773,#11774),.UNSPECIFIED.,.F.,.F.,(4,1,1,1,4),(0.,0.25,0.5,0.75,1.),
 .UNSPECIFIED.);
#463=B_SPLINE_CURVE_WITH_KNOTS('',3,(#11776,#11777,#11778,#11779),
 .UNSPECIFIED.,.F.,.F.,(4,4),(0.,1.),.UNSPECIFIED.);
#464=B_SPLINE_CURVE_WITH_KNOTS('',3,(#11781,#11782,#11783,#11784),
 .UNSPECIFIED.,.F.,.F.,(4,4),(0.,1.),.UNSPECIFIED.);
#465=B_SPLINE_CURVE_WITH_KNOTS('',3,(#11786,#11787,#11788,#11789),
 .UNSPECIFIED.,.F.,.F.,(4,4),(0.,1.),.UNSPECIFIED.);
#466=B_SPLINE_CURVE_WITH_KNOTS('',3,(#11791,#11792,#11793,#11794,#11795,
#11796,#11797),.UNSPECIFIED.,.F.,.F.,(4,1,1,1,4),(0.,0.25,0.5,0.75,1.),
 .UNSPECIFIED.);
#467=B_SPLINE_CURVE_WITH_KNOTS('',3,(#11799,#11800,#11801,#11802),
 .UNSPECIFIED.,.F.,.F.,(4,4),(0.,1.),.UNSPECIFIED.);
#468=B_SPLINE_CURVE_WITH_KNOTS('',3,(#11804,#11805,#11806,#11807),
 .UNSPECIFIED.,.F.,.F.,(4,4),(0.,1.),.UNSPECIFIED.);
#469=B_SPLINE_CURVE_WITH_KNOTS('',3,(#11809,#11810,#11811,#11812),
 .UNSPECIFIED.,.F.,.F.,(4,4),(0.,1.),.UNSPECIFIED.);
#470=B_SPLINE_CURVE_WITH_KNOTS('',3,(#11813,#11814,#11815,#11816),
 .UNSPECIFIED.,.F.,.F.,(4,4),(0.,1.),.UNSPECIFIED.);
#471=B_SPLINE_CURVE_WITH_KNOTS('',3,(#11817,#11818,#11819,#11820),
 .UNSPECIFIED.,.F.,.F.,(4,4),(0.,1.),.UNSPECIFIED.);
#472=B_SPLINE_CURVE_WITH_KNOTS('',3,(#11822,#11823,#11824,#11825),
 .UNSPECIFIED.,.F.,.F.,(4,4),(0.,1.),.UNSPECIFIED.);
#473=B_SPLINE_CURVE_WITH_KNOTS('',3,(#11827,#11828,#11829,#11830),
 .UNSPECIFIED.,.F.,.F.,(4,4),(0.,1.),.UNSPECIFIED.);
#474=B_SPLINE_CURVE_WITH_KNOTS('',3,(#11832,#11833,#11834,#11835,#11836,
#11837,#11838),.UNSPECIFIED.,.F.,.F.,(4,1,1,1,4),(0.,0.25,0.5,0.75,1.),
 .UNSPECIFIED.);
#475=B_SPLINE_CURVE_WITH_KNOTS('',3,(#11840,#11841,#11842,#11843),
 .UNSPECIFIED.,.F.,.F.,(4,4),(0.,1.),.UNSPECIFIED.);
#476=B_SPLINE_CURVE_WITH_KNOTS('',3,(#11845,#11846,#11847,#11848),
 .UNSPECIFIED.,.F.,.F.,(4,4),(0.,1.),.UNSPECIFIED.);
#477=B_SPLINE_CURVE_WITH_KNOTS('',3,(#11850,#11851,#11852,#11853),
 .UNSPECIFIED.,.F.,.F.,(4,4),(0.,1.),.UNSPECIFIED.);
#478=B_SPLINE_CURVE_WITH_KNOTS('',3,(#11855,#11856,#11857,#11858,#11859,
#11860,#11861),.UNSPECIFIED.,.F.,.F.,(4,1,1,1,4),(0.,0.25,0.5,0.75,1.),
 .UNSPECIFIED.);
#479=B_SPLINE_CURVE_WITH_KNOTS('',3,(#11863,#11864,#11865,#11866),
 .UNSPECIFIED.,.F.,.F.,(4,4),(0.,1.),.UNSPECIFIED.);
#480=B_SPLINE_CURVE_WITH_KNOTS('',3,(#11868,#11869,#11870,#11871),
 .UNSPECIFIED.,.F.,.F.,(4,4),(0.,1.),.UNSPECIFIED.);
#481=B_SPLINE_CURVE_WITH_KNOTS('',3,(#11873,#11874,#11875,#11876),
 .UNSPECIFIED.,.F.,.F.,(4,4),(0.,1.),.UNSPECIFIED.);
#482=B_SPLINE_CURVE_WITH_KNOTS('',3,(#11881,#11882,#11883,#11884),
 .UNSPECIFIED.,.F.,.F.,(4,4),(4.33680868994202E-19,0.00286549856863027),
 .UNSPECIFIED.);
#483=B_SPLINE_CURVE_WITH_KNOTS('',3,(#11913,#11914,#11915,#11916),
 .UNSPECIFIED.,.F.,.F.,(4,4),(1.56365861034638E-18,0.00327862394915742),
 .UNSPECIFIED.);
#484=B_SPLINE_CURVE_WITH_KNOTS('',3,(#11918,#11919,#11920,#11921),
 .UNSPECIFIED.,.F.,.F.,(4,4),(1.49560125146221E-15,0.00327862394915893),
 .UNSPECIFIED.);
#485=B_SPLINE_CURVE_WITH_KNOTS('',3,(#11931,#11932,#11933,#11934),
 .UNSPECIFIED.,.F.,.F.,(4,4),(1.90590823800022E-18,0.00327862394915805),
 .UNSPECIFIED.);
#486=B_SPLINE_CURVE_WITH_KNOTS('',3,(#11938,#11939,#11940,#11941),
 .UNSPECIFIED.,.F.,.F.,(4,4),(6.61985116136722E-18,0.00327862394915741),
 .UNSPECIFIED.);
#487=B_SPLINE_CURVE_WITH_KNOTS('',3,(#11946,#11947,#11948,#11949),
 .UNSPECIFIED.,.F.,.F.,(4,4),(9.28331558945187E-16,0.00327862394915893),
 .UNSPECIFIED.);
#488=B_SPLINE_CURVE_WITH_KNOTS('',3,(#11952,#11953,#11954,#11955),
 .UNSPECIFIED.,.F.,.F.,(4,4),(1.90590823800014E-18,0.00327862394915905),
 .UNSPECIFIED.);
#489=B_SPLINE_CURVE_WITH_KNOTS('',3,(#11960,#11961,#11962,#11963),
 .UNSPECIFIED.,.F.,.F.,(4,4),(1.11899959445163E-15,0.00327862394915918),
 .UNSPECIFIED.);
#490=B_SPLINE_CURVE_WITH_KNOTS('',3,(#11966,#11967,#11968,#11969),
 .UNSPECIFIED.,.F.,.F.,(4,4),(3.49644694633735E-18,0.00327862394915912),
 .UNSPECIFIED.);
#491=B_SPLINE_CURVE_WITH_KNOTS('',3,(#11974,#11975,#11976,#11977),
 .UNSPECIFIED.,.F.,.F.,(4,4),(9.32259552166684E-16,0.00327862394915895),
 .UNSPECIFIED.);
#492=B_SPLINE_CURVE_WITH_KNOTS('',3,(#11980,#11981,#11982,#11983),
 .UNSPECIFIED.,.F.,.F.,(4,4),(6.2546344413855E-18,0.00327862394915906),
 .UNSPECIFIED.);
#493=B_SPLINE_CURVE_WITH_KNOTS('',3,(#11988,#11989,#11990,#11991,#11992),
 .UNSPECIFIED.,.F.,.F.,(4,1,4),(0.0325581130928468,0.0366181155988098,0.0406781181047727),
 .UNSPECIFIED.);
#494=B_SPLINE_CURVE_WITH_KNOTS('',3,(#11996,#11997,#11998,#11999,#12000),
 .UNSPECIFIED.,.F.,.F.,(4,1,4),(0.0073867334148734,0.0113696766403158,0.0153526198657581),
 .UNSPECIFIED.);
#495=B_SPLINE_CURVE_WITH_KNOTS('',3,(#12003,#12004,#12005,#12006),
 .UNSPECIFIED.,.F.,.F.,(4,4),(0.,0.00168741727043544),.UNSPECIFIED.);
#496=B_SPLINE_CURVE_WITH_KNOTS('',3,(#12009,#12010,#12011,#12012),
 .UNSPECIFIED.,.F.,.F.,(4,4),(0.,0.00169043265011832),.UNSPECIFIED.);
#497=B_SPLINE_CURVE_WITH_KNOTS('',3,(#12016,#12017,#12018,#12019),
 .UNSPECIFIED.,.F.,.F.,(4,4),(0.,0.00168741727043547),.UNSPECIFIED.);
#498=B_SPLINE_CURVE_WITH_KNOTS('',3,(#12022,#12023,#12024,#12025),
 .UNSPECIFIED.,.F.,.F.,(4,4),(0.,0.00169043265011833),.UNSPECIFIED.);
#499=B_SPLINE_CURVE_WITH_KNOTS('',3,(#12034,#12035,#12036,#12037),
 .UNSPECIFIED.,.F.,.F.,(4,4),(0.,0.00168741727297223),.UNSPECIFIED.);
#500=B_SPLINE_CURVE_WITH_KNOTS('',3,(#12039,#12040,#12041,#12042),
 .UNSPECIFIED.,.F.,.F.,(4,4),(0.,0.00169043265011832),.UNSPECIFIED.);
#501=B_SPLINE_CURVE_WITH_KNOTS('',3,(#12046,#12047,#12048,#12049),
 .UNSPECIFIED.,.F.,.F.,(4,4),(0.,0.00168741727292169),.UNSPECIFIED.);
#502=B_SPLINE_CURVE_WITH_KNOTS('',3,(#12051,#12052,#12053,#12054),
 .UNSPECIFIED.,.F.,.F.,(4,4),(0.,0.0016904326501683),.UNSPECIFIED.);
#503=B_SPLINE_CURVE_WITH_KNOTS('',3,(#12069,#12070,#12071,#12072),
 .UNSPECIFIED.,.F.,.F.,(4,4),(0.,0.00169043467572217),.UNSPECIFIED.);
#504=B_SPLINE_CURVE_WITH_KNOTS('',3,(#12074,#12075,#12076,#12077),
 .UNSPECIFIED.,.F.,.F.,(4,4),(0.,0.00168741727292156),.UNSPECIFIED.);
#505=B_SPLINE_CURVE_WITH_KNOTS('',3,(#12079,#12080,#12081,#12082),
 .UNSPECIFIED.,.F.,.F.,(4,4),(0.,0.00168741727306947),.UNSPECIFIED.);
#506=B_SPLINE_CURVE_WITH_KNOTS('',3,(#12084,#12085,#12086,#12087),
 .UNSPECIFIED.,.F.,.F.,(4,4),(0.,0.00169043265016817),.UNSPECIFIED.);
#507=B_SPLINE_CURVE_WITH_KNOTS('',3,(#12089,#12090,#12091,#12092),
 .UNSPECIFIED.,.F.,.F.,(4,4),(0.,0.00168741727306959),.UNSPECIFIED.);
#508=B_SPLINE_CURVE_WITH_KNOTS('',3,(#12094,#12095,#12096,#12097),
 .UNSPECIFIED.,.F.,.F.,(4,4),(0.,0.0016904326501685),.UNSPECIFIED.);
#509=B_SPLINE_CURVE_WITH_KNOTS('',3,(#12101,#12102,#12103,#12104),
 .UNSPECIFIED.,.F.,.F.,(4,4),(0.,0.00168741727297225),.UNSPECIFIED.);
#510=B_SPLINE_CURVE_WITH_KNOTS('',3,(#12107,#12108,#12109,#12110),
 .UNSPECIFIED.,.F.,.F.,(4,4),(0.,0.00168741727292182),.UNSPECIFIED.);
#511=B_SPLINE_CURVE_WITH_KNOTS('',3,(#12115,#12116,#12117,#12118),
 .UNSPECIFIED.,.F.,.F.,(4,4),(0.,0.00168741727297261),.UNSPECIFIED.);
#512=B_SPLINE_CURVE_WITH_KNOTS('',3,(#12120,#12121,#12122,#12123),
 .UNSPECIFIED.,.F.,.F.,(4,4),(0.,0.0016904326501172),.UNSPECIFIED.);
#513=B_SPLINE_CURVE_WITH_KNOTS('',3,(#12124,#12125,#12126,#12127),
 .UNSPECIFIED.,.F.,.F.,(4,4),(0.,0.00169043265002246),.UNSPECIFIED.);
#514=B_SPLINE_CURVE_WITH_KNOTS('',3,(#12132,#12133,#12134,#12135),
 .UNSPECIFIED.,.F.,.F.,(4,4),(0.,0.00168741727297264),.UNSPECIFIED.);
#515=B_SPLINE_CURVE_WITH_KNOTS('',3,(#12137,#12138,#12139,#12140),
 .UNSPECIFIED.,.F.,.F.,(4,4),(0.,0.00169043265011725),.UNSPECIFIED.);
#516=B_SPLINE_CURVE_WITH_KNOTS('',3,(#12143,#12144,#12145,#12146),
 .UNSPECIFIED.,.F.,.F.,(4,4),(0.,0.00169043265002241),.UNSPECIFIED.);
#517=B_SPLINE_CURVE_WITH_KNOTS('',3,(#12161,#12162,#12163,#12164),
 .UNSPECIFIED.,.F.,.F.,(4,4),(0.,0.00169043467572205),.UNSPECIFIED.);
#518=B_SPLINE_CURVE_WITH_KNOTS('',3,(#12166,#12167,#12168,#12169),
 .UNSPECIFIED.,.F.,.F.,(4,4),(0.,0.00168741727292156),.UNSPECIFIED.);
#519=B_SPLINE_CURVE_WITH_KNOTS('',3,(#12171,#12172,#12173,#12174),
 .UNSPECIFIED.,.F.,.F.,(4,4),(0.,0.00168741727306956),.UNSPECIFIED.);
#520=B_SPLINE_CURVE_WITH_KNOTS('',3,(#12176,#12177,#12178,#12179),
 .UNSPECIFIED.,.F.,.F.,(4,4),(0.,0.00169043265016827),.UNSPECIFIED.);
#521=B_SPLINE_CURVE_WITH_KNOTS('',3,(#12181,#12182,#12183,#12184),
 .UNSPECIFIED.,.F.,.F.,(4,4),(0.,0.00168741727306947),.UNSPECIFIED.);
#522=B_SPLINE_CURVE_WITH_KNOTS('',3,(#12186,#12187,#12188,#12189),
 .UNSPECIFIED.,.F.,.F.,(4,4),(0.,0.00169043265016851),.UNSPECIFIED.);
#523=B_SPLINE_CURVE_WITH_KNOTS('',3,(#12193,#12194,#12195,#12196),
 .UNSPECIFIED.,.F.,.F.,(4,4),(0.,0.00168741727297224),.UNSPECIFIED.);
#524=B_SPLINE_CURVE_WITH_KNOTS('',3,(#12199,#12200,#12201,#12202),
 .UNSPECIFIED.,.F.,.F.,(4,4),(0.,0.00168741727292172),.UNSPECIFIED.);
#525=B_SPLINE_CURVE_WITH_KNOTS('',3,(#12207,#12208,#12209,#12210),
 .UNSPECIFIED.,.F.,.F.,(4,4),(0.,0.00168741727297263),.UNSPECIFIED.);
#526=B_SPLINE_CURVE_WITH_KNOTS('',3,(#12212,#12213,#12214,#12215),
 .UNSPECIFIED.,.F.,.F.,(4,4),(0.,0.00169043265011722),.UNSPECIFIED.);
#527=B_SPLINE_CURVE_WITH_KNOTS('',3,(#12216,#12217,#12218,#12219),
 .UNSPECIFIED.,.F.,.F.,(4,4),(0.,0.0016904326500224),.UNSPECIFIED.);
#528=B_SPLINE_CURVE_WITH_KNOTS('',3,(#12223,#12224,#12225,#12226),
 .UNSPECIFIED.,.F.,.F.,(4,4),(0.,0.00168741727043549),.UNSPECIFIED.);
#529=B_SPLINE_CURVE_WITH_KNOTS('',3,(#12228,#12229,#12230,#12231),
 .UNSPECIFIED.,.F.,.F.,(4,4),(0.,0.00169253298118341),.UNSPECIFIED.);
#530=B_SPLINE_CURVE_WITH_KNOTS('',3,(#12232,#12233,#12234,#12235),
 .UNSPECIFIED.,.F.,.F.,(4,4),(-0.000738389603856017,0.000953519823195055),
 .UNSPECIFIED.);
#531=B_SPLINE_CURVE_WITH_KNOTS('',3,(#12240,#12241,#12242,#12243),
 .UNSPECIFIED.,.F.,.F.,(4,4),(0.,0.00168741727297262),.UNSPECIFIED.);
#532=B_SPLINE_CURVE_WITH_KNOTS('',3,(#12245,#12246,#12247,#12248),
 .UNSPECIFIED.,.F.,.F.,(4,4),(0.,0.00169043265011723),.UNSPECIFIED.);
#533=B_SPLINE_CURVE_WITH_KNOTS('',3,(#12251,#12252,#12253,#12254),
 .UNSPECIFIED.,.F.,.F.,(4,4),(0.,0.00169043265002249),.UNSPECIFIED.);
#534=B_SPLINE_CURVE_WITH_KNOTS('',3,(#12269,#12270,#12271,#12272),
 .UNSPECIFIED.,.F.,.F.,(4,4),(0.,0.00169043467572203),.UNSPECIFIED.);
#535=B_SPLINE_CURVE_WITH_KNOTS('',3,(#12274,#12275,#12276,#12277),
 .UNSPECIFIED.,.F.,.F.,(4,4),(0.,0.00168741727292197),.UNSPECIFIED.);
#536=B_SPLINE_CURVE_WITH_KNOTS('',3,(#12279,#12280,#12281,#12282),
 .UNSPECIFIED.,.F.,.F.,(4,4),(0.,0.00168741727306958),.UNSPECIFIED.);
#537=B_SPLINE_CURVE_WITH_KNOTS('',3,(#12284,#12285,#12286,#12287),
 .UNSPECIFIED.,.F.,.F.,(4,4),(0.,0.00169043265016824),.UNSPECIFIED.);
#538=B_SPLINE_CURVE_WITH_KNOTS('',3,(#12289,#12290,#12291,#12292),
 .UNSPECIFIED.,.F.,.F.,(4,4),(0.,0.00168741727292286),.UNSPECIFIED.);
#539=B_SPLINE_CURVE_WITH_KNOTS('',3,(#12294,#12295,#12296,#12297),
 .UNSPECIFIED.,.F.,.F.,(4,4),(0.,0.00169043265016803),.UNSPECIFIED.);
#540=B_SPLINE_CURVE_WITH_KNOTS('',3,(#12301,#12302,#12303,#12304),
 .UNSPECIFIED.,.F.,.F.,(4,4),(0.,0.00168741727297228),.UNSPECIFIED.);
#541=B_SPLINE_CURVE_WITH_KNOTS('',3,(#12306,#12307,#12308,#12309),
 .UNSPECIFIED.,.F.,.F.,(4,4),(0.,0.00169043265011835),.UNSPECIFIED.);
#542=B_SPLINE_CURVE_WITH_KNOTS('',3,(#12313,#12314,#12315,#12316),
 .UNSPECIFIED.,.F.,.F.,(4,4),(0.,0.00168741727292183),.UNSPECIFIED.);
#543=B_SPLINE_CURVE_WITH_KNOTS('',3,(#12321,#12322,#12323,#12324),
 .UNSPECIFIED.,.F.,.F.,(4,4),(0.,0.00168741727297263),.UNSPECIFIED.);
#544=B_SPLINE_CURVE_WITH_KNOTS('',3,(#12326,#12327,#12328,#12329),
 .UNSPECIFIED.,.F.,.F.,(4,4),(0.,0.00169043265011726),.UNSPECIFIED.);
#545=B_SPLINE_CURVE_WITH_KNOTS('',3,(#12330,#12331,#12332,#12333),
 .UNSPECIFIED.,.F.,.F.,(4,4),(0.,0.00169043265002243),.UNSPECIFIED.);
#546=B_SPLINE_CURVE_WITH_KNOTS('',3,(#12337,#12338,#12339,#12340),
 .UNSPECIFIED.,.F.,.F.,(4,4),(0.,0.00168741727043547),.UNSPECIFIED.);
#547=B_SPLINE_CURVE_WITH_KNOTS('',3,(#12342,#12343,#12344,#12345),
 .UNSPECIFIED.,.F.,.F.,(4,4),(0.,0.00169253298118344),.UNSPECIFIED.);
#548=B_SPLINE_CURVE_WITH_KNOTS('',3,(#12346,#12347,#12348,#12349),
 .UNSPECIFIED.,.F.,.F.,(4,4),(-0.000738389603856014,0.000953519823195056),
 .UNSPECIFIED.);
#549=B_SPLINE_CURVE_WITH_KNOTS('',3,(#12354,#12355,#12356,#12357),
 .UNSPECIFIED.,.F.,.F.,(4,4),(0.,0.00168741727297259),.UNSPECIFIED.);
#550=B_SPLINE_CURVE_WITH_KNOTS('',3,(#12359,#12360,#12361,#12362),
 .UNSPECIFIED.,.F.,.F.,(4,4),(0.,0.0016904326501172),.UNSPECIFIED.);
#551=B_SPLINE_CURVE_WITH_KNOTS('',3,(#12365,#12366,#12367,#12368),
 .UNSPECIFIED.,.F.,.F.,(4,4),(0.,0.00169043265016748),.UNSPECIFIED.);
#552=B_SPLINE_CURVE_WITH_KNOTS('',3,(#12370,#12371,#12372,#12373),
 .UNSPECIFIED.,.F.,.F.,(4,4),(0.,0.00168741727043546),.UNSPECIFIED.);
#553=B_SPLINE_CURVE_WITH_KNOTS('',3,(#12381,#12382,#12383,#12384),
 .UNSPECIFIED.,.F.,.F.,(4,4),(0.,0.00168741727306945),.UNSPECIFIED.);
#554=B_SPLINE_CURVE_WITH_KNOTS('',3,(#12389,#12390,#12391,#12392),
 .UNSPECIFIED.,.F.,.F.,(4,4),(0.,0.00168741727306956),.UNSPECIFIED.);
#555=B_SPLINE_CURVE_WITH_KNOTS('',3,(#12394,#12395,#12396,#12397),
 .UNSPECIFIED.,.F.,.F.,(4,4),(0.,0.00169010549150099),.UNSPECIFIED.);
#556=B_SPLINE_CURVE_WITH_KNOTS('',3,(#12399,#12400,#12401,#12402),
 .UNSPECIFIED.,.F.,.F.,(4,4),(0.,0.00169010549150085),.UNSPECIFIED.);
#557=B_SPLINE_CURVE_WITH_KNOTS('',3,(#12413,#12414,#12415,#12416),
 .UNSPECIFIED.,.F.,.F.,(4,4),(1.27475620829111E-17,0.00168774797868485),
 .UNSPECIFIED.);
#558=B_SPLINE_CURVE_WITH_KNOTS('',3,(#12420,#12421,#12422,#12423),
 .UNSPECIFIED.,.F.,.F.,(4,4),(0.,0.00169043265011723),.UNSPECIFIED.);
#559=B_SPLINE_CURVE_WITH_KNOTS('',3,(#12427,#12428,#12429,#12430),
 .UNSPECIFIED.,.F.,.F.,(4,4),(5.75342688483617E-18,0.00168774797868502),
 .UNSPECIFIED.);
#560=B_SPLINE_CURVE_WITH_KNOTS('',3,(#12433,#12434,#12435,#12436),
 .UNSPECIFIED.,.F.,.F.,(4,4),(0.,0.00169043265011723),.UNSPECIFIED.);
#561=B_SPLINE_CURVE_WITH_KNOTS('',3,(#12440,#12441,#12442,#12443),
 .UNSPECIFIED.,.F.,.F.,(4,4),(0.,0.00169010549150087),.UNSPECIFIED.);
#562=B_SPLINE_CURVE_WITH_KNOTS('',3,(#12450,#12451,#12452,#12453),
 .UNSPECIFIED.,.F.,.F.,(4,4),(0.,0.00168741727043545),.UNSPECIFIED.);
#563=B_SPLINE_CURVE_WITH_KNOTS('',3,(#12456,#12457,#12458,#12459),
 .UNSPECIFIED.,.F.,.F.,(4,4),(3.46944695195361E-18,0.00168774797868502),
 .UNSPECIFIED.);
#564=B_SPLINE_CURVE_WITH_KNOTS('',3,(#12463,#12464,#12465,#12466),
 .UNSPECIFIED.,.F.,.F.,(4,4),(0.,0.00169010549150088),.UNSPECIFIED.);
#565=B_SPLINE_CURVE_WITH_KNOTS('',3,(#12471,#12472,#12473,#12474),
 .UNSPECIFIED.,.F.,.F.,(4,4),(7.35980840008019E-18,0.00168774797868502),
 .UNSPECIFIED.);
#566=B_SPLINE_CURVE_WITH_KNOTS('',3,(#12480,#12481,#12482,#12483),
 .UNSPECIFIED.,.F.,.F.,(4,4),(0.,0.00169010549150085),.UNSPECIFIED.);
#567=B_SPLINE_CURVE_WITH_KNOTS('',3,(#12490,#12491,#12492,#12493),
 .UNSPECIFIED.,.F.,.F.,(4,4),(1.73472347597681E-18,0.00168774797868499),
 .UNSPECIFIED.);
#568=B_SPLINE_CURVE_WITH_KNOTS('',3,(#12497,#12498,#12499,#12500),
 .UNSPECIFIED.,.F.,.F.,(4,4),(0.,0.00168741727043549),.UNSPECIFIED.);
#569=B_SPLINE_CURVE_WITH_KNOTS('',3,(#12503,#12504,#12505,#12506),
 .UNSPECIFIED.,.F.,.F.,(4,4),(0.,0.00169010549150088),.UNSPECIFIED.);
#570=B_SPLINE_CURVE_WITH_KNOTS('',3,(#12527,#12528,#12529,#12530),
 .UNSPECIFIED.,.F.,.F.,(4,4),(1.47260041368898E-17,0.00327862394915917),
 .UNSPECIFIED.);
#571=B_SPLINE_CURVE_WITH_KNOTS('',3,(#12535,#12536,#12537,#12538),
 .UNSPECIFIED.,.F.,.F.,(4,4),(5.8184394216733E-18,0.00327862394915911),
 .UNSPECIFIED.);
#572=B_SPLINE_CURVE_WITH_KNOTS('',3,(#12542,#12543,#12544,#12545),
 .UNSPECIFIED.,.F.,.F.,(4,4),(1.50421119363079E-15,0.00327862394915895),
 .UNSPECIFIED.);
#573=B_SPLINE_CURVE_WITH_KNOTS('',3,(#12546,#12547,#12548,#12549),
 .UNSPECIFIED.,.F.,.F.,(4,4),(3.12731722069275E-18,0.00327862394915753),
 .UNSPECIFIED.);
#574=B_SPLINE_CURVE_WITH_KNOTS('',3,(#12553,#12554,#12555,#12556),
 .UNSPECIFIED.,.F.,.F.,(4,4),(5.43400571334406E-18,0.00327862394915915),
 .UNSPECIFIED.);
#575=B_SPLINE_CURVE_WITH_KNOTS('',3,(#12561,#12562,#12563,#12564),
 .UNSPECIFIED.,.F.,.F.,(4,4),(2.97437254527733E-21,0.00327862394915916),
 .UNSPECIFIED.);
#576=B_SPLINE_CURVE_WITH_KNOTS('',3,(#12568,#12569,#12570,#12571),
 .UNSPECIFIED.,.F.,.F.,(4,4),(2.59502470683443E-16,0.00327862394915856),
 .UNSPECIFIED.);
#577=B_SPLINE_CURVE_WITH_KNOTS('',3,(#12574,#12575,#12576,#12577),
 .UNSPECIFIED.,.F.,.F.,(4,4),(9.73936005383557E-16,0.00327862394915902),
 .UNSPECIFIED.);
#578=B_SPLINE_CURVE_WITH_KNOTS('',3,(#12581,#12582,#12583,#12584),
 .UNSPECIFIED.,.F.,.F.,(4,4),(8.91093042357894E-16,0.00327862394915894),
 .UNSPECIFIED.);
#579=B_SPLINE_CURVE_WITH_KNOTS('',3,(#12589,#12590,#12591,#12592),
 .UNSPECIFIED.,.F.,.F.,(4,4),(3.17518452939443E-19,0.00327862394915905),
 .UNSPECIFIED.);
#580=B_SPLINE_CURVE_WITH_KNOTS('',3,(#12595,#12596,#12597,#12598),
 .UNSPECIFIED.,.F.,.F.,(4,4),(6.9928938926747E-18,0.00327862394915633),
 .UNSPECIFIED.);
#581=B_SPLINE_CURVE_WITH_KNOTS('',3,(#12600,#12601,#12602,#12603),
 .UNSPECIFIED.,.F.,.F.,(4,4),(2.48830304700759E-15,0.00327862394915893),
 .UNSPECIFIED.);
#582=B_SPLINE_CURVE_WITH_KNOTS('',3,(#12608,#12609,#12610,#12611,#12612),
 .UNSPECIFIED.,.F.,.F.,(4,1,4),(0.00738673341487345,0.011369676640316,0.0153526198657586),
 .UNSPECIFIED.);
#583=B_SPLINE_CURVE_WITH_KNOTS('',3,(#12616,#12617,#12618,#12619,#12620),
 .UNSPECIFIED.,.F.,.F.,(4,1,4),(0.0325581130928479,0.0366181155988103,0.0406781181047727),
 .UNSPECIFIED.);
#584=B_SPLINE_CURVE_WITH_KNOTS('',3,(#12684,#12685,#12686,#12687),
 .UNSPECIFIED.,.F.,.F.,(4,4),(6.50521303491303E-19,0.00286895952731916),
 .UNSPECIFIED.);
#585=B_SPLINE_CURVE_WITH_KNOTS('',3,(#12709,#12710,#12711,#12712),
 .UNSPECIFIED.,.F.,.F.,(4,4),(0.,0.00168741727297261),.UNSPECIFIED.);
#586=B_SPLINE_CURVE_WITH_KNOTS('',3,(#12714,#12715,#12716,#12717),
 .UNSPECIFIED.,.F.,.F.,(4,4),(0.,0.0016904326500224),.UNSPECIFIED.);
#587=B_SPLINE_CURVE_WITH_KNOTS('',3,(#12721,#12722,#12723,#12724),
 .UNSPECIFIED.,.F.,.F.,(4,4),(3.87895961444886E-18,0.00168774797868488),
 .UNSPECIFIED.);
#588=B_SPLINE_CURVE_WITH_KNOTS('',3,(#12726,#12727,#12728,#12729),
 .UNSPECIFIED.,.F.,.F.,(4,4),(-0.000951452632456196,0.000736093634814524),
 .UNSPECIFIED.);
#589=B_SPLINE_CURVE_WITH_KNOTS('',3,(#12733,#12734,#12735,#12736),
 .UNSPECIFIED.,.F.,.F.,(4,4),(0.,0.0016868899505551),.UNSPECIFIED.);
#590=B_SPLINE_CURVE_WITH_KNOTS('',3,(#12737,#12738,#12739,#12740),
 .UNSPECIFIED.,.F.,.F.,(4,4),(0.,0.00169043467564586),.UNSPECIFIED.);
#591=B_SPLINE_CURVE_WITH_KNOTS('',3,(#12743,#12744,#12745,#12746),
 .UNSPECIFIED.,.F.,.F.,(4,4),(0.,0.00169253298118334),.UNSPECIFIED.);
#592=B_SPLINE_CURVE_WITH_KNOTS('',3,(#12747,#12748,#12749,#12750),
 .UNSPECIFIED.,.F.,.F.,(4,4),(-0.000738389603848564,0.000953519823201948),
 .UNSPECIFIED.);
#593=B_SPLINE_CURVE_WITH_KNOTS('',3,(#12753,#12754,#12755,#12756),
 .UNSPECIFIED.,.F.,.F.,(4,4),(0.,0.00169043467564584),.UNSPECIFIED.);
#594=B_SPLINE_CURVE_WITH_KNOTS('',3,(#12758,#12759,#12760,#12761),
 .UNSPECIFIED.,.F.,.F.,(4,4),(-0.000951452632461639,0.000736093634809409),
 .UNSPECIFIED.);
#595=B_SPLINE_CURVE_WITH_KNOTS('',3,(#12762,#12763,#12764,#12765),
 .UNSPECIFIED.,.F.,.F.,(4,4),(0.,0.00168688995055093),.UNSPECIFIED.);
#596=B_SPLINE_CURVE_WITH_KNOTS('',3,(#12768,#12769,#12770,#12771),
 .UNSPECIFIED.,.F.,.F.,(4,4),(0.,0.00169043467572207),.UNSPECIFIED.);
#597=B_SPLINE_CURVE_WITH_KNOTS('',3,(#12773,#12774,#12775,#12776),
 .UNSPECIFIED.,.F.,.F.,(4,4),(-0.000951452632461613,0.000736093634809383),
 .UNSPECIFIED.);
#598=B_SPLINE_CURVE_WITH_KNOTS('',3,(#12777,#12778,#12779,#12780),
 .UNSPECIFIED.,.F.,.F.,(4,4),(0.,0.00168688995048537),.UNSPECIFIED.);
#599=B_SPLINE_CURVE_WITH_KNOTS('',3,(#12783,#12784,#12785,#12786),
 .UNSPECIFIED.,.F.,.F.,(4,4),(0.,0.00169043467572219),.UNSPECIFIED.);
#600=B_SPLINE_CURVE_WITH_KNOTS('',3,(#12788,#12789,#12790,#12791),
 .UNSPECIFIED.,.F.,.F.,(4,4),(-0.000951452632456199,0.000736093634814485),
 .UNSPECIFIED.);
#601=B_SPLINE_CURVE_WITH_KNOTS('',3,(#12792,#12793,#12794,#12795),
 .UNSPECIFIED.,.F.,.F.,(4,4),(0.,0.00168688995048071),.UNSPECIFIED.);
#602=B_SPLINE_CURVE_WITH_KNOTS('',3,(#12893,#12894,#12895,#12896),
 .UNSPECIFIED.,.F.,.F.,(4,4),(1.5162279563921E-16,0.00327862394915872),
 .UNSPECIFIED.);
#603=B_SPLINE_CURVE_WITH_KNOTS('',3,(#12920,#12921,#12922,#12923),
 .UNSPECIFIED.,.F.,.F.,(4,4),(8.5773097039193E-16,0.00327862394915885),
 .UNSPECIFIED.);
#604=B_SPLINE_CURVE_WITH_KNOTS('',3,(#12939,#12940,#12941,#12942),
 .UNSPECIFIED.,.F.,.F.,(4,4),(0.,0.00169222235838316),.UNSPECIFIED.);
#605=B_SPLINE_CURVE_WITH_KNOTS('',3,(#12943,#12944,#12945,#12946),
 .UNSPECIFIED.,.F.,.F.,(4,4),(-0.00073833379010439,0.000953888599090528),
 .UNSPECIFIED.);
#606=B_SPLINE_CURVE_WITH_KNOTS('',3,(#12949,#12950,#12951,#12952),
 .UNSPECIFIED.,.F.,.F.,(4,4),(0.,0.00168741727297263),.UNSPECIFIED.);
#607=B_SPLINE_CURVE_WITH_KNOTS('',3,(#12953,#12954,#12955,#12956),
 .UNSPECIFIED.,.F.,.F.,(4,4),(0.,0.00169043265002252),.UNSPECIFIED.);
#608=B_SPLINE_CURVE_WITH_KNOTS('',3,(#13091,#13092,#13093,#13094),
 .UNSPECIFIED.,.F.,.F.,(4,4),(0.,0.00168741731395595),.UNSPECIFIED.);
#609=B_SPLINE_CURVE_WITH_KNOTS('',3,(#13096,#13097,#13098,#13099),
 .UNSPECIFIED.,.F.,.F.,(4,4),(5.20417042793042E-18,0.0016904326913026),
 .UNSPECIFIED.);
#610=B_SPLINE_CURVE_WITH_KNOTS('',3,(#13101,#13102,#13103,#13104),
 .UNSPECIFIED.,.F.,.F.,(4,4),(3.97475081924031E-18,0.00169255093145585),
 .UNSPECIFIED.);
#611=B_SPLINE_CURVE_WITH_KNOTS('',3,(#13106,#13107,#13108,#13109),
 .UNSPECIFIED.,.F.,.F.,(4,4),(0.,0.00168741731381031),.UNSPECIFIED.);
#612=B_SPLINE_CURVE_WITH_KNOTS('',3,(#13111,#13112,#13113,#13114),
 .UNSPECIFIED.,.F.,.F.,(4,4),(0.,0.00168741727042832),.UNSPECIFIED.);
#613=B_SPLINE_CURVE_WITH_KNOTS('',3,(#13116,#13117,#13118,#13119),
 .UNSPECIFIED.,.F.,.F.,(4,4),(0.,0.00169027364045911),.UNSPECIFIED.);
#614=B_SPLINE_CURVE_WITH_KNOTS('',3,(#13121,#13122,#13123,#13124),
 .UNSPECIFIED.,.F.,.F.,(4,4),(0.,0.00168741727306867),.UNSPECIFIED.);
#615=B_SPLINE_CURVE_WITH_KNOTS('',3,(#13126,#13127,#13128,#13129),
 .UNSPECIFIED.,.F.,.F.,(4,4),(0.,0.00169043265016698),.UNSPECIFIED.);
#616=B_SPLINE_CURVE_WITH_KNOTS('',3,(#13131,#13132,#13133,#13134),
 .UNSPECIFIED.,.F.,.F.,(4,4),(0.,0.0016874173138104),.UNSPECIFIED.);
#617=B_SPLINE_CURVE_WITH_KNOTS('',3,(#13136,#13137,#13138,#13139),
 .UNSPECIFIED.,.F.,.F.,(4,4),(-0.000951055775245231,0.000736467459341964),
 .UNSPECIFIED.);
#618=B_SPLINE_CURVE_WITH_KNOTS('',3,(#13141,#13142,#13143,#13144),
 .UNSPECIFIED.,.F.,.F.,(4,4),(0.,0.00168741731131579),.UNSPECIFIED.);
#619=B_SPLINE_CURVE_WITH_KNOTS('',3,(#13146,#13147,#13148,#13149),
 .UNSPECIFIED.,.F.,.F.,(4,4),(1.0444418402013E-17,0.00169043269115858),
 .UNSPECIFIED.);
#620=B_SPLINE_CURVE_WITH_KNOTS('',3,(#13153,#13154,#13155,#13156),
 .UNSPECIFIED.,.F.,.F.,(4,4),(0.,0.00168741727277556),.UNSPECIFIED.);
#621=B_SPLINE_CURVE_WITH_KNOTS('',3,(#13158,#13159,#13160,#13161),
 .UNSPECIFIED.,.F.,.F.,(4,4),(0.,0.00169043265031294),.UNSPECIFIED.);
#622=B_SPLINE_CURVE_WITH_KNOTS('',3,(#13167,#13168,#13169,#13170),
 .UNSPECIFIED.,.F.,.F.,(4,4),(0.,0.00168741727306938),.UNSPECIFIED.);
#623=B_SPLINE_CURVE_WITH_KNOTS('',3,(#13172,#13173,#13174,#13175),
 .UNSPECIFIED.,.F.,.F.,(4,4),(3.63050727266868E-17,0.00169043269115775),
 .UNSPECIFIED.);
#624=B_SPLINE_CURVE_WITH_KNOTS('',3,(#13181,#13182,#13183,#13184),
 .UNSPECIFIED.,.F.,.F.,(4,4),(0.,0.00168741731366229),.UNSPECIFIED.);
#625=B_SPLINE_CURVE_WITH_KNOTS('',3,(#13186,#13187,#13188,#13189),
 .UNSPECIFIED.,.F.,.F.,(4,4),(1.44096954211131E-17,0.0016904347168577),
 .UNSPECIFIED.);
#626=B_SPLINE_CURVE_WITH_KNOTS('',3,(#13191,#13192,#13193,#13194),
 .UNSPECIFIED.,.F.,.F.,(4,4),(0.,0.00168691265440999),.UNSPECIFIED.);
#627=B_SPLINE_CURVE_WITH_KNOTS('',3,(#13199,#13200,#13201,#13202),
 .UNSPECIFIED.,.F.,.F.,(4,4),(5.55382496713543E-18,0.00169043269144908),
 .UNSPECIFIED.);
#628=B_SPLINE_CURVE_WITH_KNOTS('',3,(#13206,#13207,#13208,#13209),
 .UNSPECIFIED.,.F.,.F.,(4,4),(0.,0.00168741731395647),.UNSPECIFIED.);
#629=B_SPLINE_CURVE_WITH_KNOTS('',3,(#13211,#13212,#13213,#13214),
 .UNSPECIFIED.,.F.,.F.,(4,4),(3.00462919747432E-18,0.001690432691158),
 .UNSPECIFIED.);
#630=B_SPLINE_CURVE_WITH_KNOTS('',3,(#13218,#13219,#13220,#13221),
 .UNSPECIFIED.,.F.,.F.,(4,4),(0.,0.00169043467572207),.UNSPECIFIED.);
#631=B_SPLINE_CURVE_WITH_KNOTS('',3,(#13224,#13225,#13226,#13227),
 .UNSPECIFIED.,.F.,.F.,(4,4),(-0.000738003233481994,0.000953888639325868),
 .UNSPECIFIED.);
#632=B_SPLINE_CURVE_WITH_KNOTS('',3,(#13254,#13255,#13256,#13257),
 .UNSPECIFIED.,.F.,.F.,(4,4),(0.,0.00168741731395597),.UNSPECIFIED.);
#633=B_SPLINE_CURVE_WITH_KNOTS('',3,(#13259,#13260,#13261,#13262),
 .UNSPECIFIED.,.F.,.F.,(4,4),(8.67361737988404E-19,0.00169043269130247),
 .UNSPECIFIED.);
#634=B_SPLINE_CURVE_WITH_KNOTS('',3,(#13264,#13265,#13266,#13267),
 .UNSPECIFIED.,.F.,.F.,(4,4),(1.67290673692161E-17,0.00169255093145593),
 .UNSPECIFIED.);
#635=B_SPLINE_CURVE_WITH_KNOTS('',3,(#13269,#13270,#13271,#13272),
 .UNSPECIFIED.,.F.,.F.,(4,4),(0.,0.00168741731381044),.UNSPECIFIED.);
#636=B_SPLINE_CURVE_WITH_KNOTS('',3,(#13274,#13275,#13276,#13277),
 .UNSPECIFIED.,.F.,.F.,(4,4),(0.,0.00168741727042836),.UNSPECIFIED.);
#637=B_SPLINE_CURVE_WITH_KNOTS('',3,(#13279,#13280,#13281,#13282),
 .UNSPECIFIED.,.F.,.F.,(4,4),(0.,0.00169027364045905),.UNSPECIFIED.);
#638=B_SPLINE_CURVE_WITH_KNOTS('',3,(#13284,#13285,#13286,#13287),
 .UNSPECIFIED.,.F.,.F.,(4,4),(-1.58769423103458E-7,0.00168741727306878),
 .UNSPECIFIED.);
#639=B_SPLINE_CURVE_WITH_KNOTS('',3,(#13289,#13290,#13291,#13292),
 .UNSPECIFIED.,.F.,.F.,(4,4),(0.,0.00169043265016708),.UNSPECIFIED.);
#640=B_SPLINE_CURVE_WITH_KNOTS('',3,(#13294,#13295,#13296,#13297),
 .UNSPECIFIED.,.F.,.F.,(4,4),(0.,0.00168741731381026),.UNSPECIFIED.);
#641=B_SPLINE_CURVE_WITH_KNOTS('',3,(#13299,#13300,#13301,#13302),
 .UNSPECIFIED.,.F.,.F.,(4,4),(-0.000951055775245246,0.000736467459341966),
 .UNSPECIFIED.);
#642=B_SPLINE_CURVE_WITH_KNOTS('',3,(#13304,#13305,#13306,#13307),
 .UNSPECIFIED.,.F.,.F.,(4,4),(0.,0.00168741731131575),.UNSPECIFIED.);
#643=B_SPLINE_CURVE_WITH_KNOTS('',3,(#13309,#13310,#13311,#13312),
 .UNSPECIFIED.,.F.,.F.,(4,4),(8.67361737988404E-19,0.0016902736815945),
 .UNSPECIFIED.);
#644=B_SPLINE_CURVE_WITH_KNOTS('',3,(#13316,#13317,#13318,#13319),
 .UNSPECIFIED.,.F.,.F.,(4,4),(0.,0.00168741727277558),.UNSPECIFIED.);
#645=B_SPLINE_CURVE_WITH_KNOTS('',3,(#13321,#13322,#13323,#13324),
 .UNSPECIFIED.,.F.,.F.,(4,4),(0.,0.00169043265031293),.UNSPECIFIED.);
#646=B_SPLINE_CURVE_WITH_KNOTS('',3,(#13330,#13331,#13332,#13333),
 .UNSPECIFIED.,.F.,.F.,(4,4),(0.,0.00168741727306961),.UNSPECIFIED.);
#647=B_SPLINE_CURVE_WITH_KNOTS('',3,(#13335,#13336,#13337,#13338),
 .UNSPECIFIED.,.F.,.F.,(4,4),(3.00462919747432E-18,0.00169043269115747),
 .UNSPECIFIED.);
#648=B_SPLINE_CURVE_WITH_KNOTS('',3,(#13342,#13343,#13344,#13345),
 .UNSPECIFIED.,.F.,.F.,(4,4),(0.,0.00168741731366228),.UNSPECIFIED.);
#649=B_SPLINE_CURVE_WITH_KNOTS('',3,(#13347,#13348,#13349,#13350),
 .UNSPECIFIED.,.F.,.F.,(4,4),(1.0444418402013E-17,0.00169043471685768),
 .UNSPECIFIED.);
#650=B_SPLINE_CURVE_WITH_KNOTS('',3,(#13352,#13353,#13354,#13355),
 .UNSPECIFIED.,.F.,.F.,(4,4),(0.,0.00168691265440995),.UNSPECIFIED.);
#651=B_SPLINE_CURVE_WITH_KNOTS('',3,(#13360,#13361,#13362,#13363),
 .UNSPECIFIED.,.F.,.F.,(4,4),(0.,0.00169043269144907),.UNSPECIFIED.);
#652=B_SPLINE_CURVE_WITH_KNOTS('',3,(#13369,#13370,#13371,#13372),
 .UNSPECIFIED.,.F.,.F.,(4,4),(0.,0.00168741731395671),.UNSPECIFIED.);
#653=B_SPLINE_CURVE_WITH_KNOTS('',3,(#13374,#13375,#13376,#13377),
 .UNSPECIFIED.,.F.,.F.,(4,4),(1.11076499342709E-17,0.00169043269115778),
 .UNSPECIFIED.);
#654=B_SPLINE_CURVE_WITH_KNOTS('',3,(#13381,#13382,#13383,#13384),
 .UNSPECIFIED.,.F.,.F.,(4,4),(0.,0.00169043467572211),.UNSPECIFIED.);
#655=B_SPLINE_CURVE_WITH_KNOTS('',3,(#13388,#13389,#13390,#13391),
 .UNSPECIFIED.,.F.,.F.,(4,4),(-0.000738003233482043,0.000953888639325862),
 .UNSPECIFIED.);
#656=B_SPLINE_CURVE_WITH_KNOTS('',3,(#13419,#13420,#13421,#13422),
 .UNSPECIFIED.,.F.,.F.,(4,4),(-1.58769423211228E-7,0.00168741731395585),
 .UNSPECIFIED.);
#657=B_SPLINE_CURVE_WITH_KNOTS('',3,(#13424,#13425,#13426,#13427),
 .UNSPECIFIED.,.F.,.F.,(4,4),(1.92390140388462E-17,0.00169043269130263),
 .UNSPECIFIED.);
#658=B_SPLINE_CURVE_WITH_KNOTS('',3,(#13429,#13430,#13431,#13432),
 .UNSPECIFIED.,.F.,.F.,(4,4),(2.2350348528053E-17,0.00169255093145589),
 .UNSPECIFIED.);
#659=B_SPLINE_CURVE_WITH_KNOTS('',3,(#13434,#13435,#13436,#13437),
 .UNSPECIFIED.,.F.,.F.,(4,4),(0.,0.00168741731381032),.UNSPECIFIED.);
#660=B_SPLINE_CURVE_WITH_KNOTS('',3,(#13439,#13440,#13441,#13442),
 .UNSPECIFIED.,.F.,.F.,(4,4),(0.,0.00168741727042838),.UNSPECIFIED.);
#661=B_SPLINE_CURVE_WITH_KNOTS('',3,(#13444,#13445,#13446,#13447),
 .UNSPECIFIED.,.F.,.F.,(4,4),(0.,0.0016902736404592),.UNSPECIFIED.);
#662=B_SPLINE_CURVE_WITH_KNOTS('',3,(#13449,#13450,#13451,#13452),
 .UNSPECIFIED.,.F.,.F.,(4,4),(0.,0.00168741727306837),.UNSPECIFIED.);
#663=B_SPLINE_CURVE_WITH_KNOTS('',3,(#13454,#13455,#13456,#13457),
 .UNSPECIFIED.,.F.,.F.,(4,4),(0.,0.00169043265016703),.UNSPECIFIED.);
#664=B_SPLINE_CURVE_WITH_KNOTS('',3,(#13459,#13460,#13461,#13462),
 .UNSPECIFIED.,.F.,.F.,(4,4),(0.,0.00168741731381027),.UNSPECIFIED.);
#665=B_SPLINE_CURVE_WITH_KNOTS('',3,(#13464,#13465,#13466,#13467),
 .UNSPECIFIED.,.F.,.F.,(4,4),(-0.000951055775245291,0.000736467459341943),
 .UNSPECIFIED.);
#666=B_SPLINE_CURVE_WITH_KNOTS('',3,(#13469,#13470,#13471,#13472),
 .UNSPECIFIED.,.F.,.F.,(4,4),(0.,0.00168741731131573),.UNSPECIFIED.);
#667=B_SPLINE_CURVE_WITH_KNOTS('',3,(#13474,#13475,#13476,#13477),
 .UNSPECIFIED.,.F.,.F.,(4,4),(1.02627624854947E-17,0.00169027368159462),
 .UNSPECIFIED.);
#668=B_SPLINE_CURVE_WITH_KNOTS('',3,(#13481,#13482,#13483,#13484),
 .UNSPECIFIED.,.F.,.F.,(4,4),(0.,0.00168741727277507),.UNSPECIFIED.);
#669=B_SPLINE_CURVE_WITH_KNOTS('',3,(#13485,#13486,#13487,#13488),
 .UNSPECIFIED.,.F.,.F.,(4,4),(0.,0.00169043265031336),.UNSPECIFIED.);
#670=B_SPLINE_CURVE_WITH_KNOTS('',3,(#13495,#13496,#13497,#13498),
 .UNSPECIFIED.,.F.,.F.,(4,4),(0.,0.00168741731395702),.UNSPECIFIED.);
#671=B_SPLINE_CURVE_WITH_KNOTS('',3,(#13500,#13501,#13502,#13503),
 .UNSPECIFIED.,.F.,.F.,(4,4),(1.81939333073296E-17,0.00169043269144867),
 .UNSPECIFIED.);
#672=B_SPLINE_CURVE_WITH_KNOTS('',3,(#13506,#13507,#13508,#13509),
 .UNSPECIFIED.,.F.,.F.,(4,4),(1.7085044840333E-17,0.0016904326911575),
 .UNSPECIFIED.);
#673=B_SPLINE_CURVE_WITH_KNOTS('',3,(#13513,#13514,#13515,#13516),
 .UNSPECIFIED.,.F.,.F.,(4,4),(0.,0.0016904346757221),.UNSPECIFIED.);
#674=B_SPLINE_CURVE_WITH_KNOTS('',3,(#13520,#13521,#13522,#13523),
 .UNSPECIFIED.,.F.,.F.,(4,4),(-0.000738003233482093,0.000953888639325796),
 .UNSPECIFIED.);
#675=B_SPLINE_CURVE_WITH_KNOTS('',3,(#13529,#13530,#13531,#13532),
 .UNSPECIFIED.,.F.,.F.,(4,4),(0.,0.00168741731366275),.UNSPECIFIED.);
#676=B_SPLINE_CURVE_WITH_KNOTS('',3,(#13534,#13535,#13536,#13537),
 .UNSPECIFIED.,.F.,.F.,(4,4),(0.,0.00168741727306949),.UNSPECIFIED.);
#677=B_SPLINE_CURVE_WITH_KNOTS('',3,(#13539,#13540,#13541,#13542),
 .UNSPECIFIED.,.F.,.F.,(4,4),(1.16691587357124E-17,0.00169043269115754),
 .UNSPECIFIED.);
#678=B_SPLINE_CURVE_WITH_KNOTS('',3,(#13547,#13548,#13549,#13550),
 .UNSPECIFIED.,.F.,.F.,(4,4),(1.44096954211131E-17,0.00169043471685793),
 .UNSPECIFIED.);
#679=B_SPLINE_CURVE_WITH_KNOTS('',3,(#13552,#13553,#13554,#13555),
 .UNSPECIFIED.,.F.,.F.,(4,4),(0.,0.00168691265440975),.UNSPECIFIED.);
#680=B_SPLINE_CURVE_WITH_KNOTS('',3,(#13582,#13583,#13584,#13585),
 .UNSPECIFIED.,.F.,.F.,(4,4),(0.,0.00168741727306862),.UNSPECIFIED.);
#681=B_SPLINE_CURVE_WITH_KNOTS('',3,(#13587,#13588,#13589,#13590),
 .UNSPECIFIED.,.F.,.F.,(4,4),(0.,0.00169043265016702),.UNSPECIFIED.);
#682=B_SPLINE_CURVE_WITH_KNOTS('',3,(#13592,#13593,#13594,#13595),
 .UNSPECIFIED.,.F.,.F.,(4,4),(0.,0.00169253298119405),.UNSPECIFIED.);
#683=B_SPLINE_CURVE_WITH_KNOTS('',3,(#13597,#13598,#13599,#13600),
 .UNSPECIFIED.,.F.,.F.,(4,4),(0.,0.00168741727292228),.UNSPECIFIED.);
#684=B_SPLINE_CURVE_WITH_KNOTS('',3,(#13602,#13603,#13604,#13605),
 .UNSPECIFIED.,.F.,.F.,(4,4),(0.,0.00168741727042832),.UNSPECIFIED.);
#685=B_SPLINE_CURVE_WITH_KNOTS('',3,(#13607,#13608,#13609,#13610),
 .UNSPECIFIED.,.F.,.F.,(4,4),(0.,0.00169010549150085),.UNSPECIFIED.);
#686=B_SPLINE_CURVE_WITH_KNOTS('',3,(#13612,#13613,#13614,#13615),
 .UNSPECIFIED.,.F.,.F.,(4,4),(1.08680114266881E-17,0.00168774797868498),
 .UNSPECIFIED.);
#687=B_SPLINE_CURVE_WITH_KNOTS('',3,(#13617,#13618,#13619,#13620),
 .UNSPECIFIED.,.F.,.F.,(4,4),(0.,0.00169043265016717),.UNSPECIFIED.);
#688=B_SPLINE_CURVE_WITH_KNOTS('',3,(#13622,#13623,#13624,#13625),
 .UNSPECIFIED.,.F.,.F.,(4,4),(0.,0.00168741727292215),.UNSPECIFIED.);
#689=B_SPLINE_CURVE_WITH_KNOTS('',3,(#13627,#13628,#13629,#13630),
 .UNSPECIFIED.,.F.,.F.,(4,4),(-0.000951068833302726,0.000736150039162143),
 .UNSPECIFIED.);
#690=B_SPLINE_CURVE_WITH_KNOTS('',3,(#13632,#13633,#13634,#13635),
 .UNSPECIFIED.,.F.,.F.,(4,4),(7.35980840008019E-18,0.0016877479786849),
 .UNSPECIFIED.);
#691=B_SPLINE_CURVE_WITH_KNOTS('',3,(#13637,#13638,#13639,#13640),
 .UNSPECIFIED.,.F.,.F.,(4,4),(0.,0.00169043265002304),.UNSPECIFIED.);
#692=B_SPLINE_CURVE_WITH_KNOTS('',3,(#13644,#13645,#13646,#13647),
 .UNSPECIFIED.,.F.,.F.,(4,4),(5.75342688483617E-18,0.00168774797868483),
 .UNSPECIFIED.);
#693=B_SPLINE_CURVE_WITH_KNOTS('',3,(#13648,#13649,#13650,#13651),
 .UNSPECIFIED.,.F.,.F.,(4,4),(0.,0.00169010549150097),.UNSPECIFIED.);
#694=B_SPLINE_CURVE_WITH_KNOTS('',3,(#13658,#13659,#13660,#13661),
 .UNSPECIFIED.,.F.,.F.,(4,4),(0.,0.00168741727306929),.UNSPECIFIED.);
#695=B_SPLINE_CURVE_WITH_KNOTS('',3,(#13663,#13664,#13665,#13666),
 .UNSPECIFIED.,.F.,.F.,(4,4),(0.,0.00169043265031338),.UNSPECIFIED.);
#696=B_SPLINE_CURVE_WITH_KNOTS('',3,(#13669,#13670,#13671,#13672),
 .UNSPECIFIED.,.F.,.F.,(4,4),(0.,0.00169043265002267),.UNSPECIFIED.);
#697=B_SPLINE_CURVE_WITH_KNOTS('',3,(#13676,#13677,#13678,#13679),
 .UNSPECIFIED.,.F.,.F.,(4,4),(0.,0.00169043467572227),.UNSPECIFIED.);
#698=B_SPLINE_CURVE_WITH_KNOTS('',3,(#13681,#13682,#13683,#13684),
 .UNSPECIFIED.,.F.,.F.,(4,4),(-0.000738389603955088,0.0009535198231002),
 .UNSPECIFIED.);
#699=B_SPLINE_CURVE_WITH_KNOTS('',3,(#13690,#13691,#13692,#13693),
 .UNSPECIFIED.,.F.,.F.,(4,4),(0.,0.00168741727277512),.UNSPECIFIED.);
#700=B_SPLINE_CURVE_WITH_KNOTS('',3,(#13697,#13698,#13699,#13700),
 .UNSPECIFIED.,.F.,.F.,(4,4),(0.,0.00168741727306961),.UNSPECIFIED.);
#701=B_SPLINE_CURVE_WITH_KNOTS('',3,(#13702,#13703,#13704,#13705),
 .UNSPECIFIED.,.F.,.F.,(4,4),(0.,0.00169043265002238),.UNSPECIFIED.);
#702=B_SPLINE_CURVE_WITH_KNOTS('',3,(#13711,#13712,#13713,#13714),
 .UNSPECIFIED.,.F.,.F.,(4,4),(0.,0.00169010549150088),.UNSPECIFIED.);
#703=B_SPLINE_CURVE_WITH_KNOTS('',3,(#13716,#13717,#13718,#13719),
 .UNSPECIFIED.,.F.,.F.,(4,4),(5.75342688483618E-18,0.00168721883078087),
 .UNSPECIFIED.);
#704=B_SPLINE_CURVE_WITH_KNOTS('',3,(#13901,#13902,#13903,#13904,#13905),
 .UNSPECIFIED.,.F.,.F.,(4,1,4),(0.,0.00213555721819219,0.00427111443638438),
 .UNSPECIFIED.);
#705=B_SPLINE_CURVE_WITH_KNOTS('',3,(#13910,#13911,#13912,#13913,#13914),
 .UNSPECIFIED.,.F.,.F.,(4,1,4),(0.,0.00213623188477505,0.00427246376955011),
 .UNSPECIFIED.);
#706=B_SPLINE_CURVE_WITH_KNOTS('',3,(#13920,#13921,#13922,#13923),
 .UNSPECIFIED.,.F.,.F.,(4,4),(0.,0.00265062957862072),.UNSPECIFIED.);
#707=B_SPLINE_CURVE_WITH_KNOTS('',3,(#13927,#13928,#13929,#13930),
 .UNSPECIFIED.,.F.,.F.,(4,4),(0.,0.00265361924938724),.UNSPECIFIED.);
#708=B_SPLINE_CURVE_WITH_KNOTS('',3,(#14043,#14044,#14045,#14046),
 .UNSPECIFIED.,.F.,.F.,(4,4),(0.,0.000552412727702486),.UNSPECIFIED.);
#709=B_SPLINE_CURVE_WITH_KNOTS('',3,(#14050,#14051,#14052,#14053),
 .UNSPECIFIED.,.F.,.F.,(4,4),(0.,0.000552412727702485),.UNSPECIFIED.);
#710=B_SPLINE_CURVE_WITH_KNOTS('',3,(#14104,#14105,#14106,#14107,#14108),
 .UNSPECIFIED.,.F.,.F.,(4,1,4),(0.,0.00218739425749078,0.00437478851498155),
 .UNSPECIFIED.);
#711=B_SPLINE_CURVE_WITH_KNOTS('',3,(#14113,#14114,#14115,#14116),
 .UNSPECIFIED.,.F.,.F.,(4,4),(0.,0.000552412727702485),.UNSPECIFIED.);
#712=B_SPLINE_CURVE_WITH_KNOTS('',3,(#14124,#14125,#14126,#14127),
 .UNSPECIFIED.,.F.,.F.,(4,4),(0.,0.000552412727702486),.UNSPECIFIED.);
#713=B_SPLINE_CURVE_WITH_KNOTS('',3,(#14143,#14144,#14145,#14146,#14147),
 .UNSPECIFIED.,.F.,.F.,(4,1,4),(0.,0.00218843992738448,0.00437687985476896),
 .UNSPECIFIED.);
#714=B_SPLINE_CURVE_WITH_KNOTS('',3,(#14174,#14175,#14176,#14177),
 .UNSPECIFIED.,.F.,.F.,(4,4),(0.,0.000525139381440656),.UNSPECIFIED.);
#715=B_SPLINE_CURVE_WITH_KNOTS('',3,(#14178,#14179,#14180,#14181),
 .UNSPECIFIED.,.F.,.F.,(4,4),(0.,0.000525139381440648),.UNSPECIFIED.);
#716=B_SPLINE_CURVE_WITH_KNOTS('',3,(#14183,#14184,#14185,#14186),
 .UNSPECIFIED.,.F.,.F.,(4,4),(0.,0.000525139381440642),.UNSPECIFIED.);
#717=B_SPLINE_CURVE_WITH_KNOTS('',3,(#14188,#14189,#14190,#14191),
 .UNSPECIFIED.,.F.,.F.,(4,4),(0.,0.000525139381440655),.UNSPECIFIED.);
#718=B_SPLINE_CURVE_WITH_KNOTS('',3,(#14193,#14194,#14195,#14196),
 .UNSPECIFIED.,.F.,.F.,(4,4),(0.,0.000525139381440639),.UNSPECIFIED.);
#719=B_SPLINE_CURVE_WITH_KNOTS('',3,(#14198,#14199,#14200,#14201),
 .UNSPECIFIED.,.F.,.F.,(4,4),(0.,0.000525139381440655),.UNSPECIFIED.);
#720=B_SPLINE_CURVE_WITH_KNOTS('',3,(#14203,#14204,#14205,#14206),
 .UNSPECIFIED.,.F.,.F.,(4,4),(0.,0.000525139381440635),.UNSPECIFIED.);
#721=B_SPLINE_CURVE_WITH_KNOTS('',3,(#14208,#14209,#14210,#14211),
 .UNSPECIFIED.,.F.,.F.,(4,4),(0.,0.000525139381440652),.UNSPECIFIED.);
#722=B_SPLINE_CURVE_WITH_KNOTS('',3,(#14213,#14214,#14215,#14216),
 .UNSPECIFIED.,.F.,.F.,(4,4),(0.,0.000525139381440639),.UNSPECIFIED.);
#723=B_SPLINE_CURVE_WITH_KNOTS('',3,(#14218,#14219,#14220,#14221),
 .UNSPECIFIED.,.F.,.F.,(4,4),(0.,0.000525139381440649),.UNSPECIFIED.);
#724=B_SPLINE_CURVE_WITH_KNOTS('',3,(#14223,#14224,#14225,#14226),
 .UNSPECIFIED.,.F.,.F.,(4,4),(0.,0.000525139381440638),.UNSPECIFIED.);
#725=B_SPLINE_CURVE_WITH_KNOTS('',3,(#14228,#14229,#14230,#14231),
 .UNSPECIFIED.,.F.,.F.,(4,4),(0.,0.00052513938144064),.UNSPECIFIED.);
#726=B_SPLINE_CURVE_WITH_KNOTS('',3,(#14264,#14265,#14266,#14267),
 .UNSPECIFIED.,.F.,.F.,(4,4),(0.,0.00052513938144065),.UNSPECIFIED.);
#727=B_SPLINE_CURVE_WITH_KNOTS('',3,(#14268,#14269,#14270,#14271),
 .UNSPECIFIED.,.F.,.F.,(4,4),(0.,0.000525139381440651),.UNSPECIFIED.);
#728=B_SPLINE_CURVE_WITH_KNOTS('',3,(#14273,#14274,#14275,#14276),
 .UNSPECIFIED.,.F.,.F.,(4,4),(0.,0.000525139381440637),.UNSPECIFIED.);
#729=B_SPLINE_CURVE_WITH_KNOTS('',3,(#14278,#14279,#14280,#14281),
 .UNSPECIFIED.,.F.,.F.,(4,4),(0.,0.000525139381440649),.UNSPECIFIED.);
#730=B_SPLINE_CURVE_WITH_KNOTS('',3,(#14283,#14284,#14285,#14286),
 .UNSPECIFIED.,.F.,.F.,(4,4),(0.,0.000525139381440639),.UNSPECIFIED.);
#731=B_SPLINE_CURVE_WITH_KNOTS('',3,(#14288,#14289,#14290,#14291),
 .UNSPECIFIED.,.F.,.F.,(4,4),(0.,0.000525139381440656),.UNSPECIFIED.);
#732=B_SPLINE_CURVE_WITH_KNOTS('',3,(#14293,#14294,#14295,#14296),
 .UNSPECIFIED.,.F.,.F.,(4,4),(0.,0.000525139381440639),.UNSPECIFIED.);
#733=B_SPLINE_CURVE_WITH_KNOTS('',3,(#14298,#14299,#14300,#14301),
 .UNSPECIFIED.,.F.,.F.,(4,4),(0.,0.000525139381440656),.UNSPECIFIED.);
#734=B_SPLINE_CURVE_WITH_KNOTS('',3,(#14303,#14304,#14305,#14306),
 .UNSPECIFIED.,.F.,.F.,(4,4),(0.,0.000525139381440634),.UNSPECIFIED.);
#735=B_SPLINE_CURVE_WITH_KNOTS('',3,(#14308,#14309,#14310,#14311),
 .UNSPECIFIED.,.F.,.F.,(4,4),(0.,0.000525139381440647),.UNSPECIFIED.);
#736=B_SPLINE_CURVE_WITH_KNOTS('',3,(#14313,#14314,#14315,#14316),
 .UNSPECIFIED.,.F.,.F.,(4,4),(0.,0.000525139381440641),.UNSPECIFIED.);
#737=B_SPLINE_CURVE_WITH_KNOTS('',3,(#14318,#14319,#14320,#14321),
 .UNSPECIFIED.,.F.,.F.,(4,4),(0.,0.000525139381440641),.UNSPECIFIED.);
#738=B_SPLINE_CURVE_WITH_KNOTS('',3,(#14324,#14325,#14326,#14327,#14328,
#14329,#14330,#14331,#14332,#14333,#14334,#14335,#14336,#14337,#14338,#14339,
#14340,#14341,#14342,#14343,#14344,#14345,#14346,#14347,#14348,#14349,#14350,
#14351,#14352,#14353,#14354,#14355,#14356,#14357,#14358),.UNSPECIFIED.,
 .F.,.F.,(4,1,1,1,1,1,1,1,1,1,1,1,1,1,1,1,1,1,1,1,1,1,1,1,1,1,1,1,1,1,1,
1,4),(0.033264853355275,0.0363382309345088,0.0394116085137426,0.0424849860929764,
0.0455583636722103,0.0486317412514441,0.0517051188306779,0.0547784964099117,
0.0578518739891456,0.0609252515683794,0.0639986291476132,0.067072006726847,
0.0701453843060809,0.0732187618853147,0.0762921394645485,0.0793655170437823,
0.0824388946230162,0.08551227220225,0.0885856497814838,0.0916590273607176,
0.0947324049399514,0.0978057825191853,0.100879160098419,0.103952537677653,
0.107025915256887,0.110099292836121,0.113172670415354,0.116246047994588,
0.119319425573822,0.122392803153056,0.12546618073229,0.128539558311524,
0.131612935890757),.UNSPECIFIED.);
#739=B_SPLINE_CURVE_WITH_KNOTS('',3,(#14362,#14363,#14364,#14365,#14366,
#14367,#14368,#14369,#14370,#14371,#14372,#14373,#14374,#14375,#14376,#14377,
#14378,#14379,#14380,#14381,#14382,#14383,#14384,#14385,#14386,#14387,#14388,
#14389,#14390,#14391,#14392,#14393,#14394,#14395,#14396),.UNSPECIFIED.,
 .F.,.F.,(4,1,1,1,1,1,1,1,1,1,1,1,1,1,1,1,1,1,1,1,1,1,1,1,1,1,1,1,1,1,1,
1,4),(0.0353289697744957,0.0390152307546881,0.0427014917348805,0.0463877527150728,
0.0500740136952652,0.0537602746754576,0.05744653565565,0.0611327966358424,
0.0648190576160348,0.0685053185962271,0.0721915795764195,0.0758778405566119,
0.0795641015368043,0.0832503625169967,0.0869366234971891,0.0906228844773814,
0.0943091454575738,0.0979954064377662,0.101681667417959,0.105367928398151,
0.109054189378343,0.112740450358536,0.116426711338728,0.120112972318921,
0.123799233299113,0.127485494279305,0.131171755259498,0.13485801623969,
0.138544277219882,0.142230538200075,0.145916799180267,0.14960306016046,
0.153289321140652),.UNSPECIFIED.);
#740=B_SPLINE_CURVE_WITH_KNOTS('',3,(#14400,#14401,#14402,#14403,#14404,
#14405,#14406,#14407,#14408,#14409,#14410,#14411,#14412,#14413,#14414,#14415,
#14416,#14417,#14418,#14419,#14420,#14421,#14422,#14423,#14424,#14425,#14426,
#14427,#14428,#14429,#14430,#14431,#14432,#14433,#14434),.UNSPECIFIED.,
 .F.,.F.,(4,1,1,1,1,1,1,1,1,1,1,1,1,1,1,1,1,1,1,1,1,1,1,1,1,1,1,1,1,1,1,
1,4),(0.0353289697744957,0.0390152307546881,0.0427014917348805,0.0463877527150729,
0.0500740136952654,0.0537602746754578,0.0574465356556502,0.0611327966358426,
0.064819057616035,0.0685053185962274,0.0721915795764198,0.0758778405566123,
0.0795641015368047,0.0832503625169971,0.0869366234971895,0.0906228844773819,
0.0943091454575743,0.0979954064377667,0.101681667417959,0.105367928398152,
0.109054189378344,0.112740450358536,0.116426711338729,0.120112972318921,
0.123799233299114,0.127485494279306,0.131171755259498,0.134858016239691,
0.138544277219883,0.142230538200076,0.145916799180268,0.149603060160461,
0.153289321140653),.UNSPECIFIED.);
#741=B_SPLINE_CURVE_WITH_KNOTS('',3,(#14435,#14436,#14437,#14438,#14439,
#14440,#14441,#14442,#14443,#14444,#14445,#14446,#14447,#14448,#14449,#14450,
#14451,#14452,#14453,#14454,#14455,#14456,#14457,#14458,#14459,#14460,#14461,
#14462,#14463,#14464,#14465,#14466,#14467,#14468,#14469),.UNSPECIFIED.,
 .F.,.F.,(4,1,1,1,1,1,1,1,1,1,1,1,1,1,1,1,1,1,1,1,1,1,1,1,1,1,1,1,1,1,1,
1,4),(0.0332648533552757,0.0363382309345095,0.0394116085137433,0.0424849860929771,
0.0455583636722109,0.0486317412514447,0.0517051188306785,0.0547784964099123,
0.0578518739891461,0.0609252515683799,0.0639986291476137,0.0670720067268475,
0.0701453843060813,0.0732187618853151,0.076292139464549,0.0793655170437828,
0.0824388946230166,0.0855122722022504,0.0885856497814842,0.091659027360718,
0.0947324049399518,0.0978057825191856,0.100879160098419,0.103952537677653,
0.107025915256887,0.110099292836121,0.113172670415355,0.116246047994588,
0.119319425573822,0.122392803153056,0.12546618073229,0.128539558311524,
0.131612935890758),.UNSPECIFIED.);
#742=B_SPLINE_CURVE_WITH_KNOTS('',3,(#14471,#14472,#14473,#14474),
 .UNSPECIFIED.,.F.,.F.,(4,4),(0.00600930866879212,0.00692593636824958),
 .UNSPECIFIED.);
#743=B_SPLINE_CURVE_WITH_KNOTS('',3,(#14478,#14479,#14480,#14481),
 .UNSPECIFIED.,.F.,.F.,(4,4),(0.0018424276581068,0.00275905601380817),
 .UNSPECIFIED.);
#744=B_SPLINE_CURVE_WITH_KNOTS('',3,(#14483,#14484,#14485,#14486,#14487,
#14488,#14489,#14490,#14491,#14492,#14493,#14494,#14495,#14496,#14497,#14498,
#14499,#14500,#14501,#14502,#14503,#14504,#14505,#14506,#14507,#14508,#14509,
#14510,#14511,#14512,#14513,#14514,#14515,#14516,#14517),.UNSPECIFIED.,
 .F.,.F.,(4,1,1,1,1,1,1,1,1,1,1,1,1,1,1,1,1,1,1,1,1,1,1,1,1,1,1,1,1,1,1,
1,4),(0.,0.00424011386305457,0.00848022772610915,0.0127203415891637,0.0169604554522183,
0.0212005693152729,0.0254406831783274,0.029680797041382,0.0339209109044366,
0.0381610247674912,0.0424011386305457,0.0466412524936003,0.0508813663566549,
0.0551214802197095,0.059361594082764,0.0636017079458186,0.0678418218088732,
0.0720819356719277,0.0763220495349823,0.0805621633980369,0.0848022772610915,
0.089042391124146,0.0932825049872006,0.0975226188502552,0.10176273271331,
0.106002846576364,0.110242960439419,0.114483074302473,0.118723188165528,
0.122963302028583,0.127203415891637,0.131443529754692,0.135683643617746),
 .UNSPECIFIED.);
#745=B_SPLINE_CURVE_WITH_KNOTS('',3,(#14518,#14519,#14520,#14521,#14522,
#14523,#14524,#14525,#14526,#14527,#14528,#14529,#14530,#14531,#14532,#14533,
#14534,#14535,#14536,#14537,#14538,#14539,#14540,#14541,#14542,#14543,#14544,
#14545,#14546,#14547,#14548,#14549,#14550,#14551,#14552),.UNSPECIFIED.,
 .F.,.F.,(4,1,1,1,1,1,1,1,1,1,1,1,1,1,1,1,1,1,1,1,1,1,1,1,1,1,1,1,1,1,1,
1,4),(0.,0.00391478283425319,0.00782956566850638,0.0117443485027596,0.0156591313370128,
0.0195739141712659,0.0234886970055191,0.0274034798397723,0.0313182626740255,
0.0352330455082787,0.0391478283425319,0.0430626111767851,0.0469773940110383,
0.0508921768452914,0.0548069596795446,0.0587217425137978,0.062636525348051,
0.0665513081823042,0.0704660910165574,0.0743808738508106,0.0782956566850637,
0.0822104395193169,0.0861252223535701,0.0900400051878233,0.0939547880220765,
0.0978695708563297,0.101784353690583,0.105699136524836,0.109613919359089,
0.113528702193342,0.117443485027596,0.121358267861849,0.125273050696102),
 .UNSPECIFIED.);
#746=B_SPLINE_CURVE_WITH_KNOTS('',3,(#14926,#14927,#14928,#14929),
 .UNSPECIFIED.,.F.,.F.,(4,4),(0.00340978706007638,0.00432641456549962),
 .UNSPECIFIED.);
#747=B_SPLINE_CURVE_WITH_KNOTS('',3,(#14933,#14934,#14935,#14936),
 .UNSPECIFIED.,.F.,.F.,(4,4),(0.0018424276581068,0.00275905601380817),
 .UNSPECIFIED.);
#748=B_SPLINE_CURVE_WITH_KNOTS('',3,(#14938,#14939,#14940,#14941,#14942,
#14943,#14944,#14945,#14946,#14947,#14948,#14949,#14950,#14951,#14952,#14953,
#14954,#14955,#14956,#14957,#14958,#14959,#14960,#14961,#14962,#14963,#14964,
#14965,#14966,#14967,#14968,#14969,#14970,#14971,#14972),.UNSPECIFIED.,
 .F.,.F.,(4,1,1,1,1,1,1,1,1,1,1,1,1,1,1,1,1,1,1,1,1,1,1,1,1,1,1,1,1,1,1,
1,4),(0.,0.00424011386305457,0.00848022772610914,0.0127203415891637,0.0169604554522183,
0.0212005693152729,0.0254406831783274,0.029680797041382,0.0339209109044366,
0.0381610247674912,0.0424011386305457,0.0466412524936003,0.0508813663566549,
0.0551214802197094,0.059361594082764,0.0636017079458186,0.0678418218088732,
0.0720819356719277,0.0763220495349823,0.0805621633980369,0.0848022772610914,
0.089042391124146,0.0932825049872006,0.0975226188502552,0.10176273271331,
0.106002846576364,0.110242960439419,0.114483074302473,0.118723188165528,
0.122963302028583,0.127203415891637,0.131443529754692,0.135683643617746),
 .UNSPECIFIED.);
#749=B_SPLINE_CURVE_WITH_KNOTS('',3,(#14973,#14974,#14975,#14976,#14977,
#14978,#14979,#14980,#14981,#14982,#14983,#14984,#14985,#14986,#14987,#14988,
#14989,#14990,#14991,#14992,#14993,#14994,#14995,#14996,#14997,#14998,#14999,
#15000,#15001,#15002,#15003,#15004,#15005,#15006,#15007),.UNSPECIFIED.,
 .F.,.F.,(4,1,1,1,1,1,1,1,1,1,1,1,1,1,1,1,1,1,1,1,1,1,1,1,1,1,1,1,1,1,1,
1,4),(0.,0.00391479481011427,0.00782958962022853,0.0117443844303428,0.0156591792404571,
0.0195739740505713,0.0234887688606856,0.0274035636707999,0.0313183584809141,
0.0352331532910284,0.0391479481011427,0.0430627429112569,0.0469775377213712,
0.0508923325314855,0.0548071273415997,0.058721922151714,0.0626367169618283,
0.0665515117719425,0.0704663065820568,0.074381101392171,0.0782958962022853,
0.0822106910123996,0.0861254858225138,0.0900402806326281,0.0939550754427424,
0.0978698702528566,0.101784665062971,0.105699459873085,0.109614254683199,
0.113529049493314,0.117443844303428,0.121358639113542,0.125273433923657),
 .UNSPECIFIED.);
#750=B_SPLINE_CURVE_WITH_KNOTS('',3,(#15418,#15419,#15420,#15421),
 .UNSPECIFIED.,.F.,.F.,(4,4),(0.844047555679476,0.85165375648951),
 .UNSPECIFIED.);
#751=B_SPLINE_CURVE_WITH_KNOTS('',3,(#15425,#15426,#15427,#15428),
 .UNSPECIFIED.,.F.,.F.,(4,4),(0.986492460915037,0.994082866453906),
 .UNSPECIFIED.);
#752=B_SPLINE_CURVE_WITH_KNOTS('',3,(#15434,#15435,#15436,#15437),
 .UNSPECIFIED.,.F.,.F.,(4,4),(0.986492460915037,0.994082866453906),
 .UNSPECIFIED.);
#753=B_SPLINE_CURVE_WITH_KNOTS('',3,(#15441,#15442,#15443,#15444),
 .UNSPECIFIED.,.F.,.F.,(4,4),(0.844047555679476,0.85165375648951),
 .UNSPECIFIED.);
#754=B_SPLINE_CURVE_WITH_KNOTS('',3,(#15461,#15462,#15463,#15464),
 .UNSPECIFIED.,.F.,.F.,(4,4),(0.985220744404951,0.986492460915037),
 .UNSPECIFIED.);
#755=B_SPLINE_CURVE_WITH_KNOTS('',3,(#15465,#15466,#15467,#15468),
 .UNSPECIFIED.,.F.,.F.,(4,4),(0.985220744404951,0.986492460915037),
 .UNSPECIFIED.);
#756=B_SPLINE_CURVE_WITH_KNOTS('',3,(#15471,#15472,#15473,#15474),
 .UNSPECIFIED.,.F.,.F.,(4,4),(0.85165375648951,0.852901956760195),
 .UNSPECIFIED.);
#757=B_SPLINE_CURVE_WITH_KNOTS('',3,(#15491,#15492,#15493,#15494),
 .UNSPECIFIED.,.F.,.F.,(4,4),(0.85165375648951,0.852901956760192),
 .UNSPECIFIED.);
#758=B_SPLINE_CURVE_WITH_KNOTS('',3,(#15506,#15507,#15508,#15509),
 .UNSPECIFIED.,.F.,.F.,(4,4),(0.986492460915037,0.994082866453906),
 .UNSPECIFIED.);
#759=B_SPLINE_CURVE_WITH_KNOTS('',3,(#15510,#15511,#15512,#15513),
 .UNSPECIFIED.,.F.,.F.,(4,4),(0.844047555679476,0.85165375648951),
 .UNSPECIFIED.);
#760=B_SPLINE_CURVE_WITH_KNOTS('',3,(#15515,#15516,#15517,#15518),
 .UNSPECIFIED.,.F.,.F.,(4,4),(0.844047555679476,0.85165375648951),
 .UNSPECIFIED.);
#761=B_SPLINE_CURVE_WITH_KNOTS('',3,(#15522,#15523,#15524,#15525),
 .UNSPECIFIED.,.F.,.F.,(4,4),(0.986492460915037,0.994082866453906),
 .UNSPECIFIED.);
#762=B_SPLINE_CURVE_WITH_KNOTS('',3,(#15545,#15546,#15547,#15548),
 .UNSPECIFIED.,.F.,.F.,(4,4),(0.85165375648951,0.852901956760192),
 .UNSPECIFIED.);
#763=B_SPLINE_CURVE_WITH_KNOTS('',3,(#15549,#15550,#15551,#15552),
 .UNSPECIFIED.,.F.,.F.,(4,4),(0.85165375648951,0.852901956760194),
 .UNSPECIFIED.);
#764=B_SPLINE_CURVE_WITH_KNOTS('',3,(#15569,#15570,#15571,#15572),
 .UNSPECIFIED.,.F.,.F.,(4,4),(0.985220744404951,0.986492460915037),
 .UNSPECIFIED.);
#765=B_SPLINE_CURVE_WITH_KNOTS('',3,(#15573,#15574,#15575,#15576),
 .UNSPECIFIED.,.F.,.F.,(4,4),(0.985220744404951,0.986492460915037),
 .UNSPECIFIED.);
#766=B_SPLINE_CURVE_WITH_KNOTS('',3,(#15612,#15613,#15614,#15615),
 .UNSPECIFIED.,.F.,.F.,(4,4),(0.594047555697934,0.601653756519423),
 .UNSPECIFIED.);
#767=B_SPLINE_CURVE_WITH_KNOTS('',3,(#15619,#15620,#15621,#15622),
 .UNSPECIFIED.,.F.,.F.,(4,4),(0.736482082246384,0.744097199105845),
 .UNSPECIFIED.);
#768=B_SPLINE_CURVE_WITH_KNOTS('',3,(#15634,#15635,#15636,#15637),
 .UNSPECIFIED.,.F.,.F.,(4,4),(0.736482082246384,0.744097199105845),
 .UNSPECIFIED.);
#769=B_SPLINE_CURVE_WITH_KNOTS('',3,(#15641,#15642,#15643,#15644),
 .UNSPECIFIED.,.F.,.F.,(4,4),(0.594047555697934,0.601653756519423),
 .UNSPECIFIED.);
#770=B_SPLINE_CURVE_WITH_KNOTS('',3,(#15661,#15662,#15663,#15664),
 .UNSPECIFIED.,.F.,.F.,(4,4),(0.735212003422429,0.736482082246384),
 .UNSPECIFIED.);
#771=B_SPLINE_CURVE_WITH_KNOTS('',3,(#15665,#15666,#15667,#15668),
 .UNSPECIFIED.,.F.,.F.,(4,4),(0.735212003422429,0.736482082246384),
 .UNSPECIFIED.);
#772=B_SPLINE_CURVE_WITH_KNOTS('',3,(#15671,#15672,#15673,#15674),
 .UNSPECIFIED.,.F.,.F.,(4,4),(0.601653756519423,0.602901956790728),
 .UNSPECIFIED.);
#773=B_SPLINE_CURVE_WITH_KNOTS('',3,(#15691,#15692,#15693,#15694),
 .UNSPECIFIED.,.F.,.F.,(4,4),(0.601653756519423,0.602901956790728),
 .UNSPECIFIED.);
#774=B_SPLINE_CURVE_WITH_KNOTS('',3,(#15706,#15707,#15708,#15709),
 .UNSPECIFIED.,.F.,.F.,(4,4),(0.736482082246384,0.744097199105845),
 .UNSPECIFIED.);
#775=B_SPLINE_CURVE_WITH_KNOTS('',3,(#15710,#15711,#15712,#15713),
 .UNSPECIFIED.,.F.,.F.,(4,4),(0.594047555697934,0.601653756519424),
 .UNSPECIFIED.);
#776=B_SPLINE_CURVE_WITH_KNOTS('',3,(#15715,#15716,#15717,#15718),
 .UNSPECIFIED.,.F.,.F.,(4,4),(0.594047555697934,0.601653756519423),
 .UNSPECIFIED.);
#777=B_SPLINE_CURVE_WITH_KNOTS('',3,(#15722,#15723,#15724,#15725),
 .UNSPECIFIED.,.F.,.F.,(4,4),(0.736482082246384,0.744097199105845),
 .UNSPECIFIED.);
#778=B_SPLINE_CURVE_WITH_KNOTS('',3,(#15745,#15746,#15747,#15748),
 .UNSPECIFIED.,.F.,.F.,(4,4),(0.601653756519423,0.602901956790728),
 .UNSPECIFIED.);
#779=B_SPLINE_CURVE_WITH_KNOTS('',3,(#15749,#15750,#15751,#15752),
 .UNSPECIFIED.,.F.,.F.,(4,4),(0.601653756519424,0.602901956790728),
 .UNSPECIFIED.);
#780=B_SPLINE_CURVE_WITH_KNOTS('',3,(#15769,#15770,#15771,#15772),
 .UNSPECIFIED.,.F.,.F.,(4,4),(0.735212003422429,0.736482082246384),
 .UNSPECIFIED.);
#781=B_SPLINE_CURVE_WITH_KNOTS('',3,(#15773,#15774,#15775,#15776),
 .UNSPECIFIED.,.F.,.F.,(4,4),(0.735212003422429,0.736482082246384),
 .UNSPECIFIED.);
#782=B_SPLINE_CURVE_WITH_KNOTS('',3,(#15812,#15813,#15814,#15815),
 .UNSPECIFIED.,.F.,.F.,(4,4),(0.344047555689605,0.351653756487008),
 .UNSPECIFIED.);
#783=B_SPLINE_CURVE_WITH_KNOTS('',3,(#15819,#15820,#15821,#15822),
 .UNSPECIFIED.,.F.,.F.,(4,4),(0.48648208230259,0.494097199130355),
 .UNSPECIFIED.);
#784=B_SPLINE_CURVE_WITH_KNOTS('',3,(#15834,#15835,#15836,#15837),
 .UNSPECIFIED.,.F.,.F.,(4,4),(0.48648208230259,0.494097199130354),
 .UNSPECIFIED.);
#785=B_SPLINE_CURVE_WITH_KNOTS('',3,(#15841,#15842,#15843,#15844),
 .UNSPECIFIED.,.F.,.F.,(4,4),(0.344047555689605,0.351653756487008),
 .UNSPECIFIED.);
#786=B_SPLINE_CURVE_WITH_KNOTS('',3,(#15861,#15862,#15863,#15864),
 .UNSPECIFIED.,.F.,.F.,(4,4),(0.485212003481742,0.48648208230259),
 .UNSPECIFIED.);
#787=B_SPLINE_CURVE_WITH_KNOTS('',3,(#15865,#15866,#15867,#15868),
 .UNSPECIFIED.,.F.,.F.,(4,4),(0.485212003481742,0.48648208230259),
 .UNSPECIFIED.);
#788=B_SPLINE_CURVE_WITH_KNOTS('',3,(#15871,#15872,#15873,#15874),
 .UNSPECIFIED.,.F.,.F.,(4,4),(0.351653756487008,0.352901956752516),
 .UNSPECIFIED.);
#789=B_SPLINE_CURVE_WITH_KNOTS('',3,(#15891,#15892,#15893,#15894),
 .UNSPECIFIED.,.F.,.F.,(4,4),(0.351653756487008,0.352901956752516),
 .UNSPECIFIED.);
#790=B_SPLINE_CURVE_WITH_KNOTS('',3,(#15906,#15907,#15908,#15909),
 .UNSPECIFIED.,.F.,.F.,(4,4),(0.48648208230259,0.494097199130354),
 .UNSPECIFIED.);
#791=B_SPLINE_CURVE_WITH_KNOTS('',3,(#15910,#15911,#15912,#15913),
 .UNSPECIFIED.,.F.,.F.,(4,4),(0.344047555689605,0.351653756487008),
 .UNSPECIFIED.);
#792=B_SPLINE_CURVE_WITH_KNOTS('',3,(#15915,#15916,#15917,#15918),
 .UNSPECIFIED.,.F.,.F.,(4,4),(0.344047555689605,0.351653756487008),
 .UNSPECIFIED.);
#793=B_SPLINE_CURVE_WITH_KNOTS('',3,(#15922,#15923,#15924,#15925),
 .UNSPECIFIED.,.F.,.F.,(4,4),(0.48648208230259,0.494097199130354),
 .UNSPECIFIED.);
#794=B_SPLINE_CURVE_WITH_KNOTS('',3,(#15945,#15946,#15947,#15948),
 .UNSPECIFIED.,.F.,.F.,(4,4),(0.351653756487008,0.352901956752516),
 .UNSPECIFIED.);
#795=B_SPLINE_CURVE_WITH_KNOTS('',3,(#15949,#15950,#15951,#15952),
 .UNSPECIFIED.,.F.,.F.,(4,4),(0.351653756487008,0.352901956752516),
 .UNSPECIFIED.);
#796=B_SPLINE_CURVE_WITH_KNOTS('',3,(#15969,#15970,#15971,#15972),
 .UNSPECIFIED.,.F.,.F.,(4,4),(0.485212003481743,0.48648208230259),
 .UNSPECIFIED.);
#797=B_SPLINE_CURVE_WITH_KNOTS('',3,(#15973,#15974,#15975,#15976),
 .UNSPECIFIED.,.F.,.F.,(4,4),(0.485212003481742,0.48648208230259),
 .UNSPECIFIED.);
#798=B_SPLINE_CURVE_WITH_KNOTS('',3,(#16012,#16013,#16014,#16015),
 .UNSPECIFIED.,.F.,.F.,(4,4),(0.0940475556979334,0.101653756519423),
 .UNSPECIFIED.);
#799=B_SPLINE_CURVE_WITH_KNOTS('',3,(#16019,#16020,#16021,#16022),
 .UNSPECIFIED.,.F.,.F.,(4,4),(0.236482082246385,0.244097199105845),
 .UNSPECIFIED.);
#800=B_SPLINE_CURVE_WITH_KNOTS('',3,(#16034,#16035,#16036,#16037),
 .UNSPECIFIED.,.F.,.F.,(4,4),(0.236482082246385,0.244097199105845),
 .UNSPECIFIED.);
#801=B_SPLINE_CURVE_WITH_KNOTS('',3,(#16041,#16042,#16043,#16044),
 .UNSPECIFIED.,.F.,.F.,(4,4),(0.0940475556979334,0.101653756519423),
 .UNSPECIFIED.);
#802=B_SPLINE_CURVE_WITH_KNOTS('',3,(#16061,#16062,#16063,#16064),
 .UNSPECIFIED.,.F.,.F.,(4,4),(0.235212003422429,0.236482082246385),
 .UNSPECIFIED.);
#803=B_SPLINE_CURVE_WITH_KNOTS('',3,(#16065,#16066,#16067,#16068),
 .UNSPECIFIED.,.F.,.F.,(4,4),(0.235212003422429,0.236482082246385),
 .UNSPECIFIED.);
#804=B_SPLINE_CURVE_WITH_KNOTS('',3,(#16071,#16072,#16073,#16074),
 .UNSPECIFIED.,.F.,.F.,(4,4),(0.101653756519423,0.102901956790727),
 .UNSPECIFIED.);
#805=B_SPLINE_CURVE_WITH_KNOTS('',3,(#16091,#16092,#16093,#16094),
 .UNSPECIFIED.,.F.,.F.,(4,4),(0.101653756519423,0.102901956790728),
 .UNSPECIFIED.);
#806=B_SPLINE_CURVE_WITH_KNOTS('',3,(#16107,#16108,#16109,#16110),
 .UNSPECIFIED.,.F.,.F.,(4,4),(0.236482082246384,0.244097199105845),
 .UNSPECIFIED.);
#807=B_SPLINE_CURVE_WITH_KNOTS('',3,(#16111,#16112,#16113,#16114),
 .UNSPECIFIED.,.F.,.F.,(4,4),(0.0940475556979336,0.101653756519423),
 .UNSPECIFIED.);
#808=B_SPLINE_CURVE_WITH_KNOTS('',3,(#16116,#16117,#16118,#16119),
 .UNSPECIFIED.,.F.,.F.,(4,4),(0.0940475556979334,0.101653756519423),
 .UNSPECIFIED.);
#809=B_SPLINE_CURVE_WITH_KNOTS('',3,(#16123,#16124,#16125,#16126),
 .UNSPECIFIED.,.F.,.F.,(4,4),(0.236482082246385,0.244097199105845),
 .UNSPECIFIED.);
#810=B_SPLINE_CURVE_WITH_KNOTS('',3,(#16145,#16146,#16147,#16148),
 .UNSPECIFIED.,.F.,.F.,(4,4),(0.101653756519423,0.102901956790728),
 .UNSPECIFIED.);
#811=B_SPLINE_CURVE_WITH_KNOTS('',3,(#16149,#16150,#16151,#16152),
 .UNSPECIFIED.,.F.,.F.,(4,4),(0.101653756519423,0.102901956790728),
 .UNSPECIFIED.);
#812=B_SPLINE_CURVE_WITH_KNOTS('',3,(#16169,#16170,#16171,#16172),
 .UNSPECIFIED.,.F.,.F.,(4,4),(0.235212003422429,0.236482082246384),
 .UNSPECIFIED.);
#813=B_SPLINE_CURVE_WITH_KNOTS('',3,(#16173,#16174,#16175,#16176),
 .UNSPECIFIED.,.F.,.F.,(4,4),(0.235212003422429,0.236482082246385),
 .UNSPECIFIED.);
#814=CIRCLE('',#7416,0.177015812039921);
#815=CIRCLE('',#7418,0.177015812039921);
#816=CIRCLE('',#7420,0.0885826771653549);
#817=CIRCLE('',#7422,0.0885826771653542);
#818=CIRCLE('',#7426,0.0885826771653549);
#819=CIRCLE('',#7428,0.0885826771653542);
#820=CIRCLE('',#7430,0.132874015748032);
#821=CIRCLE('',#7432,0.132874015748032);
#822=CIRCLE('',#7435,0.132874015748032);
#823=CIRCLE('',#7437,0.132874015748032);
#824=CIRCLE('',#7441,0.0885826771653543);
#825=CIRCLE('',#7445,0.279035433070827);
#826=CIRCLE('',#7446,0.279035433070827);
#827=CIRCLE('',#7449,0.279035433070827);
#828=CIRCLE('',#7450,0.279035433070827);
#829=CIRCLE('',#7452,0.248031496062992);
#830=CIRCLE('',#7454,0.248031496062992);
#831=CIRCLE('',#7456,0.279035433070827);
#832=CIRCLE('',#7457,0.248031496062992);
#833=CIRCLE('',#7459,0.279035433070827);
#834=CIRCLE('',#7460,0.248031496062992);
#835=CIRCLE('',#7462,0.279035433070827);
#836=CIRCLE('',#7463,0.248031496062992);
#837=CIRCLE('',#7465,0.15625);
#838=CIRCLE('',#7466,0.1875);
#839=CIRCLE('',#7467,0.248031496062992);
#840=CIRCLE('',#7469,0.106299212598425);
#841=CIRCLE('',#7471,0.106299212598425);
#842=CIRCLE('',#7472,0.106299212598425);
#843=CIRCLE('',#7475,0.106299212598425);
#844=CIRCLE('',#7476,0.106299212598425);
#845=CIRCLE('',#7477,0.106299212598425);
#846=CIRCLE('',#7478,0.106299212598425);
#847=CIRCLE('',#7479,0.106299212598425);
#848=CIRCLE('',#7480,0.106299212598425);
#849=CIRCLE('',#7488,0.106299212598425);
#850=CIRCLE('',#7489,0.106299212598425);
#851=CIRCLE('',#7490,0.106299212598425);
#852=CIRCLE('',#7491,0.106299212598425);
#853=CIRCLE('',#7492,0.106299212598425);
#854=CIRCLE('',#7493,0.106299212598425);
#855=CIRCLE('',#7502,0.106299212598425);
#856=CIRCLE('',#7503,0.106299212598425);
#857=CIRCLE('',#7504,0.106299212598425);
#858=CIRCLE('',#7505,0.106299212598425);
#859=CIRCLE('',#7506,0.106299212598425);
#860=CIRCLE('',#7507,0.106299212598425);
#861=CIRCLE('',#7516,0.106299212598425);
#862=CIRCLE('',#7517,0.106299212598425);
#863=CIRCLE('',#7519,0.106299212598425);
#864=CIRCLE('',#7521,0.106299212598425);
#865=CIRCLE('',#7523,0.106299212598425);
#866=CIRCLE('',#7525,0.106299212598425);
#867=CIRCLE('',#7526,0.106299212598425);
#868=CIRCLE('',#7527,0.106299212598425);
#869=CIRCLE('',#7529,0.106299212598425);
#870=CIRCLE('',#7531,0.106299212598425);
#871=CIRCLE('',#7532,0.106299212598425);
#872=CIRCLE('',#7534,0.106299212598425);
#873=CIRCLE('',#7536,0.106299212598425);
#874=CIRCLE('',#7537,0.106299212598425);
#875=CIRCLE('',#7539,0.106299212598425);
#876=CIRCLE('',#7541,0.106299212598425);
#877=CIRCLE('',#7543,0.106299212598425);
#878=CIRCLE('',#7545,0.106299212598425);
#879=CIRCLE('',#7547,0.106299212598425);
#880=CIRCLE('',#7548,0.106299212598425);
#881=CIRCLE('',#7550,0.106299212598425);
#882=CIRCLE('',#7551,0.106299212598425);
#883=CIRCLE('',#7553,0.106299212598425);
#884=CIRCLE('',#7555,0.106299212598425);
#885=CIRCLE('',#7557,0.106299212598425);
#886=CIRCLE('',#7559,0.279035433070827);
#887=CIRCLE('',#7560,0.279035433070827);
#888=CIRCLE('',#7562,0.279035433070827);
#889=CIRCLE('',#7563,0.279035433070827);
#890=CIRCLE('',#7565,0.279035433070827);
#891=CIRCLE('',#7566,0.248031496062992);
#892=CIRCLE('',#7568,0.248031496062992);
#893=CIRCLE('',#7570,0.248031496062992);
#894=CIRCLE('',#7571,0.279035433070827);
#895=CIRCLE('',#7573,0.248031496062992);
#896=CIRCLE('',#7574,0.279035433070827);
#897=CIRCLE('',#7576,0.279035433070827);
#898=CIRCLE('',#7577,0.248031496062992);
#899=CIRCLE('',#7579,0.248031496062992);
#900=CIRCLE('',#7581,0.1875);
#901=CIRCLE('',#7582,0.15625);
#902=CIRCLE('',#7586,0.0885826771653545);
#903=CIRCLE('',#7589,0.0885826771653545);
#904=CIRCLE('',#7592,0.0885826771653545);
#905=CIRCLE('',#7594,0.0885826771653545);
#906=CIRCLE('',#7597,0.0885826771653543);
#907=CIRCLE('',#7599,0.0885826771653542);
#908=CIRCLE('',#7602,0.0885826771653543);
#909=CIRCLE('',#7606,0.0885826771653543);
#910=CIRCLE('',#7608,0.088582677165354);
#911=CIRCLE('',#7629,0.292085433070827);
#912=CIRCLE('',#7630,0.292085433070827);
#913=CIRCLE('',#7631,0.292085433070827);
#914=CIRCLE('',#7632,0.292085433070827);
#915=CIRCLE('',#7633,0.292085433070827);
#916=CIRCLE('',#7634,0.292085433070827);
#917=CIRCLE('',#7635,0.115157480314961);
#918=CIRCLE('',#7636,0.106299212598425);
#919=CIRCLE('',#7637,0.115157480314961);
#920=CIRCLE('',#7638,0.115157480314961);
#921=CIRCLE('',#7639,0.106299212598425);
#922=CIRCLE('',#7640,0.11515748031496);
#923=CIRCLE('',#7641,0.11515748031496);
#924=CIRCLE('',#7642,0.106299212598425);
#925=CIRCLE('',#7643,0.11515748031496);
#926=CIRCLE('',#7644,0.115157480314961);
#927=CIRCLE('',#7645,0.106299212598425);
#928=CIRCLE('',#7646,0.115157480314961);
#929=CIRCLE('',#7648,0.0885826771653542);
#930=CIRCLE('',#7651,0.279035433070827);
#931=CIRCLE('',#7654,0.279035433070827);
#932=CIRCLE('',#7658,0.279035433070827);
#933=CIRCLE('',#7661,0.279035433070827);
#934=CIRCLE('',#7662,0.279035433070827);
#935=CIRCLE('',#7665,0.279035433070827);
#936=CIRCLE('',#7668,0.279035433070827);
#937=CIRCLE('',#7671,0.279035433070827);
#938=CIRCLE('',#7676,0.279035433070827);
#939=CIRCLE('',#7679,0.177015812039921);
#940=CIRCLE('',#7681,0.088582677165354);
#941=CIRCLE('',#7687,0.132874015748032);
#942=CIRCLE('',#7689,0.132874015748032);
#943=CIRCLE('',#7691,0.132874015748032);
#944=CIRCLE('',#7693,0.132874015748032);
#945=CIRCLE('',#7697,0.106299212598425);
#946=CIRCLE('',#7699,0.106299212598425);
#947=CIRCLE('',#7701,0.106299212598425);
#948=CIRCLE('',#7703,0.106299212598425);
#949=CIRCLE('',#7706,0.106299212598425);
#950=CIRCLE('',#7708,0.106299212598425);
#951=CIRCLE('',#7718,0.292085433070827);
#952=CIRCLE('',#7719,0.292085433070827);
#953=CIRCLE('',#7720,0.292085433070827);
#954=CIRCLE('',#7721,0.292085433070827);
#955=CIRCLE('',#7722,0.292085433070827);
#956=CIRCLE('',#7723,0.292085433070827);
#957=CIRCLE('',#7724,0.106299212598425);
#958=CIRCLE('',#7725,0.115157480314961);
#959=CIRCLE('',#7726,0.115157480314961);
#960=CIRCLE('',#7727,0.106299212598425);
#961=CIRCLE('',#7728,0.106299212598425);
#962=CIRCLE('',#7729,0.106299212598425);
#963=CIRCLE('',#7730,0.115157480314961);
#964=CIRCLE('',#7731,0.115157480314961);
#965=CIRCLE('',#7732,0.106299212598425);
#966=CIRCLE('',#7733,0.106299212598425);
#967=CIRCLE('',#7734,0.106299212598425);
#968=CIRCLE('',#7735,0.106299212598425);
#969=CIRCLE('',#7736,0.11515748031496);
#970=CIRCLE('',#7737,0.11515748031496);
#971=CIRCLE('',#7738,0.106299212598425);
#972=CIRCLE('',#7739,0.106299212598425);
#973=CIRCLE('',#7740,0.106299212598425);
#974=CIRCLE('',#7741,0.115157480314961);
#975=CIRCLE('',#7742,0.115157480314961);
#976=CIRCLE('',#7743,0.106299212598425);
#977=CIRCLE('',#7744,0.106299212598425);
#978=CIRCLE('',#7745,0.106299212598425);
#979=CIRCLE('',#7747,0.0531496062992126);
#980=CIRCLE('',#7749,0.0708661417322835);
#981=CIRCLE('',#7751,0.0708661417322835);
#982=CIRCLE('',#7753,0.0839161417322835);
#983=CIRCLE('',#7754,0.106299212598426);
#984=CIRCLE('',#7755,0.106299212598426);
#985=CIRCLE('',#7756,0.106299212598426);
#986=CIRCLE('',#7757,0.106299212598426);
#987=CIRCLE('',#7758,0.106299212598426);
#988=CIRCLE('',#7759,0.106299212598426);
#989=CIRCLE('',#7768,0.106299212598425);
#990=CIRCLE('',#7771,0.106299212598425);
#991=CIRCLE('',#7774,0.106299212598425);
#992=CIRCLE('',#7779,0.106299212598425);
#993=CIRCLE('',#7783,0.0531496062992126);
#994=CIRCLE('',#7785,0.0708661417322835);
#995=CIRCLE('',#7787,0.0708661417322835);
#996=CIRCLE('',#7789,0.0839161417322835);
#997=CIRCLE('',#7790,0.106299212598426);
#998=CIRCLE('',#7791,0.106299212598426);
#999=CIRCLE('',#7792,0.106299212598426);
#1000=CIRCLE('',#7793,0.106299212598426);
#1001=CIRCLE('',#7794,0.106299212598426);
#1002=CIRCLE('',#7795,0.106299212598426);
#1003=CIRCLE('',#7804,0.106299212598425);
#1004=CIRCLE('',#7809,0.106299212598425);
#1005=CIRCLE('',#7812,0.106299212598425);
#1006=CIRCLE('',#7815,0.106299212598425);
#1007=CIRCLE('',#7818,0.106299212598425);
#1008=CIRCLE('',#7820,0.0531496062992126);
#1009=CIRCLE('',#7822,0.0708661417322835);
#1010=CIRCLE('',#7824,0.0708661417322835);
#1011=CIRCLE('',#7826,0.0839161417322835);
#1012=CIRCLE('',#7827,0.106299212598426);
#1013=CIRCLE('',#7828,0.106299212598426);
#1014=CIRCLE('',#7829,0.106299212598426);
#1015=CIRCLE('',#7830,0.106299212598426);
#1016=CIRCLE('',#7831,0.106299212598426);
#1017=CIRCLE('',#7832,0.106299212598426);
#1018=CIRCLE('',#7841,0.106299212598425);
#1019=CIRCLE('',#7844,0.106299212598425);
#1020=CIRCLE('',#7847,0.106299212598425);
#1021=CIRCLE('',#7852,0.106299212598425);
#1022=CIRCLE('',#7856,0.0531496062992126);
#1023=CIRCLE('',#7858,0.0708661417322835);
#1024=CIRCLE('',#7860,0.0708661417322835);
#1025=CIRCLE('',#7862,0.0839161417322835);
#1026=CIRCLE('',#7863,0.106299212598425);
#1027=CIRCLE('',#7864,0.106299212598425);
#1028=CIRCLE('',#7865,0.106299212598425);
#1029=CIRCLE('',#7866,0.106299212598425);
#1030=CIRCLE('',#7867,0.106299212598425);
#1031=CIRCLE('',#7868,0.106299212598425);
#1032=CIRCLE('',#7877,0.106299212598425);
#1033=CIRCLE('',#7882,0.106299212598425);
#1034=CIRCLE('',#7885,0.106299212598425);
#1035=CIRCLE('',#7888,0.106299212598425);
#1036=CIRCLE('',#7891,0.106299212598425);
#1037=CIRCLE('',#7893,0.293031496062992);
#1038=CIRCLE('',#7894,0.293031496062992);
#1039=CIRCLE('',#7896,0.279981496062992);
#1040=CIRCLE('',#7897,0.177015812039921);
#1041=CIRCLE('',#7899,0.279981496062992);
#1042=CIRCLE('',#7902,0.141732283464568);
#1043=CIRCLE('',#7903,0.141732283464568);
#1044=CIRCLE('',#7906,0.0708661417322835);
#1045=CIRCLE('',#7907,0.0708661417322835);
#1046=CIRCLE('',#7909,0.141732283464567);
#1047=CIRCLE('',#7910,0.141732283464567);
#1048=CIRCLE('',#7913,0.0708661417322835);
#1049=CIRCLE('',#7914,0.0708661417322835);
#1050=CIRCLE('',#7917,0.128682283464568);
#1051=CIRCLE('',#7918,0.0839161417322835);
#1052=CIRCLE('',#7919,0.128682283464567);
#1053=CIRCLE('',#7920,0.0839161417322835);
#1054=CIRCLE('',#7922,0.128682283464568);
#1055=CIRCLE('',#7923,0.0839161417322835);
#1056=CIRCLE('',#7924,0.128682283464567);
#1057=CIRCLE('',#7925,0.0839161417322835);
#1058=CIRCLE('',#7927,0.0354330708661414);
#1059=CIRCLE('',#7928,0.0354330708661414);
#1060=CIRCLE('',#7930,0.337322834645669);
#1061=CIRCLE('',#7931,0.337322834645669);
#1062=CIRCLE('',#7933,0.0354330708661424);
#1063=CIRCLE('',#7934,0.0354330708661424);
#1064=CIRCLE('',#7938,0.0223830708661424);
#1065=CIRCLE('',#7939,0.0223830708661414);
#1066=CIRCLE('',#7940,0.324272834645669);
#1067=CIRCLE('',#7942,0.0223830708661424);
#1068=CIRCLE('',#7943,0.324272834645669);
#1069=CIRCLE('',#7944,0.0223830708661414);
#1070=CIRCLE('',#7946,0.163965812039921);
#1071=CIRCLE('',#7947,0.163965812039921);
#1072=CIRCLE('',#7948,0.163965812039921);
#1073=CIRCLE('',#7949,0.163965812039921);
#1074=CIRCLE('',#8003,0.01305);
#1075=CIRCLE('',#8004,0.01305);
#1076=CIRCLE('',#8007,0.01305);
#1077=CIRCLE('',#8010,0.01305);
#1078=CIRCLE('',#8012,0.01305);
#1079=CIRCLE('',#8016,0.01305);
#1080=CIRCLE('',#8020,0.01305);
#1081=CIRCLE('',#8022,0.01305);
#1082=CIRCLE('',#8024,0.01305);
#1083=CIRCLE('',#8026,0.01305);
#1084=CIRCLE('',#8030,0.01305);
#1085=CIRCLE('',#8034,0.01305);
#1086=CIRCLE('',#8037,0.01305);
#1087=CIRCLE('',#8038,0.01305);
#1088=CIRCLE('',#8040,0.01305);
#1089=CIRCLE('',#8042,0.01305);
#1090=CIRCLE('',#8043,0.01305);
#1091=CIRCLE('',#8044,0.01305);
#1092=CIRCLE('',#8049,0.01305);
#1093=CIRCLE('',#8051,0.01305);
#1094=CIRCLE('',#8056,0.01305);
#1095=CIRCLE('',#8058,0.01305);
#1096=CIRCLE('',#8060,0.01305);
#1097=CIRCLE('',#8062,0.01305);
#1098=CIRCLE('',#8064,0.01305);
#1099=CIRCLE('',#8066,0.01305);
#1100=CIRCLE('',#8068,0.01305);
#1101=CIRCLE('',#8070,0.01305);
#1102=CIRCLE('',#8092,0.01305);
#1103=CIRCLE('',#8093,0.01305);
#1104=CIRCLE('',#8095,0.01305);
#1105=CIRCLE('',#8097,0.01305);
#1106=CIRCLE('',#8116,0.0797244094488189);
#1107=CIRCLE('',#8117,0.0797244094488189);
#1108=CIRCLE('',#8118,0.0797244094488189);
#1109=CIRCLE('',#8120,0.0708661417322835);
#1110=CIRCLE('',#8121,0.0708661417322835);
#1111=CIRCLE('',#8122,0.0708661417322835);
#1112=CIRCLE('',#8123,0.0708661417322835);
#1113=CIRCLE('',#8124,0.0708661417322835);
#1114=CIRCLE('',#8125,0.0708661417322835);
#1115=CIRCLE('',#8127,0.372047244094488);
#1116=CIRCLE('',#8128,0.372047244094488);
#1117=CIRCLE('',#8130,0.0797244094488189);
#1118=CIRCLE('',#8132,0.0797244094488189);
#1119=CIRCLE('',#8133,0.0797244094488189);
#1120=CIRCLE('',#8135,0.0797244094488189);
#1121=CIRCLE('',#8137,0.0797244094488189);
#1122=CIRCLE('',#8140,0.372047244094488);
#1123=CIRCLE('',#8141,0.372047244094488);
#1124=CIRCLE('',#8144,0.0797244094488189);
#1125=CIRCLE('',#8146,0.0797244094488189);
#1126=CIRCLE('',#8152,0.0797244094488189);
#1127=CIRCLE('',#8153,0.0797244094488189);
#1128=CIRCLE('',#8154,0.0797244094488189);
#1129=CIRCLE('',#8156,0.0708661417322835);
#1130=CIRCLE('',#8157,0.0708661417322835);
#1131=CIRCLE('',#8158,0.0708661417322835);
#1132=CIRCLE('',#8159,0.0708661417322835);
#1133=CIRCLE('',#8160,0.0708661417322835);
#1134=CIRCLE('',#8161,0.0708661417322835);
#1135=CIRCLE('',#8163,0.372047244094488);
#1136=CIRCLE('',#8164,0.0797244094488189);
#1137=CIRCLE('',#8166,0.372047244094488);
#1138=CIRCLE('',#8168,0.0797244094488189);
#1139=CIRCLE('',#8169,0.0797244094488189);
#1140=CIRCLE('',#8171,0.0797244094488189);
#1141=CIRCLE('',#8173,0.0797244094488189);
#1142=CIRCLE('',#8176,0.372047244094488);
#1143=CIRCLE('',#8177,0.372047244094488);
#1144=CIRCLE('',#8180,0.0797244094488189);
#1145=CIRCLE('',#8182,0.0797244094488189);
#1146=CIRCLE('',#8188,0.0797244094488189);
#1147=CIRCLE('',#8189,0.0797244094488189);
#1148=CIRCLE('',#8190,0.0797244094488189);
#1149=CIRCLE('',#8192,0.0708661417322835);
#1150=CIRCLE('',#8193,0.0708661417322835);
#1151=CIRCLE('',#8194,0.0708661417322835);
#1152=CIRCLE('',#8195,0.0708661417322835);
#1153=CIRCLE('',#8196,0.0708661417322835);
#1154=CIRCLE('',#8197,0.0708661417322835);
#1155=CIRCLE('',#8199,0.372047244094488);
#1156=CIRCLE('',#8200,0.0797244094488189);
#1157=CIRCLE('',#8202,0.372047244094488);
#1158=CIRCLE('',#8204,0.0797244094488189);
#1159=CIRCLE('',#8205,0.0797244094488189);
#1160=CIRCLE('',#8207,0.0797244094488189);
#1161=CIRCLE('',#8209,0.0797244094488189);
#1162=CIRCLE('',#8212,0.372047244094488);
#1163=CIRCLE('',#8213,0.372047244094488);
#1164=CIRCLE('',#8216,0.0797244094488189);
#1165=CIRCLE('',#8218,0.0797244094488189);
#1166=CIRCLE('',#8224,0.0797244094488189);
#1167=CIRCLE('',#8225,0.0797244094488189);
#1168=CIRCLE('',#8226,0.0797244094488189);
#1169=CIRCLE('',#8228,0.0708661417322835);
#1170=CIRCLE('',#8229,0.0708661417322835);
#1171=CIRCLE('',#8230,0.0708661417322835);
#1172=CIRCLE('',#8231,0.0708661417322835);
#1173=CIRCLE('',#8232,0.0708661417322835);
#1174=CIRCLE('',#8233,0.0708661417322835);
#1175=CIRCLE('',#8235,0.372047244094488);
#1176=CIRCLE('',#8236,0.0797244094488189);
#1177=CIRCLE('',#8238,0.372047244094488);
#1178=CIRCLE('',#8240,0.0797244094488189);
#1179=CIRCLE('',#8241,0.0797244094488189);
#1180=CIRCLE('',#8243,0.0797244094488189);
#1181=CIRCLE('',#8245,0.0797244094488189);
#1182=CIRCLE('',#8249,0.372047244094488);
#1183=CIRCLE('',#8250,0.372047244094488);
#1184=CIRCLE('',#8253,0.0797244094488189);
#1185=CIRCLE('',#8255,0.0797244094488189);
#1186=ORIENTED_EDGE('',*,*,#3366,.F.);
#1187=ORIENTED_EDGE('',*,*,#3367,.T.);
#1188=ORIENTED_EDGE('',*,*,#3368,.T.);
#1189=ORIENTED_EDGE('',*,*,#3369,.T.);
#1190=ORIENTED_EDGE('',*,*,#3370,.T.);
#1191=ORIENTED_EDGE('',*,*,#3371,.F.);
#1192=ORIENTED_EDGE('',*,*,#3372,.F.);
#1193=ORIENTED_EDGE('',*,*,#3373,.T.);
#1194=ORIENTED_EDGE('',*,*,#3374,.T.);
#1195=ORIENTED_EDGE('',*,*,#3375,.T.);
#1196=ORIENTED_EDGE('',*,*,#3376,.T.);
#1197=ORIENTED_EDGE('',*,*,#3377,.T.);
#1198=ORIENTED_EDGE('',*,*,#3378,.F.);
#1199=ORIENTED_EDGE('',*,*,#3379,.T.);
#1200=ORIENTED_EDGE('',*,*,#3380,.T.);
#1201=ORIENTED_EDGE('',*,*,#3381,.T.);
#1202=ORIENTED_EDGE('',*,*,#3382,.F.);
#1203=ORIENTED_EDGE('',*,*,#3383,.T.);
#1204=ORIENTED_EDGE('',*,*,#3378,.T.);
#1205=ORIENTED_EDGE('',*,*,#3384,.T.);
#1206=ORIENTED_EDGE('',*,*,#3380,.F.);
#1207=ORIENTED_EDGE('',*,*,#3385,.F.);
#1208=ORIENTED_EDGE('',*,*,#3386,.F.);
#1209=ORIENTED_EDGE('',*,*,#3387,.T.);
#1210=ORIENTED_EDGE('',*,*,#3388,.T.);
#1211=ORIENTED_EDGE('',*,*,#3389,.T.);
#1212=ORIENTED_EDGE('',*,*,#3388,.F.);
#1213=ORIENTED_EDGE('',*,*,#3390,.T.);
#1214=ORIENTED_EDGE('',*,*,#3391,.T.);
#1215=ORIENTED_EDGE('',*,*,#3392,.F.);
#1216=ORIENTED_EDGE('',*,*,#3393,.F.);
#1217=ORIENTED_EDGE('',*,*,#3394,.T.);
#1218=ORIENTED_EDGE('',*,*,#3386,.T.);
#1219=ORIENTED_EDGE('',*,*,#3395,.F.);
#1220=ORIENTED_EDGE('',*,*,#3382,.T.);
#1221=ORIENTED_EDGE('',*,*,#3396,.T.);
#1222=ORIENTED_EDGE('',*,*,#3397,.F.);
#1223=ORIENTED_EDGE('',*,*,#3398,.F.);
#1224=ORIENTED_EDGE('',*,*,#3399,.F.);
#1225=ORIENTED_EDGE('',*,*,#3400,.T.);
#1226=ORIENTED_EDGE('',*,*,#3393,.T.);
#1227=ORIENTED_EDGE('',*,*,#3401,.T.);
#1228=ORIENTED_EDGE('',*,*,#3402,.T.);
#1229=ORIENTED_EDGE('',*,*,#3403,.F.);
#1230=ORIENTED_EDGE('',*,*,#3404,.F.);
#1231=ORIENTED_EDGE('',*,*,#3405,.T.);
#1232=ORIENTED_EDGE('',*,*,#3406,.T.);
#1233=ORIENTED_EDGE('',*,*,#3407,.T.);
#1234=ORIENTED_EDGE('',*,*,#3376,.F.);
#1235=ORIENTED_EDGE('',*,*,#3408,.F.);
#1236=ORIENTED_EDGE('',*,*,#3391,.F.);
#1237=ORIENTED_EDGE('',*,*,#3409,.T.);
#1238=ORIENTED_EDGE('',*,*,#3410,.T.);
#1239=ORIENTED_EDGE('',*,*,#3411,.T.);
#1240=ORIENTED_EDGE('',*,*,#3412,.F.);
#1241=ORIENTED_EDGE('',*,*,#3413,.T.);
#1242=ORIENTED_EDGE('',*,*,#3414,.T.);
#1243=ORIENTED_EDGE('',*,*,#3415,.F.);
#1244=ORIENTED_EDGE('',*,*,#3389,.F.);
#1245=ORIENTED_EDGE('',*,*,#3392,.T.);
#1246=ORIENTED_EDGE('',*,*,#3411,.F.);
#1247=ORIENTED_EDGE('',*,*,#3416,.T.);
#1248=ORIENTED_EDGE('',*,*,#3417,.F.);
#1249=ORIENTED_EDGE('',*,*,#3418,.T.);
#1250=ORIENTED_EDGE('',*,*,#3419,.F.);
#1251=ORIENTED_EDGE('',*,*,#3420,.T.);
#1252=ORIENTED_EDGE('',*,*,#3421,.F.);
#1253=ORIENTED_EDGE('',*,*,#3422,.T.);
#1254=ORIENTED_EDGE('',*,*,#3423,.F.);
#1255=ORIENTED_EDGE('',*,*,#3424,.T.);
#1256=ORIENTED_EDGE('',*,*,#3425,.F.);
#1257=ORIENTED_EDGE('',*,*,#3426,.T.);
#1258=ORIENTED_EDGE('',*,*,#3401,.F.);
#1259=ORIENTED_EDGE('',*,*,#3395,.T.);
#1260=ORIENTED_EDGE('',*,*,#3427,.F.);
#1261=ORIENTED_EDGE('',*,*,#3428,.T.);
#1262=ORIENTED_EDGE('',*,*,#3429,.F.);
#1263=ORIENTED_EDGE('',*,*,#3404,.T.);
#1264=ORIENTED_EDGE('',*,*,#3430,.F.);
#1265=ORIENTED_EDGE('',*,*,#3431,.T.);
#1266=ORIENTED_EDGE('',*,*,#3432,.F.);
#1267=ORIENTED_EDGE('',*,*,#3433,.T.);
#1268=ORIENTED_EDGE('',*,*,#3434,.F.);
#1269=ORIENTED_EDGE('',*,*,#3435,.T.);
#1270=ORIENTED_EDGE('',*,*,#3436,.F.);
#1271=ORIENTED_EDGE('',*,*,#3437,.T.);
#1272=ORIENTED_EDGE('',*,*,#3438,.F.);
#1273=ORIENTED_EDGE('',*,*,#3439,.T.);
#1274=ORIENTED_EDGE('',*,*,#3440,.F.);
#1275=ORIENTED_EDGE('',*,*,#3412,.T.);
#1276=ORIENTED_EDGE('',*,*,#3370,.F.);
#1277=ORIENTED_EDGE('',*,*,#3441,.T.);
#1278=ORIENTED_EDGE('',*,*,#3414,.F.);
#1279=ORIENTED_EDGE('',*,*,#3442,.T.);
#1280=ORIENTED_EDGE('',*,*,#3443,.F.);
#1281=ORIENTED_EDGE('',*,*,#3444,.T.);
#1282=ORIENTED_EDGE('',*,*,#3445,.F.);
#1283=ORIENTED_EDGE('',*,*,#3446,.T.);
#1284=ORIENTED_EDGE('',*,*,#3447,.F.);
#1285=ORIENTED_EDGE('',*,*,#3448,.T.);
#1286=ORIENTED_EDGE('',*,*,#3449,.F.);
#1287=ORIENTED_EDGE('',*,*,#3450,.T.);
#1288=ORIENTED_EDGE('',*,*,#3451,.F.);
#1289=ORIENTED_EDGE('',*,*,#3452,.T.);
#1290=ORIENTED_EDGE('',*,*,#3402,.F.);
#1291=ORIENTED_EDGE('',*,*,#3453,.T.);
#1292=ORIENTED_EDGE('',*,*,#3379,.F.);
#1293=ORIENTED_EDGE('',*,*,#3385,.T.);
#1294=ORIENTED_EDGE('',*,*,#3383,.F.);
#1295=ORIENTED_EDGE('',*,*,#3398,.T.);
#1296=ORIENTED_EDGE('',*,*,#3454,.F.);
#1297=ORIENTED_EDGE('',*,*,#3455,.T.);
#1298=ORIENTED_EDGE('',*,*,#3456,.F.);
#1299=ORIENTED_EDGE('',*,*,#3457,.T.);
#1300=ORIENTED_EDGE('',*,*,#3458,.F.);
#1301=ORIENTED_EDGE('',*,*,#3459,.T.);
#1302=ORIENTED_EDGE('',*,*,#3460,.F.);
#1303=ORIENTED_EDGE('',*,*,#3461,.T.);
#1304=ORIENTED_EDGE('',*,*,#3462,.F.);
#1305=ORIENTED_EDGE('',*,*,#3463,.T.);
#1306=ORIENTED_EDGE('',*,*,#3464,.F.);
#1307=ORIENTED_EDGE('',*,*,#3408,.T.);
#1308=ORIENTED_EDGE('',*,*,#3465,.T.);
#1309=ORIENTED_EDGE('',*,*,#3466,.T.);
#1310=ORIENTED_EDGE('',*,*,#3366,.T.);
#1311=ORIENTED_EDGE('',*,*,#3371,.T.);
#1312=ORIENTED_EDGE('',*,*,#3453,.F.);
#1313=ORIENTED_EDGE('',*,*,#3405,.F.);
#1314=ORIENTED_EDGE('',*,*,#3429,.T.);
#1315=ORIENTED_EDGE('',*,*,#3467,.T.);
#1316=ORIENTED_EDGE('',*,*,#3468,.T.);
#1317=ORIENTED_EDGE('',*,*,#3469,.T.);
#1318=ORIENTED_EDGE('',*,*,#3470,.F.);
#1319=ORIENTED_EDGE('',*,*,#3458,.T.);
#1320=ORIENTED_EDGE('',*,*,#3470,.T.);
#1321=ORIENTED_EDGE('',*,*,#3471,.T.);
#1322=ORIENTED_EDGE('',*,*,#3472,.F.);
#1323=ORIENTED_EDGE('',*,*,#3459,.F.);
#1324=ORIENTED_EDGE('',*,*,#3473,.F.);
#1325=ORIENTED_EDGE('',*,*,#3434,.T.);
#1326=ORIENTED_EDGE('',*,*,#3474,.T.);
#1327=ORIENTED_EDGE('',*,*,#3448,.F.);
#1328=ORIENTED_EDGE('',*,*,#3475,.T.);
#1329=ORIENTED_EDGE('',*,*,#3476,.T.);
#1330=ORIENTED_EDGE('',*,*,#3477,.F.);
#1331=ORIENTED_EDGE('',*,*,#3478,.T.);
#1332=ORIENTED_EDGE('',*,*,#3479,.T.);
#1333=ORIENTED_EDGE('',*,*,#3480,.T.);
#1334=ORIENTED_EDGE('',*,*,#3475,.F.);
#1335=ORIENTED_EDGE('',*,*,#3481,.F.);
#1336=ORIENTED_EDGE('',*,*,#3482,.F.);
#1337=ORIENTED_EDGE('',*,*,#3483,.T.);
#1338=ORIENTED_EDGE('',*,*,#3484,.T.);
#1339=ORIENTED_EDGE('',*,*,#3479,.F.);
#1340=ORIENTED_EDGE('',*,*,#3485,.T.);
#1341=ORIENTED_EDGE('',*,*,#3486,.F.);
#1342=ORIENTED_EDGE('',*,*,#3481,.T.);
#1343=ORIENTED_EDGE('',*,*,#3478,.F.);
#1344=ORIENTED_EDGE('',*,*,#3487,.F.);
#1345=ORIENTED_EDGE('',*,*,#3488,.F.);
#1346=ORIENTED_EDGE('',*,*,#3489,.T.);
#1347=ORIENTED_EDGE('',*,*,#3485,.F.);
#1348=ORIENTED_EDGE('',*,*,#3482,.T.);
#1349=ORIENTED_EDGE('',*,*,#3490,.F.);
#1350=ORIENTED_EDGE('',*,*,#3491,.T.);
#1351=ORIENTED_EDGE('',*,*,#3492,.F.);
#1352=ORIENTED_EDGE('',*,*,#3493,.T.);
#1353=ORIENTED_EDGE('',*,*,#3494,.F.);
#1354=ORIENTED_EDGE('',*,*,#3495,.T.);
#1355=ORIENTED_EDGE('',*,*,#3496,.F.);
#1356=ORIENTED_EDGE('',*,*,#3497,.T.);
#1357=ORIENTED_EDGE('',*,*,#3498,.F.);
#1358=ORIENTED_EDGE('',*,*,#3499,.T.);
#1359=ORIENTED_EDGE('',*,*,#3500,.F.);
#1360=ORIENTED_EDGE('',*,*,#3501,.T.);
#1361=ORIENTED_EDGE('',*,*,#3502,.T.);
#1362=ORIENTED_EDGE('',*,*,#3503,.T.);
#1363=ORIENTED_EDGE('',*,*,#3504,.T.);
#1364=ORIENTED_EDGE('',*,*,#3505,.T.);
#1365=ORIENTED_EDGE('',*,*,#3492,.T.);
#1366=ORIENTED_EDGE('',*,*,#3488,.T.);
#1367=ORIENTED_EDGE('',*,*,#3486,.T.);
#1368=ORIENTED_EDGE('',*,*,#3506,.T.);
#1369=ORIENTED_EDGE('',*,*,#3500,.T.);
#1370=ORIENTED_EDGE('',*,*,#3496,.T.);
#1371=ORIENTED_EDGE('',*,*,#3507,.T.);
#1372=ORIENTED_EDGE('',*,*,#3508,.T.);
#1373=ORIENTED_EDGE('',*,*,#3509,.F.);
#1374=ORIENTED_EDGE('',*,*,#3510,.T.);
#1375=ORIENTED_EDGE('',*,*,#3511,.T.);
#1376=ORIENTED_EDGE('',*,*,#3512,.F.);
#1377=ORIENTED_EDGE('',*,*,#3513,.F.);
#1378=ORIENTED_EDGE('',*,*,#3514,.F.);
#1379=ORIENTED_EDGE('',*,*,#3515,.F.);
#1380=ORIENTED_EDGE('',*,*,#3516,.F.);
#1381=ORIENTED_EDGE('',*,*,#3517,.T.);
#1382=ORIENTED_EDGE('',*,*,#3518,.F.);
#1383=ORIENTED_EDGE('',*,*,#3519,.F.);
#1384=ORIENTED_EDGE('',*,*,#3520,.F.);
#1385=ORIENTED_EDGE('',*,*,#3521,.F.);
#1386=ORIENTED_EDGE('',*,*,#3522,.F.);
#1387=ORIENTED_EDGE('',*,*,#3523,.F.);
#1388=ORIENTED_EDGE('',*,*,#3524,.F.);
#1389=ORIENTED_EDGE('',*,*,#3525,.F.);
#1390=ORIENTED_EDGE('',*,*,#3526,.T.);
#1391=ORIENTED_EDGE('',*,*,#3520,.T.);
#1392=ORIENTED_EDGE('',*,*,#3527,.T.);
#1393=ORIENTED_EDGE('',*,*,#3522,.T.);
#1394=ORIENTED_EDGE('',*,*,#3528,.T.);
#1395=ORIENTED_EDGE('',*,*,#3529,.T.);
#1396=ORIENTED_EDGE('',*,*,#3525,.T.);
#1397=ORIENTED_EDGE('',*,*,#3530,.T.);
#1398=ORIENTED_EDGE('',*,*,#3531,.T.);
#1399=ORIENTED_EDGE('',*,*,#3532,.F.);
#1400=ORIENTED_EDGE('',*,*,#3533,.F.);
#1401=ORIENTED_EDGE('',*,*,#3511,.F.);
#1402=ORIENTED_EDGE('',*,*,#3534,.T.);
#1403=ORIENTED_EDGE('',*,*,#3535,.F.);
#1404=ORIENTED_EDGE('',*,*,#3529,.F.);
#1405=ORIENTED_EDGE('',*,*,#3536,.F.);
#1406=ORIENTED_EDGE('',*,*,#3537,.F.);
#1407=ORIENTED_EDGE('',*,*,#3538,.F.);
#1408=ORIENTED_EDGE('',*,*,#3532,.T.);
#1409=ORIENTED_EDGE('',*,*,#3528,.F.);
#1410=ORIENTED_EDGE('',*,*,#3539,.F.);
#1411=ORIENTED_EDGE('',*,*,#3540,.F.);
#1412=ORIENTED_EDGE('',*,*,#3541,.F.);
#1413=ORIENTED_EDGE('',*,*,#3542,.F.);
#1414=ORIENTED_EDGE('',*,*,#3543,.T.);
#1415=ORIENTED_EDGE('',*,*,#3530,.F.);
#1416=ORIENTED_EDGE('',*,*,#3544,.F.);
#1417=ORIENTED_EDGE('',*,*,#3545,.F.);
#1418=ORIENTED_EDGE('',*,*,#3546,.F.);
#1419=ORIENTED_EDGE('',*,*,#3547,.F.);
#1420=ORIENTED_EDGE('',*,*,#3548,.F.);
#1421=ORIENTED_EDGE('',*,*,#3549,.F.);
#1422=ORIENTED_EDGE('',*,*,#3550,.F.);
#1423=ORIENTED_EDGE('',*,*,#3551,.T.);
#1424=ORIENTED_EDGE('',*,*,#3545,.T.);
#1425=ORIENTED_EDGE('',*,*,#3552,.T.);
#1426=ORIENTED_EDGE('',*,*,#3547,.T.);
#1427=ORIENTED_EDGE('',*,*,#3553,.T.);
#1428=ORIENTED_EDGE('',*,*,#3554,.T.);
#1429=ORIENTED_EDGE('',*,*,#3550,.T.);
#1430=ORIENTED_EDGE('',*,*,#3555,.T.);
#1431=ORIENTED_EDGE('',*,*,#3556,.T.);
#1432=ORIENTED_EDGE('',*,*,#3557,.F.);
#1433=ORIENTED_EDGE('',*,*,#3558,.F.);
#1434=ORIENTED_EDGE('',*,*,#3508,.F.);
#1435=ORIENTED_EDGE('',*,*,#3559,.T.);
#1436=ORIENTED_EDGE('',*,*,#3560,.F.);
#1437=ORIENTED_EDGE('',*,*,#3554,.F.);
#1438=ORIENTED_EDGE('',*,*,#3561,.F.);
#1439=ORIENTED_EDGE('',*,*,#3562,.F.);
#1440=ORIENTED_EDGE('',*,*,#3563,.F.);
#1441=ORIENTED_EDGE('',*,*,#3557,.T.);
#1442=ORIENTED_EDGE('',*,*,#3553,.F.);
#1443=ORIENTED_EDGE('',*,*,#3564,.F.);
#1444=ORIENTED_EDGE('',*,*,#3565,.F.);
#1445=ORIENTED_EDGE('',*,*,#3566,.F.);
#1446=ORIENTED_EDGE('',*,*,#3567,.F.);
#1447=ORIENTED_EDGE('',*,*,#3561,.T.);
#1448=ORIENTED_EDGE('',*,*,#3568,.F.);
#1449=ORIENTED_EDGE('',*,*,#3551,.F.);
#1450=ORIENTED_EDGE('',*,*,#3569,.F.);
#1451=ORIENTED_EDGE('',*,*,#3570,.F.);
#1452=ORIENTED_EDGE('',*,*,#3571,.F.);
#1453=ORIENTED_EDGE('',*,*,#3572,.T.);
#1454=ORIENTED_EDGE('',*,*,#3555,.F.);
#1455=ORIENTED_EDGE('',*,*,#3573,.F.);
#1456=ORIENTED_EDGE('',*,*,#3574,.F.);
#1457=ORIENTED_EDGE('',*,*,#3575,.F.);
#1458=ORIENTED_EDGE('',*,*,#3576,.F.);
#1459=ORIENTED_EDGE('',*,*,#3577,.F.);
#1460=ORIENTED_EDGE('',*,*,#3578,.F.);
#1461=ORIENTED_EDGE('',*,*,#3579,.F.);
#1462=ORIENTED_EDGE('',*,*,#3580,.T.);
#1463=ORIENTED_EDGE('',*,*,#3574,.T.);
#1464=ORIENTED_EDGE('',*,*,#3581,.T.);
#1465=ORIENTED_EDGE('',*,*,#3576,.T.);
#1466=ORIENTED_EDGE('',*,*,#3582,.T.);
#1467=ORIENTED_EDGE('',*,*,#3583,.T.);
#1468=ORIENTED_EDGE('',*,*,#3579,.T.);
#1469=ORIENTED_EDGE('',*,*,#3584,.T.);
#1470=ORIENTED_EDGE('',*,*,#3585,.T.);
#1471=ORIENTED_EDGE('',*,*,#3586,.F.);
#1472=ORIENTED_EDGE('',*,*,#3587,.F.);
#1473=ORIENTED_EDGE('',*,*,#3588,.F.);
#1474=ORIENTED_EDGE('',*,*,#3589,.T.);
#1475=ORIENTED_EDGE('',*,*,#3590,.F.);
#1476=ORIENTED_EDGE('',*,*,#3583,.F.);
#1477=ORIENTED_EDGE('',*,*,#3591,.F.);
#1478=ORIENTED_EDGE('',*,*,#3592,.F.);
#1479=ORIENTED_EDGE('',*,*,#3593,.F.);
#1480=ORIENTED_EDGE('',*,*,#3586,.T.);
#1481=ORIENTED_EDGE('',*,*,#3582,.F.);
#1482=ORIENTED_EDGE('',*,*,#3594,.F.);
#1483=ORIENTED_EDGE('',*,*,#3595,.F.);
#1484=ORIENTED_EDGE('',*,*,#3596,.F.);
#1485=ORIENTED_EDGE('',*,*,#3597,.F.);
#1486=ORIENTED_EDGE('',*,*,#3591,.T.);
#1487=ORIENTED_EDGE('',*,*,#3598,.F.);
#1488=ORIENTED_EDGE('',*,*,#3580,.F.);
#1489=ORIENTED_EDGE('',*,*,#3599,.F.);
#1490=ORIENTED_EDGE('',*,*,#3600,.F.);
#1491=ORIENTED_EDGE('',*,*,#3601,.F.);
#1492=ORIENTED_EDGE('',*,*,#3602,.T.);
#1493=ORIENTED_EDGE('',*,*,#3584,.F.);
#1494=ORIENTED_EDGE('',*,*,#3603,.F.);
#1495=ORIENTED_EDGE('',*,*,#3604,.T.);
#1496=ORIENTED_EDGE('',*,*,#3588,.T.);
#1497=ORIENTED_EDGE('',*,*,#3605,.F.);
#1498=ORIENTED_EDGE('',*,*,#3606,.F.);
#1499=ORIENTED_EDGE('',*,*,#3607,.T.);
#1500=ORIENTED_EDGE('',*,*,#3608,.T.);
#1501=ORIENTED_EDGE('',*,*,#3519,.T.);
#1502=ORIENTED_EDGE('',*,*,#3609,.T.);
#1503=ORIENTED_EDGE('',*,*,#3610,.T.);
#1504=ORIENTED_EDGE('',*,*,#3611,.T.);
#1505=ORIENTED_EDGE('',*,*,#3612,.T.);
#1506=ORIENTED_EDGE('',*,*,#3613,.T.);
#1507=ORIENTED_EDGE('',*,*,#3518,.T.);
#1508=ORIENTED_EDGE('',*,*,#3613,.F.);
#1509=ORIENTED_EDGE('',*,*,#3614,.F.);
#1510=ORIENTED_EDGE('',*,*,#3609,.F.);
#1511=ORIENTED_EDGE('',*,*,#3615,.F.);
#1512=ORIENTED_EDGE('',*,*,#3616,.F.);
#1513=ORIENTED_EDGE('',*,*,#3607,.F.);
#1514=ORIENTED_EDGE('',*,*,#3516,.T.);
#1515=ORIENTED_EDGE('',*,*,#3617,.F.);
#1516=ORIENTED_EDGE('',*,*,#3618,.T.);
#1517=ORIENTED_EDGE('',*,*,#3619,.F.);
#1518=ORIENTED_EDGE('',*,*,#3515,.T.);
#1519=ORIENTED_EDGE('',*,*,#3620,.T.);
#1520=ORIENTED_EDGE('',*,*,#3621,.F.);
#1521=ORIENTED_EDGE('',*,*,#3622,.T.);
#1522=ORIENTED_EDGE('',*,*,#3623,.T.);
#1523=ORIENTED_EDGE('',*,*,#3624,.F.);
#1524=ORIENTED_EDGE('',*,*,#3625,.T.);
#1525=ORIENTED_EDGE('',*,*,#3626,.F.);
#1526=ORIENTED_EDGE('',*,*,#3627,.F.);
#1527=ORIENTED_EDGE('',*,*,#3628,.T.);
#1528=ORIENTED_EDGE('',*,*,#3629,.F.);
#1529=ORIENTED_EDGE('',*,*,#3630,.T.);
#1530=ORIENTED_EDGE('',*,*,#3542,.T.);
#1531=ORIENTED_EDGE('',*,*,#3533,.T.);
#1532=ORIENTED_EDGE('',*,*,#3538,.T.);
#1533=ORIENTED_EDGE('',*,*,#3631,.F.);
#1534=ORIENTED_EDGE('',*,*,#3632,.T.);
#1535=ORIENTED_EDGE('',*,*,#3633,.F.);
#1536=ORIENTED_EDGE('',*,*,#3566,.T.);
#1537=ORIENTED_EDGE('',*,*,#3634,.F.);
#1538=ORIENTED_EDGE('',*,*,#3635,.T.);
#1539=ORIENTED_EDGE('',*,*,#3571,.T.);
#1540=ORIENTED_EDGE('',*,*,#3558,.T.);
#1541=ORIENTED_EDGE('',*,*,#3563,.T.);
#1542=ORIENTED_EDGE('',*,*,#3636,.F.);
#1543=ORIENTED_EDGE('',*,*,#3637,.F.);
#1544=ORIENTED_EDGE('',*,*,#3638,.T.);
#1545=ORIENTED_EDGE('',*,*,#3639,.F.);
#1546=ORIENTED_EDGE('',*,*,#3640,.F.);
#1547=ORIENTED_EDGE('',*,*,#3596,.T.);
#1548=ORIENTED_EDGE('',*,*,#3641,.F.);
#1549=ORIENTED_EDGE('',*,*,#3642,.T.);
#1550=ORIENTED_EDGE('',*,*,#3601,.T.);
#1551=ORIENTED_EDGE('',*,*,#3587,.T.);
#1552=ORIENTED_EDGE('',*,*,#3593,.T.);
#1553=ORIENTED_EDGE('',*,*,#3643,.F.);
#1554=ORIENTED_EDGE('',*,*,#3644,.T.);
#1555=ORIENTED_EDGE('',*,*,#3645,.T.);
#1556=ORIENTED_EDGE('',*,*,#3646,.F.);
#1557=ORIENTED_EDGE('',*,*,#3647,.T.);
#1558=ORIENTED_EDGE('',*,*,#3648,.T.);
#1559=ORIENTED_EDGE('',*,*,#3649,.F.);
#1560=ORIENTED_EDGE('',*,*,#3650,.T.);
#1561=ORIENTED_EDGE('',*,*,#3651,.T.);
#1562=ORIENTED_EDGE('',*,*,#3652,.T.);
#1563=ORIENTED_EDGE('',*,*,#3653,.F.);
#1564=ORIENTED_EDGE('',*,*,#3654,.T.);
#1565=ORIENTED_EDGE('',*,*,#3655,.F.);
#1566=ORIENTED_EDGE('',*,*,#3656,.F.);
#1567=ORIENTED_EDGE('',*,*,#3657,.F.);
#1568=ORIENTED_EDGE('',*,*,#3658,.T.);
#1569=ORIENTED_EDGE('',*,*,#3659,.F.);
#1570=ORIENTED_EDGE('',*,*,#3650,.F.);
#1571=ORIENTED_EDGE('',*,*,#3660,.F.);
#1572=ORIENTED_EDGE('',*,*,#3661,.T.);
#1573=ORIENTED_EDGE('',*,*,#3662,.F.);
#1574=ORIENTED_EDGE('',*,*,#3663,.T.);
#1575=ORIENTED_EDGE('',*,*,#3664,.T.);
#1576=ORIENTED_EDGE('',*,*,#3665,.F.);
#1577=ORIENTED_EDGE('',*,*,#3666,.T.);
#1578=ORIENTED_EDGE('',*,*,#3667,.T.);
#1579=ORIENTED_EDGE('',*,*,#3668,.F.);
#1580=ORIENTED_EDGE('',*,*,#3669,.F.);
#1581=ORIENTED_EDGE('',*,*,#3670,.F.);
#1582=ORIENTED_EDGE('',*,*,#3671,.F.);
#1583=ORIENTED_EDGE('',*,*,#3672,.F.);
#1584=ORIENTED_EDGE('',*,*,#3673,.T.);
#1585=ORIENTED_EDGE('',*,*,#3654,.F.);
#1586=ORIENTED_EDGE('',*,*,#3674,.F.);
#1587=ORIENTED_EDGE('',*,*,#3675,.T.);
#1588=ORIENTED_EDGE('',*,*,#3676,.F.);
#1589=ORIENTED_EDGE('',*,*,#3677,.T.);
#1590=ORIENTED_EDGE('',*,*,#3678,.T.);
#1591=ORIENTED_EDGE('',*,*,#3679,.T.);
#1592=ORIENTED_EDGE('',*,*,#3680,.T.);
#1593=ORIENTED_EDGE('',*,*,#3675,.F.);
#1594=ORIENTED_EDGE('',*,*,#3673,.F.);
#1595=ORIENTED_EDGE('',*,*,#3658,.F.);
#1596=ORIENTED_EDGE('',*,*,#3661,.F.);
#1597=ORIENTED_EDGE('',*,*,#3667,.F.);
#1598=ORIENTED_EDGE('',*,*,#3663,.F.);
#1599=ORIENTED_EDGE('',*,*,#3435,.F.);
#1600=ORIENTED_EDGE('',*,*,#3473,.T.);
#1601=ORIENTED_EDGE('',*,*,#3447,.T.);
#1602=ORIENTED_EDGE('',*,*,#3681,.F.);
#1603=ORIENTED_EDGE('',*,*,#3682,.F.);
#1604=ORIENTED_EDGE('',*,*,#3436,.T.);
#1605=ORIENTED_EDGE('',*,*,#3681,.T.);
#1606=ORIENTED_EDGE('',*,*,#3446,.F.);
#1607=ORIENTED_EDGE('',*,*,#3472,.T.);
#1608=ORIENTED_EDGE('',*,*,#3683,.T.);
#1609=ORIENTED_EDGE('',*,*,#3684,.F.);
#1610=ORIENTED_EDGE('',*,*,#3460,.T.);
#1611=ORIENTED_EDGE('',*,*,#3685,.T.);
#1612=ORIENTED_EDGE('',*,*,#3686,.T.);
#1613=ORIENTED_EDGE('',*,*,#3687,.F.);
#1614=ORIENTED_EDGE('',*,*,#3463,.F.);
#1615=ORIENTED_EDGE('',*,*,#3688,.T.);
#1616=ORIENTED_EDGE('',*,*,#3689,.T.);
#1617=ORIENTED_EDGE('',*,*,#3685,.F.);
#1618=ORIENTED_EDGE('',*,*,#3462,.T.);
#1619=ORIENTED_EDGE('',*,*,#3690,.F.);
#1620=ORIENTED_EDGE('',*,*,#3438,.T.);
#1621=ORIENTED_EDGE('',*,*,#3691,.T.);
#1622=ORIENTED_EDGE('',*,*,#3444,.F.);
#1623=ORIENTED_EDGE('',*,*,#3692,.F.);
#1624=ORIENTED_EDGE('',*,*,#3693,.T.);
#1625=ORIENTED_EDGE('',*,*,#3694,.T.);
#1626=ORIENTED_EDGE('',*,*,#3418,.F.);
#1627=ORIENTED_EDGE('',*,*,#3695,.F.);
#1628=ORIENTED_EDGE('',*,*,#3696,.T.);
#1629=ORIENTED_EDGE('',*,*,#3697,.T.);
#1630=ORIENTED_EDGE('',*,*,#3420,.F.);
#1631=ORIENTED_EDGE('',*,*,#3697,.F.);
#1632=ORIENTED_EDGE('',*,*,#3698,.T.);
#1633=ORIENTED_EDGE('',*,*,#3699,.T.);
#1634=ORIENTED_EDGE('',*,*,#3421,.T.);
#1635=ORIENTED_EDGE('',*,*,#3699,.F.);
#1636=ORIENTED_EDGE('',*,*,#3700,.T.);
#1637=ORIENTED_EDGE('',*,*,#3701,.T.);
#1638=ORIENTED_EDGE('',*,*,#3422,.F.);
#1639=ORIENTED_EDGE('',*,*,#3702,.F.);
#1640=ORIENTED_EDGE('',*,*,#3703,.T.);
#1641=ORIENTED_EDGE('',*,*,#3399,.T.);
#1642=ORIENTED_EDGE('',*,*,#3426,.F.);
#1643=ORIENTED_EDGE('',*,*,#3704,.F.);
#1644=ORIENTED_EDGE('',*,*,#3705,.T.);
#1645=ORIENTED_EDGE('',*,*,#3692,.T.);
#1646=ORIENTED_EDGE('',*,*,#3417,.T.);
#1647=ORIENTED_EDGE('',*,*,#3410,.F.);
#1648=ORIENTED_EDGE('',*,*,#3706,.T.);
#1649=ORIENTED_EDGE('',*,*,#3704,.T.);
#1650=ORIENTED_EDGE('',*,*,#3416,.F.);
#1651=ORIENTED_EDGE('',*,*,#3439,.F.);
#1652=ORIENTED_EDGE('',*,*,#3690,.T.);
#1653=ORIENTED_EDGE('',*,*,#3443,.T.);
#1654=ORIENTED_EDGE('',*,*,#3707,.F.);
#1655=ORIENTED_EDGE('',*,*,#3413,.F.);
#1656=ORIENTED_EDGE('',*,*,#3440,.T.);
#1657=ORIENTED_EDGE('',*,*,#3707,.T.);
#1658=ORIENTED_EDGE('',*,*,#3442,.F.);
#1659=ORIENTED_EDGE('',*,*,#3687,.T.);
#1660=ORIENTED_EDGE('',*,*,#3708,.T.);
#1661=ORIENTED_EDGE('',*,*,#3406,.F.);
#1662=ORIENTED_EDGE('',*,*,#3464,.T.);
#1663=ORIENTED_EDGE('',*,*,#3709,.T.);
#1664=ORIENTED_EDGE('',*,*,#3710,.T.);
#1665=ORIENTED_EDGE('',*,*,#3711,.F.);
#1666=ORIENTED_EDGE('',*,*,#3456,.T.);
#1667=ORIENTED_EDGE('',*,*,#3368,.F.);
#1668=ORIENTED_EDGE('',*,*,#3712,.T.);
#1669=ORIENTED_EDGE('',*,*,#3713,.F.);
#1670=ORIENTED_EDGE('',*,*,#3714,.F.);
#1671=ORIENTED_EDGE('',*,*,#3427,.T.);
#1672=ORIENTED_EDGE('',*,*,#3415,.T.);
#1673=ORIENTED_EDGE('',*,*,#3441,.F.);
#1674=ORIENTED_EDGE('',*,*,#3369,.F.);
#1675=ORIENTED_EDGE('',*,*,#3715,.F.);
#1676=ORIENTED_EDGE('',*,*,#3432,.T.);
#1677=ORIENTED_EDGE('',*,*,#3716,.T.);
#1678=ORIENTED_EDGE('',*,*,#3450,.F.);
#1679=ORIENTED_EDGE('',*,*,#3431,.F.);
#1680=ORIENTED_EDGE('',*,*,#3717,.T.);
#1681=ORIENTED_EDGE('',*,*,#3451,.T.);
#1682=ORIENTED_EDGE('',*,*,#3716,.F.);
#1683=ORIENTED_EDGE('',*,*,#3718,.F.);
#1684=ORIENTED_EDGE('',*,*,#3719,.T.);
#1685=ORIENTED_EDGE('',*,*,#3702,.T.);
#1686=ORIENTED_EDGE('',*,*,#3425,.T.);
#1687=ORIENTED_EDGE('',*,*,#3720,.T.);
#1688=ORIENTED_EDGE('',*,*,#3721,.T.);
#1689=ORIENTED_EDGE('',*,*,#3709,.F.);
#1690=ORIENTED_EDGE('',*,*,#3455,.F.);
#1691=ORIENTED_EDGE('',*,*,#3722,.F.);
#1692=ORIENTED_EDGE('',*,*,#3723,.F.);
#1693=ORIENTED_EDGE('',*,*,#3623,.F.);
#1694=ORIENTED_EDGE('',*,*,#3724,.T.);
#1695=ORIENTED_EDGE('',*,*,#3610,.F.);
#1696=ORIENTED_EDGE('',*,*,#3725,.F.);
#1697=ORIENTED_EDGE('',*,*,#3724,.F.);
#1698=ORIENTED_EDGE('',*,*,#3622,.F.);
#1699=ORIENTED_EDGE('',*,*,#3645,.F.);
#1700=ORIENTED_EDGE('',*,*,#3726,.T.);
#1701=ORIENTED_EDGE('',*,*,#3727,.F.);
#1702=ORIENTED_EDGE('',*,*,#3611,.F.);
#1703=ORIENTED_EDGE('',*,*,#3726,.F.);
#1704=ORIENTED_EDGE('',*,*,#3644,.F.);
#1705=ORIENTED_EDGE('',*,*,#3728,.F.);
#1706=ORIENTED_EDGE('',*,*,#3729,.T.);
#1707=ORIENTED_EDGE('',*,*,#3730,.F.);
#1708=ORIENTED_EDGE('',*,*,#3731,.F.);
#1709=ORIENTED_EDGE('',*,*,#3732,.F.);
#1710=ORIENTED_EDGE('',*,*,#3628,.F.);
#1711=ORIENTED_EDGE('',*,*,#3733,.F.);
#1712=ORIENTED_EDGE('',*,*,#3536,.T.);
#1713=ORIENTED_EDGE('',*,*,#3734,.F.);
#1714=ORIENTED_EDGE('',*,*,#3526,.F.);
#1715=ORIENTED_EDGE('',*,*,#3543,.F.);
#1716=ORIENTED_EDGE('',*,*,#3630,.F.);
#1717=ORIENTED_EDGE('',*,*,#3625,.F.);
#1718=ORIENTED_EDGE('',*,*,#3732,.T.);
#1719=ORIENTED_EDGE('',*,*,#3527,.F.);
#1720=ORIENTED_EDGE('',*,*,#3531,.F.);
#1721=ORIENTED_EDGE('',*,*,#3523,.T.);
#1722=ORIENTED_EDGE('',*,*,#3535,.T.);
#1723=ORIENTED_EDGE('',*,*,#3735,.T.);
#1724=ORIENTED_EDGE('',*,*,#3534,.F.);
#1725=ORIENTED_EDGE('',*,*,#3510,.F.);
#1726=ORIENTED_EDGE('',*,*,#3736,.F.);
#1727=ORIENTED_EDGE('',*,*,#3540,.T.);
#1728=ORIENTED_EDGE('',*,*,#3737,.F.);
#1729=ORIENTED_EDGE('',*,*,#3735,.F.);
#1730=ORIENTED_EDGE('',*,*,#3572,.F.);
#1731=ORIENTED_EDGE('',*,*,#3635,.F.);
#1732=ORIENTED_EDGE('',*,*,#3632,.F.);
#1733=ORIENTED_EDGE('',*,*,#3565,.T.);
#1734=ORIENTED_EDGE('',*,*,#3552,.F.);
#1735=ORIENTED_EDGE('',*,*,#3556,.F.);
#1736=ORIENTED_EDGE('',*,*,#3548,.T.);
#1737=ORIENTED_EDGE('',*,*,#3560,.T.);
#1738=ORIENTED_EDGE('',*,*,#3738,.T.);
#1739=ORIENTED_EDGE('',*,*,#3559,.F.);
#1740=ORIENTED_EDGE('',*,*,#3507,.F.);
#1741=ORIENTED_EDGE('',*,*,#3739,.F.);
#1742=ORIENTED_EDGE('',*,*,#3569,.T.);
#1743=ORIENTED_EDGE('',*,*,#3740,.F.);
#1744=ORIENTED_EDGE('',*,*,#3738,.F.);
#1745=ORIENTED_EDGE('',*,*,#3602,.F.);
#1746=ORIENTED_EDGE('',*,*,#3642,.F.);
#1747=ORIENTED_EDGE('',*,*,#3638,.F.);
#1748=ORIENTED_EDGE('',*,*,#3595,.T.);
#1749=ORIENTED_EDGE('',*,*,#3581,.F.);
#1750=ORIENTED_EDGE('',*,*,#3585,.F.);
#1751=ORIENTED_EDGE('',*,*,#3577,.T.);
#1752=ORIENTED_EDGE('',*,*,#3590,.T.);
#1753=ORIENTED_EDGE('',*,*,#3741,.T.);
#1754=ORIENTED_EDGE('',*,*,#3589,.F.);
#1755=ORIENTED_EDGE('',*,*,#3604,.F.);
#1756=ORIENTED_EDGE('',*,*,#3742,.F.);
#1757=ORIENTED_EDGE('',*,*,#3599,.T.);
#1758=ORIENTED_EDGE('',*,*,#3743,.F.);
#1759=ORIENTED_EDGE('',*,*,#3741,.F.);
#1760=ORIENTED_EDGE('',*,*,#3717,.F.);
#1761=ORIENTED_EDGE('',*,*,#3430,.T.);
#1762=ORIENTED_EDGE('',*,*,#3403,.T.);
#1763=ORIENTED_EDGE('',*,*,#3452,.F.);
#1764=ORIENTED_EDGE('',*,*,#3744,.T.);
#1765=ORIENTED_EDGE('',*,*,#3745,.T.);
#1766=ORIENTED_EDGE('',*,*,#3746,.T.);
#1767=ORIENTED_EDGE('',*,*,#3747,.T.);
#1768=ORIENTED_EDGE('',*,*,#3748,.T.);
#1769=ORIENTED_EDGE('',*,*,#3749,.T.);
#1770=ORIENTED_EDGE('',*,*,#3750,.T.);
#1771=ORIENTED_EDGE('',*,*,#3751,.T.);
#1772=ORIENTED_EDGE('',*,*,#3752,.T.);
#1773=ORIENTED_EDGE('',*,*,#3753,.T.);
#1774=ORIENTED_EDGE('',*,*,#3754,.T.);
#1775=ORIENTED_EDGE('',*,*,#3755,.T.);
#1776=ORIENTED_EDGE('',*,*,#3756,.T.);
#1777=ORIENTED_EDGE('',*,*,#3757,.T.);
#1778=ORIENTED_EDGE('',*,*,#3639,.T.);
#1779=ORIENTED_EDGE('',*,*,#3641,.T.);
#1780=ORIENTED_EDGE('',*,*,#3758,.T.);
#1781=ORIENTED_EDGE('',*,*,#3606,.T.);
#1782=ORIENTED_EDGE('',*,*,#3759,.T.);
#1783=ORIENTED_EDGE('',*,*,#3760,.T.);
#1784=ORIENTED_EDGE('',*,*,#3761,.T.);
#1785=ORIENTED_EDGE('',*,*,#3762,.T.);
#1786=ORIENTED_EDGE('',*,*,#3617,.T.);
#1787=ORIENTED_EDGE('',*,*,#3619,.T.);
#1788=ORIENTED_EDGE('',*,*,#3763,.T.);
#1789=ORIENTED_EDGE('',*,*,#3764,.T.);
#1790=ORIENTED_EDGE('',*,*,#3765,.T.);
#1791=ORIENTED_EDGE('',*,*,#3512,.T.);
#1792=ORIENTED_EDGE('',*,*,#3631,.T.);
#1793=ORIENTED_EDGE('',*,*,#3766,.T.);
#1794=ORIENTED_EDGE('',*,*,#3627,.T.);
#1795=ORIENTED_EDGE('',*,*,#3767,.T.);
#1796=ORIENTED_EDGE('',*,*,#3768,.T.);
#1797=ORIENTED_EDGE('',*,*,#3769,.T.);
#1798=ORIENTED_EDGE('',*,*,#3770,.T.);
#1799=ORIENTED_EDGE('',*,*,#3509,.T.);
#1800=ORIENTED_EDGE('',*,*,#3637,.T.);
#1801=ORIENTED_EDGE('',*,*,#3771,.T.);
#1802=ORIENTED_EDGE('',*,*,#3397,.T.);
#1803=ORIENTED_EDGE('',*,*,#3772,.T.);
#1804=ORIENTED_EDGE('',*,*,#3720,.F.);
#1805=ORIENTED_EDGE('',*,*,#3454,.T.);
#1806=ORIENTED_EDGE('',*,*,#3773,.T.);
#1807=ORIENTED_EDGE('',*,*,#3774,.T.);
#1808=ORIENTED_EDGE('',*,*,#3647,.F.);
#1809=ORIENTED_EDGE('',*,*,#3659,.T.);
#1810=ORIENTED_EDGE('',*,*,#3657,.T.);
#1811=ORIENTED_EDGE('',*,*,#3775,.T.);
#1812=ORIENTED_EDGE('',*,*,#3776,.T.);
#1813=ORIENTED_EDGE('',*,*,#3773,.F.);
#1814=ORIENTED_EDGE('',*,*,#3656,.T.);
#1815=ORIENTED_EDGE('',*,*,#3777,.T.);
#1816=ORIENTED_EDGE('',*,*,#3778,.T.);
#1817=ORIENTED_EDGE('',*,*,#3775,.F.);
#1818=ORIENTED_EDGE('',*,*,#3655,.T.);
#1819=ORIENTED_EDGE('',*,*,#3672,.T.);
#1820=ORIENTED_EDGE('',*,*,#3779,.T.);
#1821=ORIENTED_EDGE('',*,*,#3780,.T.);
#1822=ORIENTED_EDGE('',*,*,#3777,.F.);
#1823=ORIENTED_EDGE('',*,*,#3671,.T.);
#1824=ORIENTED_EDGE('',*,*,#3653,.T.);
#1825=ORIENTED_EDGE('',*,*,#3781,.T.);
#1826=ORIENTED_EDGE('',*,*,#3779,.F.);
#1827=ORIENTED_EDGE('',*,*,#3670,.T.);
#1828=ORIENTED_EDGE('',*,*,#3674,.T.);
#1829=ORIENTED_EDGE('',*,*,#3782,.T.);
#1830=ORIENTED_EDGE('',*,*,#3783,.T.);
#1831=ORIENTED_EDGE('',*,*,#3651,.F.);
#1832=ORIENTED_EDGE('',*,*,#3676,.T.);
#1833=ORIENTED_EDGE('',*,*,#3662,.T.);
#1834=ORIENTED_EDGE('',*,*,#3784,.T.);
#1835=ORIENTED_EDGE('',*,*,#3785,.T.);
#1836=ORIENTED_EDGE('',*,*,#3782,.F.);
#1837=ORIENTED_EDGE('',*,*,#3665,.T.);
#1838=ORIENTED_EDGE('',*,*,#3786,.T.);
#1839=ORIENTED_EDGE('',*,*,#3787,.T.);
#1840=ORIENTED_EDGE('',*,*,#3784,.F.);
#1841=ORIENTED_EDGE('',*,*,#3664,.F.);
#1842=ORIENTED_EDGE('',*,*,#3666,.F.);
#1843=ORIENTED_EDGE('',*,*,#3788,.T.);
#1844=ORIENTED_EDGE('',*,*,#3789,.T.);
#1845=ORIENTED_EDGE('',*,*,#3790,.F.);
#1846=ORIENTED_EDGE('',*,*,#3791,.T.);
#1847=ORIENTED_EDGE('',*,*,#3790,.T.);
#1848=ORIENTED_EDGE('',*,*,#3792,.T.);
#1849=ORIENTED_EDGE('',*,*,#3793,.F.);
#1850=ORIENTED_EDGE('',*,*,#3501,.F.);
#1851=ORIENTED_EDGE('',*,*,#3794,.F.);
#1852=ORIENTED_EDGE('',*,*,#3793,.T.);
#1853=ORIENTED_EDGE('',*,*,#3795,.T.);
#1854=ORIENTED_EDGE('',*,*,#3796,.F.);
#1855=ORIENTED_EDGE('',*,*,#3498,.T.);
#1856=ORIENTED_EDGE('',*,*,#3796,.T.);
#1857=ORIENTED_EDGE('',*,*,#3797,.T.);
#1858=ORIENTED_EDGE('',*,*,#3798,.F.);
#1859=ORIENTED_EDGE('',*,*,#3497,.F.);
#1860=ORIENTED_EDGE('',*,*,#3499,.F.);
#1861=ORIENTED_EDGE('',*,*,#3798,.T.);
#1862=ORIENTED_EDGE('',*,*,#3799,.T.);
#1863=ORIENTED_EDGE('',*,*,#3800,.F.);
#1864=ORIENTED_EDGE('',*,*,#3494,.T.);
#1865=ORIENTED_EDGE('',*,*,#3800,.T.);
#1866=ORIENTED_EDGE('',*,*,#3801,.T.);
#1867=ORIENTED_EDGE('',*,*,#3802,.F.);
#1868=ORIENTED_EDGE('',*,*,#3493,.F.);
#1869=ORIENTED_EDGE('',*,*,#3495,.F.);
#1870=ORIENTED_EDGE('',*,*,#3802,.T.);
#1871=ORIENTED_EDGE('',*,*,#3803,.T.);
#1872=ORIENTED_EDGE('',*,*,#3804,.F.);
#1873=ORIENTED_EDGE('',*,*,#3490,.T.);
#1874=ORIENTED_EDGE('',*,*,#3804,.T.);
#1875=ORIENTED_EDGE('',*,*,#3805,.T.);
#1876=ORIENTED_EDGE('',*,*,#3483,.F.);
#1877=ORIENTED_EDGE('',*,*,#3489,.F.);
#1878=ORIENTED_EDGE('',*,*,#3491,.F.);
#1879=ORIENTED_EDGE('',*,*,#3506,.F.);
#1880=ORIENTED_EDGE('',*,*,#3806,.F.);
#1881=ORIENTED_EDGE('',*,*,#3791,.F.);
#1882=ORIENTED_EDGE('',*,*,#3794,.T.);
#1883=ORIENTED_EDGE('',*,*,#3477,.T.);
#1884=ORIENTED_EDGE('',*,*,#3807,.T.);
#1885=ORIENTED_EDGE('',*,*,#3788,.F.);
#1886=ORIENTED_EDGE('',*,*,#3806,.T.);
#1887=ORIENTED_EDGE('',*,*,#3487,.T.);
#1888=ORIENTED_EDGE('',*,*,#3808,.T.);
#1889=ORIENTED_EDGE('',*,*,#3809,.T.);
#1890=ORIENTED_EDGE('',*,*,#3786,.F.);
#1891=ORIENTED_EDGE('',*,*,#3669,.T.);
#1892=ORIENTED_EDGE('',*,*,#3649,.T.);
#1893=ORIENTED_EDGE('',*,*,#3810,.T.);
#1894=ORIENTED_EDGE('',*,*,#3808,.F.);
#1895=ORIENTED_EDGE('',*,*,#3668,.T.);
#1896=ORIENTED_EDGE('',*,*,#3660,.T.);
#1897=ORIENTED_EDGE('',*,*,#3713,.T.);
#1898=ORIENTED_EDGE('',*,*,#3811,.T.);
#1899=ORIENTED_EDGE('',*,*,#3465,.F.);
#1900=ORIENTED_EDGE('',*,*,#3467,.F.);
#1901=ORIENTED_EDGE('',*,*,#3428,.F.);
#1902=ORIENTED_EDGE('',*,*,#3714,.T.);
#1903=ORIENTED_EDGE('',*,*,#3812,.F.);
#1904=ORIENTED_EDGE('',*,*,#3813,.T.);
#1905=ORIENTED_EDGE('',*,*,#3718,.T.);
#1906=ORIENTED_EDGE('',*,*,#3424,.F.);
#1907=ORIENTED_EDGE('',*,*,#3517,.F.);
#1908=ORIENTED_EDGE('',*,*,#3618,.F.);
#1909=ORIENTED_EDGE('',*,*,#3814,.F.);
#1910=ORIENTED_EDGE('',*,*,#3722,.T.);
#1911=ORIENTED_EDGE('',*,*,#3815,.F.);
#1912=ORIENTED_EDGE('',*,*,#3612,.F.);
#1913=ORIENTED_EDGE('',*,*,#3615,.T.);
#1914=ORIENTED_EDGE('',*,*,#3727,.T.);
#1915=ORIENTED_EDGE('',*,*,#3731,.T.);
#1916=ORIENTED_EDGE('',*,*,#3729,.F.);
#1917=ORIENTED_EDGE('',*,*,#3816,.F.);
#1918=ORIENTED_EDGE('',*,*,#3620,.F.);
#1919=ORIENTED_EDGE('',*,*,#3514,.T.);
#1920=ORIENTED_EDGE('',*,*,#3608,.F.);
#1921=ORIENTED_EDGE('',*,*,#3817,.F.);
#1922=ORIENTED_EDGE('',*,*,#3433,.F.);
#1923=ORIENTED_EDGE('',*,*,#3715,.T.);
#1924=ORIENTED_EDGE('',*,*,#3449,.T.);
#1925=ORIENTED_EDGE('',*,*,#3474,.F.);
#1926=ORIENTED_EDGE('',*,*,#3711,.T.);
#1927=ORIENTED_EDGE('',*,*,#3818,.T.);
#1928=ORIENTED_EDGE('',*,*,#3468,.F.);
#1929=ORIENTED_EDGE('',*,*,#3457,.F.);
#1930=ORIENTED_EDGE('',*,*,#3701,.F.);
#1931=ORIENTED_EDGE('',*,*,#3819,.T.);
#1932=ORIENTED_EDGE('',*,*,#3812,.T.);
#1933=ORIENTED_EDGE('',*,*,#3423,.T.);
#1934=ORIENTED_EDGE('',*,*,#3694,.F.);
#1935=ORIENTED_EDGE('',*,*,#3820,.T.);
#1936=ORIENTED_EDGE('',*,*,#3695,.T.);
#1937=ORIENTED_EDGE('',*,*,#3419,.T.);
#1938=ORIENTED_EDGE('',*,*,#3684,.T.);
#1939=ORIENTED_EDGE('',*,*,#3821,.T.);
#1940=ORIENTED_EDGE('',*,*,#3688,.F.);
#1941=ORIENTED_EDGE('',*,*,#3461,.F.);
#1942=ORIENTED_EDGE('',*,*,#3445,.T.);
#1943=ORIENTED_EDGE('',*,*,#3691,.F.);
#1944=ORIENTED_EDGE('',*,*,#3437,.F.);
#1945=ORIENTED_EDGE('',*,*,#3682,.T.);
#1946=ORIENTED_EDGE('',*,*,#3758,.F.);
#1947=ORIENTED_EDGE('',*,*,#3600,.T.);
#1948=ORIENTED_EDGE('',*,*,#3742,.T.);
#1949=ORIENTED_EDGE('',*,*,#3597,.T.);
#1950=ORIENTED_EDGE('',*,*,#3822,.F.);
#1951=ORIENTED_EDGE('',*,*,#3592,.T.);
#1952=ORIENTED_EDGE('',*,*,#3823,.F.);
#1953=ORIENTED_EDGE('',*,*,#3570,.T.);
#1954=ORIENTED_EDGE('',*,*,#3739,.T.);
#1955=ORIENTED_EDGE('',*,*,#3770,.F.);
#1956=ORIENTED_EDGE('',*,*,#3567,.T.);
#1957=ORIENTED_EDGE('',*,*,#3824,.F.);
#1958=ORIENTED_EDGE('',*,*,#3562,.T.);
#1959=ORIENTED_EDGE('',*,*,#3825,.F.);
#1960=ORIENTED_EDGE('',*,*,#3541,.T.);
#1961=ORIENTED_EDGE('',*,*,#3736,.T.);
#1962=ORIENTED_EDGE('',*,*,#3733,.T.);
#1963=ORIENTED_EDGE('',*,*,#3766,.F.);
#1964=ORIENTED_EDGE('',*,*,#3537,.T.);
#1965=ORIENTED_EDGE('',*,*,#3826,.F.);
#1966=ORIENTED_EDGE('',*,*,#3816,.T.);
#1967=ORIENTED_EDGE('',*,*,#3728,.T.);
#1968=ORIENTED_EDGE('',*,*,#3814,.T.);
#1969=ORIENTED_EDGE('',*,*,#3762,.F.);
#1970=ORIENTED_EDGE('',*,*,#3827,.F.);
#1971=ORIENTED_EDGE('',*,*,#3723,.T.);
#1972=ORIENTED_EDGE('',*,*,#3730,.T.);
#1973=ORIENTED_EDGE('',*,*,#3817,.T.);
#1974=ORIENTED_EDGE('',*,*,#3616,.T.);
#1975=ORIENTED_EDGE('',*,*,#3614,.T.);
#1976=ORIENTED_EDGE('',*,*,#3815,.T.);
#1977=ORIENTED_EDGE('',*,*,#3725,.T.);
#1978=ORIENTED_EDGE('',*,*,#3575,.T.);
#1979=ORIENTED_EDGE('',*,*,#3598,.T.);
#1980=ORIENTED_EDGE('',*,*,#3594,.T.);
#1981=ORIENTED_EDGE('',*,*,#3743,.T.);
#1982=ORIENTED_EDGE('',*,*,#3603,.T.);
#1983=ORIENTED_EDGE('',*,*,#3578,.T.);
#1984=ORIENTED_EDGE('',*,*,#3546,.T.);
#1985=ORIENTED_EDGE('',*,*,#3568,.T.);
#1986=ORIENTED_EDGE('',*,*,#3564,.T.);
#1987=ORIENTED_EDGE('',*,*,#3740,.T.);
#1988=ORIENTED_EDGE('',*,*,#3573,.T.);
#1989=ORIENTED_EDGE('',*,*,#3549,.T.);
#1990=ORIENTED_EDGE('',*,*,#3521,.T.);
#1991=ORIENTED_EDGE('',*,*,#3734,.T.);
#1992=ORIENTED_EDGE('',*,*,#3539,.T.);
#1993=ORIENTED_EDGE('',*,*,#3737,.T.);
#1994=ORIENTED_EDGE('',*,*,#3544,.T.);
#1995=ORIENTED_EDGE('',*,*,#3524,.T.);
#1996=ORIENTED_EDGE('',*,*,#3828,.T.);
#1997=ORIENTED_EDGE('',*,*,#3829,.T.);
#1998=ORIENTED_EDGE('',*,*,#3830,.T.);
#1999=ORIENTED_EDGE('',*,*,#3831,.T.);
#2000=ORIENTED_EDGE('',*,*,#3832,.T.);
#2001=ORIENTED_EDGE('',*,*,#3833,.T.);
#2002=ORIENTED_EDGE('',*,*,#3834,.T.);
#2003=ORIENTED_EDGE('',*,*,#3835,.T.);
#2004=ORIENTED_EDGE('',*,*,#3836,.T.);
#2005=ORIENTED_EDGE('',*,*,#3837,.T.);
#2006=ORIENTED_EDGE('',*,*,#3838,.T.);
#2007=ORIENTED_EDGE('',*,*,#3839,.T.);
#2008=ORIENTED_EDGE('',*,*,#3840,.F.);
#2009=ORIENTED_EDGE('',*,*,#3841,.T.);
#2010=ORIENTED_EDGE('',*,*,#3842,.T.);
#2011=ORIENTED_EDGE('',*,*,#3843,.T.);
#2012=ORIENTED_EDGE('',*,*,#3844,.F.);
#2013=ORIENTED_EDGE('',*,*,#3845,.F.);
#2014=ORIENTED_EDGE('',*,*,#3846,.F.);
#2015=ORIENTED_EDGE('',*,*,#3847,.T.);
#2016=ORIENTED_EDGE('',*,*,#3848,.T.);
#2017=ORIENTED_EDGE('',*,*,#3849,.T.);
#2018=ORIENTED_EDGE('',*,*,#3850,.F.);
#2019=ORIENTED_EDGE('',*,*,#3851,.F.);
#2020=ORIENTED_EDGE('',*,*,#3852,.F.);
#2021=ORIENTED_EDGE('',*,*,#3853,.F.);
#2022=ORIENTED_EDGE('',*,*,#3854,.T.);
#2023=ORIENTED_EDGE('',*,*,#3855,.T.);
#2024=ORIENTED_EDGE('',*,*,#3856,.T.);
#2025=ORIENTED_EDGE('',*,*,#3857,.F.);
#2026=ORIENTED_EDGE('',*,*,#3858,.F.);
#2027=ORIENTED_EDGE('',*,*,#3859,.F.);
#2028=ORIENTED_EDGE('',*,*,#3860,.T.);
#2029=ORIENTED_EDGE('',*,*,#3861,.T.);
#2030=ORIENTED_EDGE('',*,*,#3862,.T.);
#2031=ORIENTED_EDGE('',*,*,#3863,.F.);
#2032=ORIENTED_EDGE('',*,*,#3864,.F.);
#2033=ORIENTED_EDGE('',*,*,#3865,.F.);
#2034=ORIENTED_EDGE('',*,*,#3866,.T.);
#2035=ORIENTED_EDGE('',*,*,#3866,.F.);
#2036=ORIENTED_EDGE('',*,*,#3867,.T.);
#2037=ORIENTED_EDGE('',*,*,#3868,.T.);
#2038=ORIENTED_EDGE('',*,*,#3867,.F.);
#2039=ORIENTED_EDGE('',*,*,#3869,.T.);
#2040=ORIENTED_EDGE('',*,*,#3870,.T.);
#2041=ORIENTED_EDGE('',*,*,#3871,.T.);
#2042=ORIENTED_EDGE('',*,*,#3872,.T.);
#2043=ORIENTED_EDGE('',*,*,#3873,.T.);
#2044=ORIENTED_EDGE('',*,*,#3874,.T.);
#2045=ORIENTED_EDGE('',*,*,#3875,.T.);
#2046=ORIENTED_EDGE('',*,*,#3876,.T.);
#2047=ORIENTED_EDGE('',*,*,#3877,.T.);
#2048=ORIENTED_EDGE('',*,*,#3875,.F.);
#2049=ORIENTED_EDGE('',*,*,#3878,.T.);
#2050=ORIENTED_EDGE('',*,*,#3870,.F.);
#2051=ORIENTED_EDGE('',*,*,#3879,.T.);
#2052=ORIENTED_EDGE('',*,*,#3871,.F.);
#2053=ORIENTED_EDGE('',*,*,#3880,.T.);
#2054=ORIENTED_EDGE('',*,*,#3881,.T.);
#2055=ORIENTED_EDGE('',*,*,#3872,.F.);
#2056=ORIENTED_EDGE('',*,*,#3882,.T.);
#2057=ORIENTED_EDGE('',*,*,#3883,.T.);
#2058=ORIENTED_EDGE('',*,*,#3873,.F.);
#2059=ORIENTED_EDGE('',*,*,#3884,.T.);
#2060=ORIENTED_EDGE('',*,*,#3885,.T.);
#2061=ORIENTED_EDGE('',*,*,#3886,.T.);
#2062=ORIENTED_EDGE('',*,*,#3887,.T.);
#2063=ORIENTED_EDGE('',*,*,#3874,.F.);
#2064=ORIENTED_EDGE('',*,*,#3888,.T.);
#2065=ORIENTED_EDGE('',*,*,#3889,.F.);
#2066=ORIENTED_EDGE('',*,*,#3890,.F.);
#2067=ORIENTED_EDGE('',*,*,#3891,.F.);
#2068=ORIENTED_EDGE('',*,*,#3882,.F.);
#2069=ORIENTED_EDGE('',*,*,#3881,.F.);
#2070=ORIENTED_EDGE('',*,*,#3892,.T.);
#2071=ORIENTED_EDGE('',*,*,#3893,.T.);
#2072=ORIENTED_EDGE('',*,*,#3890,.T.);
#2073=ORIENTED_EDGE('',*,*,#3891,.T.);
#2074=ORIENTED_EDGE('',*,*,#3893,.F.);
#2075=ORIENTED_EDGE('',*,*,#3894,.F.);
#2076=ORIENTED_EDGE('',*,*,#3895,.F.);
#2077=ORIENTED_EDGE('',*,*,#3884,.F.);
#2078=ORIENTED_EDGE('',*,*,#3883,.F.);
#2079=ORIENTED_EDGE('',*,*,#3896,.T.);
#2080=ORIENTED_EDGE('',*,*,#3853,.T.);
#2081=ORIENTED_EDGE('',*,*,#3897,.T.);
#2082=ORIENTED_EDGE('',*,*,#3898,.T.);
#2083=ORIENTED_EDGE('',*,*,#3895,.T.);
#2084=ORIENTED_EDGE('',*,*,#3899,.F.);
#2085=ORIENTED_EDGE('',*,*,#3898,.F.);
#2086=ORIENTED_EDGE('',*,*,#3900,.F.);
#2087=ORIENTED_EDGE('',*,*,#3886,.F.);
#2088=ORIENTED_EDGE('',*,*,#3885,.F.);
#2089=ORIENTED_EDGE('',*,*,#3899,.T.);
#2090=ORIENTED_EDGE('',*,*,#3894,.T.);
#2091=ORIENTED_EDGE('',*,*,#3901,.T.);
#2092=ORIENTED_EDGE('',*,*,#3900,.T.);
#2093=ORIENTED_EDGE('',*,*,#3897,.F.);
#2094=ORIENTED_EDGE('',*,*,#3902,.F.);
#2095=ORIENTED_EDGE('',*,*,#3903,.F.);
#2096=ORIENTED_EDGE('',*,*,#3876,.F.);
#2097=ORIENTED_EDGE('',*,*,#3887,.F.);
#2098=ORIENTED_EDGE('',*,*,#3852,.T.);
#2099=ORIENTED_EDGE('',*,*,#3904,.T.);
#2100=ORIENTED_EDGE('',*,*,#3902,.T.);
#2101=ORIENTED_EDGE('',*,*,#3903,.T.);
#2102=ORIENTED_EDGE('',*,*,#3904,.F.);
#2103=ORIENTED_EDGE('',*,*,#3905,.F.);
#2104=ORIENTED_EDGE('',*,*,#3906,.F.);
#2105=ORIENTED_EDGE('',*,*,#3879,.F.);
#2106=ORIENTED_EDGE('',*,*,#3877,.F.);
#2107=ORIENTED_EDGE('',*,*,#3907,.T.);
#2108=ORIENTED_EDGE('',*,*,#3850,.T.);
#2109=ORIENTED_EDGE('',*,*,#3908,.T.);
#2110=ORIENTED_EDGE('',*,*,#3889,.T.);
#2111=ORIENTED_EDGE('',*,*,#3906,.T.);
#2112=ORIENTED_EDGE('',*,*,#3909,.F.);
#2113=ORIENTED_EDGE('',*,*,#3907,.F.);
#2114=ORIENTED_EDGE('',*,*,#3888,.F.);
#2115=ORIENTED_EDGE('',*,*,#3880,.F.);
#2116=ORIENTED_EDGE('',*,*,#3878,.F.);
#2117=ORIENTED_EDGE('',*,*,#3851,.T.);
#2118=ORIENTED_EDGE('',*,*,#3909,.T.);
#2119=ORIENTED_EDGE('',*,*,#3905,.T.);
#2120=ORIENTED_EDGE('',*,*,#3910,.T.);
#2121=ORIENTED_EDGE('',*,*,#3911,.T.);
#2122=ORIENTED_EDGE('',*,*,#3910,.F.);
#2123=ORIENTED_EDGE('',*,*,#3912,.T.);
#2124=ORIENTED_EDGE('',*,*,#3911,.F.);
#2125=ORIENTED_EDGE('',*,*,#3913,.T.);
#2126=ORIENTED_EDGE('',*,*,#3914,.T.);
#2127=ORIENTED_EDGE('',*,*,#3915,.T.);
#2128=ORIENTED_EDGE('',*,*,#3916,.T.);
#2129=ORIENTED_EDGE('',*,*,#3917,.T.);
#2130=ORIENTED_EDGE('',*,*,#3918,.T.);
#2131=ORIENTED_EDGE('',*,*,#3919,.T.);
#2132=ORIENTED_EDGE('',*,*,#3920,.T.);
#2133=ORIENTED_EDGE('',*,*,#3921,.T.);
#2134=ORIENTED_EDGE('',*,*,#3919,.F.);
#2135=ORIENTED_EDGE('',*,*,#3922,.T.);
#2136=ORIENTED_EDGE('',*,*,#3914,.F.);
#2137=ORIENTED_EDGE('',*,*,#3923,.T.);
#2138=ORIENTED_EDGE('',*,*,#3915,.F.);
#2139=ORIENTED_EDGE('',*,*,#3924,.T.);
#2140=ORIENTED_EDGE('',*,*,#3925,.T.);
#2141=ORIENTED_EDGE('',*,*,#3916,.F.);
#2142=ORIENTED_EDGE('',*,*,#3926,.T.);
#2143=ORIENTED_EDGE('',*,*,#3927,.T.);
#2144=ORIENTED_EDGE('',*,*,#3917,.F.);
#2145=ORIENTED_EDGE('',*,*,#3928,.T.);
#2146=ORIENTED_EDGE('',*,*,#3929,.T.);
#2147=ORIENTED_EDGE('',*,*,#3930,.T.);
#2148=ORIENTED_EDGE('',*,*,#3931,.T.);
#2149=ORIENTED_EDGE('',*,*,#3918,.F.);
#2150=ORIENTED_EDGE('',*,*,#3932,.T.);
#2151=ORIENTED_EDGE('',*,*,#3933,.F.);
#2152=ORIENTED_EDGE('',*,*,#3934,.F.);
#2153=ORIENTED_EDGE('',*,*,#3935,.F.);
#2154=ORIENTED_EDGE('',*,*,#3926,.F.);
#2155=ORIENTED_EDGE('',*,*,#3925,.F.);
#2156=ORIENTED_EDGE('',*,*,#3936,.T.);
#2157=ORIENTED_EDGE('',*,*,#3937,.T.);
#2158=ORIENTED_EDGE('',*,*,#3934,.T.);
#2159=ORIENTED_EDGE('',*,*,#3935,.T.);
#2160=ORIENTED_EDGE('',*,*,#3937,.F.);
#2161=ORIENTED_EDGE('',*,*,#3938,.F.);
#2162=ORIENTED_EDGE('',*,*,#3939,.F.);
#2163=ORIENTED_EDGE('',*,*,#3928,.F.);
#2164=ORIENTED_EDGE('',*,*,#3927,.F.);
#2165=ORIENTED_EDGE('',*,*,#3845,.T.);
#2166=ORIENTED_EDGE('',*,*,#3940,.T.);
#2167=ORIENTED_EDGE('',*,*,#3941,.T.);
#2168=ORIENTED_EDGE('',*,*,#3939,.T.);
#2169=ORIENTED_EDGE('',*,*,#3942,.F.);
#2170=ORIENTED_EDGE('',*,*,#3941,.F.);
#2171=ORIENTED_EDGE('',*,*,#3943,.F.);
#2172=ORIENTED_EDGE('',*,*,#3930,.F.);
#2173=ORIENTED_EDGE('',*,*,#3929,.F.);
#2174=ORIENTED_EDGE('',*,*,#3942,.T.);
#2175=ORIENTED_EDGE('',*,*,#3938,.T.);
#2176=ORIENTED_EDGE('',*,*,#3944,.T.);
#2177=ORIENTED_EDGE('',*,*,#3846,.T.);
#2178=ORIENTED_EDGE('',*,*,#3943,.T.);
#2179=ORIENTED_EDGE('',*,*,#3940,.F.);
#2180=ORIENTED_EDGE('',*,*,#3945,.F.);
#2181=ORIENTED_EDGE('',*,*,#3946,.F.);
#2182=ORIENTED_EDGE('',*,*,#3920,.F.);
#2183=ORIENTED_EDGE('',*,*,#3931,.F.);
#2184=ORIENTED_EDGE('',*,*,#3844,.T.);
#2185=ORIENTED_EDGE('',*,*,#3947,.T.);
#2186=ORIENTED_EDGE('',*,*,#3948,.T.);
#2187=ORIENTED_EDGE('',*,*,#3945,.T.);
#2188=ORIENTED_EDGE('',*,*,#3946,.T.);
#2189=ORIENTED_EDGE('',*,*,#3948,.F.);
#2190=ORIENTED_EDGE('',*,*,#3949,.F.);
#2191=ORIENTED_EDGE('',*,*,#3950,.F.);
#2192=ORIENTED_EDGE('',*,*,#3923,.F.);
#2193=ORIENTED_EDGE('',*,*,#3921,.F.);
#2194=ORIENTED_EDGE('',*,*,#3951,.T.);
#2195=ORIENTED_EDGE('',*,*,#3952,.T.);
#2196=ORIENTED_EDGE('',*,*,#3933,.T.);
#2197=ORIENTED_EDGE('',*,*,#3950,.T.);
#2198=ORIENTED_EDGE('',*,*,#3953,.F.);
#2199=ORIENTED_EDGE('',*,*,#3951,.F.);
#2200=ORIENTED_EDGE('',*,*,#3932,.F.);
#2201=ORIENTED_EDGE('',*,*,#3924,.F.);
#2202=ORIENTED_EDGE('',*,*,#3922,.F.);
#2203=ORIENTED_EDGE('',*,*,#3954,.T.);
#2204=ORIENTED_EDGE('',*,*,#3953,.T.);
#2205=ORIENTED_EDGE('',*,*,#3949,.T.);
#2206=ORIENTED_EDGE('',*,*,#3955,.T.);
#2207=ORIENTED_EDGE('',*,*,#3956,.T.);
#2208=ORIENTED_EDGE('',*,*,#3955,.F.);
#2209=ORIENTED_EDGE('',*,*,#3957,.T.);
#2210=ORIENTED_EDGE('',*,*,#3956,.F.);
#2211=ORIENTED_EDGE('',*,*,#3958,.T.);
#2212=ORIENTED_EDGE('',*,*,#3959,.T.);
#2213=ORIENTED_EDGE('',*,*,#3960,.T.);
#2214=ORIENTED_EDGE('',*,*,#3961,.T.);
#2215=ORIENTED_EDGE('',*,*,#3962,.T.);
#2216=ORIENTED_EDGE('',*,*,#3963,.T.);
#2217=ORIENTED_EDGE('',*,*,#3964,.T.);
#2218=ORIENTED_EDGE('',*,*,#3965,.T.);
#2219=ORIENTED_EDGE('',*,*,#3966,.T.);
#2220=ORIENTED_EDGE('',*,*,#3964,.F.);
#2221=ORIENTED_EDGE('',*,*,#3967,.T.);
#2222=ORIENTED_EDGE('',*,*,#3959,.F.);
#2223=ORIENTED_EDGE('',*,*,#3968,.T.);
#2224=ORIENTED_EDGE('',*,*,#3960,.F.);
#2225=ORIENTED_EDGE('',*,*,#3969,.T.);
#2226=ORIENTED_EDGE('',*,*,#3970,.T.);
#2227=ORIENTED_EDGE('',*,*,#3961,.F.);
#2228=ORIENTED_EDGE('',*,*,#3971,.T.);
#2229=ORIENTED_EDGE('',*,*,#3972,.T.);
#2230=ORIENTED_EDGE('',*,*,#3962,.F.);
#2231=ORIENTED_EDGE('',*,*,#3973,.T.);
#2232=ORIENTED_EDGE('',*,*,#3974,.T.);
#2233=ORIENTED_EDGE('',*,*,#3975,.T.);
#2234=ORIENTED_EDGE('',*,*,#3976,.T.);
#2235=ORIENTED_EDGE('',*,*,#3963,.F.);
#2236=ORIENTED_EDGE('',*,*,#3977,.T.);
#2237=ORIENTED_EDGE('',*,*,#3978,.F.);
#2238=ORIENTED_EDGE('',*,*,#3979,.F.);
#2239=ORIENTED_EDGE('',*,*,#3980,.F.);
#2240=ORIENTED_EDGE('',*,*,#3971,.F.);
#2241=ORIENTED_EDGE('',*,*,#3970,.F.);
#2242=ORIENTED_EDGE('',*,*,#3981,.T.);
#2243=ORIENTED_EDGE('',*,*,#3982,.T.);
#2244=ORIENTED_EDGE('',*,*,#3983,.T.);
#2245=ORIENTED_EDGE('',*,*,#3984,.T.);
#2246=ORIENTED_EDGE('',*,*,#3982,.F.);
#2247=ORIENTED_EDGE('',*,*,#3985,.F.);
#2248=ORIENTED_EDGE('',*,*,#3986,.F.);
#2249=ORIENTED_EDGE('',*,*,#3968,.F.);
#2250=ORIENTED_EDGE('',*,*,#3966,.F.);
#2251=ORIENTED_EDGE('',*,*,#3987,.T.);
#2252=ORIENTED_EDGE('',*,*,#3988,.T.);
#2253=ORIENTED_EDGE('',*,*,#3840,.T.);
#2254=ORIENTED_EDGE('',*,*,#3978,.T.);
#2255=ORIENTED_EDGE('',*,*,#3986,.T.);
#2256=ORIENTED_EDGE('',*,*,#3989,.F.);
#2257=ORIENTED_EDGE('',*,*,#3987,.F.);
#2258=ORIENTED_EDGE('',*,*,#3977,.F.);
#2259=ORIENTED_EDGE('',*,*,#3969,.F.);
#2260=ORIENTED_EDGE('',*,*,#3967,.F.);
#2261=ORIENTED_EDGE('',*,*,#3990,.T.);
#2262=ORIENTED_EDGE('',*,*,#3989,.T.);
#2263=ORIENTED_EDGE('',*,*,#3985,.T.);
#2264=ORIENTED_EDGE('',*,*,#3991,.T.);
#2265=ORIENTED_EDGE('',*,*,#3992,.F.);
#2266=ORIENTED_EDGE('',*,*,#3983,.F.);
#2267=ORIENTED_EDGE('',*,*,#3984,.F.);
#2268=ORIENTED_EDGE('',*,*,#3965,.F.);
#2269=ORIENTED_EDGE('',*,*,#3976,.F.);
#2270=ORIENTED_EDGE('',*,*,#3865,.T.);
#2271=ORIENTED_EDGE('',*,*,#3993,.T.);
#2272=ORIENTED_EDGE('',*,*,#3979,.T.);
#2273=ORIENTED_EDGE('',*,*,#3980,.T.);
#2274=ORIENTED_EDGE('',*,*,#3993,.F.);
#2275=ORIENTED_EDGE('',*,*,#3994,.F.);
#2276=ORIENTED_EDGE('',*,*,#3995,.F.);
#2277=ORIENTED_EDGE('',*,*,#3973,.F.);
#2278=ORIENTED_EDGE('',*,*,#3972,.F.);
#2279=ORIENTED_EDGE('',*,*,#3863,.T.);
#2280=ORIENTED_EDGE('',*,*,#3996,.T.);
#2281=ORIENTED_EDGE('',*,*,#3992,.T.);
#2282=ORIENTED_EDGE('',*,*,#3997,.T.);
#2283=ORIENTED_EDGE('',*,*,#3995,.T.);
#2284=ORIENTED_EDGE('',*,*,#3998,.F.);
#2285=ORIENTED_EDGE('',*,*,#3997,.F.);
#2286=ORIENTED_EDGE('',*,*,#3991,.F.);
#2287=ORIENTED_EDGE('',*,*,#3975,.F.);
#2288=ORIENTED_EDGE('',*,*,#3974,.F.);
#2289=ORIENTED_EDGE('',*,*,#3998,.T.);
#2290=ORIENTED_EDGE('',*,*,#3994,.T.);
#2291=ORIENTED_EDGE('',*,*,#3864,.T.);
#2292=ORIENTED_EDGE('',*,*,#3999,.T.);
#2293=ORIENTED_EDGE('',*,*,#4000,.T.);
#2294=ORIENTED_EDGE('',*,*,#3999,.F.);
#2295=ORIENTED_EDGE('',*,*,#4001,.T.);
#2296=ORIENTED_EDGE('',*,*,#4000,.F.);
#2297=ORIENTED_EDGE('',*,*,#4002,.T.);
#2298=ORIENTED_EDGE('',*,*,#4003,.T.);
#2299=ORIENTED_EDGE('',*,*,#4004,.T.);
#2300=ORIENTED_EDGE('',*,*,#4005,.T.);
#2301=ORIENTED_EDGE('',*,*,#4006,.T.);
#2302=ORIENTED_EDGE('',*,*,#4007,.T.);
#2303=ORIENTED_EDGE('',*,*,#4008,.T.);
#2304=ORIENTED_EDGE('',*,*,#4009,.T.);
#2305=ORIENTED_EDGE('',*,*,#4010,.T.);
#2306=ORIENTED_EDGE('',*,*,#4008,.F.);
#2307=ORIENTED_EDGE('',*,*,#4011,.T.);
#2308=ORIENTED_EDGE('',*,*,#4003,.F.);
#2309=ORIENTED_EDGE('',*,*,#4012,.T.);
#2310=ORIENTED_EDGE('',*,*,#4004,.F.);
#2311=ORIENTED_EDGE('',*,*,#4013,.T.);
#2312=ORIENTED_EDGE('',*,*,#4014,.T.);
#2313=ORIENTED_EDGE('',*,*,#4005,.F.);
#2314=ORIENTED_EDGE('',*,*,#4015,.T.);
#2315=ORIENTED_EDGE('',*,*,#4016,.T.);
#2316=ORIENTED_EDGE('',*,*,#4006,.F.);
#2317=ORIENTED_EDGE('',*,*,#4017,.T.);
#2318=ORIENTED_EDGE('',*,*,#4018,.T.);
#2319=ORIENTED_EDGE('',*,*,#4019,.T.);
#2320=ORIENTED_EDGE('',*,*,#4020,.T.);
#2321=ORIENTED_EDGE('',*,*,#4007,.F.);
#2322=ORIENTED_EDGE('',*,*,#4021,.T.);
#2323=ORIENTED_EDGE('',*,*,#4022,.F.);
#2324=ORIENTED_EDGE('',*,*,#4023,.F.);
#2325=ORIENTED_EDGE('',*,*,#4024,.F.);
#2326=ORIENTED_EDGE('',*,*,#4015,.F.);
#2327=ORIENTED_EDGE('',*,*,#4014,.F.);
#2328=ORIENTED_EDGE('',*,*,#4025,.T.);
#2329=ORIENTED_EDGE('',*,*,#4026,.T.);
#2330=ORIENTED_EDGE('',*,*,#4027,.T.);
#2331=ORIENTED_EDGE('',*,*,#4028,.T.);
#2332=ORIENTED_EDGE('',*,*,#4026,.F.);
#2333=ORIENTED_EDGE('',*,*,#4029,.F.);
#2334=ORIENTED_EDGE('',*,*,#4030,.F.);
#2335=ORIENTED_EDGE('',*,*,#4012,.F.);
#2336=ORIENTED_EDGE('',*,*,#4010,.F.);
#2337=ORIENTED_EDGE('',*,*,#4031,.T.);
#2338=ORIENTED_EDGE('',*,*,#3858,.T.);
#2339=ORIENTED_EDGE('',*,*,#4022,.T.);
#2340=ORIENTED_EDGE('',*,*,#4030,.T.);
#2341=ORIENTED_EDGE('',*,*,#4032,.F.);
#2342=ORIENTED_EDGE('',*,*,#4031,.F.);
#2343=ORIENTED_EDGE('',*,*,#4021,.F.);
#2344=ORIENTED_EDGE('',*,*,#4013,.F.);
#2345=ORIENTED_EDGE('',*,*,#4011,.F.);
#2346=ORIENTED_EDGE('',*,*,#4033,.T.);
#2347=ORIENTED_EDGE('',*,*,#3859,.T.);
#2348=ORIENTED_EDGE('',*,*,#4032,.T.);
#2349=ORIENTED_EDGE('',*,*,#4029,.T.);
#2350=ORIENTED_EDGE('',*,*,#4034,.T.);
#2351=ORIENTED_EDGE('',*,*,#4035,.F.);
#2352=ORIENTED_EDGE('',*,*,#4027,.F.);
#2353=ORIENTED_EDGE('',*,*,#4028,.F.);
#2354=ORIENTED_EDGE('',*,*,#4009,.F.);
#2355=ORIENTED_EDGE('',*,*,#4020,.F.);
#2356=ORIENTED_EDGE('',*,*,#3857,.T.);
#2357=ORIENTED_EDGE('',*,*,#4036,.T.);
#2358=ORIENTED_EDGE('',*,*,#4037,.T.);
#2359=ORIENTED_EDGE('',*,*,#4023,.T.);
#2360=ORIENTED_EDGE('',*,*,#4024,.T.);
#2361=ORIENTED_EDGE('',*,*,#4037,.F.);
#2362=ORIENTED_EDGE('',*,*,#4038,.F.);
#2363=ORIENTED_EDGE('',*,*,#4039,.F.);
#2364=ORIENTED_EDGE('',*,*,#4017,.F.);
#2365=ORIENTED_EDGE('',*,*,#4016,.F.);
#2366=ORIENTED_EDGE('',*,*,#4040,.T.);
#2367=ORIENTED_EDGE('',*,*,#4035,.T.);
#2368=ORIENTED_EDGE('',*,*,#4041,.T.);
#2369=ORIENTED_EDGE('',*,*,#4039,.T.);
#2370=ORIENTED_EDGE('',*,*,#4042,.F.);
#2371=ORIENTED_EDGE('',*,*,#4041,.F.);
#2372=ORIENTED_EDGE('',*,*,#4034,.F.);
#2373=ORIENTED_EDGE('',*,*,#4019,.F.);
#2374=ORIENTED_EDGE('',*,*,#4018,.F.);
#2375=ORIENTED_EDGE('',*,*,#4042,.T.);
#2376=ORIENTED_EDGE('',*,*,#4038,.T.);
#2377=ORIENTED_EDGE('',*,*,#4043,.T.);
#2378=ORIENTED_EDGE('',*,*,#4044,.F.);
#2379=ORIENTED_EDGE('',*,*,#4045,.T.);
#2380=ORIENTED_EDGE('',*,*,#4046,.F.);
#2381=ORIENTED_EDGE('',*,*,#4047,.T.);
#2382=ORIENTED_EDGE('',*,*,#4048,.T.);
#2383=ORIENTED_EDGE('',*,*,#4049,.T.);
#2384=ORIENTED_EDGE('',*,*,#4050,.T.);
#2385=ORIENTED_EDGE('',*,*,#4051,.T.);
#2386=ORIENTED_EDGE('',*,*,#4052,.T.);
#2387=ORIENTED_EDGE('',*,*,#4053,.T.);
#2388=ORIENTED_EDGE('',*,*,#4054,.T.);
#2389=ORIENTED_EDGE('',*,*,#4055,.T.);
#2390=ORIENTED_EDGE('',*,*,#4056,.F.);
#2391=ORIENTED_EDGE('',*,*,#4057,.T.);
#2392=ORIENTED_EDGE('',*,*,#4058,.T.);
#2393=ORIENTED_EDGE('',*,*,#4059,.T.);
#2394=ORIENTED_EDGE('',*,*,#4060,.F.);
#2395=ORIENTED_EDGE('',*,*,#4061,.T.);
#2396=ORIENTED_EDGE('',*,*,#4056,.T.);
#2397=ORIENTED_EDGE('',*,*,#4062,.T.);
#2398=ORIENTED_EDGE('',*,*,#4063,.F.);
#2399=ORIENTED_EDGE('',*,*,#4064,.T.);
#2400=ORIENTED_EDGE('',*,*,#4060,.T.);
#2401=ORIENTED_EDGE('',*,*,#4065,.T.);
#2402=ORIENTED_EDGE('',*,*,#4054,.F.);
#2403=ORIENTED_EDGE('',*,*,#4066,.T.);
#2404=ORIENTED_EDGE('',*,*,#4063,.T.);
#2405=ORIENTED_EDGE('',*,*,#4067,.T.);
#2406=ORIENTED_EDGE('',*,*,#4068,.F.);
#2407=ORIENTED_EDGE('',*,*,#4069,.T.);
#2408=ORIENTED_EDGE('',*,*,#3372,.T.);
#2409=ORIENTED_EDGE('',*,*,#4070,.T.);
#2410=ORIENTED_EDGE('',*,*,#4071,.F.);
#2411=ORIENTED_EDGE('',*,*,#4072,.T.);
#2412=ORIENTED_EDGE('',*,*,#4068,.T.);
#2413=ORIENTED_EDGE('',*,*,#4073,.T.);
#2414=ORIENTED_EDGE('',*,*,#4074,.F.);
#2415=ORIENTED_EDGE('',*,*,#4075,.T.);
#2416=ORIENTED_EDGE('',*,*,#4071,.T.);
#2417=ORIENTED_EDGE('',*,*,#4076,.T.);
#2418=ORIENTED_EDGE('',*,*,#4077,.F.);
#2419=ORIENTED_EDGE('',*,*,#4078,.T.);
#2420=ORIENTED_EDGE('',*,*,#4074,.T.);
#2421=ORIENTED_EDGE('',*,*,#4079,.T.);
#2422=ORIENTED_EDGE('',*,*,#4080,.T.);
#2423=ORIENTED_EDGE('',*,*,#4081,.T.);
#2424=ORIENTED_EDGE('',*,*,#4082,.F.);
#2425=ORIENTED_EDGE('',*,*,#4083,.T.);
#2426=ORIENTED_EDGE('',*,*,#4084,.T.);
#2427=ORIENTED_EDGE('',*,*,#4085,.T.);
#2428=ORIENTED_EDGE('',*,*,#4086,.T.);
#2429=ORIENTED_EDGE('',*,*,#4087,.T.);
#2430=ORIENTED_EDGE('',*,*,#4044,.T.);
#2431=ORIENTED_EDGE('',*,*,#4088,.T.);
#2432=ORIENTED_EDGE('',*,*,#4089,.T.);
#2433=ORIENTED_EDGE('',*,*,#4090,.T.);
#2434=ORIENTED_EDGE('',*,*,#4091,.T.);
#2435=ORIENTED_EDGE('',*,*,#4092,.T.);
#2436=ORIENTED_EDGE('',*,*,#4093,.T.);
#2437=ORIENTED_EDGE('',*,*,#4094,.T.);
#2438=ORIENTED_EDGE('',*,*,#4095,.T.);
#2439=ORIENTED_EDGE('',*,*,#4096,.T.);
#2440=ORIENTED_EDGE('',*,*,#4046,.T.);
#2441=ORIENTED_EDGE('',*,*,#4097,.T.);
#2442=ORIENTED_EDGE('',*,*,#4098,.T.);
#2443=ORIENTED_EDGE('',*,*,#4099,.T.);
#2444=ORIENTED_EDGE('',*,*,#4100,.T.);
#2445=ORIENTED_EDGE('',*,*,#4101,.T.);
#2446=ORIENTED_EDGE('',*,*,#4102,.F.);
#2447=ORIENTED_EDGE('',*,*,#4103,.T.);
#2448=ORIENTED_EDGE('',*,*,#4104,.T.);
#2449=ORIENTED_EDGE('',*,*,#4105,.T.);
#2450=ORIENTED_EDGE('',*,*,#4104,.F.);
#2451=ORIENTED_EDGE('',*,*,#4106,.T.);
#2452=ORIENTED_EDGE('',*,*,#4107,.T.);
#2453=ORIENTED_EDGE('',*,*,#4108,.T.);
#2454=ORIENTED_EDGE('',*,*,#4107,.F.);
#2455=ORIENTED_EDGE('',*,*,#4109,.T.);
#2456=ORIENTED_EDGE('',*,*,#4110,.T.);
#2457=ORIENTED_EDGE('',*,*,#4111,.T.);
#2458=ORIENTED_EDGE('',*,*,#4110,.F.);
#2459=ORIENTED_EDGE('',*,*,#4112,.T.);
#2460=ORIENTED_EDGE('',*,*,#4113,.T.);
#2461=ORIENTED_EDGE('',*,*,#4114,.T.);
#2462=ORIENTED_EDGE('',*,*,#4115,.T.);
#2463=ORIENTED_EDGE('',*,*,#4116,.T.);
#2464=ORIENTED_EDGE('',*,*,#4102,.T.);
#2465=ORIENTED_EDGE('',*,*,#4117,.T.);
#2466=ORIENTED_EDGE('',*,*,#4118,.T.);
#2467=ORIENTED_EDGE('',*,*,#4119,.T.);
#2468=ORIENTED_EDGE('',*,*,#4120,.T.);
#2469=ORIENTED_EDGE('',*,*,#4121,.T.);
#2470=ORIENTED_EDGE('',*,*,#4122,.T.);
#2471=ORIENTED_EDGE('',*,*,#4123,.T.);
#2472=ORIENTED_EDGE('',*,*,#4124,.T.);
#2473=ORIENTED_EDGE('',*,*,#4125,.T.);
#2474=ORIENTED_EDGE('',*,*,#4126,.T.);
#2475=ORIENTED_EDGE('',*,*,#4127,.T.);
#2476=ORIENTED_EDGE('',*,*,#4128,.T.);
#2477=ORIENTED_EDGE('',*,*,#4129,.T.);
#2478=ORIENTED_EDGE('',*,*,#4130,.T.);
#2479=ORIENTED_EDGE('',*,*,#4131,.T.);
#2480=ORIENTED_EDGE('',*,*,#4132,.T.);
#2481=ORIENTED_EDGE('',*,*,#4133,.T.);
#2482=ORIENTED_EDGE('',*,*,#4134,.T.);
#2483=ORIENTED_EDGE('',*,*,#4135,.T.);
#2484=ORIENTED_EDGE('',*,*,#4136,.T.);
#2485=ORIENTED_EDGE('',*,*,#4137,.T.);
#2486=ORIENTED_EDGE('',*,*,#4138,.T.);
#2487=ORIENTED_EDGE('',*,*,#4139,.T.);
#2488=ORIENTED_EDGE('',*,*,#4140,.T.);
#2489=ORIENTED_EDGE('',*,*,#4077,.T.);
#2490=ORIENTED_EDGE('',*,*,#4141,.T.);
#2491=ORIENTED_EDGE('',*,*,#4142,.T.);
#2492=ORIENTED_EDGE('',*,*,#4143,.T.);
#2493=ORIENTED_EDGE('',*,*,#4120,.F.);
#2494=ORIENTED_EDGE('',*,*,#4144,.T.);
#2495=ORIENTED_EDGE('',*,*,#4145,.T.);
#2496=ORIENTED_EDGE('',*,*,#4115,.F.);
#2497=ORIENTED_EDGE('',*,*,#4146,.T.);
#2498=ORIENTED_EDGE('',*,*,#4147,.T.);
#2499=ORIENTED_EDGE('',*,*,#4148,.T.);
#2500=ORIENTED_EDGE('',*,*,#4082,.T.);
#2501=ORIENTED_EDGE('',*,*,#4149,.T.);
#2502=ORIENTED_EDGE('',*,*,#4113,.F.);
#2503=ORIENTED_EDGE('',*,*,#4150,.T.);
#2504=ORIENTED_EDGE('',*,*,#4151,.T.);
#2505=ORIENTED_EDGE('',*,*,#4152,.T.);
#2506=ORIENTED_EDGE('',*,*,#4091,.F.);
#2507=ORIENTED_EDGE('',*,*,#4153,.T.);
#2508=ORIENTED_EDGE('',*,*,#4154,.T.);
#2509=ORIENTED_EDGE('',*,*,#4155,.T.);
#2510=ORIENTED_EDGE('',*,*,#4124,.F.);
#2511=ORIENTED_EDGE('',*,*,#4156,.T.);
#2512=ORIENTED_EDGE('',*,*,#4157,.T.);
#2513=ORIENTED_EDGE('',*,*,#4158,.T.);
#2514=ORIENTED_EDGE('',*,*,#4058,.F.);
#2515=ORIENTED_EDGE('',*,*,#4159,.T.);
#2516=ORIENTED_EDGE('',*,*,#4160,.T.);
#2517=ORIENTED_EDGE('',*,*,#4161,.T.);
#2518=ORIENTED_EDGE('',*,*,#4162,.F.);
#2519=ORIENTED_EDGE('',*,*,#3848,.F.);
#2520=ORIENTED_EDGE('',*,*,#4163,.F.);
#2521=ORIENTED_EDGE('',*,*,#3387,.F.);
#2522=ORIENTED_EDGE('',*,*,#4163,.T.);
#2523=ORIENTED_EDGE('',*,*,#3847,.F.);
#2524=ORIENTED_EDGE('',*,*,#4164,.F.);
#2525=ORIENTED_EDGE('',*,*,#3390,.F.);
#2526=ORIENTED_EDGE('',*,*,#4162,.T.);
#2527=ORIENTED_EDGE('',*,*,#3394,.F.);
#2528=ORIENTED_EDGE('',*,*,#4165,.F.);
#2529=ORIENTED_EDGE('',*,*,#3849,.F.);
#2530=ORIENTED_EDGE('',*,*,#3954,.F.);
#2531=ORIENTED_EDGE('',*,*,#3947,.F.);
#2532=ORIENTED_EDGE('',*,*,#4166,.F.);
#2533=ORIENTED_EDGE('',*,*,#3409,.F.);
#2534=ORIENTED_EDGE('',*,*,#4164,.T.);
#2535=ORIENTED_EDGE('',*,*,#3944,.F.);
#2536=ORIENTED_EDGE('',*,*,#3936,.F.);
#2537=ORIENTED_EDGE('',*,*,#3952,.F.);
#2538=ORIENTED_EDGE('',*,*,#4165,.T.);
#2539=ORIENTED_EDGE('',*,*,#3400,.F.);
#2540=ORIENTED_EDGE('',*,*,#4167,.F.);
#2541=ORIENTED_EDGE('',*,*,#3896,.F.);
#2542=ORIENTED_EDGE('',*,*,#3901,.F.);
#2543=ORIENTED_EDGE('',*,*,#3892,.F.);
#2544=ORIENTED_EDGE('',*,*,#3908,.F.);
#2545=ORIENTED_EDGE('',*,*,#4166,.T.);
#2546=ORIENTED_EDGE('',*,*,#3843,.F.);
#2547=ORIENTED_EDGE('',*,*,#4168,.F.);
#2548=ORIENTED_EDGE('',*,*,#3706,.F.);
#2549=ORIENTED_EDGE('',*,*,#4167,.T.);
#2550=ORIENTED_EDGE('',*,*,#3703,.F.);
#2551=ORIENTED_EDGE('',*,*,#4169,.F.);
#2552=ORIENTED_EDGE('',*,*,#3854,.F.);
#2553=ORIENTED_EDGE('',*,*,#4168,.T.);
#2554=ORIENTED_EDGE('',*,*,#3842,.F.);
#2555=ORIENTED_EDGE('',*,*,#4170,.F.);
#2556=ORIENTED_EDGE('',*,*,#3705,.F.);
#2557=ORIENTED_EDGE('',*,*,#4169,.T.);
#2558=ORIENTED_EDGE('',*,*,#3719,.F.);
#2559=ORIENTED_EDGE('',*,*,#4171,.F.);
#2560=ORIENTED_EDGE('',*,*,#3855,.F.);
#2561=ORIENTED_EDGE('',*,*,#4170,.T.);
#2562=ORIENTED_EDGE('',*,*,#3841,.F.);
#2563=ORIENTED_EDGE('',*,*,#4172,.F.);
#2564=ORIENTED_EDGE('',*,*,#3693,.F.);
#2565=ORIENTED_EDGE('',*,*,#4171,.T.);
#2566=ORIENTED_EDGE('',*,*,#3813,.F.);
#2567=ORIENTED_EDGE('',*,*,#4173,.F.);
#2568=ORIENTED_EDGE('',*,*,#3856,.F.);
#2569=ORIENTED_EDGE('',*,*,#3981,.F.);
#2570=ORIENTED_EDGE('',*,*,#3996,.F.);
#2571=ORIENTED_EDGE('',*,*,#4174,.F.);
#2572=ORIENTED_EDGE('',*,*,#3820,.F.);
#2573=ORIENTED_EDGE('',*,*,#4172,.T.);
#2574=ORIENTED_EDGE('',*,*,#3988,.F.);
#2575=ORIENTED_EDGE('',*,*,#3990,.F.);
#2576=ORIENTED_EDGE('',*,*,#4173,.T.);
#2577=ORIENTED_EDGE('',*,*,#3819,.F.);
#2578=ORIENTED_EDGE('',*,*,#4175,.F.);
#2579=ORIENTED_EDGE('',*,*,#4033,.F.);
#2580=ORIENTED_EDGE('',*,*,#4025,.F.);
#2581=ORIENTED_EDGE('',*,*,#4040,.F.);
#2582=ORIENTED_EDGE('',*,*,#4043,.F.);
#2583=ORIENTED_EDGE('',*,*,#4036,.F.);
#2584=ORIENTED_EDGE('',*,*,#4174,.T.);
#2585=ORIENTED_EDGE('',*,*,#3862,.F.);
#2586=ORIENTED_EDGE('',*,*,#4176,.F.);
#2587=ORIENTED_EDGE('',*,*,#3696,.F.);
#2588=ORIENTED_EDGE('',*,*,#4175,.T.);
#2589=ORIENTED_EDGE('',*,*,#3700,.F.);
#2590=ORIENTED_EDGE('',*,*,#4177,.F.);
#2591=ORIENTED_EDGE('',*,*,#3860,.F.);
#2592=ORIENTED_EDGE('',*,*,#4176,.T.);
#2593=ORIENTED_EDGE('',*,*,#3861,.F.);
#2594=ORIENTED_EDGE('',*,*,#4177,.T.);
#2595=ORIENTED_EDGE('',*,*,#3698,.F.);
#2596=ORIENTED_EDGE('',*,*,#4178,.F.);
#2597=ORIENTED_EDGE('',*,*,#3768,.F.);
#2598=ORIENTED_EDGE('',*,*,#4179,.F.);
#2599=ORIENTED_EDGE('',*,*,#3384,.F.);
#2600=ORIENTED_EDGE('',*,*,#4179,.T.);
#2601=ORIENTED_EDGE('',*,*,#3767,.F.);
#2602=ORIENTED_EDGE('',*,*,#4180,.F.);
#2603=ORIENTED_EDGE('',*,*,#3381,.F.);
#2604=ORIENTED_EDGE('',*,*,#4178,.T.);
#2605=ORIENTED_EDGE('',*,*,#3377,.F.);
#2606=ORIENTED_EDGE('',*,*,#4181,.F.);
#2607=ORIENTED_EDGE('',*,*,#3769,.F.);
#2608=ORIENTED_EDGE('',*,*,#3825,.T.);
#2609=ORIENTED_EDGE('',*,*,#3513,.T.);
#2610=ORIENTED_EDGE('',*,*,#4182,.F.);
#2611=ORIENTED_EDGE('',*,*,#3396,.F.);
#2612=ORIENTED_EDGE('',*,*,#4180,.T.);
#2613=ORIENTED_EDGE('',*,*,#3626,.T.);
#2614=ORIENTED_EDGE('',*,*,#3629,.T.);
#2615=ORIENTED_EDGE('',*,*,#4181,.T.);
#2616=ORIENTED_EDGE('',*,*,#3407,.F.);
#2617=ORIENTED_EDGE('',*,*,#4183,.F.);
#2618=ORIENTED_EDGE('',*,*,#3636,.T.);
#2619=ORIENTED_EDGE('',*,*,#3824,.T.);
#2620=ORIENTED_EDGE('',*,*,#3633,.T.);
#2621=ORIENTED_EDGE('',*,*,#3634,.T.);
#2622=ORIENTED_EDGE('',*,*,#3823,.T.);
#2623=ORIENTED_EDGE('',*,*,#4182,.T.);
#2624=ORIENTED_EDGE('',*,*,#3765,.F.);
#2625=ORIENTED_EDGE('',*,*,#4184,.F.);
#2626=ORIENTED_EDGE('',*,*,#3772,.F.);
#2627=ORIENTED_EDGE('',*,*,#4183,.T.);
#2628=ORIENTED_EDGE('',*,*,#3708,.F.);
#2629=ORIENTED_EDGE('',*,*,#4185,.F.);
#2630=ORIENTED_EDGE('',*,*,#3771,.F.);
#2631=ORIENTED_EDGE('',*,*,#4184,.T.);
#2632=ORIENTED_EDGE('',*,*,#3764,.F.);
#2633=ORIENTED_EDGE('',*,*,#4186,.F.);
#2634=ORIENTED_EDGE('',*,*,#3721,.F.);
#2635=ORIENTED_EDGE('',*,*,#4185,.T.);
#2636=ORIENTED_EDGE('',*,*,#3686,.F.);
#2637=ORIENTED_EDGE('',*,*,#4187,.F.);
#2638=ORIENTED_EDGE('',*,*,#3756,.F.);
#2639=ORIENTED_EDGE('',*,*,#4186,.T.);
#2640=ORIENTED_EDGE('',*,*,#3763,.F.);
#2641=ORIENTED_EDGE('',*,*,#4188,.F.);
#2642=ORIENTED_EDGE('',*,*,#3710,.F.);
#2643=ORIENTED_EDGE('',*,*,#4187,.T.);
#2644=ORIENTED_EDGE('',*,*,#3689,.F.);
#2645=ORIENTED_EDGE('',*,*,#4189,.F.);
#2646=ORIENTED_EDGE('',*,*,#3757,.F.);
#2647=ORIENTED_EDGE('',*,*,#3624,.T.);
#2648=ORIENTED_EDGE('',*,*,#3827,.T.);
#2649=ORIENTED_EDGE('',*,*,#4190,.F.);
#2650=ORIENTED_EDGE('',*,*,#3818,.F.);
#2651=ORIENTED_EDGE('',*,*,#4188,.T.);
#2652=ORIENTED_EDGE('',*,*,#3621,.T.);
#2653=ORIENTED_EDGE('',*,*,#3826,.T.);
#2654=ORIENTED_EDGE('',*,*,#3646,.T.);
#2655=ORIENTED_EDGE('',*,*,#4189,.T.);
#2656=ORIENTED_EDGE('',*,*,#3821,.F.);
#2657=ORIENTED_EDGE('',*,*,#4191,.F.);
#2658=ORIENTED_EDGE('',*,*,#3605,.T.);
#2659=ORIENTED_EDGE('',*,*,#3643,.T.);
#2660=ORIENTED_EDGE('',*,*,#3822,.T.);
#2661=ORIENTED_EDGE('',*,*,#3640,.T.);
#2662=ORIENTED_EDGE('',*,*,#4190,.T.);
#2663=ORIENTED_EDGE('',*,*,#3761,.F.);
#2664=ORIENTED_EDGE('',*,*,#4192,.F.);
#2665=ORIENTED_EDGE('',*,*,#3469,.F.);
#2666=ORIENTED_EDGE('',*,*,#4191,.T.);
#2667=ORIENTED_EDGE('',*,*,#3683,.F.);
#2668=ORIENTED_EDGE('',*,*,#4193,.F.);
#2669=ORIENTED_EDGE('',*,*,#3759,.F.);
#2670=ORIENTED_EDGE('',*,*,#4192,.T.);
#2671=ORIENTED_EDGE('',*,*,#3760,.F.);
#2672=ORIENTED_EDGE('',*,*,#4193,.T.);
#2673=ORIENTED_EDGE('',*,*,#3471,.F.);
#2674=ORIENTED_EDGE('',*,*,#4194,.F.);
#2675=ORIENTED_EDGE('',*,*,#4089,.F.);
#2676=ORIENTED_EDGE('',*,*,#4195,.T.);
#2677=ORIENTED_EDGE('',*,*,#4067,.F.);
#2678=ORIENTED_EDGE('',*,*,#4195,.F.);
#2679=ORIENTED_EDGE('',*,*,#4088,.F.);
#2680=ORIENTED_EDGE('',*,*,#4196,.T.);
#2681=ORIENTED_EDGE('',*,*,#4055,.F.);
#2682=ORIENTED_EDGE('',*,*,#4194,.T.);
#2683=ORIENTED_EDGE('',*,*,#4065,.F.);
#2684=ORIENTED_EDGE('',*,*,#4197,.F.);
#2685=ORIENTED_EDGE('',*,*,#4090,.F.);
#2686=ORIENTED_EDGE('',*,*,#4196,.F.);
#2687=ORIENTED_EDGE('',*,*,#4047,.F.);
#2688=ORIENTED_EDGE('',*,*,#4198,.F.);
#2689=ORIENTED_EDGE('',*,*,#4052,.F.);
#2690=ORIENTED_EDGE('',*,*,#4197,.T.);
#2691=ORIENTED_EDGE('',*,*,#4062,.F.);
#2692=ORIENTED_EDGE('',*,*,#4199,.F.);
#2693=ORIENTED_EDGE('',*,*,#4080,.F.);
#2694=ORIENTED_EDGE('',*,*,#4198,.T.);
#2695=ORIENTED_EDGE('',*,*,#4096,.F.);
#2696=ORIENTED_EDGE('',*,*,#4200,.F.);
#2697=ORIENTED_EDGE('',*,*,#4053,.F.);
#2698=ORIENTED_EDGE('',*,*,#4059,.F.);
#2699=ORIENTED_EDGE('',*,*,#4158,.F.);
#2700=ORIENTED_EDGE('',*,*,#4201,.F.);
#2701=ORIENTED_EDGE('',*,*,#4149,.F.);
#2702=ORIENTED_EDGE('',*,*,#4081,.F.);
#2703=ORIENTED_EDGE('',*,*,#4199,.T.);
#2704=ORIENTED_EDGE('',*,*,#4200,.T.);
#2705=ORIENTED_EDGE('',*,*,#4095,.F.);
#2706=ORIENTED_EDGE('',*,*,#4202,.F.);
#2707=ORIENTED_EDGE('',*,*,#4066,.F.);
#2708=ORIENTED_EDGE('',*,*,#4201,.T.);
#2709=ORIENTED_EDGE('',*,*,#4157,.F.);
#2710=ORIENTED_EDGE('',*,*,#4203,.F.);
#2711=ORIENTED_EDGE('',*,*,#4144,.F.);
#2712=ORIENTED_EDGE('',*,*,#4202,.T.);
#2713=ORIENTED_EDGE('',*,*,#4094,.F.);
#2714=ORIENTED_EDGE('',*,*,#4204,.F.);
#2715=ORIENTED_EDGE('',*,*,#4064,.F.);
#2716=ORIENTED_EDGE('',*,*,#4156,.F.);
#2717=ORIENTED_EDGE('',*,*,#4129,.F.);
#2718=ORIENTED_EDGE('',*,*,#4205,.T.);
#2719=ORIENTED_EDGE('',*,*,#4116,.F.);
#2720=ORIENTED_EDGE('',*,*,#4145,.F.);
#2721=ORIENTED_EDGE('',*,*,#4203,.T.);
#2722=ORIENTED_EDGE('',*,*,#4204,.T.);
#2723=ORIENTED_EDGE('',*,*,#4093,.F.);
#2724=ORIENTED_EDGE('',*,*,#4206,.F.);
#2725=ORIENTED_EDGE('',*,*,#4061,.F.);
#2726=ORIENTED_EDGE('',*,*,#4205,.F.);
#2727=ORIENTED_EDGE('',*,*,#4128,.F.);
#2728=ORIENTED_EDGE('',*,*,#4207,.F.);
#2729=ORIENTED_EDGE('',*,*,#4103,.F.);
#2730=ORIENTED_EDGE('',*,*,#4092,.F.);
#2731=ORIENTED_EDGE('',*,*,#4152,.F.);
#2732=ORIENTED_EDGE('',*,*,#4208,.F.);
#2733=ORIENTED_EDGE('',*,*,#4159,.F.);
#2734=ORIENTED_EDGE('',*,*,#4057,.F.);
#2735=ORIENTED_EDGE('',*,*,#4206,.T.);
#2736=ORIENTED_EDGE('',*,*,#4207,.T.);
#2737=ORIENTED_EDGE('',*,*,#4127,.F.);
#2738=ORIENTED_EDGE('',*,*,#4209,.F.);
#2739=ORIENTED_EDGE('',*,*,#4106,.F.);
#2740=ORIENTED_EDGE('',*,*,#4208,.T.);
#2741=ORIENTED_EDGE('',*,*,#4151,.F.);
#2742=ORIENTED_EDGE('',*,*,#4210,.F.);
#2743=ORIENTED_EDGE('',*,*,#4160,.F.);
#2744=ORIENTED_EDGE('',*,*,#4209,.T.);
#2745=ORIENTED_EDGE('',*,*,#4126,.F.);
#2746=ORIENTED_EDGE('',*,*,#4211,.F.);
#2747=ORIENTED_EDGE('',*,*,#4109,.F.);
#2748=ORIENTED_EDGE('',*,*,#4150,.F.);
#2749=ORIENTED_EDGE('',*,*,#4112,.F.);
#2750=ORIENTED_EDGE('',*,*,#4211,.T.);
#2751=ORIENTED_EDGE('',*,*,#4125,.F.);
#2752=ORIENTED_EDGE('',*,*,#4161,.F.);
#2753=ORIENTED_EDGE('',*,*,#4210,.T.);
#2754=ORIENTED_EDGE('',*,*,#4212,.F.);
#2755=ORIENTED_EDGE('',*,*,#4072,.F.);
#2756=ORIENTED_EDGE('',*,*,#4213,.T.);
#2757=ORIENTED_EDGE('',*,*,#4099,.F.);
#2758=ORIENTED_EDGE('',*,*,#4213,.F.);
#2759=ORIENTED_EDGE('',*,*,#4075,.F.);
#2760=ORIENTED_EDGE('',*,*,#4214,.T.);
#2761=ORIENTED_EDGE('',*,*,#4100,.F.);
#2762=ORIENTED_EDGE('',*,*,#4212,.T.);
#2763=ORIENTED_EDGE('',*,*,#4098,.F.);
#2764=ORIENTED_EDGE('',*,*,#4215,.F.);
#2765=ORIENTED_EDGE('',*,*,#4069,.F.);
#2766=ORIENTED_EDGE('',*,*,#4216,.F.);
#2767=ORIENTED_EDGE('',*,*,#4217,.F.);
#2768=ORIENTED_EDGE('',*,*,#4218,.F.);
#2769=ORIENTED_EDGE('',*,*,#4130,.F.);
#2770=ORIENTED_EDGE('',*,*,#4078,.F.);
#2771=ORIENTED_EDGE('',*,*,#4140,.F.);
#2772=ORIENTED_EDGE('',*,*,#4219,.F.);
#2773=ORIENTED_EDGE('',*,*,#4153,.F.);
#2774=ORIENTED_EDGE('',*,*,#4101,.F.);
#2775=ORIENTED_EDGE('',*,*,#4214,.F.);
#2776=ORIENTED_EDGE('',*,*,#4215,.T.);
#2777=ORIENTED_EDGE('',*,*,#4097,.F.);
#2778=ORIENTED_EDGE('',*,*,#4220,.F.);
#2779=ORIENTED_EDGE('',*,*,#4048,.F.);
#2780=ORIENTED_EDGE('',*,*,#4217,.T.);
#2781=ORIENTED_EDGE('',*,*,#3373,.F.);
#2782=ORIENTED_EDGE('',*,*,#4218,.T.);
#2783=ORIENTED_EDGE('',*,*,#4051,.F.);
#2784=ORIENTED_EDGE('',*,*,#4221,.F.);
#2785=ORIENTED_EDGE('',*,*,#4131,.F.);
#2786=ORIENTED_EDGE('',*,*,#4216,.T.);
#2787=ORIENTED_EDGE('',*,*,#4133,.F.);
#2788=ORIENTED_EDGE('',*,*,#4222,.F.);
#2789=ORIENTED_EDGE('',*,*,#3374,.F.);
#2790=ORIENTED_EDGE('',*,*,#4219,.T.);
#2791=ORIENTED_EDGE('',*,*,#4139,.F.);
#2792=ORIENTED_EDGE('',*,*,#4223,.F.);
#2793=ORIENTED_EDGE('',*,*,#4154,.F.);
#2794=ORIENTED_EDGE('',*,*,#4220,.T.);
#2795=ORIENTED_EDGE('',*,*,#4045,.F.);
#2796=ORIENTED_EDGE('',*,*,#4224,.T.);
#2797=ORIENTED_EDGE('',*,*,#4049,.F.);
#2798=ORIENTED_EDGE('',*,*,#4132,.F.);
#2799=ORIENTED_EDGE('',*,*,#4221,.T.);
#2800=ORIENTED_EDGE('',*,*,#4225,.F.);
#2801=ORIENTED_EDGE('',*,*,#4222,.T.);
#2802=ORIENTED_EDGE('',*,*,#4138,.F.);
#2803=ORIENTED_EDGE('',*,*,#4119,.F.);
#2804=ORIENTED_EDGE('',*,*,#4226,.T.);
#2805=ORIENTED_EDGE('',*,*,#4114,.F.);
#2806=ORIENTED_EDGE('',*,*,#4155,.F.);
#2807=ORIENTED_EDGE('',*,*,#4223,.T.);
#2808=ORIENTED_EDGE('',*,*,#4224,.F.);
#2809=ORIENTED_EDGE('',*,*,#4087,.F.);
#2810=ORIENTED_EDGE('',*,*,#4227,.T.);
#2811=ORIENTED_EDGE('',*,*,#3375,.F.);
#2812=ORIENTED_EDGE('',*,*,#4225,.T.);
#2813=ORIENTED_EDGE('',*,*,#4050,.F.);
#2814=ORIENTED_EDGE('',*,*,#4226,.F.);
#2815=ORIENTED_EDGE('',*,*,#4118,.F.);
#2816=ORIENTED_EDGE('',*,*,#4228,.T.);
#2817=ORIENTED_EDGE('',*,*,#4111,.F.);
#2818=ORIENTED_EDGE('',*,*,#4227,.F.);
#2819=ORIENTED_EDGE('',*,*,#4086,.F.);
#2820=ORIENTED_EDGE('',*,*,#4229,.T.);
#2821=ORIENTED_EDGE('',*,*,#4070,.F.);
#2822=ORIENTED_EDGE('',*,*,#4228,.F.);
#2823=ORIENTED_EDGE('',*,*,#4123,.F.);
#2824=ORIENTED_EDGE('',*,*,#4230,.T.);
#2825=ORIENTED_EDGE('',*,*,#4108,.F.);
#2826=ORIENTED_EDGE('',*,*,#4229,.F.);
#2827=ORIENTED_EDGE('',*,*,#4085,.F.);
#2828=ORIENTED_EDGE('',*,*,#4231,.T.);
#2829=ORIENTED_EDGE('',*,*,#4073,.F.);
#2830=ORIENTED_EDGE('',*,*,#4230,.F.);
#2831=ORIENTED_EDGE('',*,*,#4122,.F.);
#2832=ORIENTED_EDGE('',*,*,#4232,.F.);
#2833=ORIENTED_EDGE('',*,*,#4105,.F.);
#2834=ORIENTED_EDGE('',*,*,#4231,.F.);
#2835=ORIENTED_EDGE('',*,*,#4084,.F.);
#2836=ORIENTED_EDGE('',*,*,#4233,.T.);
#2837=ORIENTED_EDGE('',*,*,#4076,.F.);
#2838=ORIENTED_EDGE('',*,*,#4121,.F.);
#2839=ORIENTED_EDGE('',*,*,#4143,.F.);
#2840=ORIENTED_EDGE('',*,*,#4234,.F.);
#2841=ORIENTED_EDGE('',*,*,#4146,.F.);
#2842=ORIENTED_EDGE('',*,*,#4117,.F.);
#2843=ORIENTED_EDGE('',*,*,#4232,.T.);
#2844=ORIENTED_EDGE('',*,*,#4083,.F.);
#2845=ORIENTED_EDGE('',*,*,#4148,.F.);
#2846=ORIENTED_EDGE('',*,*,#4235,.F.);
#2847=ORIENTED_EDGE('',*,*,#4141,.F.);
#2848=ORIENTED_EDGE('',*,*,#4079,.F.);
#2849=ORIENTED_EDGE('',*,*,#4233,.F.);
#2850=ORIENTED_EDGE('',*,*,#4234,.T.);
#2851=ORIENTED_EDGE('',*,*,#4142,.F.);
#2852=ORIENTED_EDGE('',*,*,#4235,.T.);
#2853=ORIENTED_EDGE('',*,*,#4147,.F.);
#2854=ORIENTED_EDGE('',*,*,#3869,.F.);
#2855=ORIENTED_EDGE('',*,*,#3868,.F.);
#2856=ORIENTED_EDGE('',*,*,#4002,.F.);
#2857=ORIENTED_EDGE('',*,*,#4001,.F.);
#2858=ORIENTED_EDGE('',*,*,#3958,.F.);
#2859=ORIENTED_EDGE('',*,*,#3957,.F.);
#2860=ORIENTED_EDGE('',*,*,#3913,.F.);
#2861=ORIENTED_EDGE('',*,*,#3912,.F.);
#2862=ORIENTED_EDGE('',*,*,#4236,.F.);
#2863=ORIENTED_EDGE('',*,*,#3476,.F.);
#2864=ORIENTED_EDGE('',*,*,#4237,.F.);
#2865=ORIENTED_EDGE('',*,*,#3831,.F.);
#2866=ORIENTED_EDGE('',*,*,#4237,.T.);
#2867=ORIENTED_EDGE('',*,*,#3480,.F.);
#2868=ORIENTED_EDGE('',*,*,#4238,.F.);
#2869=ORIENTED_EDGE('',*,*,#3832,.F.);
#2870=ORIENTED_EDGE('',*,*,#4236,.T.);
#2871=ORIENTED_EDGE('',*,*,#3830,.F.);
#2872=ORIENTED_EDGE('',*,*,#4239,.F.);
#2873=ORIENTED_EDGE('',*,*,#3807,.F.);
#2874=ORIENTED_EDGE('',*,*,#4238,.T.);
#2875=ORIENTED_EDGE('',*,*,#3484,.F.);
#2876=ORIENTED_EDGE('',*,*,#4240,.F.);
#2877=ORIENTED_EDGE('',*,*,#3833,.F.);
#2878=ORIENTED_EDGE('',*,*,#4239,.T.);
#2879=ORIENTED_EDGE('',*,*,#3829,.F.);
#2880=ORIENTED_EDGE('',*,*,#4241,.F.);
#2881=ORIENTED_EDGE('',*,*,#3789,.F.);
#2882=ORIENTED_EDGE('',*,*,#4240,.T.);
#2883=ORIENTED_EDGE('',*,*,#3805,.F.);
#2884=ORIENTED_EDGE('',*,*,#4242,.F.);
#2885=ORIENTED_EDGE('',*,*,#3834,.F.);
#2886=ORIENTED_EDGE('',*,*,#4241,.T.);
#2887=ORIENTED_EDGE('',*,*,#3828,.F.);
#2888=ORIENTED_EDGE('',*,*,#4243,.F.);
#2889=ORIENTED_EDGE('',*,*,#3792,.F.);
#2890=ORIENTED_EDGE('',*,*,#4242,.T.);
#2891=ORIENTED_EDGE('',*,*,#3803,.F.);
#2892=ORIENTED_EDGE('',*,*,#4244,.F.);
#2893=ORIENTED_EDGE('',*,*,#3835,.F.);
#2894=ORIENTED_EDGE('',*,*,#4243,.T.);
#2895=ORIENTED_EDGE('',*,*,#3839,.F.);
#2896=ORIENTED_EDGE('',*,*,#4245,.F.);
#2897=ORIENTED_EDGE('',*,*,#3795,.F.);
#2898=ORIENTED_EDGE('',*,*,#4244,.T.);
#2899=ORIENTED_EDGE('',*,*,#3801,.F.);
#2900=ORIENTED_EDGE('',*,*,#4246,.F.);
#2901=ORIENTED_EDGE('',*,*,#3836,.F.);
#2902=ORIENTED_EDGE('',*,*,#4245,.T.);
#2903=ORIENTED_EDGE('',*,*,#3838,.F.);
#2904=ORIENTED_EDGE('',*,*,#4247,.F.);
#2905=ORIENTED_EDGE('',*,*,#3797,.F.);
#2906=ORIENTED_EDGE('',*,*,#4246,.T.);
#2907=ORIENTED_EDGE('',*,*,#3799,.F.);
#2908=ORIENTED_EDGE('',*,*,#4247,.T.);
#2909=ORIENTED_EDGE('',*,*,#3837,.F.);
#2910=ORIENTED_EDGE('',*,*,#4248,.F.);
#2911=ORIENTED_EDGE('',*,*,#3712,.F.);
#2912=ORIENTED_EDGE('',*,*,#4249,.F.);
#2913=ORIENTED_EDGE('',*,*,#4137,.F.);
#2914=ORIENTED_EDGE('',*,*,#4249,.T.);
#2915=ORIENTED_EDGE('',*,*,#3367,.F.);
#2916=ORIENTED_EDGE('',*,*,#4250,.F.);
#2917=ORIENTED_EDGE('',*,*,#4134,.F.);
#2918=ORIENTED_EDGE('',*,*,#4248,.T.);
#2919=ORIENTED_EDGE('',*,*,#4136,.F.);
#2920=ORIENTED_EDGE('',*,*,#4251,.F.);
#2921=ORIENTED_EDGE('',*,*,#3811,.F.);
#2922=ORIENTED_EDGE('',*,*,#4250,.T.);
#2923=ORIENTED_EDGE('',*,*,#3466,.F.);
#2924=ORIENTED_EDGE('',*,*,#4251,.T.);
#2925=ORIENTED_EDGE('',*,*,#4135,.F.);
#2926=ORIENTED_EDGE('',*,*,#4252,.F.);
#2927=ORIENTED_EDGE('',*,*,#3648,.F.);
#2928=ORIENTED_EDGE('',*,*,#4253,.F.);
#2929=ORIENTED_EDGE('',*,*,#3751,.F.);
#2930=ORIENTED_EDGE('',*,*,#4253,.T.);
#2931=ORIENTED_EDGE('',*,*,#3774,.F.);
#2932=ORIENTED_EDGE('',*,*,#4254,.F.);
#2933=ORIENTED_EDGE('',*,*,#3752,.F.);
#2934=ORIENTED_EDGE('',*,*,#4252,.T.);
#2935=ORIENTED_EDGE('',*,*,#3750,.F.);
#2936=ORIENTED_EDGE('',*,*,#4255,.F.);
#2937=ORIENTED_EDGE('',*,*,#3810,.F.);
#2938=ORIENTED_EDGE('',*,*,#4254,.T.);
#2939=ORIENTED_EDGE('',*,*,#3776,.F.);
#2940=ORIENTED_EDGE('',*,*,#4256,.F.);
#2941=ORIENTED_EDGE('',*,*,#3753,.F.);
#2942=ORIENTED_EDGE('',*,*,#4255,.T.);
#2943=ORIENTED_EDGE('',*,*,#3749,.F.);
#2944=ORIENTED_EDGE('',*,*,#4257,.F.);
#2945=ORIENTED_EDGE('',*,*,#3809,.F.);
#2946=ORIENTED_EDGE('',*,*,#4256,.T.);
#2947=ORIENTED_EDGE('',*,*,#3778,.F.);
#2948=ORIENTED_EDGE('',*,*,#4258,.F.);
#2949=ORIENTED_EDGE('',*,*,#3754,.F.);
#2950=ORIENTED_EDGE('',*,*,#4257,.T.);
#2951=ORIENTED_EDGE('',*,*,#3748,.F.);
#2952=ORIENTED_EDGE('',*,*,#4259,.F.);
#2953=ORIENTED_EDGE('',*,*,#3787,.F.);
#2954=ORIENTED_EDGE('',*,*,#4258,.T.);
#2955=ORIENTED_EDGE('',*,*,#3780,.F.);
#2956=ORIENTED_EDGE('',*,*,#4260,.F.);
#2957=ORIENTED_EDGE('',*,*,#3755,.F.);
#2958=ORIENTED_EDGE('',*,*,#4259,.T.);
#2959=ORIENTED_EDGE('',*,*,#3747,.F.);
#2960=ORIENTED_EDGE('',*,*,#4261,.F.);
#2961=ORIENTED_EDGE('',*,*,#3785,.F.);
#2962=ORIENTED_EDGE('',*,*,#4260,.T.);
#2963=ORIENTED_EDGE('',*,*,#3781,.F.);
#2964=ORIENTED_EDGE('',*,*,#4262,.F.);
#2965=ORIENTED_EDGE('',*,*,#3744,.F.);
#2966=ORIENTED_EDGE('',*,*,#4261,.T.);
#2967=ORIENTED_EDGE('',*,*,#3746,.F.);
#2968=ORIENTED_EDGE('',*,*,#4263,.F.);
#2969=ORIENTED_EDGE('',*,*,#3783,.F.);
#2970=ORIENTED_EDGE('',*,*,#4262,.T.);
#2971=ORIENTED_EDGE('',*,*,#3652,.F.);
#2972=ORIENTED_EDGE('',*,*,#4263,.T.);
#2973=ORIENTED_EDGE('',*,*,#3745,.F.);
#2974=ORIENTED_EDGE('',*,*,#3679,.F.);
#2975=ORIENTED_EDGE('',*,*,#4264,.T.);
#2976=ORIENTED_EDGE('',*,*,#4265,.T.);
#2977=ORIENTED_EDGE('',*,*,#4266,.T.);
#2978=ORIENTED_EDGE('',*,*,#4267,.F.);
#2979=ORIENTED_EDGE('',*,*,#4268,.T.);
#2980=ORIENTED_EDGE('',*,*,#3502,.F.);
#2981=ORIENTED_EDGE('',*,*,#4269,.T.);
#2982=ORIENTED_EDGE('',*,*,#4267,.T.);
#2983=ORIENTED_EDGE('',*,*,#4270,.F.);
#2984=ORIENTED_EDGE('',*,*,#4271,.F.);
#2985=ORIENTED_EDGE('',*,*,#4272,.F.);
#2986=ORIENTED_EDGE('',*,*,#4273,.F.);
#2987=ORIENTED_EDGE('',*,*,#4271,.T.);
#2988=ORIENTED_EDGE('',*,*,#4274,.F.);
#2989=ORIENTED_EDGE('',*,*,#3504,.F.);
#2990=ORIENTED_EDGE('',*,*,#4272,.T.);
#2991=ORIENTED_EDGE('',*,*,#4273,.T.);
#2992=ORIENTED_EDGE('',*,*,#3503,.F.);
#2993=ORIENTED_EDGE('',*,*,#4268,.F.);
#2994=ORIENTED_EDGE('',*,*,#3505,.F.);
#2995=ORIENTED_EDGE('',*,*,#4274,.T.);
#2996=ORIENTED_EDGE('',*,*,#4270,.T.);
#2997=ORIENTED_EDGE('',*,*,#4269,.F.);
#2998=ORIENTED_EDGE('',*,*,#4275,.T.);
#2999=ORIENTED_EDGE('',*,*,#4276,.F.);
#3000=ORIENTED_EDGE('',*,*,#4277,.F.);
#3001=ORIENTED_EDGE('',*,*,#4265,.F.);
#3002=ORIENTED_EDGE('',*,*,#4278,.F.);
#3003=ORIENTED_EDGE('',*,*,#4276,.T.);
#3004=ORIENTED_EDGE('',*,*,#4279,.T.);
#3005=ORIENTED_EDGE('',*,*,#3677,.F.);
#3006=ORIENTED_EDGE('',*,*,#3678,.F.);
#3007=ORIENTED_EDGE('',*,*,#4279,.F.);
#3008=ORIENTED_EDGE('',*,*,#4275,.F.);
#3009=ORIENTED_EDGE('',*,*,#4264,.F.);
#3010=ORIENTED_EDGE('',*,*,#4277,.T.);
#3011=ORIENTED_EDGE('',*,*,#4278,.T.);
#3012=ORIENTED_EDGE('',*,*,#3680,.F.);
#3013=ORIENTED_EDGE('',*,*,#4266,.F.);
#3014=ORIENTED_EDGE('',*,*,#4280,.T.);
#3015=ORIENTED_EDGE('',*,*,#4281,.T.);
#3016=ORIENTED_EDGE('',*,*,#4282,.F.);
#3017=ORIENTED_EDGE('',*,*,#4283,.F.);
#3018=ORIENTED_EDGE('',*,*,#4284,.T.);
#3019=ORIENTED_EDGE('',*,*,#4285,.F.);
#3020=ORIENTED_EDGE('',*,*,#4286,.T.);
#3021=ORIENTED_EDGE('',*,*,#4287,.F.);
#3022=ORIENTED_EDGE('',*,*,#4288,.T.);
#3023=ORIENTED_EDGE('',*,*,#4289,.F.);
#3024=ORIENTED_EDGE('',*,*,#4290,.T.);
#3025=ORIENTED_EDGE('',*,*,#4291,.F.);
#3026=ORIENTED_EDGE('',*,*,#4292,.T.);
#3027=ORIENTED_EDGE('',*,*,#4293,.T.);
#3028=ORIENTED_EDGE('',*,*,#4294,.T.);
#3029=ORIENTED_EDGE('',*,*,#4295,.F.);
#3030=ORIENTED_EDGE('',*,*,#4296,.T.);
#3031=ORIENTED_EDGE('',*,*,#4295,.T.);
#3032=ORIENTED_EDGE('',*,*,#4297,.T.);
#3033=ORIENTED_EDGE('',*,*,#4298,.T.);
#3034=ORIENTED_EDGE('',*,*,#4299,.T.);
#3035=ORIENTED_EDGE('',*,*,#4300,.T.);
#3036=ORIENTED_EDGE('',*,*,#4298,.F.);
#3037=ORIENTED_EDGE('',*,*,#4301,.F.);
#3038=ORIENTED_EDGE('',*,*,#4293,.F.);
#3039=ORIENTED_EDGE('',*,*,#4302,.T.);
#3040=ORIENTED_EDGE('',*,*,#4303,.F.);
#3041=ORIENTED_EDGE('',*,*,#4304,.T.);
#3042=ORIENTED_EDGE('',*,*,#4290,.F.);
#3043=ORIENTED_EDGE('',*,*,#4305,.F.);
#3044=ORIENTED_EDGE('',*,*,#4302,.F.);
#3045=ORIENTED_EDGE('',*,*,#4296,.F.);
#3046=ORIENTED_EDGE('',*,*,#4299,.F.);
#3047=ORIENTED_EDGE('',*,*,#4306,.F.);
#3048=ORIENTED_EDGE('',*,*,#4307,.F.);
#3049=ORIENTED_EDGE('',*,*,#4305,.T.);
#3050=ORIENTED_EDGE('',*,*,#4289,.T.);
#3051=ORIENTED_EDGE('',*,*,#4308,.T.);
#3052=ORIENTED_EDGE('',*,*,#4288,.F.);
#3053=ORIENTED_EDGE('',*,*,#4309,.F.);
#3054=ORIENTED_EDGE('',*,*,#4297,.F.);
#3055=ORIENTED_EDGE('',*,*,#4294,.F.);
#3056=ORIENTED_EDGE('',*,*,#4304,.F.);
#3057=ORIENTED_EDGE('',*,*,#4308,.F.);
#3058=ORIENTED_EDGE('',*,*,#4306,.T.);
#3059=ORIENTED_EDGE('',*,*,#4301,.T.);
#3060=ORIENTED_EDGE('',*,*,#4309,.T.);
#3061=ORIENTED_EDGE('',*,*,#4287,.T.);
#3062=ORIENTED_EDGE('',*,*,#4310,.T.);
#3063=ORIENTED_EDGE('',*,*,#4311,.T.);
#3064=ORIENTED_EDGE('',*,*,#4312,.F.);
#3065=ORIENTED_EDGE('',*,*,#4313,.T.);
#3066=ORIENTED_EDGE('',*,*,#4310,.F.);
#3067=ORIENTED_EDGE('',*,*,#4314,.T.);
#3068=ORIENTED_EDGE('',*,*,#4280,.F.);
#3069=ORIENTED_EDGE('',*,*,#4315,.T.);
#3070=ORIENTED_EDGE('',*,*,#4312,.T.);
#3071=ORIENTED_EDGE('',*,*,#4316,.T.);
#3072=ORIENTED_EDGE('',*,*,#4317,.T.);
#3073=ORIENTED_EDGE('',*,*,#4318,.T.);
#3074=ORIENTED_EDGE('',*,*,#4317,.F.);
#3075=ORIENTED_EDGE('',*,*,#4319,.F.);
#3076=ORIENTED_EDGE('',*,*,#4303,.T.);
#3077=ORIENTED_EDGE('',*,*,#4307,.T.);
#3078=ORIENTED_EDGE('',*,*,#4291,.T.);
#3079=ORIENTED_EDGE('',*,*,#4300,.F.);
#3080=ORIENTED_EDGE('',*,*,#4284,.F.);
#3081=ORIENTED_EDGE('',*,*,#4320,.T.);
#3082=ORIENTED_EDGE('',*,*,#4316,.F.);
#3083=ORIENTED_EDGE('',*,*,#4311,.F.);
#3084=ORIENTED_EDGE('',*,*,#4315,.F.);
#3085=ORIENTED_EDGE('',*,*,#4321,.T.);
#3086=ORIENTED_EDGE('',*,*,#4286,.F.);
#3087=ORIENTED_EDGE('',*,*,#4322,.T.);
#3088=ORIENTED_EDGE('',*,*,#4314,.F.);
#3089=ORIENTED_EDGE('',*,*,#4313,.F.);
#3090=ORIENTED_EDGE('',*,*,#4318,.F.);
#3091=ORIENTED_EDGE('',*,*,#4323,.T.);
#3092=ORIENTED_EDGE('',*,*,#4323,.F.);
#3093=ORIENTED_EDGE('',*,*,#4319,.T.);
#3094=ORIENTED_EDGE('',*,*,#4320,.F.);
#3095=ORIENTED_EDGE('',*,*,#4283,.T.);
#3096=ORIENTED_EDGE('',*,*,#4281,.F.);
#3097=ORIENTED_EDGE('',*,*,#4322,.F.);
#3098=ORIENTED_EDGE('',*,*,#4285,.T.);
#3099=ORIENTED_EDGE('',*,*,#4321,.F.);
#3100=ORIENTED_EDGE('',*,*,#4292,.F.);
#3101=ORIENTED_EDGE('',*,*,#4282,.T.);
#3102=ORIENTED_EDGE('',*,*,#4324,.T.);
#3103=ORIENTED_EDGE('',*,*,#4325,.T.);
#3104=ORIENTED_EDGE('',*,*,#4326,.F.);
#3105=ORIENTED_EDGE('',*,*,#4327,.F.);
#3106=ORIENTED_EDGE('',*,*,#4328,.T.);
#3107=ORIENTED_EDGE('',*,*,#4329,.F.);
#3108=ORIENTED_EDGE('',*,*,#4330,.T.);
#3109=ORIENTED_EDGE('',*,*,#4331,.F.);
#3110=ORIENTED_EDGE('',*,*,#4332,.T.);
#3111=ORIENTED_EDGE('',*,*,#4333,.F.);
#3112=ORIENTED_EDGE('',*,*,#4334,.T.);
#3113=ORIENTED_EDGE('',*,*,#4335,.F.);
#3114=ORIENTED_EDGE('',*,*,#4336,.T.);
#3115=ORIENTED_EDGE('',*,*,#4337,.T.);
#3116=ORIENTED_EDGE('',*,*,#4338,.T.);
#3117=ORIENTED_EDGE('',*,*,#4339,.T.);
#3118=ORIENTED_EDGE('',*,*,#4340,.T.);
#3119=ORIENTED_EDGE('',*,*,#4341,.T.);
#3120=ORIENTED_EDGE('',*,*,#4342,.T.);
#3121=ORIENTED_EDGE('',*,*,#4337,.F.);
#3122=ORIENTED_EDGE('',*,*,#4343,.T.);
#3123=ORIENTED_EDGE('',*,*,#4339,.F.);
#3124=ORIENTED_EDGE('',*,*,#4344,.F.);
#3125=ORIENTED_EDGE('',*,*,#4345,.T.);
#3126=ORIENTED_EDGE('',*,*,#4341,.F.);
#3127=ORIENTED_EDGE('',*,*,#4346,.T.);
#3128=ORIENTED_EDGE('',*,*,#4347,.F.);
#3129=ORIENTED_EDGE('',*,*,#4348,.T.);
#3130=ORIENTED_EDGE('',*,*,#4343,.F.);
#3131=ORIENTED_EDGE('',*,*,#4340,.F.);
#3132=ORIENTED_EDGE('',*,*,#4349,.F.);
#3133=ORIENTED_EDGE('',*,*,#4334,.F.);
#3134=ORIENTED_EDGE('',*,*,#4350,.F.);
#3135=ORIENTED_EDGE('',*,*,#4346,.F.);
#3136=ORIENTED_EDGE('',*,*,#4351,.F.);
#3137=ORIENTED_EDGE('',*,*,#4350,.T.);
#3138=ORIENTED_EDGE('',*,*,#4333,.T.);
#3139=ORIENTED_EDGE('',*,*,#4352,.T.);
#3140=ORIENTED_EDGE('',*,*,#4342,.F.);
#3141=ORIENTED_EDGE('',*,*,#4348,.F.);
#3142=ORIENTED_EDGE('',*,*,#4352,.F.);
#3143=ORIENTED_EDGE('',*,*,#4332,.F.);
#3144=ORIENTED_EDGE('',*,*,#4353,.F.);
#3145=ORIENTED_EDGE('',*,*,#4338,.F.);
#3146=ORIENTED_EDGE('',*,*,#4349,.T.);
#3147=ORIENTED_EDGE('',*,*,#4344,.T.);
#3148=ORIENTED_EDGE('',*,*,#4353,.T.);
#3149=ORIENTED_EDGE('',*,*,#4331,.T.);
#3150=ORIENTED_EDGE('',*,*,#4354,.T.);
#3151=ORIENTED_EDGE('',*,*,#4355,.T.);
#3152=ORIENTED_EDGE('',*,*,#4356,.F.);
#3153=ORIENTED_EDGE('',*,*,#4357,.T.);
#3154=ORIENTED_EDGE('',*,*,#4354,.F.);
#3155=ORIENTED_EDGE('',*,*,#4358,.T.);
#3156=ORIENTED_EDGE('',*,*,#4324,.F.);
#3157=ORIENTED_EDGE('',*,*,#4359,.T.);
#3158=ORIENTED_EDGE('',*,*,#4356,.T.);
#3159=ORIENTED_EDGE('',*,*,#4360,.T.);
#3160=ORIENTED_EDGE('',*,*,#4361,.T.);
#3161=ORIENTED_EDGE('',*,*,#4362,.T.);
#3162=ORIENTED_EDGE('',*,*,#4347,.T.);
#3163=ORIENTED_EDGE('',*,*,#4351,.T.);
#3164=ORIENTED_EDGE('',*,*,#4361,.F.);
#3165=ORIENTED_EDGE('',*,*,#4363,.F.);
#3166=ORIENTED_EDGE('',*,*,#4335,.T.);
#3167=ORIENTED_EDGE('',*,*,#4345,.F.);
#3168=ORIENTED_EDGE('',*,*,#4328,.F.);
#3169=ORIENTED_EDGE('',*,*,#4364,.T.);
#3170=ORIENTED_EDGE('',*,*,#4360,.F.);
#3171=ORIENTED_EDGE('',*,*,#4355,.F.);
#3172=ORIENTED_EDGE('',*,*,#4359,.F.);
#3173=ORIENTED_EDGE('',*,*,#4365,.T.);
#3174=ORIENTED_EDGE('',*,*,#4330,.F.);
#3175=ORIENTED_EDGE('',*,*,#4366,.T.);
#3176=ORIENTED_EDGE('',*,*,#4358,.F.);
#3177=ORIENTED_EDGE('',*,*,#4357,.F.);
#3178=ORIENTED_EDGE('',*,*,#4362,.F.);
#3179=ORIENTED_EDGE('',*,*,#4367,.T.);
#3180=ORIENTED_EDGE('',*,*,#4367,.F.);
#3181=ORIENTED_EDGE('',*,*,#4363,.T.);
#3182=ORIENTED_EDGE('',*,*,#4364,.F.);
#3183=ORIENTED_EDGE('',*,*,#4327,.T.);
#3184=ORIENTED_EDGE('',*,*,#4325,.F.);
#3185=ORIENTED_EDGE('',*,*,#4366,.F.);
#3186=ORIENTED_EDGE('',*,*,#4329,.T.);
#3187=ORIENTED_EDGE('',*,*,#4365,.F.);
#3188=ORIENTED_EDGE('',*,*,#4336,.F.);
#3189=ORIENTED_EDGE('',*,*,#4326,.T.);
#3190=ORIENTED_EDGE('',*,*,#4368,.T.);
#3191=ORIENTED_EDGE('',*,*,#4369,.T.);
#3192=ORIENTED_EDGE('',*,*,#4370,.F.);
#3193=ORIENTED_EDGE('',*,*,#4371,.F.);
#3194=ORIENTED_EDGE('',*,*,#4372,.T.);
#3195=ORIENTED_EDGE('',*,*,#4373,.F.);
#3196=ORIENTED_EDGE('',*,*,#4374,.T.);
#3197=ORIENTED_EDGE('',*,*,#4375,.F.);
#3198=ORIENTED_EDGE('',*,*,#4376,.T.);
#3199=ORIENTED_EDGE('',*,*,#4377,.F.);
#3200=ORIENTED_EDGE('',*,*,#4378,.T.);
#3201=ORIENTED_EDGE('',*,*,#4379,.F.);
#3202=ORIENTED_EDGE('',*,*,#4380,.T.);
#3203=ORIENTED_EDGE('',*,*,#4381,.T.);
#3204=ORIENTED_EDGE('',*,*,#4382,.T.);
#3205=ORIENTED_EDGE('',*,*,#4383,.T.);
#3206=ORIENTED_EDGE('',*,*,#4384,.T.);
#3207=ORIENTED_EDGE('',*,*,#4385,.T.);
#3208=ORIENTED_EDGE('',*,*,#4386,.T.);
#3209=ORIENTED_EDGE('',*,*,#4381,.F.);
#3210=ORIENTED_EDGE('',*,*,#4387,.T.);
#3211=ORIENTED_EDGE('',*,*,#4383,.F.);
#3212=ORIENTED_EDGE('',*,*,#4388,.F.);
#3213=ORIENTED_EDGE('',*,*,#4389,.T.);
#3214=ORIENTED_EDGE('',*,*,#4385,.F.);
#3215=ORIENTED_EDGE('',*,*,#4390,.T.);
#3216=ORIENTED_EDGE('',*,*,#4391,.F.);
#3217=ORIENTED_EDGE('',*,*,#4392,.T.);
#3218=ORIENTED_EDGE('',*,*,#4387,.F.);
#3219=ORIENTED_EDGE('',*,*,#4384,.F.);
#3220=ORIENTED_EDGE('',*,*,#4393,.F.);
#3221=ORIENTED_EDGE('',*,*,#4378,.F.);
#3222=ORIENTED_EDGE('',*,*,#4394,.F.);
#3223=ORIENTED_EDGE('',*,*,#4390,.F.);
#3224=ORIENTED_EDGE('',*,*,#4395,.F.);
#3225=ORIENTED_EDGE('',*,*,#4394,.T.);
#3226=ORIENTED_EDGE('',*,*,#4377,.T.);
#3227=ORIENTED_EDGE('',*,*,#4396,.T.);
#3228=ORIENTED_EDGE('',*,*,#4386,.F.);
#3229=ORIENTED_EDGE('',*,*,#4392,.F.);
#3230=ORIENTED_EDGE('',*,*,#4396,.F.);
#3231=ORIENTED_EDGE('',*,*,#4376,.F.);
#3232=ORIENTED_EDGE('',*,*,#4397,.F.);
#3233=ORIENTED_EDGE('',*,*,#4382,.F.);
#3234=ORIENTED_EDGE('',*,*,#4393,.T.);
#3235=ORIENTED_EDGE('',*,*,#4388,.T.);
#3236=ORIENTED_EDGE('',*,*,#4397,.T.);
#3237=ORIENTED_EDGE('',*,*,#4375,.T.);
#3238=ORIENTED_EDGE('',*,*,#4398,.T.);
#3239=ORIENTED_EDGE('',*,*,#4399,.T.);
#3240=ORIENTED_EDGE('',*,*,#4400,.F.);
#3241=ORIENTED_EDGE('',*,*,#4401,.T.);
#3242=ORIENTED_EDGE('',*,*,#4398,.F.);
#3243=ORIENTED_EDGE('',*,*,#4402,.T.);
#3244=ORIENTED_EDGE('',*,*,#4368,.F.);
#3245=ORIENTED_EDGE('',*,*,#4403,.T.);
#3246=ORIENTED_EDGE('',*,*,#4400,.T.);
#3247=ORIENTED_EDGE('',*,*,#4404,.T.);
#3248=ORIENTED_EDGE('',*,*,#4405,.T.);
#3249=ORIENTED_EDGE('',*,*,#4406,.T.);
#3250=ORIENTED_EDGE('',*,*,#4405,.F.);
#3251=ORIENTED_EDGE('',*,*,#4407,.F.);
#3252=ORIENTED_EDGE('',*,*,#4391,.T.);
#3253=ORIENTED_EDGE('',*,*,#4395,.T.);
#3254=ORIENTED_EDGE('',*,*,#4379,.T.);
#3255=ORIENTED_EDGE('',*,*,#4389,.F.);
#3256=ORIENTED_EDGE('',*,*,#4372,.F.);
#3257=ORIENTED_EDGE('',*,*,#4408,.T.);
#3258=ORIENTED_EDGE('',*,*,#4404,.F.);
#3259=ORIENTED_EDGE('',*,*,#4399,.F.);
#3260=ORIENTED_EDGE('',*,*,#4403,.F.);
#3261=ORIENTED_EDGE('',*,*,#4409,.T.);
#3262=ORIENTED_EDGE('',*,*,#4374,.F.);
#3263=ORIENTED_EDGE('',*,*,#4410,.T.);
#3264=ORIENTED_EDGE('',*,*,#4402,.F.);
#3265=ORIENTED_EDGE('',*,*,#4401,.F.);
#3266=ORIENTED_EDGE('',*,*,#4406,.F.);
#3267=ORIENTED_EDGE('',*,*,#4411,.T.);
#3268=ORIENTED_EDGE('',*,*,#4411,.F.);
#3269=ORIENTED_EDGE('',*,*,#4407,.T.);
#3270=ORIENTED_EDGE('',*,*,#4408,.F.);
#3271=ORIENTED_EDGE('',*,*,#4371,.T.);
#3272=ORIENTED_EDGE('',*,*,#4369,.F.);
#3273=ORIENTED_EDGE('',*,*,#4410,.F.);
#3274=ORIENTED_EDGE('',*,*,#4373,.T.);
#3275=ORIENTED_EDGE('',*,*,#4409,.F.);
#3276=ORIENTED_EDGE('',*,*,#4380,.F.);
#3277=ORIENTED_EDGE('',*,*,#4370,.T.);
#3278=ORIENTED_EDGE('',*,*,#4412,.T.);
#3279=ORIENTED_EDGE('',*,*,#4413,.T.);
#3280=ORIENTED_EDGE('',*,*,#4414,.F.);
#3281=ORIENTED_EDGE('',*,*,#4415,.F.);
#3282=ORIENTED_EDGE('',*,*,#4416,.T.);
#3283=ORIENTED_EDGE('',*,*,#4417,.F.);
#3284=ORIENTED_EDGE('',*,*,#4418,.T.);
#3285=ORIENTED_EDGE('',*,*,#4419,.F.);
#3286=ORIENTED_EDGE('',*,*,#4420,.T.);
#3287=ORIENTED_EDGE('',*,*,#4421,.F.);
#3288=ORIENTED_EDGE('',*,*,#4422,.T.);
#3289=ORIENTED_EDGE('',*,*,#4423,.F.);
#3290=ORIENTED_EDGE('',*,*,#4424,.T.);
#3291=ORIENTED_EDGE('',*,*,#4425,.T.);
#3292=ORIENTED_EDGE('',*,*,#4426,.T.);
#3293=ORIENTED_EDGE('',*,*,#4427,.T.);
#3294=ORIENTED_EDGE('',*,*,#4428,.T.);
#3295=ORIENTED_EDGE('',*,*,#4429,.T.);
#3296=ORIENTED_EDGE('',*,*,#4430,.T.);
#3297=ORIENTED_EDGE('',*,*,#4425,.F.);
#3298=ORIENTED_EDGE('',*,*,#4431,.T.);
#3299=ORIENTED_EDGE('',*,*,#4427,.F.);
#3300=ORIENTED_EDGE('',*,*,#4432,.F.);
#3301=ORIENTED_EDGE('',*,*,#4433,.T.);
#3302=ORIENTED_EDGE('',*,*,#4429,.F.);
#3303=ORIENTED_EDGE('',*,*,#4434,.T.);
#3304=ORIENTED_EDGE('',*,*,#4435,.F.);
#3305=ORIENTED_EDGE('',*,*,#4436,.T.);
#3306=ORIENTED_EDGE('',*,*,#4431,.F.);
#3307=ORIENTED_EDGE('',*,*,#4428,.F.);
#3308=ORIENTED_EDGE('',*,*,#4437,.F.);
#3309=ORIENTED_EDGE('',*,*,#4422,.F.);
#3310=ORIENTED_EDGE('',*,*,#4438,.F.);
#3311=ORIENTED_EDGE('',*,*,#4434,.F.);
#3312=ORIENTED_EDGE('',*,*,#4439,.F.);
#3313=ORIENTED_EDGE('',*,*,#4438,.T.);
#3314=ORIENTED_EDGE('',*,*,#4421,.T.);
#3315=ORIENTED_EDGE('',*,*,#4440,.T.);
#3316=ORIENTED_EDGE('',*,*,#4430,.F.);
#3317=ORIENTED_EDGE('',*,*,#4436,.F.);
#3318=ORIENTED_EDGE('',*,*,#4440,.F.);
#3319=ORIENTED_EDGE('',*,*,#4420,.F.);
#3320=ORIENTED_EDGE('',*,*,#4441,.F.);
#3321=ORIENTED_EDGE('',*,*,#4426,.F.);
#3322=ORIENTED_EDGE('',*,*,#4437,.T.);
#3323=ORIENTED_EDGE('',*,*,#4432,.T.);
#3324=ORIENTED_EDGE('',*,*,#4441,.T.);
#3325=ORIENTED_EDGE('',*,*,#4419,.T.);
#3326=ORIENTED_EDGE('',*,*,#4423,.T.);
#3327=ORIENTED_EDGE('',*,*,#4433,.F.);
#3328=ORIENTED_EDGE('',*,*,#4442,.T.);
#3329=ORIENTED_EDGE('',*,*,#4443,.T.);
#3330=ORIENTED_EDGE('',*,*,#4444,.F.);
#3331=ORIENTED_EDGE('',*,*,#4445,.T.);
#3332=ORIENTED_EDGE('',*,*,#4442,.F.);
#3333=ORIENTED_EDGE('',*,*,#4446,.T.);
#3334=ORIENTED_EDGE('',*,*,#4412,.F.);
#3335=ORIENTED_EDGE('',*,*,#4447,.T.);
#3336=ORIENTED_EDGE('',*,*,#4444,.T.);
#3337=ORIENTED_EDGE('',*,*,#4448,.T.);
#3338=ORIENTED_EDGE('',*,*,#4449,.T.);
#3339=ORIENTED_EDGE('',*,*,#4450,.T.);
#3340=ORIENTED_EDGE('',*,*,#4449,.F.);
#3341=ORIENTED_EDGE('',*,*,#4451,.F.);
#3342=ORIENTED_EDGE('',*,*,#4435,.T.);
#3343=ORIENTED_EDGE('',*,*,#4439,.T.);
#3344=ORIENTED_EDGE('',*,*,#4416,.F.);
#3345=ORIENTED_EDGE('',*,*,#4452,.T.);
#3346=ORIENTED_EDGE('',*,*,#4448,.F.);
#3347=ORIENTED_EDGE('',*,*,#4443,.F.);
#3348=ORIENTED_EDGE('',*,*,#4447,.F.);
#3349=ORIENTED_EDGE('',*,*,#4453,.T.);
#3350=ORIENTED_EDGE('',*,*,#4418,.F.);
#3351=ORIENTED_EDGE('',*,*,#4454,.T.);
#3352=ORIENTED_EDGE('',*,*,#4446,.F.);
#3353=ORIENTED_EDGE('',*,*,#4445,.F.);
#3354=ORIENTED_EDGE('',*,*,#4450,.F.);
#3355=ORIENTED_EDGE('',*,*,#4455,.T.);
#3356=ORIENTED_EDGE('',*,*,#4455,.F.);
#3357=ORIENTED_EDGE('',*,*,#4451,.T.);
#3358=ORIENTED_EDGE('',*,*,#4452,.F.);
#3359=ORIENTED_EDGE('',*,*,#4415,.T.);
#3360=ORIENTED_EDGE('',*,*,#4413,.F.);
#3361=ORIENTED_EDGE('',*,*,#4454,.F.);
#3362=ORIENTED_EDGE('',*,*,#4417,.T.);
#3363=ORIENTED_EDGE('',*,*,#4453,.F.);
#3364=ORIENTED_EDGE('',*,*,#4424,.F.);
#3365=ORIENTED_EDGE('',*,*,#4414,.T.);
#3366=EDGE_CURVE('',#4456,#4457,#5112,.F.);
#3367=EDGE_CURVE('',#4456,#4458,#814,.T.);
#3368=EDGE_CURVE('',#4458,#4459,#5113,.F.);
#3369=EDGE_CURVE('',#4459,#4460,#5114,.T.);
#3370=EDGE_CURVE('',#4460,#4461,#418,.T.);
#3371=EDGE_CURVE('',#4457,#4461,#5115,.T.);
#3372=EDGE_CURVE('',#4462,#4463,#5116,.T.);
#3373=EDGE_CURVE('',#4462,#4464,#5117,.T.);
#3374=EDGE_CURVE('',#4464,#4465,#815,.T.);
#3375=EDGE_CURVE('',#4465,#4463,#5118,.T.);
#3376=EDGE_CURVE('',#4466,#4467,#5119,.T.);
#3377=EDGE_CURVE('',#4467,#4468,#816,.F.);
#3378=EDGE_CURVE('',#4469,#4468,#5120,.T.);
#3379=EDGE_CURVE('',#4469,#4466,#419,.T.);
#3380=EDGE_CURVE('',#4470,#4471,#5121,.T.);
#3381=EDGE_CURVE('',#4471,#4472,#817,.F.);
#3382=EDGE_CURVE('',#4473,#4472,#5122,.T.);
#3383=EDGE_CURVE('',#4473,#4470,#420,.T.);
#3384=EDGE_CURVE('',#4468,#4471,#5123,.T.);
#3385=EDGE_CURVE('',#4469,#4470,#421,.F.);
#3386=EDGE_CURVE('',#4474,#4475,#5124,.T.);
#3387=EDGE_CURVE('',#4474,#4476,#5125,.T.);
#3388=EDGE_CURVE('',#4476,#4477,#5126,.T.);
#3389=EDGE_CURVE('',#4477,#4475,#422,.T.);
#3390=EDGE_CURVE('',#4476,#4478,#818,.T.);
#3391=EDGE_CURVE('',#4478,#4479,#5127,.T.);
#3392=EDGE_CURVE('',#4477,#4479,#423,.F.);
#3393=EDGE_CURVE('',#4480,#4481,#5128,.T.);
#3394=EDGE_CURVE('',#4480,#4474,#819,.T.);
#3395=EDGE_CURVE('',#4481,#4475,#424,.F.);
#3396=EDGE_CURVE('',#4472,#4482,#820,.T.);
#3397=EDGE_CURVE('',#4483,#4482,#5129,.T.);
#3398=EDGE_CURVE('',#4473,#4483,#425,.F.);
#3399=EDGE_CURVE('',#4484,#4485,#5130,.T.);
#3400=EDGE_CURVE('',#4484,#4480,#821,.F.);
#3401=EDGE_CURVE('',#4481,#4485,#426,.T.);
#3402=EDGE_CURVE('',#4486,#4487,#427,.T.);
#3403=EDGE_CURVE('',#4488,#4487,#5131,.T.);
#3404=EDGE_CURVE('',#4489,#4488,#428,.F.);
#3405=EDGE_CURVE('',#4489,#4486,#5132,.T.);
#3406=EDGE_CURVE('',#4490,#4491,#5133,.T.);
#3407=EDGE_CURVE('',#4491,#4467,#822,.T.);
#3408=EDGE_CURVE('',#4490,#4466,#429,.F.);
#3409=EDGE_CURVE('',#4478,#4492,#823,.F.);
#3410=EDGE_CURVE('',#4492,#4493,#5134,.T.);
#3411=EDGE_CURVE('',#4493,#4479,#430,.T.);
#3412=EDGE_CURVE('',#4494,#4495,#431,.F.);
#3413=EDGE_CURVE('',#4494,#4496,#5135,.T.);
#3414=EDGE_CURVE('',#4496,#4497,#432,.T.);
#3415=EDGE_CURVE('',#4495,#4497,#5136,.T.);
#3416=EDGE_CURVE('',#4493,#4498,#433,.F.);
#3417=EDGE_CURVE('',#4499,#4498,#434,.T.);
#3418=EDGE_CURVE('',#4499,#4500,#435,.F.);
#3419=EDGE_CURVE('',#4501,#4500,#436,.T.);
#3420=EDGE_CURVE('',#4501,#4502,#437,.F.);
#3421=EDGE_CURVE('',#4503,#4502,#438,.T.);
#3422=EDGE_CURVE('',#4503,#4504,#439,.F.);
#3423=EDGE_CURVE('',#4505,#4504,#440,.T.);
#3424=EDGE_CURVE('',#4505,#4506,#441,.F.);
#3425=EDGE_CURVE('',#4507,#4506,#442,.T.);
#3426=EDGE_CURVE('',#4507,#4485,#443,.F.);
#3427=EDGE_CURVE('',#4508,#4495,#444,.T.);
#3428=EDGE_CURVE('',#4508,#4509,#445,.F.);
#3429=EDGE_CURVE('',#4489,#4509,#446,.T.);
#3430=EDGE_CURVE('',#4510,#4488,#447,.T.);
#3431=EDGE_CURVE('',#4510,#4511,#448,.F.);
#3432=EDGE_CURVE('',#4512,#4511,#449,.T.);
#3433=EDGE_CURVE('',#4512,#4513,#450,.F.);
#3434=EDGE_CURVE('',#4514,#4513,#451,.T.);
#3435=EDGE_CURVE('',#4514,#4515,#452,.F.);
#3436=EDGE_CURVE('',#4516,#4515,#453,.T.);
#3437=EDGE_CURVE('',#4516,#4517,#454,.F.);
#3438=EDGE_CURVE('',#4518,#4517,#455,.T.);
#3439=EDGE_CURVE('',#4518,#4519,#456,.F.);
#3440=EDGE_CURVE('',#4494,#4519,#457,.T.);
#3441=EDGE_CURVE('',#4460,#4497,#458,.F.);
#3442=EDGE_CURVE('',#4496,#4520,#459,.F.);
#3443=EDGE_CURVE('',#4521,#4520,#460,.T.);
#3444=EDGE_CURVE('',#4521,#4522,#461,.F.);
#3445=EDGE_CURVE('',#4523,#4522,#462,.T.);
#3446=EDGE_CURVE('',#4523,#4524,#463,.F.);
#3447=EDGE_CURVE('',#4525,#4524,#464,.T.);
#3448=EDGE_CURVE('',#4525,#4526,#465,.F.);
#3449=EDGE_CURVE('',#4527,#4526,#466,.T.);
#3450=EDGE_CURVE('',#4527,#4528,#467,.F.);
#3451=EDGE_CURVE('',#4529,#4528,#468,.T.);
#3452=EDGE_CURVE('',#4529,#4487,#469,.F.);
#3453=EDGE_CURVE('',#4486,#4461,#470,.F.);
#3454=EDGE_CURVE('',#4530,#4483,#471,.T.);
#3455=EDGE_CURVE('',#4530,#4531,#472,.F.);
#3456=EDGE_CURVE('',#4532,#4531,#473,.T.);
#3457=EDGE_CURVE('',#4532,#4533,#474,.F.);
#3458=EDGE_CURVE('',#4534,#4533,#475,.T.);
#3459=EDGE_CURVE('',#4534,#4535,#476,.F.);
#3460=EDGE_CURVE('',#4536,#4535,#477,.T.);
#3461=EDGE_CURVE('',#4536,#4537,#478,.F.);
#3462=EDGE_CURVE('',#4538,#4537,#479,.T.);
#3463=EDGE_CURVE('',#4538,#4539,#480,.F.);
#3464=EDGE_CURVE('',#4490,#4539,#481,.T.);
#3465=EDGE_CURVE('',#4540,#4541,#5137,.F.);
#3466=EDGE_CURVE('',#4541,#4456,#482,.T.);
#3467=EDGE_CURVE('',#4509,#4540,#5138,.T.);
#3468=EDGE_CURVE('',#4533,#4542,#5139,.T.);
#3469=EDGE_CURVE('',#4542,#4543,#824,.F.);
#3470=EDGE_CURVE('',#4534,#4543,#5140,.T.);
#3471=EDGE_CURVE('',#4543,#4544,#5141,.T.);
#3472=EDGE_CURVE('',#4535,#4544,#5142,.T.);
#3473=EDGE_CURVE('',#4514,#4525,#5143,.T.);
#3474=EDGE_CURVE('',#4513,#4526,#5144,.T.);
#3475=EDGE_CURVE('',#4545,#4546,#5145,.T.);
#3476=EDGE_CURVE('',#4546,#4547,#825,.T.);
#3477=EDGE_CURVE('',#4548,#4547,#5146,.T.);
#3478=EDGE_CURVE('',#4548,#4545,#826,.T.);
#3479=EDGE_CURVE('',#4549,#4550,#5147,.T.);
#3480=EDGE_CURVE('',#4550,#4546,#5148,.F.);
#3481=EDGE_CURVE('',#4551,#4545,#483,.T.);
#3482=EDGE_CURVE('',#4549,#4551,#484,.T.);
#3483=EDGE_CURVE('',#4552,#4553,#5149,.T.);
#3484=EDGE_CURVE('',#4553,#4550,#827,.T.);
#3485=EDGE_CURVE('',#4549,#4552,#828,.T.);
#3486=EDGE_CURVE('',#4551,#4554,#829,.T.);
#3487=EDGE_CURVE('',#4554,#4548,#485,.T.);
#3488=EDGE_CURVE('',#4555,#4551,#830,.T.);
#3489=EDGE_CURVE('',#4555,#4552,#486,.T.);
#3490=EDGE_CURVE('',#4556,#4557,#831,.T.);
#3491=EDGE_CURVE('',#4556,#4555,#487,.T.);
#3492=EDGE_CURVE('',#4558,#4555,#832,.T.);
#3493=EDGE_CURVE('',#4558,#4557,#488,.T.);
#3494=EDGE_CURVE('',#4559,#4560,#833,.T.);
#3495=EDGE_CURVE('',#4559,#4558,#489,.T.);
#3496=EDGE_CURVE('',#4561,#4558,#834,.T.);
#3497=EDGE_CURVE('',#4561,#4560,#490,.T.);
#3498=EDGE_CURVE('',#4562,#4563,#835,.T.);
#3499=EDGE_CURVE('',#4562,#4561,#491,.T.);
#3500=EDGE_CURVE('',#4564,#4561,#836,.T.);
#3501=EDGE_CURVE('',#4564,#4563,#492,.T.);
#3502=EDGE_CURVE('',#4565,#4566,#837,.F.);
#3503=EDGE_CURVE('',#4566,#4567,#493,.T.);
#3504=EDGE_CURVE('',#4567,#4568,#838,.T.);
#3505=EDGE_CURVE('',#4568,#4565,#494,.T.);
#3506=EDGE_CURVE('',#4554,#4564,#839,.T.);
#3507=EDGE_CURVE('',#4569,#4570,#495,.T.);
#3508=EDGE_CURVE('',#4570,#4571,#496,.T.);
#3509=EDGE_CURVE('',#4569,#4571,#840,.T.);
#3510=EDGE_CURVE('',#4572,#4573,#497,.T.);
#3511=EDGE_CURVE('',#4573,#4574,#498,.T.);
#3512=EDGE_CURVE('',#4575,#4574,#841,.T.);
#3513=EDGE_CURVE('',#4572,#4575,#842,.T.);
#3514=EDGE_CURVE('',#4576,#4577,#5150,.T.);
#3515=EDGE_CURVE('',#4578,#4576,#499,.T.);
#3516=EDGE_CURVE('',#4579,#4578,#500,.T.);
#3517=EDGE_CURVE('',#4579,#4580,#5151,.T.);
#3518=EDGE_CURVE('',#4581,#4580,#501,.T.);
#3519=EDGE_CURVE('',#4577,#4581,#502,.T.);
#3520=EDGE_CURVE('',#4582,#4583,#843,.T.);
#3521=EDGE_CURVE('',#4584,#4582,#844,.T.);
#3522=EDGE_CURVE('',#4585,#4584,#845,.T.);
#3523=EDGE_CURVE('',#4586,#4585,#846,.T.);
#3524=EDGE_CURVE('',#4587,#4586,#847,.T.);
#3525=EDGE_CURVE('',#4583,#4587,#848,.T.);
#3526=EDGE_CURVE('',#4588,#4582,#503,.T.);
#3527=EDGE_CURVE('',#4583,#4588,#504,.T.);
#3528=EDGE_CURVE('',#4584,#4589,#505,.T.);
#3529=EDGE_CURVE('',#4589,#4585,#506,.T.);
#3530=EDGE_CURVE('',#4587,#4590,#507,.T.);
#3531=EDGE_CURVE('',#4590,#4583,#508,.T.);
#3532=EDGE_CURVE('',#4591,#4589,#5152,.T.);
#3533=EDGE_CURVE('',#4574,#4591,#509,.T.);
#3534=EDGE_CURVE('',#4573,#4592,#5153,.T.);
#3535=EDGE_CURVE('',#4585,#4592,#510,.T.);
#3536=EDGE_CURVE('',#4593,#4594,#5154,.T.);
#3537=EDGE_CURVE('',#4595,#4593,#511,.T.);
#3538=EDGE_CURVE('',#4591,#4595,#512,.T.);
#3539=EDGE_CURVE('',#4594,#4584,#513,.T.);
#3540=EDGE_CURVE('',#4596,#4597,#5155,.T.);
#3541=EDGE_CURVE('',#4598,#4596,#514,.T.);
#3542=EDGE_CURVE('',#4599,#4598,#515,.T.);
#3543=EDGE_CURVE('',#4599,#4590,#5156,.T.);
#3544=EDGE_CURVE('',#4597,#4587,#516,.T.);
#3545=EDGE_CURVE('',#4600,#4601,#849,.T.);
#3546=EDGE_CURVE('',#4602,#4600,#850,.T.);
#3547=EDGE_CURVE('',#4603,#4602,#851,.T.);
#3548=EDGE_CURVE('',#4604,#4603,#852,.T.);
#3549=EDGE_CURVE('',#4605,#4604,#853,.T.);
#3550=EDGE_CURVE('',#4601,#4605,#854,.T.);
#3551=EDGE_CURVE('',#4606,#4600,#517,.T.);
#3552=EDGE_CURVE('',#4601,#4606,#518,.T.);
#3553=EDGE_CURVE('',#4602,#4607,#519,.T.);
#3554=EDGE_CURVE('',#4607,#4603,#520,.T.);
#3555=EDGE_CURVE('',#4605,#4608,#521,.T.);
#3556=EDGE_CURVE('',#4608,#4601,#522,.T.);
#3557=EDGE_CURVE('',#4609,#4607,#5157,.T.);
#3558=EDGE_CURVE('',#4571,#4609,#523,.T.);
#3559=EDGE_CURVE('',#4570,#4610,#5158,.T.);
#3560=EDGE_CURVE('',#4603,#4610,#524,.T.);
#3561=EDGE_CURVE('',#4611,#4612,#5159,.T.);
#3562=EDGE_CURVE('',#4613,#4611,#525,.T.);
#3563=EDGE_CURVE('',#4609,#4613,#526,.T.);
#3564=EDGE_CURVE('',#4612,#4602,#527,.T.);
#3565=EDGE_CURVE('',#4614,#4606,#5160,.T.);
#3566=EDGE_CURVE('',#4615,#4614,#528,.T.);
#3567=EDGE_CURVE('',#4611,#4615,#529,.T.);
#3568=EDGE_CURVE('',#4600,#4612,#530,.T.);
#3569=EDGE_CURVE('',#4616,#4617,#5161,.T.);
#3570=EDGE_CURVE('',#4618,#4616,#531,.T.);
#3571=EDGE_CURVE('',#4619,#4618,#532,.T.);
#3572=EDGE_CURVE('',#4619,#4608,#5162,.T.);
#3573=EDGE_CURVE('',#4617,#4605,#533,.T.);
#3574=EDGE_CURVE('',#4620,#4621,#855,.T.);
#3575=EDGE_CURVE('',#4622,#4620,#856,.T.);
#3576=EDGE_CURVE('',#4623,#4622,#857,.T.);
#3577=EDGE_CURVE('',#4624,#4623,#858,.T.);
#3578=EDGE_CURVE('',#4625,#4624,#859,.T.);
#3579=EDGE_CURVE('',#4621,#4625,#860,.T.);
#3580=EDGE_CURVE('',#4626,#4620,#534,.T.);
#3581=EDGE_CURVE('',#4621,#4626,#535,.T.);
#3582=EDGE_CURVE('',#4622,#4627,#536,.T.);
#3583=EDGE_CURVE('',#4627,#4623,#537,.T.);
#3584=EDGE_CURVE('',#4625,#4628,#538,.T.);
#3585=EDGE_CURVE('',#4628,#4621,#539,.T.);
#3586=EDGE_CURVE('',#4629,#4627,#5163,.T.);
#3587=EDGE_CURVE('',#4630,#4629,#540,.T.);
#3588=EDGE_CURVE('',#4631,#4630,#541,.T.);
#3589=EDGE_CURVE('',#4631,#4632,#5164,.T.);
#3590=EDGE_CURVE('',#4623,#4632,#542,.T.);
#3591=EDGE_CURVE('',#4633,#4634,#5165,.T.);
#3592=EDGE_CURVE('',#4635,#4633,#543,.T.);
#3593=EDGE_CURVE('',#4629,#4635,#544,.T.);
#3594=EDGE_CURVE('',#4634,#4622,#545,.T.);
#3595=EDGE_CURVE('',#4636,#4626,#5166,.T.);
#3596=EDGE_CURVE('',#4637,#4636,#546,.T.);
#3597=EDGE_CURVE('',#4633,#4637,#547,.T.);
#3598=EDGE_CURVE('',#4620,#4634,#548,.T.);
#3599=EDGE_CURVE('',#4638,#4639,#5167,.T.);
#3600=EDGE_CURVE('',#4640,#4638,#549,.T.);
#3601=EDGE_CURVE('',#4641,#4640,#550,.T.);
#3602=EDGE_CURVE('',#4641,#4628,#5168,.T.);
#3603=EDGE_CURVE('',#4639,#4625,#551,.T.);
#3604=EDGE_CURVE('',#4642,#4631,#552,.T.);
#3605=EDGE_CURVE('',#4643,#4630,#861,.T.);
#3606=EDGE_CURVE('',#4642,#4643,#862,.T.);
#3607=EDGE_CURVE('',#4581,#4644,#863,.T.);
#3608=EDGE_CURVE('',#4644,#4577,#553,.T.);
#3609=EDGE_CURVE('',#4645,#4646,#864,.T.);
#3610=EDGE_CURVE('',#4646,#4647,#554,.T.);
#3611=EDGE_CURVE('',#4647,#4645,#555,.T.);
#3612=EDGE_CURVE('',#4580,#4648,#556,.T.);
#3613=EDGE_CURVE('',#4648,#4581,#865,.T.);
#3614=EDGE_CURVE('',#4646,#4648,#866,.T.);
#3615=EDGE_CURVE('',#4649,#4645,#867,.T.);
#3616=EDGE_CURVE('',#4644,#4649,#868,.T.);
#3617=EDGE_CURVE('',#4650,#4578,#869,.T.);
#3618=EDGE_CURVE('',#4650,#4579,#557,.T.);
#3619=EDGE_CURVE('',#4578,#4651,#870,.T.);
#3620=EDGE_CURVE('',#4576,#4652,#558,.T.);
#3621=EDGE_CURVE('',#4651,#4652,#871,.T.);
#3622=EDGE_CURVE('',#4653,#4654,#559,.T.);
#3623=EDGE_CURVE('',#4654,#4655,#560,.T.);
#3624=EDGE_CURVE('',#4653,#4655,#872,.T.);
#3625=EDGE_CURVE('',#4656,#4657,#561,.T.);
#3626=EDGE_CURVE('',#4658,#4657,#873,.T.);
#3627=EDGE_CURVE('',#4659,#4658,#874,.T.);
#3628=EDGE_CURVE('',#4659,#4656,#562,.T.);
#3629=EDGE_CURVE('',#4657,#4598,#875,.T.);
#3630=EDGE_CURVE('',#4657,#4599,#563,.T.);
#3631=EDGE_CURVE('',#4574,#4595,#876,.T.);
#3632=EDGE_CURVE('',#4614,#4660,#564,.T.);
#3633=EDGE_CURVE('',#4615,#4660,#877,.T.);
#3634=EDGE_CURVE('',#4660,#4618,#878,.T.);
#3635=EDGE_CURVE('',#4660,#4619,#565,.T.);
#3636=EDGE_CURVE('',#4661,#4613,#879,.T.);
#3637=EDGE_CURVE('',#4571,#4661,#880,.T.);
#3638=EDGE_CURVE('',#4636,#4662,#566,.T.);
#3639=EDGE_CURVE('',#4663,#4662,#881,.T.);
#3640=EDGE_CURVE('',#4637,#4663,#882,.T.);
#3641=EDGE_CURVE('',#4662,#4640,#883,.T.);
#3642=EDGE_CURVE('',#4662,#4641,#567,.T.);
#3643=EDGE_CURVE('',#4630,#4635,#884,.T.);
#3644=EDGE_CURVE('',#4664,#4665,#568,.T.);
#3645=EDGE_CURVE('',#4665,#4653,#569,.T.);
#3646=EDGE_CURVE('',#4664,#4653,#885,.T.);
#3647=EDGE_CURVE('',#4666,#4667,#5169,.T.);
#3648=EDGE_CURVE('',#4667,#4668,#886,.F.);
#3649=EDGE_CURVE('',#4669,#4668,#5170,.T.);
#3650=EDGE_CURVE('',#4669,#4666,#887,.T.);
#3651=EDGE_CURVE('',#4670,#4671,#5171,.T.);
#3652=EDGE_CURVE('',#4671,#4672,#888,.F.);
#3653=EDGE_CURVE('',#4673,#4672,#5172,.T.);
#3654=EDGE_CURVE('',#4673,#4670,#889,.T.);
#3655=EDGE_CURVE('',#4674,#4675,#570,.T.);
#3656=EDGE_CURVE('',#4676,#4674,#890,.T.);
#3657=EDGE_CURVE('',#4677,#4676,#571,.T.);
#3658=EDGE_CURVE('',#4677,#4675,#891,.T.);
#3659=EDGE_CURVE('',#4666,#4677,#572,.T.);
#3660=EDGE_CURVE('',#4678,#4669,#573,.T.);
#3661=EDGE_CURVE('',#4678,#4677,#892,.T.);
#3662=EDGE_CURVE('',#4679,#4680,#574,.T.);
#3663=EDGE_CURVE('',#4679,#4681,#893,.T.);
#3664=EDGE_CURVE('',#4681,#4682,#575,.T.);
#3665=EDGE_CURVE('',#4680,#4682,#894,.T.);
#3666=EDGE_CURVE('',#4683,#4681,#576,.T.);
#3667=EDGE_CURVE('',#4681,#4678,#895,.T.);
#3668=EDGE_CURVE('',#4684,#4678,#577,.T.);
#3669=EDGE_CURVE('',#4683,#4684,#896,.T.);
#3670=EDGE_CURVE('',#4685,#4686,#578,.T.);
#3671=EDGE_CURVE('',#4687,#4685,#897,.T.);
#3672=EDGE_CURVE('',#4675,#4687,#579,.T.);
#3673=EDGE_CURVE('',#4675,#4686,#898,.T.);
#3674=EDGE_CURVE('',#4686,#4673,#580,.T.);
#3675=EDGE_CURVE('',#4686,#4679,#899,.T.);
#3676=EDGE_CURVE('',#4670,#4679,#581,.T.);
#3677=EDGE_CURVE('',#4688,#4689,#900,.T.);
#3678=EDGE_CURVE('',#4689,#4690,#582,.T.);
#3679=EDGE_CURVE('',#4690,#4691,#901,.T.);
#3680=EDGE_CURVE('',#4691,#4688,#583,.T.);
#3681=EDGE_CURVE('',#4515,#4524,#5173,.T.);
#3682=EDGE_CURVE('',#4516,#4523,#5174,.T.);
#3683=EDGE_CURVE('',#4544,#4692,#902,.F.);
#3684=EDGE_CURVE('',#4536,#4692,#5175,.T.);
#3685=EDGE_CURVE('',#4538,#4693,#5176,.T.);
#3686=EDGE_CURVE('',#4693,#4694,#5177,.T.);
#3687=EDGE_CURVE('',#4539,#4694,#5178,.T.);
#3688=EDGE_CURVE('',#4537,#4695,#5179,.T.);
#3689=EDGE_CURVE('',#4695,#4693,#903,.F.);
#3690=EDGE_CURVE('',#4518,#4521,#5180,.T.);
#3691=EDGE_CURVE('',#4517,#4522,#5181,.T.);
#3692=EDGE_CURVE('',#4696,#4499,#5182,.T.);
#3693=EDGE_CURVE('',#4696,#4697,#904,.T.);
#3694=EDGE_CURVE('',#4697,#4500,#5183,.T.);
#3695=EDGE_CURVE('',#4698,#4501,#5184,.T.);
#3696=EDGE_CURVE('',#4698,#4699,#905,.T.);
#3697=EDGE_CURVE('',#4699,#4502,#5185,.T.);
#3698=EDGE_CURVE('',#4699,#4700,#5186,.T.);
#3699=EDGE_CURVE('',#4700,#4503,#5187,.T.);
#3700=EDGE_CURVE('',#4700,#4701,#906,.T.);
#3701=EDGE_CURVE('',#4701,#4504,#5188,.T.);
#3702=EDGE_CURVE('',#4702,#4507,#5189,.T.);
#3703=EDGE_CURVE('',#4702,#4484,#907,.T.);
#3704=EDGE_CURVE('',#4703,#4498,#5190,.T.);
#3705=EDGE_CURVE('',#4703,#4696,#5191,.T.);
#3706=EDGE_CURVE('',#4492,#4703,#908,.T.);
#3707=EDGE_CURVE('',#4519,#4520,#5192,.T.);
#3708=EDGE_CURVE('',#4694,#4491,#909,.F.);
#3709=EDGE_CURVE('',#4531,#4704,#5193,.T.);
#3710=EDGE_CURVE('',#4704,#4705,#910,.F.);
#3711=EDGE_CURVE('',#4532,#4705,#5194,.T.);
#3712=EDGE_CURVE('',#4458,#4706,#584,.T.);
#3713=EDGE_CURVE('',#4707,#4706,#5195,.F.);
#3714=EDGE_CURVE('',#4508,#4707,#5196,.T.);
#3715=EDGE_CURVE('',#4512,#4527,#5197,.T.);
#3716=EDGE_CURVE('',#4511,#4528,#5198,.T.);
#3717=EDGE_CURVE('',#4510,#4529,#5199,.T.);
#3718=EDGE_CURVE('',#4708,#4506,#5200,.T.);
#3719=EDGE_CURVE('',#4708,#4702,#5201,.T.);
#3720=EDGE_CURVE('',#4530,#4709,#5202,.T.);
#3721=EDGE_CURVE('',#4709,#4704,#5203,.T.);
#3722=EDGE_CURVE('',#4710,#4711,#5204,.T.);
#3723=EDGE_CURVE('',#4655,#4710,#585,.T.);
#3724=EDGE_CURVE('',#4654,#4647,#5205,.T.);
#3725=EDGE_CURVE('',#4711,#4646,#586,.T.);
#3726=EDGE_CURVE('',#4665,#4712,#5206,.T.);
#3727=EDGE_CURVE('',#4645,#4712,#587,.T.);
#3728=EDGE_CURVE('',#4713,#4664,#588,.T.);
#3729=EDGE_CURVE('',#4713,#4714,#5207,.T.);
#3730=EDGE_CURVE('',#4649,#4714,#589,.T.);
#3731=EDGE_CURVE('',#4712,#4649,#590,.T.);
#3732=EDGE_CURVE('',#4656,#4588,#5208,.T.);
#3733=EDGE_CURVE('',#4593,#4659,#591,.T.);
#3734=EDGE_CURVE('',#4582,#4594,#592,.T.);
#3735=EDGE_CURVE('',#4592,#4586,#593,.T.);
#3736=EDGE_CURVE('',#4596,#4572,#594,.T.);
#3737=EDGE_CURVE('',#4586,#4597,#595,.T.);
#3738=EDGE_CURVE('',#4610,#4604,#596,.T.);
#3739=EDGE_CURVE('',#4616,#4569,#597,.T.);
#3740=EDGE_CURVE('',#4604,#4617,#598,.T.);
#3741=EDGE_CURVE('',#4632,#4624,#599,.T.);
#3742=EDGE_CURVE('',#4638,#4642,#600,.T.);
#3743=EDGE_CURVE('',#4624,#4639,#601,.T.);
#3744=EDGE_CURVE('',#4715,#4716,#5209,.F.);
#3745=EDGE_CURVE('',#4716,#4717,#911,.T.);
#3746=EDGE_CURVE('',#4717,#4718,#5210,.T.);
#3747=EDGE_CURVE('',#4718,#4719,#912,.T.);
#3748=EDGE_CURVE('',#4719,#4720,#5211,.F.);
#3749=EDGE_CURVE('',#4720,#4721,#913,.T.);
#3750=EDGE_CURVE('',#4721,#4722,#5212,.T.);
#3751=EDGE_CURVE('',#4722,#4723,#914,.T.);
#3752=EDGE_CURVE('',#4723,#4724,#5213,.F.);
#3753=EDGE_CURVE('',#4724,#4725,#915,.T.);
#3754=EDGE_CURVE('',#4725,#4726,#5214,.F.);
#3755=EDGE_CURVE('',#4726,#4715,#916,.T.);
#3756=EDGE_CURVE('',#4727,#4728,#5215,.T.);
#3757=EDGE_CURVE('',#4728,#4663,#917,.T.);
#3758=EDGE_CURVE('',#4640,#4642,#918,.T.);
#3759=EDGE_CURVE('',#4643,#4729,#919,.T.);
#3760=EDGE_CURVE('',#4729,#4730,#5216,.T.);
#3761=EDGE_CURVE('',#4730,#4731,#920,.T.);
#3762=EDGE_CURVE('',#4731,#4650,#921,.T.);
#3763=EDGE_CURVE('',#4651,#4732,#922,.T.);
#3764=EDGE_CURVE('',#4732,#4733,#5217,.T.);
#3765=EDGE_CURVE('',#4733,#4575,#923,.T.);
#3766=EDGE_CURVE('',#4595,#4659,#924,.T.);
#3767=EDGE_CURVE('',#4658,#4734,#925,.T.);
#3768=EDGE_CURVE('',#4734,#4735,#5218,.T.);
#3769=EDGE_CURVE('',#4735,#4736,#926,.T.);
#3770=EDGE_CURVE('',#4736,#4569,#927,.T.);
#3771=EDGE_CURVE('',#4661,#4727,#928,.T.);
#3772=EDGE_CURVE('',#4482,#4709,#929,.F.);
#3773=EDGE_CURVE('',#4676,#4737,#5219,.T.);
#3774=EDGE_CURVE('',#4737,#4667,#5220,.F.);
#3775=EDGE_CURVE('',#4674,#4738,#5221,.T.);
#3776=EDGE_CURVE('',#4738,#4737,#930,.F.);
#3777=EDGE_CURVE('',#4687,#4739,#5222,.T.);
#3778=EDGE_CURVE('',#4739,#4738,#5223,.F.);
#3779=EDGE_CURVE('',#4685,#4740,#5224,.T.);
#3780=EDGE_CURVE('',#4740,#4739,#931,.F.);
#3781=EDGE_CURVE('',#4672,#4740,#5225,.F.);
#3782=EDGE_CURVE('',#4680,#4741,#5226,.T.);
#3783=EDGE_CURVE('',#4741,#4671,#5227,.F.);
#3784=EDGE_CURVE('',#4682,#4742,#5228,.T.);
#3785=EDGE_CURVE('',#4742,#4741,#932,.F.);
#3786=EDGE_CURVE('',#4683,#4743,#5229,.T.);
#3787=EDGE_CURVE('',#4743,#4742,#5230,.F.);
#3788=EDGE_CURVE('',#4744,#4745,#5231,.T.);
#3789=EDGE_CURVE('',#4745,#4746,#933,.T.);
#3790=EDGE_CURVE('',#4747,#4746,#5232,.T.);
#3791=EDGE_CURVE('',#4747,#4744,#934,.T.);
#3792=EDGE_CURVE('',#4746,#4748,#5233,.F.);
#3793=EDGE_CURVE('',#4563,#4748,#5234,.T.);
#3794=EDGE_CURVE('',#4747,#4564,#602,.T.);
#3795=EDGE_CURVE('',#4748,#4749,#935,.T.);
#3796=EDGE_CURVE('',#4562,#4749,#5235,.T.);
#3797=EDGE_CURVE('',#4749,#4750,#5236,.F.);
#3798=EDGE_CURVE('',#4560,#4750,#5237,.T.);
#3799=EDGE_CURVE('',#4750,#4751,#936,.T.);
#3800=EDGE_CURVE('',#4559,#4751,#5238,.T.);
#3801=EDGE_CURVE('',#4751,#4752,#5239,.F.);
#3802=EDGE_CURVE('',#4557,#4752,#5240,.T.);
#3803=EDGE_CURVE('',#4752,#4753,#937,.T.);
#3804=EDGE_CURVE('',#4556,#4753,#5241,.T.);
#3805=EDGE_CURVE('',#4753,#4553,#5242,.F.);
#3806=EDGE_CURVE('',#4744,#4554,#603,.T.);
#3807=EDGE_CURVE('',#4547,#4745,#5243,.F.);
#3808=EDGE_CURVE('',#4684,#4754,#5244,.T.);
#3809=EDGE_CURVE('',#4754,#4743,#938,.F.);
#3810=EDGE_CURVE('',#4668,#4754,#5245,.F.);
#3811=EDGE_CURVE('',#4706,#4541,#939,.T.);
#3812=EDGE_CURVE('',#4755,#4505,#5246,.T.);
#3813=EDGE_CURVE('',#4755,#4708,#940,.T.);
#3814=EDGE_CURVE('',#4710,#4650,#604,.T.);
#3815=EDGE_CURVE('',#4648,#4711,#605,.T.);
#3816=EDGE_CURVE('',#4652,#4713,#606,.T.);
#3817=EDGE_CURVE('',#4714,#4644,#607,.T.);
#3818=EDGE_CURVE('',#4705,#4542,#941,.T.);
#3819=EDGE_CURVE('',#4701,#4755,#942,.F.);
#3820=EDGE_CURVE('',#4697,#4698,#943,.F.);
#3821=EDGE_CURVE('',#4692,#4695,#944,.T.);
#3822=EDGE_CURVE('',#4635,#4637,#945,.T.);
#3823=EDGE_CURVE('',#4618,#4736,#946,.T.);
#3824=EDGE_CURVE('',#4613,#4615,#947,.T.);
#3825=EDGE_CURVE('',#4598,#4572,#948,.T.);
#3826=EDGE_CURVE('',#4652,#4664,#949,.T.);
#3827=EDGE_CURVE('',#4655,#4731,#950,.T.);
#3828=EDGE_CURVE('',#4756,#4757,#5247,.F.);
#3829=EDGE_CURVE('',#4757,#4758,#951,.F.);
#3830=EDGE_CURVE('',#4758,#4759,#5248,.T.);
#3831=EDGE_CURVE('',#4759,#4760,#952,.F.);
#3832=EDGE_CURVE('',#4760,#4761,#5249,.F.);
#3833=EDGE_CURVE('',#4761,#4762,#953,.F.);
#3834=EDGE_CURVE('',#4762,#4763,#5250,.T.);
#3835=EDGE_CURVE('',#4763,#4764,#954,.F.);
#3836=EDGE_CURVE('',#4764,#4765,#5251,.T.);
#3837=EDGE_CURVE('',#4765,#4766,#955,.F.);
#3838=EDGE_CURVE('',#4766,#4767,#5252,.T.);
#3839=EDGE_CURVE('',#4767,#4756,#956,.F.);
#3840=EDGE_CURVE('',#4768,#4769,#957,.T.);
#3841=EDGE_CURVE('',#4768,#4770,#958,.F.);
#3842=EDGE_CURVE('',#4770,#4771,#5253,.T.);
#3843=EDGE_CURVE('',#4771,#4772,#959,.F.);
#3844=EDGE_CURVE('',#4773,#4772,#960,.T.);
#3845=EDGE_CURVE('',#4774,#4773,#961,.T.);
#3846=EDGE_CURVE('',#4775,#4774,#962,.T.);
#3847=EDGE_CURVE('',#4775,#4776,#963,.F.);
#3848=EDGE_CURVE('',#4776,#4777,#5254,.T.);
#3849=EDGE_CURVE('',#4777,#4778,#964,.F.);
#3850=EDGE_CURVE('',#4779,#4778,#965,.T.);
#3851=EDGE_CURVE('',#4780,#4779,#966,.T.);
#3852=EDGE_CURVE('',#4781,#4780,#967,.T.);
#3853=EDGE_CURVE('',#4782,#4781,#968,.T.);
#3854=EDGE_CURVE('',#4782,#4783,#969,.F.);
#3855=EDGE_CURVE('',#4783,#4784,#5255,.T.);
#3856=EDGE_CURVE('',#4784,#4785,#970,.F.);
#3857=EDGE_CURVE('',#4786,#4785,#971,.T.);
#3858=EDGE_CURVE('',#4787,#4786,#972,.T.);
#3859=EDGE_CURVE('',#4788,#4787,#973,.T.);
#3860=EDGE_CURVE('',#4788,#4789,#974,.F.);
#3861=EDGE_CURVE('',#4789,#4790,#5256,.T.);
#3862=EDGE_CURVE('',#4790,#4791,#975,.F.);
#3863=EDGE_CURVE('',#4792,#4791,#976,.T.);
#3864=EDGE_CURVE('',#4793,#4792,#977,.T.);
#3865=EDGE_CURVE('',#4769,#4793,#978,.T.);
#3866=EDGE_CURVE('',#4794,#4794,#979,.T.);
#3867=EDGE_CURVE('',#4795,#4795,#980,.T.);
#3868=EDGE_CURVE('',#4796,#4796,#981,.F.);
#3869=EDGE_CURVE('',#4797,#4797,#982,.T.);
#3870=EDGE_CURVE('',#4798,#4799,#983,.T.);
#3871=EDGE_CURVE('',#4799,#4800,#984,.T.);
#3872=EDGE_CURVE('',#4800,#4801,#985,.T.);
#3873=EDGE_CURVE('',#4801,#4802,#986,.T.);
#3874=EDGE_CURVE('',#4802,#4803,#987,.T.);
#3875=EDGE_CURVE('',#4803,#4798,#988,.T.);
#3876=EDGE_CURVE('',#4803,#4804,#608,.T.);
#3877=EDGE_CURVE('',#4804,#4798,#609,.T.);
#3878=EDGE_CURVE('',#4805,#4799,#610,.T.);
#3879=EDGE_CURVE('',#4798,#4805,#611,.T.);
#3880=EDGE_CURVE('',#4799,#4806,#612,.T.);
#3881=EDGE_CURVE('',#4806,#4800,#613,.T.);
#3882=EDGE_CURVE('',#4800,#4807,#614,.T.);
#3883=EDGE_CURVE('',#4807,#4801,#615,.T.);
#3884=EDGE_CURVE('',#4801,#4808,#616,.T.);
#3885=EDGE_CURVE('',#4808,#4802,#617,.T.);
#3886=EDGE_CURVE('',#4802,#4809,#618,.T.);
#3887=EDGE_CURVE('',#4809,#4803,#619,.T.);
#3888=EDGE_CURVE('',#4806,#4810,#5257,.T.);
#3889=EDGE_CURVE('',#4811,#4810,#620,.T.);
#3890=EDGE_CURVE('',#4812,#4811,#621,.T.);
#3891=EDGE_CURVE('',#4807,#4812,#5258,.T.);
#3892=EDGE_CURVE('',#4811,#4813,#989,.T.);
#3893=EDGE_CURVE('',#4813,#4812,#622,.T.);
#3894=EDGE_CURVE('',#4814,#4813,#623,.T.);
#3895=EDGE_CURVE('',#4808,#4814,#5259,.T.);
#3896=EDGE_CURVE('',#4815,#4782,#990,.T.);
#3897=EDGE_CURVE('',#4781,#4816,#624,.T.);
#3898=EDGE_CURVE('',#4816,#4815,#625,.T.);
#3899=EDGE_CURVE('',#4815,#4814,#626,.T.);
#3900=EDGE_CURVE('',#4809,#4816,#5260,.T.);
#3901=EDGE_CURVE('',#4813,#4815,#991,.T.);
#3902=EDGE_CURVE('',#4817,#4781,#627,.T.);
#3903=EDGE_CURVE('',#4804,#4817,#5261,.T.);
#3904=EDGE_CURVE('',#4780,#4817,#628,.T.);
#3905=EDGE_CURVE('',#4818,#4780,#629,.T.);
#3906=EDGE_CURVE('',#4805,#4818,#5262,.T.);
#3907=EDGE_CURVE('',#4810,#4779,#630,.T.);
#3908=EDGE_CURVE('',#4778,#4811,#992,.T.);
#3909=EDGE_CURVE('',#4779,#4818,#631,.T.);
#3910=EDGE_CURVE('',#4819,#4819,#993,.T.);
#3911=EDGE_CURVE('',#4820,#4820,#994,.T.);
#3912=EDGE_CURVE('',#4821,#4821,#995,.F.);
#3913=EDGE_CURVE('',#4822,#4822,#996,.T.);
#3914=EDGE_CURVE('',#4823,#4824,#997,.T.);
#3915=EDGE_CURVE('',#4824,#4825,#998,.T.);
#3916=EDGE_CURVE('',#4825,#4826,#999,.T.);
#3917=EDGE_CURVE('',#4826,#4827,#1000,.T.);
#3918=EDGE_CURVE('',#4827,#4828,#1001,.T.);
#3919=EDGE_CURVE('',#4828,#4823,#1002,.T.);
#3920=EDGE_CURVE('',#4828,#4829,#632,.T.);
#3921=EDGE_CURVE('',#4829,#4823,#633,.T.);
#3922=EDGE_CURVE('',#4830,#4824,#634,.T.);
#3923=EDGE_CURVE('',#4823,#4830,#635,.T.);
#3924=EDGE_CURVE('',#4824,#4831,#636,.T.);
#3925=EDGE_CURVE('',#4831,#4825,#637,.T.);
#3926=EDGE_CURVE('',#4825,#4832,#638,.T.);
#3927=EDGE_CURVE('',#4832,#4826,#639,.T.);
#3928=EDGE_CURVE('',#4826,#4833,#640,.T.);
#3929=EDGE_CURVE('',#4833,#4827,#641,.T.);
#3930=EDGE_CURVE('',#4827,#4834,#642,.T.);
#3931=EDGE_CURVE('',#4834,#4828,#643,.T.);
#3932=EDGE_CURVE('',#4831,#4835,#5263,.T.);
#3933=EDGE_CURVE('',#4836,#4835,#644,.T.);
#3934=EDGE_CURVE('',#4837,#4836,#645,.T.);
#3935=EDGE_CURVE('',#4832,#4837,#5264,.T.);
#3936=EDGE_CURVE('',#4836,#4838,#1003,.T.);
#3937=EDGE_CURVE('',#4838,#4837,#646,.T.);
#3938=EDGE_CURVE('',#4839,#4838,#647,.T.);
#3939=EDGE_CURVE('',#4833,#4839,#5265,.T.);
#3940=EDGE_CURVE('',#4773,#4840,#648,.T.);
#3941=EDGE_CURVE('',#4840,#4774,#649,.T.);
#3942=EDGE_CURVE('',#4774,#4839,#650,.T.);
#3943=EDGE_CURVE('',#4834,#4840,#5266,.T.);
#3944=EDGE_CURVE('',#4838,#4775,#1004,.T.);
#3945=EDGE_CURVE('',#4841,#4773,#651,.T.);
#3946=EDGE_CURVE('',#4829,#4841,#5267,.T.);
#3947=EDGE_CURVE('',#4772,#4842,#1005,.T.);
#3948=EDGE_CURVE('',#4842,#4841,#652,.T.);
#3949=EDGE_CURVE('',#4843,#4842,#653,.T.);
#3950=EDGE_CURVE('',#4830,#4843,#5268,.T.);
#3951=EDGE_CURVE('',#4835,#4844,#654,.T.);
#3952=EDGE_CURVE('',#4844,#4836,#1006,.T.);
#3953=EDGE_CURVE('',#4844,#4843,#655,.T.);
#3954=EDGE_CURVE('',#4842,#4844,#1007,.T.);
#3955=EDGE_CURVE('',#4845,#4845,#1008,.T.);
#3956=EDGE_CURVE('',#4846,#4846,#1009,.T.);
#3957=EDGE_CURVE('',#4847,#4847,#1010,.F.);
#3958=EDGE_CURVE('',#4848,#4848,#1011,.T.);
#3959=EDGE_CURVE('',#4849,#4850,#1012,.T.);
#3960=EDGE_CURVE('',#4850,#4851,#1013,.T.);
#3961=EDGE_CURVE('',#4851,#4852,#1014,.T.);
#3962=EDGE_CURVE('',#4852,#4853,#1015,.T.);
#3963=EDGE_CURVE('',#4853,#4854,#1016,.T.);
#3964=EDGE_CURVE('',#4854,#4849,#1017,.T.);
#3965=EDGE_CURVE('',#4854,#4855,#656,.T.);
#3966=EDGE_CURVE('',#4855,#4849,#657,.T.);
#3967=EDGE_CURVE('',#4856,#4850,#658,.T.);
#3968=EDGE_CURVE('',#4849,#4856,#659,.T.);
#3969=EDGE_CURVE('',#4850,#4857,#660,.T.);
#3970=EDGE_CURVE('',#4857,#4851,#661,.T.);
#3971=EDGE_CURVE('',#4851,#4858,#662,.T.);
#3972=EDGE_CURVE('',#4858,#4852,#663,.T.);
#3973=EDGE_CURVE('',#4852,#4859,#664,.T.);
#3974=EDGE_CURVE('',#4859,#4853,#665,.T.);
#3975=EDGE_CURVE('',#4853,#4860,#666,.T.);
#3976=EDGE_CURVE('',#4860,#4854,#667,.T.);
#3977=EDGE_CURVE('',#4857,#4861,#5269,.T.);
#3978=EDGE_CURVE('',#4769,#4861,#668,.T.);
#3979=EDGE_CURVE('',#4862,#4769,#669,.T.);
#3980=EDGE_CURVE('',#4858,#4862,#5270,.T.);
#3981=EDGE_CURVE('',#4863,#4864,#1018,.T.);
#3982=EDGE_CURVE('',#4864,#4865,#670,.T.);
#3983=EDGE_CURVE('',#4865,#4863,#671,.T.);
#3984=EDGE_CURVE('',#4855,#4865,#5271,.T.);
#3985=EDGE_CURVE('',#4866,#4864,#672,.T.);
#3986=EDGE_CURVE('',#4856,#4866,#5272,.T.);
#3987=EDGE_CURVE('',#4861,#4867,#673,.T.);
#3988=EDGE_CURVE('',#4867,#4768,#1019,.T.);
#3989=EDGE_CURVE('',#4867,#4866,#674,.T.);
#3990=EDGE_CURVE('',#4864,#4867,#1020,.T.);
#3991=EDGE_CURVE('',#4860,#4868,#5273,.T.);
#3992=EDGE_CURVE('',#4863,#4868,#675,.T.);
#3993=EDGE_CURVE('',#4793,#4862,#676,.T.);
#3994=EDGE_CURVE('',#4869,#4793,#677,.T.);
#3995=EDGE_CURVE('',#4859,#4869,#5274,.T.);
#3996=EDGE_CURVE('',#4791,#4863,#1021,.T.);
#3997=EDGE_CURVE('',#4868,#4792,#678,.T.);
#3998=EDGE_CURVE('',#4792,#4869,#679,.T.);
#3999=EDGE_CURVE('',#4870,#4870,#1022,.T.);
#4000=EDGE_CURVE('',#4871,#4871,#1023,.T.);
#4001=EDGE_CURVE('',#4872,#4872,#1024,.F.);
#4002=EDGE_CURVE('',#4873,#4873,#1025,.T.);
#4003=EDGE_CURVE('',#4874,#4875,#1026,.T.);
#4004=EDGE_CURVE('',#4875,#4876,#1027,.T.);
#4005=EDGE_CURVE('',#4876,#4877,#1028,.T.);
#4006=EDGE_CURVE('',#4877,#4878,#1029,.T.);
#4007=EDGE_CURVE('',#4878,#4879,#1030,.T.);
#4008=EDGE_CURVE('',#4879,#4874,#1031,.T.);
#4009=EDGE_CURVE('',#4879,#4880,#680,.T.);
#4010=EDGE_CURVE('',#4880,#4874,#681,.T.);
#4011=EDGE_CURVE('',#4881,#4875,#682,.T.);
#4012=EDGE_CURVE('',#4874,#4881,#683,.T.);
#4013=EDGE_CURVE('',#4875,#4882,#684,.T.);
#4014=EDGE_CURVE('',#4882,#4876,#685,.T.);
#4015=EDGE_CURVE('',#4876,#4883,#686,.T.);
#4016=EDGE_CURVE('',#4883,#4877,#687,.T.);
#4017=EDGE_CURVE('',#4877,#4884,#688,.T.);
#4018=EDGE_CURVE('',#4884,#4878,#689,.T.);
#4019=EDGE_CURVE('',#4878,#4885,#690,.T.);
#4020=EDGE_CURVE('',#4885,#4879,#691,.T.);
#4021=EDGE_CURVE('',#4882,#4886,#5275,.T.);
#4022=EDGE_CURVE('',#4786,#4886,#692,.T.);
#4023=EDGE_CURVE('',#4887,#4786,#693,.T.);
#4024=EDGE_CURVE('',#4883,#4887,#5276,.T.);
#4025=EDGE_CURVE('',#4888,#4889,#1032,.T.);
#4026=EDGE_CURVE('',#4889,#4890,#694,.T.);
#4027=EDGE_CURVE('',#4890,#4888,#695,.T.);
#4028=EDGE_CURVE('',#4880,#4890,#5277,.T.);
#4029=EDGE_CURVE('',#4891,#4889,#696,.T.);
#4030=EDGE_CURVE('',#4881,#4891,#5278,.T.);
#4031=EDGE_CURVE('',#4886,#4787,#697,.T.);
#4032=EDGE_CURVE('',#4787,#4891,#698,.T.);
#4033=EDGE_CURVE('',#4889,#4788,#1033,.T.);
#4034=EDGE_CURVE('',#4885,#4892,#5279,.T.);
#4035=EDGE_CURVE('',#4888,#4892,#699,.T.);
#4036=EDGE_CURVE('',#4785,#4893,#1034,.T.);
#4037=EDGE_CURVE('',#4893,#4887,#700,.T.);
#4038=EDGE_CURVE('',#4894,#4893,#701,.T.);
#4039=EDGE_CURVE('',#4884,#4894,#5280,.T.);
#4040=EDGE_CURVE('',#4895,#4888,#1035,.T.);
#4041=EDGE_CURVE('',#4892,#4895,#702,.T.);
#4042=EDGE_CURVE('',#4895,#4894,#703,.T.);
#4043=EDGE_CURVE('',#4893,#4895,#1036,.T.);
#4044=EDGE_CURVE('',#4896,#4897,#5281,.F.);
#4045=EDGE_CURVE('',#4896,#4898,#1037,.T.);
#4046=EDGE_CURVE('',#4899,#4898,#5282,.T.);
#4047=EDGE_CURVE('',#4899,#4897,#1038,.T.);
#4048=EDGE_CURVE('',#4900,#4901,#5283,.T.);
#4049=EDGE_CURVE('',#4901,#4902,#1039,.F.);
#4050=EDGE_CURVE('',#4902,#4903,#5284,.T.);
#4051=EDGE_CURVE('',#4903,#4900,#1040,.T.);
#4052=EDGE_CURVE('',#4904,#4905,#1041,.F.);
#4053=EDGE_CURVE('',#4905,#4906,#5285,.T.);
#4054=EDGE_CURVE('',#4906,#4907,#5286,.T.);
#4055=EDGE_CURVE('',#4907,#4904,#5287,.T.);
#4056=EDGE_CURVE('',#4908,#4909,#5288,.T.);
#4057=EDGE_CURVE('',#4908,#4910,#5289,.T.);
#4058=EDGE_CURVE('',#4910,#4911,#5290,.T.);
#4059=EDGE_CURVE('',#4911,#4909,#5291,.T.);
#4060=EDGE_CURVE('',#4912,#4913,#5292,.T.);
#4061=EDGE_CURVE('',#4912,#4908,#1042,.T.);
#4062=EDGE_CURVE('',#4909,#4913,#1043,.T.);
#4063=EDGE_CURVE('',#4914,#4915,#5293,.T.);
#4064=EDGE_CURVE('',#4914,#4912,#5294,.T.);
#4065=EDGE_CURVE('',#4913,#4915,#5295,.T.);
#4066=EDGE_CURVE('',#4906,#4914,#1044,.F.);
#4067=EDGE_CURVE('',#4915,#4907,#1045,.F.);
#4068=EDGE_CURVE('',#4916,#4917,#5296,.T.);
#4069=EDGE_CURVE('',#4916,#4462,#1046,.T.);
#4070=EDGE_CURVE('',#4463,#4917,#1047,.T.);
#4071=EDGE_CURVE('',#4918,#4919,#5297,.T.);
#4072=EDGE_CURVE('',#4918,#4916,#5298,.T.);
#4073=EDGE_CURVE('',#4917,#4919,#5299,.T.);
#4074=EDGE_CURVE('',#4920,#4921,#5300,.T.);
#4075=EDGE_CURVE('',#4920,#4918,#1048,.F.);
#4076=EDGE_CURVE('',#4919,#4921,#1049,.F.);
#4077=EDGE_CURVE('',#4922,#4923,#5301,.T.);
#4078=EDGE_CURVE('',#4922,#4920,#5302,.T.);
#4079=EDGE_CURVE('',#4921,#4923,#5303,.T.);
#4080=EDGE_CURVE('',#4924,#4925,#1050,.F.);
#4081=EDGE_CURVE('',#4925,#4926,#5304,.F.);
#4082=EDGE_CURVE('',#4927,#4926,#5305,.T.);
#4083=EDGE_CURVE('',#4927,#4928,#5306,.F.);
#4084=EDGE_CURVE('',#4928,#4929,#1051,.T.);
#4085=EDGE_CURVE('',#4929,#4930,#5307,.F.);
#4086=EDGE_CURVE('',#4930,#4931,#1052,.F.);
#4087=EDGE_CURVE('',#4931,#4896,#5308,.F.);
#4088=EDGE_CURVE('',#4897,#4932,#5309,.F.);
#4089=EDGE_CURVE('',#4932,#4933,#1053,.T.);
#4090=EDGE_CURVE('',#4933,#4924,#5310,.F.);
#4091=EDGE_CURVE('',#4934,#4935,#5311,.F.);
#4092=EDGE_CURVE('',#4935,#4936,#5312,.T.);
#4093=EDGE_CURVE('',#4936,#4937,#1054,.F.);
#4094=EDGE_CURVE('',#4937,#4938,#5313,.T.);
#4095=EDGE_CURVE('',#4938,#4939,#1055,.T.);
#4096=EDGE_CURVE('',#4939,#4899,#5314,.T.);
#4097=EDGE_CURVE('',#4898,#4940,#5315,.T.);
#4098=EDGE_CURVE('',#4940,#4941,#1056,.F.);
#4099=EDGE_CURVE('',#4941,#4942,#5316,.T.);
#4100=EDGE_CURVE('',#4942,#4943,#1057,.T.);
#4101=EDGE_CURVE('',#4943,#4934,#5317,.T.);
#4102=EDGE_CURVE('',#4944,#4945,#5318,.T.);
#4103=EDGE_CURVE('',#4944,#4946,#1058,.F.);
#4104=EDGE_CURVE('',#4946,#4947,#5319,.T.);
#4105=EDGE_CURVE('',#4947,#4945,#1059,.T.);
#4106=EDGE_CURVE('',#4946,#4948,#1060,.F.);
#4107=EDGE_CURVE('',#4948,#4949,#5320,.T.);
#4108=EDGE_CURVE('',#4949,#4947,#1061,.T.);
#4109=EDGE_CURVE('',#4948,#4950,#1062,.F.);
#4110=EDGE_CURVE('',#4950,#4951,#5321,.T.);
#4111=EDGE_CURVE('',#4951,#4949,#1063,.T.);
#4112=EDGE_CURVE('',#4950,#4952,#5322,.F.);
#4113=EDGE_CURVE('',#4952,#4953,#5323,.F.);
#4114=EDGE_CURVE('',#4953,#4951,#5324,.T.);
#4115=EDGE_CURVE('',#4954,#4955,#5325,.F.);
#4116=EDGE_CURVE('',#4955,#4944,#5326,.F.);
#4117=EDGE_CURVE('',#4945,#4954,#5327,.T.);
#4118=EDGE_CURVE('',#4956,#4957,#1064,.F.);
#4119=EDGE_CURVE('',#4957,#4958,#5328,.T.);
#4120=EDGE_CURVE('',#4958,#4959,#5329,.T.);
#4121=EDGE_CURVE('',#4959,#4960,#5330,.T.);
#4122=EDGE_CURVE('',#4960,#4961,#1065,.F.);
#4123=EDGE_CURVE('',#4961,#4956,#1066,.F.);
#4124=EDGE_CURVE('',#4962,#4963,#5331,.T.);
#4125=EDGE_CURVE('',#4963,#4964,#5332,.F.);
#4126=EDGE_CURVE('',#4964,#4965,#1067,.T.);
#4127=EDGE_CURVE('',#4965,#4966,#1068,.T.);
#4128=EDGE_CURVE('',#4966,#4967,#1069,.T.);
#4129=EDGE_CURVE('',#4967,#4962,#5333,.F.);
#4130=EDGE_CURVE('',#4968,#4969,#704,.T.);
#4131=EDGE_CURVE('',#4969,#4970,#1070,.F.);
#4132=EDGE_CURVE('',#4970,#4971,#705,.T.);
#4133=EDGE_CURVE('',#4971,#4968,#1071,.F.);
#4134=EDGE_CURVE('',#4972,#4973,#1072,.F.);
#4135=EDGE_CURVE('',#4973,#4974,#706,.T.);
#4136=EDGE_CURVE('',#4974,#4975,#1073,.F.);
#4137=EDGE_CURVE('',#4975,#4972,#707,.T.);
#4138=EDGE_CURVE('',#4958,#4976,#116,.F.);
#4139=EDGE_CURVE('',#4976,#4977,#5334,.F.);
#4140=EDGE_CURVE('',#4977,#4922,#117,.T.);
#4141=EDGE_CURVE('',#4923,#4978,#118,.T.);
#4142=EDGE_CURVE('',#4978,#4979,#5335,.F.);
#4143=EDGE_CURVE('',#4979,#4959,#119,.F.);
#4144=EDGE_CURVE('',#4980,#4981,#5336,.F.);
#4145=EDGE_CURVE('',#4981,#4955,#120,.T.);
#4146=EDGE_CURVE('',#4954,#4982,#121,.T.);
#4147=EDGE_CURVE('',#4982,#4983,#5337,.F.);
#4148=EDGE_CURVE('',#4983,#4927,#122,.F.);
#4149=EDGE_CURVE('',#4926,#4980,#123,.F.);
#4150=EDGE_CURVE('',#4952,#4984,#124,.T.);
#4151=EDGE_CURVE('',#4984,#4985,#5338,.F.);
#4152=EDGE_CURVE('',#4985,#4935,#125,.F.);
#4153=EDGE_CURVE('',#4934,#4986,#126,.F.);
#4154=EDGE_CURVE('',#4986,#4987,#5339,.F.);
#4155=EDGE_CURVE('',#4987,#4953,#127,.T.);
#4156=EDGE_CURVE('',#4962,#4988,#128,.T.);
#4157=EDGE_CURVE('',#4988,#4989,#5340,.T.);
#4158=EDGE_CURVE('',#4989,#4911,#129,.F.);
#4159=EDGE_CURVE('',#4910,#4990,#130,.F.);
#4160=EDGE_CURVE('',#4990,#4991,#5341,.T.);
#4161=EDGE_CURVE('',#4991,#4963,#131,.T.);
#4162=EDGE_CURVE('',#4777,#4474,#5342,.T.);
#4163=EDGE_CURVE('',#4476,#4776,#5343,.T.);
#4164=EDGE_CURVE('',#4478,#4775,#5344,.T.);
#4165=EDGE_CURVE('',#4778,#4480,#5345,.T.);
#4166=EDGE_CURVE('',#4492,#4772,#5346,.T.);
#4167=EDGE_CURVE('',#4782,#4484,#5347,.T.);
#4168=EDGE_CURVE('',#4703,#4771,#5348,.T.);
#4169=EDGE_CURVE('',#4783,#4702,#5349,.T.);
#4170=EDGE_CURVE('',#4696,#4770,#5350,.T.);
#4171=EDGE_CURVE('',#4784,#4708,#5351,.T.);
#4172=EDGE_CURVE('',#4697,#4768,#5352,.T.);
#4173=EDGE_CURVE('',#4785,#4755,#5353,.T.);
#4174=EDGE_CURVE('',#4698,#4791,#5354,.T.);
#4175=EDGE_CURVE('',#4788,#4701,#5355,.T.);
#4176=EDGE_CURVE('',#4699,#4790,#5356,.T.);
#4177=EDGE_CURVE('',#4789,#4700,#5357,.T.);
#4178=EDGE_CURVE('',#4735,#4468,#5358,.T.);
#4179=EDGE_CURVE('',#4471,#4734,#5359,.T.);
#4180=EDGE_CURVE('',#4472,#4658,#5360,.T.);
#4181=EDGE_CURVE('',#4736,#4467,#5361,.T.);
#4182=EDGE_CURVE('',#4482,#4575,#5362,.T.);
#4183=EDGE_CURVE('',#4661,#4491,#5363,.T.);
#4184=EDGE_CURVE('',#4709,#4733,#5364,.T.);
#4185=EDGE_CURVE('',#4727,#4694,#5365,.T.);
#4186=EDGE_CURVE('',#4704,#4732,#5366,.T.);
#4187=EDGE_CURVE('',#4728,#4693,#5367,.T.);
#4188=EDGE_CURVE('',#4705,#4651,#5368,.T.);
#4189=EDGE_CURVE('',#4663,#4695,#5369,.T.);
#4190=EDGE_CURVE('',#4542,#4731,#5370,.T.);
#4191=EDGE_CURVE('',#4643,#4692,#5371,.T.);
#4192=EDGE_CURVE('',#4543,#4730,#5372,.T.);
#4193=EDGE_CURVE('',#4729,#4544,#5373,.T.);
#4194=EDGE_CURVE('',#4933,#4915,#1074,.T.);
#4195=EDGE_CURVE('',#4932,#4907,#1075,.F.);
#4196=EDGE_CURVE('',#4897,#4904,#708,.T.);
#4197=EDGE_CURVE('',#4924,#4913,#1076,.T.);
#4198=EDGE_CURVE('',#4905,#4899,#709,.F.);
#4199=EDGE_CURVE('',#4925,#4909,#1077,.T.);
#4200=EDGE_CURVE('',#4906,#4939,#1078,.T.);
#4201=EDGE_CURVE('',#4980,#4989,#132,.F.);
#4202=EDGE_CURVE('',#4914,#4938,#1079,.T.);
#4203=EDGE_CURVE('',#4981,#4988,#133,.F.);
#4204=EDGE_CURVE('',#4912,#4937,#1080,.T.);
#4205=EDGE_CURVE('',#4967,#4944,#1081,.F.);
#4206=EDGE_CURVE('',#4908,#4936,#1082,.T.);
#4207=EDGE_CURVE('',#4946,#4966,#1083,.T.);
#4208=EDGE_CURVE('',#4990,#4985,#134,.T.);
#4209=EDGE_CURVE('',#4948,#4965,#1084,.T.);
#4210=EDGE_CURVE('',#4991,#4984,#135,.T.);
#4211=EDGE_CURVE('',#4950,#4964,#1085,.T.);
#4212=EDGE_CURVE('',#4916,#4941,#1086,.T.);
#4213=EDGE_CURVE('',#4918,#4942,#1087,.F.);
#4214=EDGE_CURVE('',#4920,#4943,#1088,.F.);
#4215=EDGE_CURVE('',#4462,#4940,#1089,.T.);
#4216=EDGE_CURVE('',#4464,#4968,#1090,.T.);
#4217=EDGE_CURVE('',#4900,#4464,#710,.T.);
#4218=EDGE_CURVE('',#4969,#4900,#1091,.T.);
#4219=EDGE_CURVE('',#4986,#4977,#136,.F.);
#4220=EDGE_CURVE('',#4901,#4898,#711,.F.);
#4221=EDGE_CURVE('',#4970,#4903,#1092,.F.);
#4222=EDGE_CURVE('',#4465,#4971,#1093,.F.);
#4223=EDGE_CURVE('',#4987,#4976,#137,.F.);
#4224=EDGE_CURVE('',#4896,#4902,#712,.T.);
#4225=EDGE_CURVE('',#4465,#4903,#713,.T.);
#4226=EDGE_CURVE('',#4957,#4951,#1094,.F.);
#4227=EDGE_CURVE('',#4931,#4463,#1095,.F.);
#4228=EDGE_CURVE('',#4956,#4949,#1096,.F.);
#4229=EDGE_CURVE('',#4930,#4917,#1097,.F.);
#4230=EDGE_CURVE('',#4961,#4947,#1098,.F.);
#4231=EDGE_CURVE('',#4929,#4919,#1099,.F.);
#4232=EDGE_CURVE('',#4945,#4960,#1100,.T.);
#4233=EDGE_CURVE('',#4928,#4921,#1101,.F.);
#4234=EDGE_CURVE('',#4982,#4979,#138,.F.);
#4235=EDGE_CURVE('',#4978,#4983,#139,.T.);
#4236=EDGE_CURVE('',#4547,#4759,#714,.T.);
#4237=EDGE_CURVE('',#4760,#4546,#715,.F.);
#4238=EDGE_CURVE('',#4761,#4550,#716,.F.);
#4239=EDGE_CURVE('',#4745,#4758,#717,.T.);
#4240=EDGE_CURVE('',#4762,#4553,#718,.F.);
#4241=EDGE_CURVE('',#4746,#4757,#719,.T.);
#4242=EDGE_CURVE('',#4763,#4753,#720,.F.);
#4243=EDGE_CURVE('',#4748,#4756,#721,.T.);
#4244=EDGE_CURVE('',#4764,#4752,#722,.F.);
#4245=EDGE_CURVE('',#4749,#4767,#723,.T.);
#4246=EDGE_CURVE('',#4765,#4751,#724,.F.);
#4247=EDGE_CURVE('',#4750,#4766,#725,.T.);
#4248=EDGE_CURVE('',#4706,#4975,#1102,.T.);
#4249=EDGE_CURVE('',#4972,#4458,#1103,.T.);
#4250=EDGE_CURVE('',#4973,#4456,#1104,.T.);
#4251=EDGE_CURVE('',#4541,#4974,#1105,.T.);
#4252=EDGE_CURVE('',#4668,#4722,#726,.T.);
#4253=EDGE_CURVE('',#4723,#4667,#727,.F.);
#4254=EDGE_CURVE('',#4724,#4737,#728,.F.);
#4255=EDGE_CURVE('',#4754,#4721,#729,.T.);
#4256=EDGE_CURVE('',#4725,#4738,#730,.F.);
#4257=EDGE_CURVE('',#4743,#4720,#731,.T.);
#4258=EDGE_CURVE('',#4726,#4739,#732,.F.);
#4259=EDGE_CURVE('',#4742,#4719,#733,.T.);
#4260=EDGE_CURVE('',#4715,#4740,#734,.F.);
#4261=EDGE_CURVE('',#4741,#4718,#735,.T.);
#4262=EDGE_CURVE('',#4716,#4672,#736,.F.);
#4263=EDGE_CURVE('',#4671,#4717,#737,.T.);
#4264=EDGE_CURVE('',#4690,#4992,#738,.F.);
#4265=EDGE_CURVE('',#4992,#4993,#5374,.T.);
#4266=EDGE_CURVE('',#4993,#4691,#739,.T.);
#4267=EDGE_CURVE('',#4994,#4995,#5375,.T.);
#4268=EDGE_CURVE('',#4994,#4566,#740,.T.);
#4269=EDGE_CURVE('',#4565,#4995,#741,.F.);
#4270=EDGE_CURVE('',#4996,#4995,#742,.T.);
#4271=EDGE_CURVE('',#4997,#4996,#5376,.F.);
#4272=EDGE_CURVE('',#4994,#4997,#743,.T.);
#4273=EDGE_CURVE('',#4997,#4567,#744,.T.);
#4274=EDGE_CURVE('',#4568,#4996,#745,.T.);
#4275=EDGE_CURVE('',#4992,#4998,#746,.T.);
#4276=EDGE_CURVE('',#4999,#4998,#5377,.F.);
#4277=EDGE_CURVE('',#4993,#4999,#747,.T.);
#4278=EDGE_CURVE('',#4999,#4688,#748,.T.);
#4279=EDGE_CURVE('',#4998,#4689,#749,.T.);
#4280=EDGE_CURVE('',#5000,#5001,#1106,.T.);
#4281=EDGE_CURVE('',#5001,#5000,#1107,.T.);
#4282=EDGE_CURVE('',#5002,#5002,#1108,.F.);
#4283=EDGE_CURVE('',#5003,#5004,#1109,.F.);
#4284=EDGE_CURVE('',#5003,#5005,#5378,.F.);
#4285=EDGE_CURVE('',#5006,#5005,#1110,.T.);
#4286=EDGE_CURVE('',#5006,#5004,#5379,.T.);
#4287=EDGE_CURVE('',#5007,#5008,#1111,.F.);
#4288=EDGE_CURVE('',#5007,#5009,#5380,.T.);
#4289=EDGE_CURVE('',#5010,#5009,#1112,.T.);
#4290=EDGE_CURVE('',#5010,#5008,#5381,.F.);
#4291=EDGE_CURVE('',#5011,#5011,#1113,.T.);
#4292=EDGE_CURVE('',#5012,#5012,#1114,.F.);
#4293=EDGE_CURVE('',#5013,#5014,#1115,.T.);
#4294=EDGE_CURVE('',#5014,#5015,#5382,.F.);
#4295=EDGE_CURVE('',#5016,#5015,#1116,.T.);
#4296=EDGE_CURVE('',#5016,#5013,#5383,.T.);
#4297=EDGE_CURVE('',#5015,#5017,#750,.T.);
#4298=EDGE_CURVE('',#5017,#5018,#1117,.T.);
#4299=EDGE_CURVE('',#5018,#5016,#751,.T.);
#4300=EDGE_CURVE('',#5019,#5019,#1118,.T.);
#4301=EDGE_CURVE('',#5018,#5017,#1119,.T.);
#4302=EDGE_CURVE('',#5013,#5020,#752,.F.);
#4303=EDGE_CURVE('',#5021,#5020,#1120,.T.);
#4304=EDGE_CURVE('',#5021,#5014,#753,.F.);
#4305=EDGE_CURVE('',#5020,#5010,#754,.F.);
#4306=EDGE_CURVE('',#5008,#5018,#755,.T.);
#4307=EDGE_CURVE('',#5020,#5021,#1121,.T.);
#4308=EDGE_CURVE('',#5009,#5021,#756,.F.);
#4309=EDGE_CURVE('',#5017,#5007,#757,.T.);
#4310=EDGE_CURVE('',#5022,#5023,#1122,.T.);
#4311=EDGE_CURVE('',#5023,#5024,#5384,.T.);
#4312=EDGE_CURVE('',#5025,#5024,#1123,.T.);
#4313=EDGE_CURVE('',#5025,#5022,#5385,.F.);
#4314=EDGE_CURVE('',#5022,#5001,#758,.F.);
#4315=EDGE_CURVE('',#5000,#5023,#759,.F.);
#4316=EDGE_CURVE('',#5024,#5026,#760,.T.);
#4317=EDGE_CURVE('',#5026,#5027,#1124,.T.);
#4318=EDGE_CURVE('',#5027,#5025,#761,.T.);
#4319=EDGE_CURVE('',#5027,#5026,#1125,.T.);
#4320=EDGE_CURVE('',#5003,#5026,#762,.F.);
#4321=EDGE_CURVE('',#5000,#5005,#763,.T.);
#4322=EDGE_CURVE('',#5006,#5001,#764,.T.);
#4323=EDGE_CURVE('',#5027,#5004,#765,.F.);
#4324=EDGE_CURVE('',#5028,#5029,#1126,.T.);
#4325=EDGE_CURVE('',#5029,#5028,#1127,.T.);
#4326=EDGE_CURVE('',#5030,#5030,#1128,.F.);
#4327=EDGE_CURVE('',#5031,#5032,#1129,.F.);
#4328=EDGE_CURVE('',#5031,#5033,#5386,.F.);
#4329=EDGE_CURVE('',#5034,#5033,#1130,.T.);
#4330=EDGE_CURVE('',#5034,#5032,#5387,.T.);
#4331=EDGE_CURVE('',#5035,#5036,#1131,.F.);
#4332=EDGE_CURVE('',#5035,#5037,#5388,.T.);
#4333=EDGE_CURVE('',#5038,#5037,#1132,.T.);
#4334=EDGE_CURVE('',#5038,#5036,#5389,.F.);
#4335=EDGE_CURVE('',#5039,#5039,#1133,.T.);
#4336=EDGE_CURVE('',#5040,#5040,#1134,.F.);
#4337=EDGE_CURVE('',#5041,#5042,#1135,.T.);
#4338=EDGE_CURVE('',#5042,#5043,#766,.T.);
#4339=EDGE_CURVE('',#5043,#5044,#1136,.T.);
#4340=EDGE_CURVE('',#5044,#5041,#767,.T.);
#4341=EDGE_CURVE('',#5045,#5046,#1137,.T.);
#4342=EDGE_CURVE('',#5046,#5042,#5390,.F.);
#4343=EDGE_CURVE('',#5041,#5045,#5391,.T.);
#4344=EDGE_CURVE('',#5044,#5043,#1138,.T.);
#4345=EDGE_CURVE('',#5047,#5047,#1139,.T.);
#4346=EDGE_CURVE('',#5045,#5048,#768,.F.);
#4347=EDGE_CURVE('',#5049,#5048,#1140,.T.);
#4348=EDGE_CURVE('',#5049,#5046,#769,.F.);
#4349=EDGE_CURVE('',#5036,#5044,#770,.T.);
#4350=EDGE_CURVE('',#5048,#5038,#771,.F.);
#4351=EDGE_CURVE('',#5048,#5049,#1141,.T.);
#4352=EDGE_CURVE('',#5037,#5049,#772,.F.);
#4353=EDGE_CURVE('',#5043,#5035,#773,.T.);
#4354=EDGE_CURVE('',#5050,#5051,#1142,.T.);
#4355=EDGE_CURVE('',#5051,#5052,#5392,.T.);
#4356=EDGE_CURVE('',#5053,#5052,#1143,.T.);
#4357=EDGE_CURVE('',#5053,#5050,#5393,.F.);
#4358=EDGE_CURVE('',#5050,#5029,#774,.F.);
#4359=EDGE_CURVE('',#5028,#5051,#775,.F.);
#4360=EDGE_CURVE('',#5052,#5054,#776,.T.);
#4361=EDGE_CURVE('',#5054,#5055,#1144,.T.);
#4362=EDGE_CURVE('',#5055,#5053,#777,.T.);
#4363=EDGE_CURVE('',#5055,#5054,#1145,.T.);
#4364=EDGE_CURVE('',#5031,#5054,#778,.F.);
#4365=EDGE_CURVE('',#5028,#5033,#779,.T.);
#4366=EDGE_CURVE('',#5034,#5029,#780,.T.);
#4367=EDGE_CURVE('',#5055,#5032,#781,.F.);
#4368=EDGE_CURVE('',#5056,#5057,#1146,.T.);
#4369=EDGE_CURVE('',#5057,#5056,#1147,.T.);
#4370=EDGE_CURVE('',#5058,#5058,#1148,.F.);
#4371=EDGE_CURVE('',#5059,#5060,#1149,.F.);
#4372=EDGE_CURVE('',#5059,#5061,#5394,.F.);
#4373=EDGE_CURVE('',#5062,#5061,#1150,.T.);
#4374=EDGE_CURVE('',#5062,#5060,#5395,.T.);
#4375=EDGE_CURVE('',#5063,#5064,#1151,.F.);
#4376=EDGE_CURVE('',#5063,#5065,#5396,.T.);
#4377=EDGE_CURVE('',#5066,#5065,#1152,.T.);
#4378=EDGE_CURVE('',#5066,#5064,#5397,.F.);
#4379=EDGE_CURVE('',#5067,#5067,#1153,.T.);
#4380=EDGE_CURVE('',#5068,#5068,#1154,.F.);
#4381=EDGE_CURVE('',#5069,#5070,#1155,.T.);
#4382=EDGE_CURVE('',#5070,#5071,#782,.T.);
#4383=EDGE_CURVE('',#5071,#5072,#1156,.T.);
#4384=EDGE_CURVE('',#5072,#5069,#783,.T.);
#4385=EDGE_CURVE('',#5073,#5074,#1157,.T.);
#4386=EDGE_CURVE('',#5074,#5070,#5398,.F.);
#4387=EDGE_CURVE('',#5069,#5073,#5399,.T.);
#4388=EDGE_CURVE('',#5072,#5071,#1158,.T.);
#4389=EDGE_CURVE('',#5075,#5075,#1159,.T.);
#4390=EDGE_CURVE('',#5073,#5076,#784,.F.);
#4391=EDGE_CURVE('',#5077,#5076,#1160,.T.);
#4392=EDGE_CURVE('',#5077,#5074,#785,.F.);
#4393=EDGE_CURVE('',#5064,#5072,#786,.T.);
#4394=EDGE_CURVE('',#5076,#5066,#787,.F.);
#4395=EDGE_CURVE('',#5076,#5077,#1161,.T.);
#4396=EDGE_CURVE('',#5065,#5077,#788,.F.);
#4397=EDGE_CURVE('',#5071,#5063,#789,.T.);
#4398=EDGE_CURVE('',#5078,#5079,#1162,.T.);
#4399=EDGE_CURVE('',#5079,#5080,#5400,.T.);
#4400=EDGE_CURVE('',#5081,#5080,#1163,.T.);
#4401=EDGE_CURVE('',#5081,#5078,#5401,.F.);
#4402=EDGE_CURVE('',#5078,#5057,#790,.F.);
#4403=EDGE_CURVE('',#5056,#5079,#791,.F.);
#4404=EDGE_CURVE('',#5080,#5082,#792,.T.);
#4405=EDGE_CURVE('',#5082,#5083,#1164,.T.);
#4406=EDGE_CURVE('',#5083,#5081,#793,.T.);
#4407=EDGE_CURVE('',#5083,#5082,#1165,.T.);
#4408=EDGE_CURVE('',#5059,#5082,#794,.F.);
#4409=EDGE_CURVE('',#5056,#5061,#795,.T.);
#4410=EDGE_CURVE('',#5062,#5057,#796,.T.);
#4411=EDGE_CURVE('',#5083,#5060,#797,.F.);
#4412=EDGE_CURVE('',#5084,#5085,#1166,.T.);
#4413=EDGE_CURVE('',#5085,#5084,#1167,.T.);
#4414=EDGE_CURVE('',#5086,#5086,#1168,.F.);
#4415=EDGE_CURVE('',#5087,#5088,#1169,.F.);
#4416=EDGE_CURVE('',#5087,#5089,#5402,.F.);
#4417=EDGE_CURVE('',#5090,#5089,#1170,.T.);
#4418=EDGE_CURVE('',#5090,#5088,#5403,.T.);
#4419=EDGE_CURVE('',#5091,#5092,#1171,.F.);
#4420=EDGE_CURVE('',#5091,#5093,#5404,.T.);
#4421=EDGE_CURVE('',#5094,#5093,#1172,.T.);
#4422=EDGE_CURVE('',#5094,#5092,#5405,.F.);
#4423=EDGE_CURVE('',#5095,#5095,#1173,.T.);
#4424=EDGE_CURVE('',#5096,#5096,#1174,.F.);
#4425=EDGE_CURVE('',#5097,#5098,#1175,.T.);
#4426=EDGE_CURVE('',#5098,#5099,#798,.T.);
#4427=EDGE_CURVE('',#5099,#5100,#1176,.T.);
#4428=EDGE_CURVE('',#5100,#5097,#799,.T.);
#4429=EDGE_CURVE('',#5101,#5102,#1177,.T.);
#4430=EDGE_CURVE('',#5102,#5098,#5406,.F.);
#4431=EDGE_CURVE('',#5097,#5101,#5407,.T.);
#4432=EDGE_CURVE('',#5100,#5099,#1178,.T.);
#4433=EDGE_CURVE('',#5103,#5103,#1179,.T.);
#4434=EDGE_CURVE('',#5101,#5104,#800,.F.);
#4435=EDGE_CURVE('',#5105,#5104,#1180,.T.);
#4436=EDGE_CURVE('',#5105,#5102,#801,.F.);
#4437=EDGE_CURVE('',#5092,#5100,#802,.T.);
#4438=EDGE_CURVE('',#5104,#5094,#803,.F.);
#4439=EDGE_CURVE('',#5104,#5105,#1181,.T.);
#4440=EDGE_CURVE('',#5093,#5105,#804,.F.);
#4441=EDGE_CURVE('',#5099,#5091,#805,.T.);
#4442=EDGE_CURVE('',#5106,#5107,#1182,.T.);
#4443=EDGE_CURVE('',#5107,#5108,#5408,.T.);
#4444=EDGE_CURVE('',#5109,#5108,#1183,.T.);
#4445=EDGE_CURVE('',#5109,#5106,#5409,.F.);
#4446=EDGE_CURVE('',#5106,#5085,#806,.F.);
#4447=EDGE_CURVE('',#5084,#5107,#807,.F.);
#4448=EDGE_CURVE('',#5108,#5110,#808,.T.);
#4449=EDGE_CURVE('',#5110,#5111,#1184,.T.);
#4450=EDGE_CURVE('',#5111,#5109,#809,.T.);
#4451=EDGE_CURVE('',#5111,#5110,#1185,.T.);
#4452=EDGE_CURVE('',#5087,#5110,#810,.F.);
#4453=EDGE_CURVE('',#5084,#5089,#811,.T.);
#4454=EDGE_CURVE('',#5090,#5085,#812,.T.);
#4455=EDGE_CURVE('',#5111,#5088,#813,.F.);
#4456=VERTEX_POINT('',#10298);
#4457=VERTEX_POINT('',#10299);
#4458=VERTEX_POINT('',#10301);
#4459=VERTEX_POINT('',#10303);
#4460=VERTEX_POINT('',#10305);
#4461=VERTEX_POINT('',#10310);
#4462=VERTEX_POINT('',#10314);
#4463=VERTEX_POINT('',#10315);
#4464=VERTEX_POINT('',#10317);
#4465=VERTEX_POINT('',#10319);
#4466=VERTEX_POINT('',#10323);
#4467=VERTEX_POINT('',#10324);
#4468=VERTEX_POINT('',#10326);
#4469=VERTEX_POINT('',#10328);
#4470=VERTEX_POINT('',#10335);
#4471=VERTEX_POINT('',#10336);
#4472=VERTEX_POINT('',#10338);
#4473=VERTEX_POINT('',#10340);
#4474=VERTEX_POINT('',#10353);
#4475=VERTEX_POINT('',#10354);
#4476=VERTEX_POINT('',#10356);
#4477=VERTEX_POINT('',#10358);
#4478=VERTEX_POINT('',#10365);
#4479=VERTEX_POINT('',#10367);
#4480=VERTEX_POINT('',#10374);
#4481=VERTEX_POINT('',#10375);
#4482=VERTEX_POINT('',#10383);
#4483=VERTEX_POINT('',#10385);
#4484=VERTEX_POINT('',#10395);
#4485=VERTEX_POINT('',#10396);
#4486=VERTEX_POINT('',#10413);
#4487=VERTEX_POINT('',#10414);
#4488=VERTEX_POINT('',#10416);
#4489=VERTEX_POINT('',#10424);
#4490=VERTEX_POINT('',#10428);
#4491=VERTEX_POINT('',#10429);
#4492=VERTEX_POINT('',#10440);
#4493=VERTEX_POINT('',#10442);
#4494=VERTEX_POINT('',#10458);
#4495=VERTEX_POINT('',#10459);
#4496=VERTEX_POINT('',#10461);
#4497=VERTEX_POINT('',#10469);
#4498=VERTEX_POINT('',#11047);
#4499=VERTEX_POINT('',#11052);
#4500=VERTEX_POINT('',#11057);
#4501=VERTEX_POINT('',#11065);
#4502=VERTEX_POINT('',#11070);
#4503=VERTEX_POINT('',#11075);
#4504=VERTEX_POINT('',#11080);
#4505=VERTEX_POINT('',#11088);
#4506=VERTEX_POINT('',#11093);
#4507=VERTEX_POINT('',#11098);
#4508=VERTEX_POINT('',#11107);
#4509=VERTEX_POINT('',#11112);
#4510=VERTEX_POINT('',#11121);
#4511=VERTEX_POINT('',#11126);
#4512=VERTEX_POINT('',#11131);
#4513=VERTEX_POINT('',#11139);
#4514=VERTEX_POINT('',#11144);
#4515=VERTEX_POINT('',#11149);
#4516=VERTEX_POINT('',#11154);
#4517=VERTEX_POINT('',#11162);
#4518=VERTEX_POINT('',#11167);
#4519=VERTEX_POINT('',#11172);
#4520=VERTEX_POINT('',#11757);
#4521=VERTEX_POINT('',#11762);
#4522=VERTEX_POINT('',#11767);
#4523=VERTEX_POINT('',#11775);
#4524=VERTEX_POINT('',#11780);
#4525=VERTEX_POINT('',#11785);
#4526=VERTEX_POINT('',#11790);
#4527=VERTEX_POINT('',#11798);
#4528=VERTEX_POINT('',#11803);
#4529=VERTEX_POINT('',#11808);
#4530=VERTEX_POINT('',#11821);
#4531=VERTEX_POINT('',#11826);
#4532=VERTEX_POINT('',#11831);
#4533=VERTEX_POINT('',#11839);
#4534=VERTEX_POINT('',#11844);
#4535=VERTEX_POINT('',#11849);
#4536=VERTEX_POINT('',#11854);
#4537=VERTEX_POINT('',#11862);
#4538=VERTEX_POINT('',#11867);
#4539=VERTEX_POINT('',#11872);
#4540=VERTEX_POINT('',#11879);
#4541=VERTEX_POINT('',#11880);
#4542=VERTEX_POINT('',#11888);
#4543=VERTEX_POINT('',#11890);
#4544=VERTEX_POINT('',#11894);
#4545=VERTEX_POINT('',#11901);
#4546=VERTEX_POINT('',#11902);
#4547=VERTEX_POINT('',#11904);
#4548=VERTEX_POINT('',#11906);
#4549=VERTEX_POINT('',#11910);
#4550=VERTEX_POINT('',#11911);
#4551=VERTEX_POINT('',#11917);
#4552=VERTEX_POINT('',#11924);
#4553=VERTEX_POINT('',#11925);
#4554=VERTEX_POINT('',#11930);
#4555=VERTEX_POINT('',#11937);
#4556=VERTEX_POINT('',#11944);
#4557=VERTEX_POINT('',#11945);
#4558=VERTEX_POINT('',#11951);
#4559=VERTEX_POINT('',#11958);
#4560=VERTEX_POINT('',#11959);
#4561=VERTEX_POINT('',#11965);
#4562=VERTEX_POINT('',#11972);
#4563=VERTEX_POINT('',#11973);
#4564=VERTEX_POINT('',#11979);
#4565=VERTEX_POINT('',#11986);
#4566=VERTEX_POINT('',#11987);
#4567=VERTEX_POINT('',#11993);
#4568=VERTEX_POINT('',#11995);
#4569=VERTEX_POINT('',#12007);
#4570=VERTEX_POINT('',#12008);
#4571=VERTEX_POINT('',#12013);
#4572=VERTEX_POINT('',#12020);
#4573=VERTEX_POINT('',#12021);
#4574=VERTEX_POINT('',#12026);
#4575=VERTEX_POINT('',#12028);
#4576=VERTEX_POINT('',#12032);
#4577=VERTEX_POINT('',#12033);
#4578=VERTEX_POINT('',#12038);
#4579=VERTEX_POINT('',#12043);
#4580=VERTEX_POINT('',#12045);
#4581=VERTEX_POINT('',#12050);
#4582=VERTEX_POINT('',#12057);
#4583=VERTEX_POINT('',#12058);
#4584=VERTEX_POINT('',#12060);
#4585=VERTEX_POINT('',#12062);
#4586=VERTEX_POINT('',#12064);
#4587=VERTEX_POINT('',#12066);
#4588=VERTEX_POINT('',#12073);
#4589=VERTEX_POINT('',#12083);
#4590=VERTEX_POINT('',#12093);
#4591=VERTEX_POINT('',#12100);
#4592=VERTEX_POINT('',#12106);
#4593=VERTEX_POINT('',#12113);
#4594=VERTEX_POINT('',#12114);
#4595=VERTEX_POINT('',#12119);
#4596=VERTEX_POINT('',#12130);
#4597=VERTEX_POINT('',#12131);
#4598=VERTEX_POINT('',#12136);
#4599=VERTEX_POINT('',#12141);
#4600=VERTEX_POINT('',#12149);
#4601=VERTEX_POINT('',#12150);
#4602=VERTEX_POINT('',#12152);
#4603=VERTEX_POINT('',#12154);
#4604=VERTEX_POINT('',#12156);
#4605=VERTEX_POINT('',#12158);
#4606=VERTEX_POINT('',#12165);
#4607=VERTEX_POINT('',#12175);
#4608=VERTEX_POINT('',#12185);
#4609=VERTEX_POINT('',#12192);
#4610=VERTEX_POINT('',#12198);
#4611=VERTEX_POINT('',#12205);
#4612=VERTEX_POINT('',#12206);
#4613=VERTEX_POINT('',#12211);
#4614=VERTEX_POINT('',#12222);
#4615=VERTEX_POINT('',#12227);
#4616=VERTEX_POINT('',#12238);
#4617=VERTEX_POINT('',#12239);
#4618=VERTEX_POINT('',#12244);
#4619=VERTEX_POINT('',#12249);
#4620=VERTEX_POINT('',#12257);
#4621=VERTEX_POINT('',#12258);
#4622=VERTEX_POINT('',#12260);
#4623=VERTEX_POINT('',#12262);
#4624=VERTEX_POINT('',#12264);
#4625=VERTEX_POINT('',#12266);
#4626=VERTEX_POINT('',#12273);
#4627=VERTEX_POINT('',#12283);
#4628=VERTEX_POINT('',#12293);
#4629=VERTEX_POINT('',#12300);
#4630=VERTEX_POINT('',#12305);
#4631=VERTEX_POINT('',#12310);
#4632=VERTEX_POINT('',#12312);
#4633=VERTEX_POINT('',#12319);
#4634=VERTEX_POINT('',#12320);
#4635=VERTEX_POINT('',#12325);
#4636=VERTEX_POINT('',#12336);
#4637=VERTEX_POINT('',#12341);
#4638=VERTEX_POINT('',#12352);
#4639=VERTEX_POINT('',#12353);
#4640=VERTEX_POINT('',#12358);
#4641=VERTEX_POINT('',#12363);
#4642=VERTEX_POINT('',#12374);
#4643=VERTEX_POINT('',#12376);
#4644=VERTEX_POINT('',#12380);
#4645=VERTEX_POINT('',#12387);
#4646=VERTEX_POINT('',#12388);
#4647=VERTEX_POINT('',#12393);
#4648=VERTEX_POINT('',#12403);
#4649=VERTEX_POINT('',#12408);
#4650=VERTEX_POINT('',#12412);
#4651=VERTEX_POINT('',#12419);
#4652=VERTEX_POINT('',#12424);
#4653=VERTEX_POINT('',#12431);
#4654=VERTEX_POINT('',#12432);
#4655=VERTEX_POINT('',#12437);
#4656=VERTEX_POINT('',#12444);
#4657=VERTEX_POINT('',#12445);
#4658=VERTEX_POINT('',#12447);
#4659=VERTEX_POINT('',#12449);
#4660=VERTEX_POINT('',#12467);
#4661=VERTEX_POINT('',#12477);
#4662=VERTEX_POINT('',#12484);
#4663=VERTEX_POINT('',#12486);
#4664=VERTEX_POINT('',#12501);
#4665=VERTEX_POINT('',#12502);
#4666=VERTEX_POINT('',#12510);
#4667=VERTEX_POINT('',#12511);
#4668=VERTEX_POINT('',#12513);
#4669=VERTEX_POINT('',#12515);
#4670=VERTEX_POINT('',#12519);
#4671=VERTEX_POINT('',#12520);
#4672=VERTEX_POINT('',#12522);
#4673=VERTEX_POINT('',#12524);
#4674=VERTEX_POINT('',#12531);
#4675=VERTEX_POINT('',#12532);
#4676=VERTEX_POINT('',#12534);
#4677=VERTEX_POINT('',#12539);
#4678=VERTEX_POINT('',#12550);
#4679=VERTEX_POINT('',#12557);
#4680=VERTEX_POINT('',#12558);
#4681=VERTEX_POINT('',#12560);
#4682=VERTEX_POINT('',#12565);
#4683=VERTEX_POINT('',#12572);
#4684=VERTEX_POINT('',#12578);
#4685=VERTEX_POINT('',#12585);
#4686=VERTEX_POINT('',#12586);
#4687=VERTEX_POINT('',#12588);
#4688=VERTEX_POINT('',#12606);
#4689=VERTEX_POINT('',#12607);
#4690=VERTEX_POINT('',#12613);
#4691=VERTEX_POINT('',#12615);
#4692=VERTEX_POINT('',#12627);
#4693=VERTEX_POINT('',#12631);
#4694=VERTEX_POINT('',#12633);
#4695=VERTEX_POINT('',#12637);
#4696=VERTEX_POINT('',#12644);
#4697=VERTEX_POINT('',#12646);
#4698=VERTEX_POINT('',#12650);
#4699=VERTEX_POINT('',#12652);
#4700=VERTEX_POINT('',#12656);
#4701=VERTEX_POINT('',#12660);
#4702=VERTEX_POINT('',#12664);
#4703=VERTEX_POINT('',#12668);
#4704=VERTEX_POINT('',#12679);
#4705=VERTEX_POINT('',#12681);
#4706=VERTEX_POINT('',#12688);
#4707=VERTEX_POINT('',#12690);
#4708=VERTEX_POINT('',#12699);
#4709=VERTEX_POINT('',#12703);
#4710=VERTEX_POINT('',#12707);
#4711=VERTEX_POINT('',#12708);
#4712=VERTEX_POINT('',#12720);
#4713=VERTEX_POINT('',#12730);
#4714=VERTEX_POINT('',#12732);
#4715=VERTEX_POINT('',#12799);
#4716=VERTEX_POINT('',#12800);
#4717=VERTEX_POINT('',#12802);
#4718=VERTEX_POINT('',#12804);
#4719=VERTEX_POINT('',#12806);
#4720=VERTEX_POINT('',#12808);
#4721=VERTEX_POINT('',#12810);
#4722=VERTEX_POINT('',#12812);
#4723=VERTEX_POINT('',#12814);
#4724=VERTEX_POINT('',#12816);
#4725=VERTEX_POINT('',#12818);
#4726=VERTEX_POINT('',#12820);
#4727=VERTEX_POINT('',#12823);
#4728=VERTEX_POINT('',#12824);
#4729=VERTEX_POINT('',#12828);
#4730=VERTEX_POINT('',#12830);
#4731=VERTEX_POINT('',#12832);
#4732=VERTEX_POINT('',#12835);
#4733=VERTEX_POINT('',#12837);
#4734=VERTEX_POINT('',#12841);
#4735=VERTEX_POINT('',#12843);
#4736=VERTEX_POINT('',#12845);
#4737=VERTEX_POINT('',#12852);
#4738=VERTEX_POINT('',#12856);
#4739=VERTEX_POINT('',#12860);
#4740=VERTEX_POINT('',#12864);
#4741=VERTEX_POINT('',#12870);
#4742=VERTEX_POINT('',#12874);
#4743=VERTEX_POINT('',#12878);
#4744=VERTEX_POINT('',#12882);
#4745=VERTEX_POINT('',#12883);
#4746=VERTEX_POINT('',#12885);
#4747=VERTEX_POINT('',#12887);
#4748=VERTEX_POINT('',#12891);
#4749=VERTEX_POINT('',#12899);
#4750=VERTEX_POINT('',#12903);
#4751=VERTEX_POINT('',#12907);
#4752=VERTEX_POINT('',#12911);
#4753=VERTEX_POINT('',#12915);
#4754=VERTEX_POINT('',#12928);
#4755=VERTEX_POINT('',#12936);
#4756=VERTEX_POINT('',#12991);
#4757=VERTEX_POINT('',#12992);
#4758=VERTEX_POINT('',#12994);
#4759=VERTEX_POINT('',#12996);
#4760=VERTEX_POINT('',#12998);
#4761=VERTEX_POINT('',#13000);
#4762=VERTEX_POINT('',#13002);
#4763=VERTEX_POINT('',#13004);
#4764=VERTEX_POINT('',#13006);
#4765=VERTEX_POINT('',#13008);
#4766=VERTEX_POINT('',#13010);
#4767=VERTEX_POINT('',#13012);
#4768=VERTEX_POINT('',#13015);
#4769=VERTEX_POINT('',#13016);
#4770=VERTEX_POINT('',#13018);
#4771=VERTEX_POINT('',#13020);
#4772=VERTEX_POINT('',#13022);
#4773=VERTEX_POINT('',#13024);
#4774=VERTEX_POINT('',#13026);
#4775=VERTEX_POINT('',#13028);
#4776=VERTEX_POINT('',#13030);
#4777=VERTEX_POINT('',#13032);
#4778=VERTEX_POINT('',#13034);
#4779=VERTEX_POINT('',#13036);
#4780=VERTEX_POINT('',#13038);
#4781=VERTEX_POINT('',#13040);
#4782=VERTEX_POINT('',#13042);
#4783=VERTEX_POINT('',#13044);
#4784=VERTEX_POINT('',#13046);
#4785=VERTEX_POINT('',#13048);
#4786=VERTEX_POINT('',#13050);
#4787=VERTEX_POINT('',#13052);
#4788=VERTEX_POINT('',#13054);
#4789=VERTEX_POINT('',#13056);
#4790=VERTEX_POINT('',#13058);
#4791=VERTEX_POINT('',#13060);
#4792=VERTEX_POINT('',#13062);
#4793=VERTEX_POINT('',#13064);
#4794=VERTEX_POINT('',#13068);
#4795=VERTEX_POINT('',#13071);
#4796=VERTEX_POINT('',#13074);
#4797=VERTEX_POINT('',#13077);
#4798=VERTEX_POINT('',#13079);
#4799=VERTEX_POINT('',#13080);
#4800=VERTEX_POINT('',#13082);
#4801=VERTEX_POINT('',#13084);
#4802=VERTEX_POINT('',#13086);
#4803=VERTEX_POINT('',#13088);
#4804=VERTEX_POINT('',#13095);
#4805=VERTEX_POINT('',#13105);
#4806=VERTEX_POINT('',#13115);
#4807=VERTEX_POINT('',#13125);
#4808=VERTEX_POINT('',#13135);
#4809=VERTEX_POINT('',#13145);
#4810=VERTEX_POINT('',#13152);
#4811=VERTEX_POINT('',#13157);
#4812=VERTEX_POINT('',#13162);
#4813=VERTEX_POINT('',#13166);
#4814=VERTEX_POINT('',#13176);
#4815=VERTEX_POINT('',#13180);
#4816=VERTEX_POINT('',#13185);
#4817=VERTEX_POINT('',#13203);
#4818=VERTEX_POINT('',#13215);
#4819=VERTEX_POINT('',#13231);
#4820=VERTEX_POINT('',#13234);
#4821=VERTEX_POINT('',#13237);
#4822=VERTEX_POINT('',#13240);
#4823=VERTEX_POINT('',#13242);
#4824=VERTEX_POINT('',#13243);
#4825=VERTEX_POINT('',#13245);
#4826=VERTEX_POINT('',#13247);
#4827=VERTEX_POINT('',#13249);
#4828=VERTEX_POINT('',#13251);
#4829=VERTEX_POINT('',#13258);
#4830=VERTEX_POINT('',#13268);
#4831=VERTEX_POINT('',#13278);
#4832=VERTEX_POINT('',#13288);
#4833=VERTEX_POINT('',#13298);
#4834=VERTEX_POINT('',#13308);
#4835=VERTEX_POINT('',#13315);
#4836=VERTEX_POINT('',#13320);
#4837=VERTEX_POINT('',#13325);
#4838=VERTEX_POINT('',#13329);
#4839=VERTEX_POINT('',#13339);
#4840=VERTEX_POINT('',#13346);
#4841=VERTEX_POINT('',#13364);
#4842=VERTEX_POINT('',#13368);
#4843=VERTEX_POINT('',#13378);
#4844=VERTEX_POINT('',#13385);
#4845=VERTEX_POINT('',#13396);
#4846=VERTEX_POINT('',#13399);
#4847=VERTEX_POINT('',#13402);
#4848=VERTEX_POINT('',#13405);
#4849=VERTEX_POINT('',#13407);
#4850=VERTEX_POINT('',#13408);
#4851=VERTEX_POINT('',#13410);
#4852=VERTEX_POINT('',#13412);
#4853=VERTEX_POINT('',#13414);
#4854=VERTEX_POINT('',#13416);
#4855=VERTEX_POINT('',#13423);
#4856=VERTEX_POINT('',#13433);
#4857=VERTEX_POINT('',#13443);
#4858=VERTEX_POINT('',#13453);
#4859=VERTEX_POINT('',#13463);
#4860=VERTEX_POINT('',#13473);
#4861=VERTEX_POINT('',#13480);
#4862=VERTEX_POINT('',#13489);
#4863=VERTEX_POINT('',#13493);
#4864=VERTEX_POINT('',#13494);
#4865=VERTEX_POINT('',#13499);
#4866=VERTEX_POINT('',#13510);
#4867=VERTEX_POINT('',#13517);
#4868=VERTEX_POINT('',#13528);
#4869=VERTEX_POINT('',#13543);
#4870=VERTEX_POINT('',#13559);
#4871=VERTEX_POINT('',#13562);
#4872=VERTEX_POINT('',#13565);
#4873=VERTEX_POINT('',#13568);
#4874=VERTEX_POINT('',#13570);
#4875=VERTEX_POINT('',#13571);
#4876=VERTEX_POINT('',#13573);
#4877=VERTEX_POINT('',#13575);
#4878=VERTEX_POINT('',#13577);
#4879=VERTEX_POINT('',#13579);
#4880=VERTEX_POINT('',#13586);
#4881=VERTEX_POINT('',#13596);
#4882=VERTEX_POINT('',#13606);
#4883=VERTEX_POINT('',#13616);
#4884=VERTEX_POINT('',#13626);
#4885=VERTEX_POINT('',#13636);
#4886=VERTEX_POINT('',#13643);
#4887=VERTEX_POINT('',#13652);
#4888=VERTEX_POINT('',#13656);
#4889=VERTEX_POINT('',#13657);
#4890=VERTEX_POINT('',#13662);
#4891=VERTEX_POINT('',#13673);
#4892=VERTEX_POINT('',#13689);
#4893=VERTEX_POINT('',#13696);
#4894=VERTEX_POINT('',#13706);
#4895=VERTEX_POINT('',#13710);
#4896=VERTEX_POINT('',#13724);
#4897=VERTEX_POINT('',#13725);
#4898=VERTEX_POINT('',#13727);
#4899=VERTEX_POINT('',#13729);
#4900=VERTEX_POINT('',#13733);
#4901=VERTEX_POINT('',#13734);
#4902=VERTEX_POINT('',#13736);
#4903=VERTEX_POINT('',#13738);
#4904=VERTEX_POINT('',#13742);
#4905=VERTEX_POINT('',#13743);
#4906=VERTEX_POINT('',#13745);
#4907=VERTEX_POINT('',#13747);
#4908=VERTEX_POINT('',#13751);
#4909=VERTEX_POINT('',#13752);
#4910=VERTEX_POINT('',#13754);
#4911=VERTEX_POINT('',#13756);
#4912=VERTEX_POINT('',#13760);
#4913=VERTEX_POINT('',#13761);
#4914=VERTEX_POINT('',#13766);
#4915=VERTEX_POINT('',#13767);
#4916=VERTEX_POINT('',#13775);
#4917=VERTEX_POINT('',#13776);
#4918=VERTEX_POINT('',#13781);
#4919=VERTEX_POINT('',#13782);
#4920=VERTEX_POINT('',#13787);
#4921=VERTEX_POINT('',#13788);
#4922=VERTEX_POINT('',#13793);
#4923=VERTEX_POINT('',#13794);
#4924=VERTEX_POINT('',#13799);
#4925=VERTEX_POINT('',#13800);
#4926=VERTEX_POINT('',#13802);
#4927=VERTEX_POINT('',#13804);
#4928=VERTEX_POINT('',#13806);
#4929=VERTEX_POINT('',#13808);
#4930=VERTEX_POINT('',#13810);
#4931=VERTEX_POINT('',#13812);
#4932=VERTEX_POINT('',#13815);
#4933=VERTEX_POINT('',#13817);
#4934=VERTEX_POINT('',#13821);
#4935=VERTEX_POINT('',#13822);
#4936=VERTEX_POINT('',#13824);
#4937=VERTEX_POINT('',#13826);
#4938=VERTEX_POINT('',#13828);
#4939=VERTEX_POINT('',#13830);
#4940=VERTEX_POINT('',#13833);
#4941=VERTEX_POINT('',#13835);
#4942=VERTEX_POINT('',#13837);
#4943=VERTEX_POINT('',#13839);
#4944=VERTEX_POINT('',#13843);
#4945=VERTEX_POINT('',#13844);
#4946=VERTEX_POINT('',#13846);
#4947=VERTEX_POINT('',#13848);
#4948=VERTEX_POINT('',#13852);
#4949=VERTEX_POINT('',#13854);
#4950=VERTEX_POINT('',#13858);
#4951=VERTEX_POINT('',#13860);
#4952=VERTEX_POINT('',#13864);
#4953=VERTEX_POINT('',#13866);
#4954=VERTEX_POINT('',#13870);
#4955=VERTEX_POINT('',#13871);
#4956=VERTEX_POINT('',#13876);
#4957=VERTEX_POINT('',#13877);
#4958=VERTEX_POINT('',#13879);
#4959=VERTEX_POINT('',#13881);
#4960=VERTEX_POINT('',#13883);
#4961=VERTEX_POINT('',#13885);
#4962=VERTEX_POINT('',#13889);
#4963=VERTEX_POINT('',#13890);
#4964=VERTEX_POINT('',#13892);
#4965=VERTEX_POINT('',#13894);
#4966=VERTEX_POINT('',#13896);
#4967=VERTEX_POINT('',#13898);
#4968=VERTEX_POINT('',#13906);
#4969=VERTEX_POINT('',#13907);
#4970=VERTEX_POINT('',#13909);
#4971=VERTEX_POINT('',#13915);
#4972=VERTEX_POINT('',#13918);
#4973=VERTEX_POINT('',#13919);
#4974=VERTEX_POINT('',#13924);
#4975=VERTEX_POINT('',#13926);
#4976=VERTEX_POINT('',#13933);
#4977=VERTEX_POINT('',#13935);
#4978=VERTEX_POINT('',#13938);
#4979=VERTEX_POINT('',#13940);
#4980=VERTEX_POINT('',#13944);
#4981=VERTEX_POINT('',#13945);
#4982=VERTEX_POINT('',#13948);
#4983=VERTEX_POINT('',#13950);
#4984=VERTEX_POINT('',#13955);
#4985=VERTEX_POINT('',#13957);
#4986=VERTEX_POINT('',#13960);
#4987=VERTEX_POINT('',#13962);
#4988=VERTEX_POINT('',#13966);
#4989=VERTEX_POINT('',#13968);
#4990=VERTEX_POINT('',#13971);
#4991=VERTEX_POINT('',#13973);
#4992=VERTEX_POINT('',#14359);
#4993=VERTEX_POINT('',#14361);
#4994=VERTEX_POINT('',#14398);
#4995=VERTEX_POINT('',#14399);
#4996=VERTEX_POINT('',#14475);
#4997=VERTEX_POINT('',#14477);
#4998=VERTEX_POINT('',#14930);
#4999=VERTEX_POINT('',#14932);
#5000=VERTEX_POINT('',#15382);
#5001=VERTEX_POINT('',#15383);
#5002=VERTEX_POINT('',#15386);
#5003=VERTEX_POINT('',#15389);
#5004=VERTEX_POINT('',#15390);
#5005=VERTEX_POINT('',#15392);
#5006=VERTEX_POINT('',#15394);
#5007=VERTEX_POINT('',#15397);
#5008=VERTEX_POINT('',#15398);
#5009=VERTEX_POINT('',#15400);
#5010=VERTEX_POINT('',#15402);
#5011=VERTEX_POINT('',#15405);
#5012=VERTEX_POINT('',#15407);
#5013=VERTEX_POINT('',#15410);
#5014=VERTEX_POINT('',#15411);
#5015=VERTEX_POINT('',#15413);
#5016=VERTEX_POINT('',#15415);
#5017=VERTEX_POINT('',#15422);
#5018=VERTEX_POINT('',#15424);
#5019=VERTEX_POINT('',#15431);
#5020=VERTEX_POINT('',#15438);
#5021=VERTEX_POINT('',#15440);
#5022=VERTEX_POINT('',#15498);
#5023=VERTEX_POINT('',#15499);
#5024=VERTEX_POINT('',#15501);
#5025=VERTEX_POINT('',#15503);
#5026=VERTEX_POINT('',#15519);
#5027=VERTEX_POINT('',#15521);
#5028=VERTEX_POINT('',#15582);
#5029=VERTEX_POINT('',#15583);
#5030=VERTEX_POINT('',#15586);
#5031=VERTEX_POINT('',#15589);
#5032=VERTEX_POINT('',#15590);
#5033=VERTEX_POINT('',#15592);
#5034=VERTEX_POINT('',#15594);
#5035=VERTEX_POINT('',#15597);
#5036=VERTEX_POINT('',#15598);
#5037=VERTEX_POINT('',#15600);
#5038=VERTEX_POINT('',#15602);
#5039=VERTEX_POINT('',#15605);
#5040=VERTEX_POINT('',#15607);
#5041=VERTEX_POINT('',#15610);
#5042=VERTEX_POINT('',#15611);
#5043=VERTEX_POINT('',#15616);
#5044=VERTEX_POINT('',#15618);
#5045=VERTEX_POINT('',#15625);
#5046=VERTEX_POINT('',#15626);
#5047=VERTEX_POINT('',#15632);
#5048=VERTEX_POINT('',#15638);
#5049=VERTEX_POINT('',#15640);
#5050=VERTEX_POINT('',#15698);
#5051=VERTEX_POINT('',#15699);
#5052=VERTEX_POINT('',#15701);
#5053=VERTEX_POINT('',#15703);
#5054=VERTEX_POINT('',#15719);
#5055=VERTEX_POINT('',#15721);
#5056=VERTEX_POINT('',#15782);
#5057=VERTEX_POINT('',#15783);
#5058=VERTEX_POINT('',#15786);
#5059=VERTEX_POINT('',#15789);
#5060=VERTEX_POINT('',#15790);
#5061=VERTEX_POINT('',#15792);
#5062=VERTEX_POINT('',#15794);
#5063=VERTEX_POINT('',#15797);
#5064=VERTEX_POINT('',#15798);
#5065=VERTEX_POINT('',#15800);
#5066=VERTEX_POINT('',#15802);
#5067=VERTEX_POINT('',#15805);
#5068=VERTEX_POINT('',#15807);
#5069=VERTEX_POINT('',#15810);
#5070=VERTEX_POINT('',#15811);
#5071=VERTEX_POINT('',#15816);
#5072=VERTEX_POINT('',#15818);
#5073=VERTEX_POINT('',#15825);
#5074=VERTEX_POINT('',#15826);
#5075=VERTEX_POINT('',#15832);
#5076=VERTEX_POINT('',#15838);
#5077=VERTEX_POINT('',#15840);
#5078=VERTEX_POINT('',#15898);
#5079=VERTEX_POINT('',#15899);
#5080=VERTEX_POINT('',#15901);
#5081=VERTEX_POINT('',#15903);
#5082=VERTEX_POINT('',#15919);
#5083=VERTEX_POINT('',#15921);
#5084=VERTEX_POINT('',#15982);
#5085=VERTEX_POINT('',#15983);
#5086=VERTEX_POINT('',#15986);
#5087=VERTEX_POINT('',#15989);
#5088=VERTEX_POINT('',#15990);
#5089=VERTEX_POINT('',#15992);
#5090=VERTEX_POINT('',#15994);
#5091=VERTEX_POINT('',#15997);
#5092=VERTEX_POINT('',#15998);
#5093=VERTEX_POINT('',#16000);
#5094=VERTEX_POINT('',#16002);
#5095=VERTEX_POINT('',#16005);
#5096=VERTEX_POINT('',#16007);
#5097=VERTEX_POINT('',#16010);
#5098=VERTEX_POINT('',#16011);
#5099=VERTEX_POINT('',#16016);
#5100=VERTEX_POINT('',#16018);
#5101=VERTEX_POINT('',#16025);
#5102=VERTEX_POINT('',#16026);
#5103=VERTEX_POINT('',#16032);
#5104=VERTEX_POINT('',#16038);
#5105=VERTEX_POINT('',#16040);
#5106=VERTEX_POINT('',#16099);
#5107=VERTEX_POINT('',#16100);
#5108=VERTEX_POINT('',#16102);
#5109=VERTEX_POINT('',#16104);
#5110=VERTEX_POINT('',#16120);
#5111=VERTEX_POINT('',#16122);
#5112=LINE('',#10297,#5410);
#5113=LINE('',#10302,#5411);
#5114=LINE('',#10304,#5412);
#5115=LINE('',#10311,#5413);
#5116=LINE('',#10313,#5414);
#5117=LINE('',#10316,#5415);
#5118=LINE('',#10320,#5416);
#5119=LINE('',#10322,#5417);
#5120=LINE('',#10327,#5418);
#5121=LINE('',#10334,#5419);
#5122=LINE('',#10339,#5420);
#5123=LINE('',#10346,#5421);
#5124=LINE('',#10352,#5422);
#5125=LINE('',#10355,#5423);
#5126=LINE('',#10357,#5424);
#5127=LINE('',#10366,#5425);
#5128=LINE('',#10373,#5426);
#5129=LINE('',#10384,#5427);
#5130=LINE('',#10394,#5428);
#5131=LINE('',#10415,#5429);
#5132=LINE('',#10425,#5430);
#5133=LINE('',#10427,#5431);
#5134=LINE('',#10441,#5432);
#5135=LINE('',#10460,#5433);
#5136=LINE('',#10470,#5434);
#5137=LINE('',#11878,#5435);
#5138=LINE('',#11885,#5436);
#5139=LINE('',#11887,#5437);
#5140=LINE('',#11891,#5438);
#5141=LINE('',#11893,#5439);
#5142=LINE('',#11895,#5440);
#5143=LINE('',#11897,#5441);
#5144=LINE('',#11898,#5442);
#5145=LINE('',#11900,#5443);
#5146=LINE('',#11905,#5444);
#5147=LINE('',#11909,#5445);
#5148=LINE('',#11912,#5446);
#5149=LINE('',#11923,#5447);
#5150=LINE('',#12031,#5448);
#5151=LINE('',#12044,#5449);
#5152=LINE('',#12099,#5450);
#5153=LINE('',#12105,#5451);
#5154=LINE('',#12112,#5452);
#5155=LINE('',#12129,#5453);
#5156=LINE('',#12142,#5454);
#5157=LINE('',#12191,#5455);
#5158=LINE('',#12197,#5456);
#5159=LINE('',#12204,#5457);
#5160=LINE('',#12221,#5458);
#5161=LINE('',#12237,#5459);
#5162=LINE('',#12250,#5460);
#5163=LINE('',#12299,#5461);
#5164=LINE('',#12311,#5462);
#5165=LINE('',#12318,#5463);
#5166=LINE('',#12335,#5464);
#5167=LINE('',#12351,#5465);
#5168=LINE('',#12364,#5466);
#5169=LINE('',#12509,#5467);
#5170=LINE('',#12514,#5468);
#5171=LINE('',#12518,#5469);
#5172=LINE('',#12523,#5470);
#5173=LINE('',#12622,#5471);
#5174=LINE('',#12624,#5472);
#5175=LINE('',#12628,#5473);
#5176=LINE('',#12630,#5474);
#5177=LINE('',#12632,#5475);
#5178=LINE('',#12634,#5476);
#5179=LINE('',#12636,#5477);
#5180=LINE('',#12640,#5478);
#5181=LINE('',#12641,#5479);
#5182=LINE('',#12643,#5480);
#5183=LINE('',#12647,#5481);
#5184=LINE('',#12649,#5482);
#5185=LINE('',#12653,#5483);
#5186=LINE('',#12655,#5484);
#5187=LINE('',#12657,#5485);
#5188=LINE('',#12661,#5486);
#5189=LINE('',#12663,#5487);
#5190=LINE('',#12667,#5488);
#5191=LINE('',#12669,#5489);
#5192=LINE('',#12673,#5490);
#5193=LINE('',#12678,#5491);
#5194=LINE('',#12682,#5492);
#5195=LINE('',#12689,#5493);
#5196=LINE('',#12691,#5494);
#5197=LINE('',#12693,#5495);
#5198=LINE('',#12694,#5496);
#5199=LINE('',#12696,#5497);
#5200=LINE('',#12698,#5498);
#5201=LINE('',#12700,#5499);
#5202=LINE('',#12702,#5500);
#5203=LINE('',#12704,#5501);
#5204=LINE('',#12706,#5502);
#5205=LINE('',#12713,#5503);
#5206=LINE('',#12719,#5504);
#5207=LINE('',#12731,#5505);
#5208=LINE('',#12742,#5506);
#5209=LINE('',#12798,#5507);
#5210=LINE('',#12803,#5508);
#5211=LINE('',#12807,#5509);
#5212=LINE('',#12811,#5510);
#5213=LINE('',#12815,#5511);
#5214=LINE('',#12819,#5512);
#5215=LINE('',#12822,#5513);
#5216=LINE('',#12829,#5514);
#5217=LINE('',#12836,#5515);
#5218=LINE('',#12842,#5516);
#5219=LINE('',#12851,#5517);
#5220=LINE('',#12853,#5518);
#5221=LINE('',#12855,#5519);
#5222=LINE('',#12859,#5520);
#5223=LINE('',#12861,#5521);
#5224=LINE('',#12863,#5522);
#5225=LINE('',#12867,#5523);
#5226=LINE('',#12869,#5524);
#5227=LINE('',#12871,#5525);
#5228=LINE('',#12873,#5526);
#5229=LINE('',#12877,#5527);
#5230=LINE('',#12879,#5528);
#5231=LINE('',#12881,#5529);
#5232=LINE('',#12886,#5530);
#5233=LINE('',#12890,#5531);
#5234=LINE('',#12892,#5532);
#5235=LINE('',#12900,#5533);
#5236=LINE('',#12902,#5534);
#5237=LINE('',#12904,#5535);
#5238=LINE('',#12908,#5536);
#5239=LINE('',#12910,#5537);
#5240=LINE('',#12912,#5538);
#5241=LINE('',#12916,#5539);
#5242=LINE('',#12918,#5540);
#5243=LINE('',#12925,#5541);
#5244=LINE('',#12927,#5542);
#5245=LINE('',#12931,#5543);
#5246=LINE('',#12935,#5544);
#5247=LINE('',#12990,#5545);
#5248=LINE('',#12995,#5546);
#5249=LINE('',#12999,#5547);
#5250=LINE('',#13003,#5548);
#5251=LINE('',#13007,#5549);
#5252=LINE('',#13011,#5550);
#5253=LINE('',#13019,#5551);
#5254=LINE('',#13031,#5552);
#5255=LINE('',#13045,#5553);
#5256=LINE('',#13057,#5554);
#5257=LINE('',#13151,#5555);
#5258=LINE('',#13163,#5556);
#5259=LINE('',#13177,#5557);
#5260=LINE('',#13195,#5558);
#5261=LINE('',#13204,#5559);
#5262=LINE('',#13216,#5560);
#5263=LINE('',#13314,#5561);
#5264=LINE('',#13326,#5562);
#5265=LINE('',#13340,#5563);
#5266=LINE('',#13356,#5564);
#5267=LINE('',#13365,#5565);
#5268=LINE('',#13379,#5566);
#5269=LINE('',#13479,#5567);
#5270=LINE('',#13490,#5568);
#5271=LINE('',#13505,#5569);
#5272=LINE('',#13511,#5570);
#5273=LINE('',#13527,#5571);
#5274=LINE('',#13544,#5572);
#5275=LINE('',#13642,#5573);
#5276=LINE('',#13653,#5574);
#5277=LINE('',#13668,#5575);
#5278=LINE('',#13674,#5576);
#5279=LINE('',#13688,#5577);
#5280=LINE('',#13707,#5578);
#5281=LINE('',#13723,#5579);
#5282=LINE('',#13728,#5580);
#5283=LINE('',#13732,#5581);
#5284=LINE('',#13737,#5582);
#5285=LINE('',#13744,#5583);
#5286=LINE('',#13746,#5584);
#5287=LINE('',#13748,#5585);
#5288=LINE('',#13750,#5586);
#5289=LINE('',#13753,#5587);
#5290=LINE('',#13755,#5588);
#5291=LINE('',#13757,#5589);
#5292=LINE('',#13759,#5590);
#5293=LINE('',#13765,#5591);
#5294=LINE('',#13768,#5592);
#5295=LINE('',#13769,#5593);
#5296=LINE('',#13774,#5594);
#5297=LINE('',#13780,#5595);
#5298=LINE('',#13783,#5596);
#5299=LINE('',#13784,#5597);
#5300=LINE('',#13786,#5598);
#5301=LINE('',#13792,#5599);
#5302=LINE('',#13795,#5600);
#5303=LINE('',#13796,#5601);
#5304=LINE('',#13801,#5602);
#5305=LINE('',#13803,#5603);
#5306=LINE('',#13805,#5604);
#5307=LINE('',#13809,#5605);
#5308=LINE('',#13813,#5606);
#5309=LINE('',#13814,#5607);
#5310=LINE('',#13818,#5608);
#5311=LINE('',#13820,#5609);
#5312=LINE('',#13823,#5610);
#5313=LINE('',#13827,#5611);
#5314=LINE('',#13831,#5612);
#5315=LINE('',#13832,#5613);
#5316=LINE('',#13836,#5614);
#5317=LINE('',#13840,#5615);
#5318=LINE('',#13842,#5616);
#5319=LINE('',#13847,#5617);
#5320=LINE('',#13853,#5618);
#5321=LINE('',#13859,#5619);
#5322=LINE('',#13863,#5620);
#5323=LINE('',#13865,#5621);
#5324=LINE('',#13867,#5622);
#5325=LINE('',#13869,#5623);
#5326=LINE('',#13872,#5624);
#5327=LINE('',#13873,#5625);
#5328=LINE('',#13878,#5626);
#5329=LINE('',#13880,#5627);
#5330=LINE('',#13882,#5628);
#5331=LINE('',#13888,#5629);
#5332=LINE('',#13891,#5630);
#5333=LINE('',#13899,#5631);
#5334=LINE('',#13934,#5632);
#5335=LINE('',#13939,#5633);
#5336=LINE('',#13943,#5634);
#5337=LINE('',#13949,#5635);
#5338=LINE('',#13956,#5636);
#5339=LINE('',#13961,#5637);
#5340=LINE('',#13967,#5638);
#5341=LINE('',#13972,#5639);
#5342=LINE('',#13976,#5640);
#5343=LINE('',#13977,#5641);
#5344=LINE('',#13979,#5642);
#5345=LINE('',#13981,#5643);
#5346=LINE('',#13983,#5644);
#5347=LINE('',#13985,#5645);
#5348=LINE('',#13987,#5646);
#5349=LINE('',#13989,#5647);
#5350=LINE('',#13991,#5648);
#5351=LINE('',#13993,#5649);
#5352=LINE('',#13995,#5650);
#5353=LINE('',#13997,#5651);
#5354=LINE('',#13999,#5652);
#5355=LINE('',#14001,#5653);
#5356=LINE('',#14003,#5654);
#5357=LINE('',#14005,#5655);
#5358=LINE('',#14008,#5656);
#5359=LINE('',#14009,#5657);
#5360=LINE('',#14011,#5658);
#5361=LINE('',#14013,#5659);
#5362=LINE('',#14015,#5660);
#5363=LINE('',#14017,#5661);
#5364=LINE('',#14019,#5662);
#5365=LINE('',#14021,#5663);
#5366=LINE('',#14023,#5664);
#5367=LINE('',#14025,#5665);
#5368=LINE('',#14027,#5666);
#5369=LINE('',#14029,#5667);
#5370=LINE('',#14031,#5668);
#5371=LINE('',#14033,#5669);
#5372=LINE('',#14035,#5670);
#5373=LINE('',#14037,#5671);
#5374=LINE('',#14360,#5672);
#5375=LINE('',#14397,#5673);
#5376=LINE('',#14476,#5674);
#5377=LINE('',#14931,#5675);
#5378=LINE('',#15391,#5676);
#5379=LINE('',#15395,#5677);
#5380=LINE('',#15399,#5678);
#5381=LINE('',#15403,#5679);
#5382=LINE('',#15412,#5680);
#5383=LINE('',#15416,#5681);
#5384=LINE('',#15500,#5682);
#5385=LINE('',#15504,#5683);
#5386=LINE('',#15591,#5684);
#5387=LINE('',#15595,#5685);
#5388=LINE('',#15599,#5686);
#5389=LINE('',#15603,#5687);
#5390=LINE('',#15627,#5688);
#5391=LINE('',#15628,#5689);
#5392=LINE('',#15700,#5690);
#5393=LINE('',#15704,#5691);
#5394=LINE('',#15791,#5692);
#5395=LINE('',#15795,#5693);
#5396=LINE('',#15799,#5694);
#5397=LINE('',#15803,#5695);
#5398=LINE('',#15827,#5696);
#5399=LINE('',#15828,#5697);
#5400=LINE('',#15900,#5698);
#5401=LINE('',#15904,#5699);
#5402=LINE('',#15991,#5700);
#5403=LINE('',#15995,#5701);
#5404=LINE('',#15999,#5702);
#5405=LINE('',#16003,#5703);
#5406=LINE('',#16027,#5704);
#5407=LINE('',#16028,#5705);
#5408=LINE('',#16101,#5706);
#5409=LINE('',#16105,#5707);
#5410=VECTOR('',#8279,39.3700787401575);
#5411=VECTOR('',#8282,39.3700787401575);
#5412=VECTOR('',#8283,39.3700787401575);
#5413=VECTOR('',#8284,39.3700787401575);
#5414=VECTOR('',#8287,39.3700787401575);
#5415=VECTOR('',#8288,39.3700787401575);
#5416=VECTOR('',#8291,39.3700787401575);
#5417=VECTOR('',#8294,39.3700787401575);
#5418=VECTOR('',#8297,39.3700787401575);
#5419=VECTOR('',#8300,39.3700787401575);
#5420=VECTOR('',#8303,39.3700787401575);
#5421=VECTOR('',#8306,39.3700787401575);
#5422=VECTOR('',#8309,39.3700787401575);
#5423=VECTOR('',#8310,39.3700787401575);
#5424=VECTOR('',#8311,39.3700787401575);
#5425=VECTOR('',#8316,39.3700787401575);
#5426=VECTOR('',#8319,39.3700787401575);
#5427=VECTOR('',#8326,39.3700787401575);
#5428=VECTOR('',#8329,39.3700787401575);
#5429=VECTOR('',#8334,39.3700787401575);
#5430=VECTOR('',#8335,39.3700787401575);
#5431=VECTOR('',#8338,39.3700787401575);
#5432=VECTOR('',#8345,39.3700787401575);
#5433=VECTOR('',#8348,39.3700787401575);
#5434=VECTOR('',#8349,39.3700787401575);
#5435=VECTOR('',#8352,39.3700787401575);
#5436=VECTOR('',#8353,39.3700787401575);
#5437=VECTOR('',#8356,39.3700787401575);
#5438=VECTOR('',#8359,39.3700787401575);
#5439=VECTOR('',#8362,39.3700787401575);
#5440=VECTOR('',#8363,39.3700787401575);
#5441=VECTOR('',#8366,39.3700787401575);
#5442=VECTOR('',#8367,39.3700787401575);
#5443=VECTOR('',#8370,39.3700787401575);
#5444=VECTOR('',#8373,39.3700787401575);
#5445=VECTOR('',#8378,39.3700787401575);
#5446=VECTOR('',#8379,39.3700787401575);
#5447=VECTOR('',#8382,39.3700787401575);
#5448=VECTOR('',#8433,39.3700787401575);
#5449=VECTOR('',#8434,39.3700787401575);
#5450=VECTOR('',#8457,39.3700787401575);
#5451=VECTOR('',#8458,39.3700787401575);
#5452=VECTOR('',#8461,39.3700787401575);
#5453=VECTOR('',#8464,39.3700787401575);
#5454=VECTOR('',#8465,39.3700787401575);
#5455=VECTOR('',#8488,39.3700787401575);
#5456=VECTOR('',#8489,39.3700787401575);
#5457=VECTOR('',#8492,39.3700787401575);
#5458=VECTOR('',#8495,39.3700787401575);
#5459=VECTOR('',#8498,39.3700787401575);
#5460=VECTOR('',#8499,39.3700787401575);
#5461=VECTOR('',#8522,39.3700787401575);
#5462=VECTOR('',#8523,39.3700787401575);
#5463=VECTOR('',#8526,39.3700787401575);
#5464=VECTOR('',#8529,39.3700787401575);
#5465=VECTOR('',#8532,39.3700787401575);
#5466=VECTOR('',#8533,39.3700787401575);
#5467=VECTOR('',#8622,39.3700787401575);
#5468=VECTOR('',#8625,39.3700787401575);
#5469=VECTOR('',#8630,39.3700787401575);
#5470=VECTOR('',#8633,39.3700787401575);
#5471=VECTOR('',#8676,39.3700787401575);
#5472=VECTOR('',#8679,39.3700787401575);
#5473=VECTOR('',#8684,39.3700787401575);
#5474=VECTOR('',#8687,39.3700787401575);
#5475=VECTOR('',#8688,39.3700787401575);
#5476=VECTOR('',#8689,39.3700787401575);
#5477=VECTOR('',#8692,39.3700787401575);
#5478=VECTOR('',#8697,39.3700787401575);
#5479=VECTOR('',#8698,39.3700787401575);
#5480=VECTOR('',#8701,39.3700787401575);
#5481=VECTOR('',#8704,39.3700787401575);
#5482=VECTOR('',#8707,39.3700787401575);
#5483=VECTOR('',#8710,39.3700787401575);
#5484=VECTOR('',#8713,39.3700787401575);
#5485=VECTOR('',#8714,39.3700787401575);
#5486=VECTOR('',#8719,39.3700787401575);
#5487=VECTOR('',#8722,39.3700787401575);
#5488=VECTOR('',#8727,39.3700787401575);
#5489=VECTOR('',#8728,39.3700787401575);
#5490=VECTOR('',#8735,39.3700787401575);
#5491=VECTOR('',#8744,39.3700787401575);
#5492=VECTOR('',#8747,39.3700787401575);
#5493=VECTOR('',#8750,39.3700787401575);
#5494=VECTOR('',#8751,39.3700787401575);
#5495=VECTOR('',#8754,39.3700787401575);
#5496=VECTOR('',#8755,39.3700787401575);
#5497=VECTOR('',#8758,39.3700787401575);
#5498=VECTOR('',#8761,39.3700787401575);
#5499=VECTOR('',#8762,39.3700787401575);
#5500=VECTOR('',#8765,39.3700787401575);
#5501=VECTOR('',#8766,39.3700787401575);
#5502=VECTOR('',#8769,39.3700787401575);
#5503=VECTOR('',#8770,39.3700787401575);
#5504=VECTOR('',#8773,39.3700787401575);
#5505=VECTOR('',#8776,39.3700787401575);
#5506=VECTOR('',#8779,39.3700787401575);
#5507=VECTOR('',#8802,39.3700787401575);
#5508=VECTOR('',#8805,39.3700787401575);
#5509=VECTOR('',#8808,39.3700787401575);
#5510=VECTOR('',#8811,39.3700787401575);
#5511=VECTOR('',#8814,39.3700787401575);
#5512=VECTOR('',#8817,39.3700787401575);
#5513=VECTOR('',#8820,39.3700787401575);
#5514=VECTOR('',#8827,39.3700787401575);
#5515=VECTOR('',#8834,39.3700787401575);
#5516=VECTOR('',#8841,39.3700787401575);
#5517=VECTOR('',#8854,39.3700787401575);
#5518=VECTOR('',#8855,39.3700787401575);
#5519=VECTOR('',#8858,39.3700787401575);
#5520=VECTOR('',#8863,39.3700787401575);
#5521=VECTOR('',#8864,39.3700787401575);
#5522=VECTOR('',#8867,39.3700787401575);
#5523=VECTOR('',#8872,39.3700787401575);
#5524=VECTOR('',#8875,39.3700787401575);
#5525=VECTOR('',#8876,39.3700787401575);
#5526=VECTOR('',#8879,39.3700787401575);
#5527=VECTOR('',#8884,39.3700787401575);
#5528=VECTOR('',#8885,39.3700787401575);
#5529=VECTOR('',#8888,39.3700787401575);
#5530=VECTOR('',#8891,39.3700787401575);
#5531=VECTOR('',#8896,39.3700787401575);
#5532=VECTOR('',#8897,39.3700787401575);
#5533=VECTOR('',#8902,39.3700787401575);
#5534=VECTOR('',#8905,39.3700787401575);
#5535=VECTOR('',#8906,39.3700787401575);
#5536=VECTOR('',#8911,39.3700787401575);
#5537=VECTOR('',#8914,39.3700787401575);
#5538=VECTOR('',#8915,39.3700787401575);
#5539=VECTOR('',#8920,39.3700787401575);
#5540=VECTOR('',#8923,39.3700787401575);
#5541=VECTOR('',#8928,39.3700787401575);
#5542=VECTOR('',#8931,39.3700787401575);
#5543=VECTOR('',#8936,39.3700787401575);
#5544=VECTOR('',#8943,39.3700787401575);
#5545=VECTOR('',#9018,39.3700787401575);
#5546=VECTOR('',#9021,39.3700787401575);
#5547=VECTOR('',#9024,39.3700787401575);
#5548=VECTOR('',#9027,39.3700787401575);
#5549=VECTOR('',#9030,39.3700787401575);
#5550=VECTOR('',#9033,39.3700787401575);
#5551=VECTOR('',#9040,39.3700787401575);
#5552=VECTOR('',#9051,39.3700787401575);
#5553=VECTOR('',#9064,39.3700787401575);
#5554=VECTOR('',#9075,39.3700787401575);
#5555=VECTOR('',#9126,39.3700787401575);
#5556=VECTOR('',#9127,39.3700787401575);
#5557=VECTOR('',#9134,39.3700787401575);
#5558=VECTOR('',#9141,39.3700787401575);
#5559=VECTOR('',#9148,39.3700787401575);
#5560=VECTOR('',#9153,39.3700787401575);
#5561=VECTOR('',#9204,39.3700787401575);
#5562=VECTOR('',#9205,39.3700787401575);
#5563=VECTOR('',#9212,39.3700787401575);
#5564=VECTOR('',#9217,39.3700787401575);
#5565=VECTOR('',#9224,39.3700787401575);
#5566=VECTOR('',#9231,39.3700787401575);
#5567=VECTOR('',#9284,39.3700787401575);
#5568=VECTOR('',#9285,39.3700787401575);
#5569=VECTOR('',#9292,39.3700787401575);
#5570=VECTOR('',#9293,39.3700787401575);
#5571=VECTOR('',#9306,39.3700787401575);
#5572=VECTOR('',#9311,39.3700787401575);
#5573=VECTOR('',#9362,39.3700787401575);
#5574=VECTOR('',#9363,39.3700787401575);
#5575=VECTOR('',#9370,39.3700787401575);
#5576=VECTOR('',#9371,39.3700787401575);
#5577=VECTOR('',#9382,39.3700787401575);
#5578=VECTOR('',#9389,39.3700787401575);
#5579=VECTOR('',#9402,39.3700787401575);
#5580=VECTOR('',#9405,39.3700787401575);
#5581=VECTOR('',#9410,39.3700787401575);
#5582=VECTOR('',#9413,39.3700787401575);
#5583=VECTOR('',#9420,39.3700787401575);
#5584=VECTOR('',#9421,39.3700787401575);
#5585=VECTOR('',#9422,39.3700787401575);
#5586=VECTOR('',#9425,39.3700787401575);
#5587=VECTOR('',#9426,39.3700787401575);
#5588=VECTOR('',#9427,39.3700787401575);
#5589=VECTOR('',#9428,39.3700787401575);
#5590=VECTOR('',#9431,39.3700787401575);
#5591=VECTOR('',#9438,39.3700787401575);
#5592=VECTOR('',#9439,39.3700787401575);
#5593=VECTOR('',#9440,39.3700787401575);
#5594=VECTOR('',#9449,39.3700787401575);
#5595=VECTOR('',#9456,39.3700787401575);
#5596=VECTOR('',#9457,39.3700787401575);
#5597=VECTOR('',#9458,39.3700787401575);
#5598=VECTOR('',#9461,39.3700787401575);
#5599=VECTOR('',#9468,39.3700787401575);
#5600=VECTOR('',#9469,39.3700787401575);
#5601=VECTOR('',#9470,39.3700787401575);
#5602=VECTOR('',#9475,39.3700787401575);
#5603=VECTOR('',#9476,39.3700787401575);
#5604=VECTOR('',#9477,39.3700787401575);
#5605=VECTOR('',#9480,39.3700787401575);
#5606=VECTOR('',#9483,39.3700787401575);
#5607=VECTOR('',#9484,39.3700787401575);
#5608=VECTOR('',#9487,39.3700787401575);
#5609=VECTOR('',#9490,39.3700787401575);
#5610=VECTOR('',#9491,39.3700787401575);
#5611=VECTOR('',#9494,39.3700787401575);
#5612=VECTOR('',#9497,39.3700787401575);
#5613=VECTOR('',#9498,39.3700787401575);
#5614=VECTOR('',#9501,39.3700787401575);
#5615=VECTOR('',#9504,39.3700787401575);
#5616=VECTOR('',#9507,39.3700787401575);
#5617=VECTOR('',#9510,39.3700787401575);
#5618=VECTOR('',#9517,39.3700787401575);
#5619=VECTOR('',#9524,39.3700787401575);
#5620=VECTOR('',#9529,39.3700787401575);
#5621=VECTOR('',#9530,39.3700787401575);
#5622=VECTOR('',#9531,39.3700787401575);
#5623=VECTOR('',#9534,39.3700787401575);
#5624=VECTOR('',#9535,39.3700787401575);
#5625=VECTOR('',#9536,39.3700787401575);
#5626=VECTOR('',#9541,39.3700787401575);
#5627=VECTOR('',#9542,39.3700787401575);
#5628=VECTOR('',#9543,39.3700787401575);
#5629=VECTOR('',#9550,39.3700787401575);
#5630=VECTOR('',#9551,39.3700787401575);
#5631=VECTOR('',#9558,39.3700787401575);
#5632=VECTOR('',#9573,39.3700787401575);
#5633=VECTOR('',#9578,39.3700787401575);
#5634=VECTOR('',#9583,39.3700787401575);
#5635=VECTOR('',#9588,39.3700787401575);
#5636=VECTOR('',#9597,39.3700787401575);
#5637=VECTOR('',#9602,39.3700787401575);
#5638=VECTOR('',#9609,39.3700787401575);
#5639=VECTOR('',#9614,39.3700787401575);
#5640=VECTOR('',#9619,39.3700787401575);
#5641=VECTOR('',#9620,39.3700787401575);
#5642=VECTOR('',#9623,39.3700787401575);
#5643=VECTOR('',#9626,39.3700787401575);
#5644=VECTOR('',#9629,39.3700787401575);
#5645=VECTOR('',#9632,39.3700787401575);
#5646=VECTOR('',#9635,39.3700787401575);
#5647=VECTOR('',#9638,39.3700787401575);
#5648=VECTOR('',#9641,39.3700787401575);
#5649=VECTOR('',#9644,39.3700787401575);
#5650=VECTOR('',#9647,39.3700787401575);
#5651=VECTOR('',#9650,39.3700787401575);
#5652=VECTOR('',#9653,39.3700787401575);
#5653=VECTOR('',#9656,39.3700787401575);
#5654=VECTOR('',#9659,39.3700787401575);
#5655=VECTOR('',#9662,39.3700787401575);
#5656=VECTOR('',#9667,39.3700787401575);
#5657=VECTOR('',#9668,39.3700787401575);
#5658=VECTOR('',#9671,39.3700787401575);
#5659=VECTOR('',#9674,39.3700787401575);
#5660=VECTOR('',#9677,39.3700787401575);
#5661=VECTOR('',#9680,39.3700787401575);
#5662=VECTOR('',#9683,39.3700787401575);
#5663=VECTOR('',#9686,39.3700787401575);
#5664=VECTOR('',#9689,39.3700787401575);
#5665=VECTOR('',#9692,39.3700787401575);
#5666=VECTOR('',#9695,39.3700787401575);
#5667=VECTOR('',#9698,39.3700787401575);
#5668=VECTOR('',#9701,39.3700787401575);
#5669=VECTOR('',#9704,39.3700787401575);
#5670=VECTOR('',#9707,39.3700787401575);
#5671=VECTOR('',#9710,39.3700787401575);
#5672=VECTOR('',#9931,39.3700787401575);
#5673=VECTOR('',#9932,39.3700787401575);
#5674=VECTOR('',#9935,39.3700787401575);
#5675=VECTOR('',#9940,39.3700787401575);
#5676=VECTOR('',#9955,39.3700787401575);
#5677=VECTOR('',#9958,39.3700787401575);
#5678=VECTOR('',#9961,39.3700787401575);
#5679=VECTOR('',#9964,39.3700787401575);
#5680=VECTOR('',#9973,39.3700787401575);
#5681=VECTOR('',#9976,39.3700787401575);
#5682=VECTOR('',#10001,39.3700787401575);
#5683=VECTOR('',#10004,39.3700787401575);
#5684=VECTOR('',#10035,39.3700787401575);
#5685=VECTOR('',#10038,39.3700787401575);
#5686=VECTOR('',#10041,39.3700787401575);
#5687=VECTOR('',#10044,39.3700787401575);
#5688=VECTOR('',#10059,39.3700787401575);
#5689=VECTOR('',#10060,39.3700787401575);
#5690=VECTOR('',#10081,39.3700787401575);
#5691=VECTOR('',#10084,39.3700787401575);
#5692=VECTOR('',#10115,39.3700787401575);
#5693=VECTOR('',#10118,39.3700787401575);
#5694=VECTOR('',#10121,39.3700787401575);
#5695=VECTOR('',#10124,39.3700787401575);
#5696=VECTOR('',#10139,39.3700787401575);
#5697=VECTOR('',#10140,39.3700787401575);
#5698=VECTOR('',#10161,39.3700787401575);
#5699=VECTOR('',#10164,39.3700787401575);
#5700=VECTOR('',#10195,39.3700787401575);
#5701=VECTOR('',#10198,39.3700787401575);
#5702=VECTOR('',#10201,39.3700787401575);
#5703=VECTOR('',#10204,39.3700787401575);
#5704=VECTOR('',#10219,39.3700787401575);
#5705=VECTOR('',#10220,39.3700787401575);
#5706=VECTOR('',#10243,39.3700787401575);
#5707=VECTOR('',#10246,39.3700787401575);
#5708=EDGE_LOOP('',(#1186,#1187,#1188,#1189,#1190,#1191));
#5709=EDGE_LOOP('',(#1192,#1193,#1194,#1195));
#5710=EDGE_LOOP('',(#1196,#1197,#1198,#1199));
#5711=EDGE_LOOP('',(#1200,#1201,#1202,#1203));
#5712=EDGE_LOOP('',(#1204,#1205,#1206,#1207));
#5713=EDGE_LOOP('',(#1208,#1209,#1210,#1211));
#5714=EDGE_LOOP('',(#1212,#1213,#1214,#1215));
#5715=EDGE_LOOP('',(#1216,#1217,#1218,#1219));
#5716=EDGE_LOOP('',(#1220,#1221,#1222,#1223));
#5717=EDGE_LOOP('',(#1224,#1225,#1226,#1227));
#5718=EDGE_LOOP('',(#1228,#1229,#1230,#1231));
#5719=EDGE_LOOP('',(#1232,#1233,#1234,#1235));
#5720=EDGE_LOOP('',(#1236,#1237,#1238,#1239));
#5721=EDGE_LOOP('',(#1240,#1241,#1242,#1243));
#5722=EDGE_LOOP('',(#1244,#1245,#1246,#1247,#1248,#1249,#1250,#1251,#1252,
#1253,#1254,#1255,#1256,#1257,#1258,#1259));
#5723=EDGE_LOOP('',(#1260,#1261,#1262,#1263,#1264,#1265,#1266,#1267,#1268,
#1269,#1270,#1271,#1272,#1273,#1274,#1275));
#5724=EDGE_LOOP('',(#1276,#1277,#1278,#1279,#1280,#1281,#1282,#1283,#1284,
#1285,#1286,#1287,#1288,#1289,#1290,#1291));
#5725=EDGE_LOOP('',(#1292,#1293,#1294,#1295,#1296,#1297,#1298,#1299,#1300,
#1301,#1302,#1303,#1304,#1305,#1306,#1307));
#5726=EDGE_LOOP('',(#1308,#1309,#1310,#1311,#1312,#1313,#1314,#1315));
#5727=EDGE_LOOP('',(#1316,#1317,#1318,#1319));
#5728=EDGE_LOOP('',(#1320,#1321,#1322,#1323));
#5729=EDGE_LOOP('',(#1324,#1325,#1326,#1327));
#5730=EDGE_LOOP('',(#1328,#1329,#1330,#1331));
#5731=EDGE_LOOP('',(#1332,#1333,#1334,#1335,#1336));
#5732=EDGE_LOOP('',(#1337,#1338,#1339,#1340));
#5733=EDGE_LOOP('',(#1341,#1342,#1343,#1344));
#5734=EDGE_LOOP('',(#1345,#1346,#1347,#1348));
#5735=EDGE_LOOP('',(#1349,#1350,#1351,#1352));
#5736=EDGE_LOOP('',(#1353,#1354,#1355,#1356));
#5737=EDGE_LOOP('',(#1357,#1358,#1359,#1360));
#5738=EDGE_LOOP('',(#1361,#1362,#1363,#1364));
#5739=EDGE_LOOP('',(#1365,#1366,#1367,#1368,#1369,#1370));
#5740=EDGE_LOOP('',(#1371,#1372,#1373));
#5741=EDGE_LOOP('',(#1374,#1375,#1376,#1377));
#5742=EDGE_LOOP('',(#1378,#1379,#1380,#1381,#1382,#1383));
#5743=EDGE_LOOP('',(#1384,#1385,#1386,#1387,#1388,#1389));
#5744=EDGE_LOOP('',(#1390,#1391,#1392));
#5745=EDGE_LOOP('',(#1393,#1394,#1395));
#5746=EDGE_LOOP('',(#1396,#1397,#1398));
#5747=EDGE_LOOP('',(#1399,#1400,#1401,#1402,#1403,#1404));
#5748=EDGE_LOOP('',(#1405,#1406,#1407,#1408,#1409,#1410));
#5749=EDGE_LOOP('',(#1411,#1412,#1413,#1414,#1415,#1416));
#5750=EDGE_LOOP('',(#1417,#1418,#1419,#1420,#1421,#1422));
#5751=EDGE_LOOP('',(#1423,#1424,#1425));
#5752=EDGE_LOOP('',(#1426,#1427,#1428));
#5753=EDGE_LOOP('',(#1429,#1430,#1431));
#5754=EDGE_LOOP('',(#1432,#1433,#1434,#1435,#1436,#1437));
#5755=EDGE_LOOP('',(#1438,#1439,#1440,#1441,#1442,#1443));
#5756=EDGE_LOOP('',(#1444,#1445,#1446,#1447,#1448,#1449));
#5757=EDGE_LOOP('',(#1450,#1451,#1452,#1453,#1454,#1455));
#5758=EDGE_LOOP('',(#1456,#1457,#1458,#1459,#1460,#1461));
#5759=EDGE_LOOP('',(#1462,#1463,#1464));
#5760=EDGE_LOOP('',(#1465,#1466,#1467));
#5761=EDGE_LOOP('',(#1468,#1469,#1470));
#5762=EDGE_LOOP('',(#1471,#1472,#1473,#1474,#1475,#1476));
#5763=EDGE_LOOP('',(#1477,#1478,#1479,#1480,#1481,#1482));
#5764=EDGE_LOOP('',(#1483,#1484,#1485,#1486,#1487,#1488));
#5765=EDGE_LOOP('',(#1489,#1490,#1491,#1492,#1493,#1494));
#5766=EDGE_LOOP('',(#1495,#1496,#1497,#1498));
#5767=EDGE_LOOP('',(#1499,#1500,#1501));
#5768=EDGE_LOOP('',(#1502,#1503,#1504));
#5769=EDGE_LOOP('',(#1505,#1506,#1507));
#5770=EDGE_LOOP('',(#1508,#1509,#1510,#1511,#1512,#1513));
#5771=EDGE_LOOP('',(#1514,#1515,#1516));
#5772=EDGE_LOOP('',(#1517,#1518,#1519,#1520));
#5773=EDGE_LOOP('',(#1521,#1522,#1523));
#5774=EDGE_LOOP('',(#1524,#1525,#1526,#1527));
#5775=EDGE_LOOP('',(#1528,#1529,#1530));
#5776=EDGE_LOOP('',(#1531,#1532,#1533));
#5777=EDGE_LOOP('',(#1534,#1535,#1536));
#5778=EDGE_LOOP('',(#1537,#1538,#1539));
#5779=EDGE_LOOP('',(#1540,#1541,#1542,#1543));
#5780=EDGE_LOOP('',(#1544,#1545,#1546,#1547));
#5781=EDGE_LOOP('',(#1548,#1549,#1550));
#5782=EDGE_LOOP('',(#1551,#1552,#1553));
#5783=EDGE_LOOP('',(#1554,#1555,#1556));
#5784=EDGE_LOOP('',(#1557,#1558,#1559,#1560));
#5785=EDGE_LOOP('',(#1561,#1562,#1563,#1564));
#5786=EDGE_LOOP('',(#1565,#1566,#1567,#1568));
#5787=EDGE_LOOP('',(#1569,#1570,#1571,#1572));
#5788=EDGE_LOOP('',(#1573,#1574,#1575,#1576));
#5789=EDGE_LOOP('',(#1577,#1578,#1579,#1580));
#5790=EDGE_LOOP('',(#1581,#1582,#1583,#1584));
#5791=EDGE_LOOP('',(#1585,#1586,#1587,#1588));
#5792=EDGE_LOOP('',(#1589,#1590,#1591,#1592));
#5793=EDGE_LOOP('',(#1593,#1594,#1595,#1596,#1597,#1598));
#5794=EDGE_LOOP('',(#1599,#1600,#1601,#1602));
#5795=EDGE_LOOP('',(#1603,#1604,#1605,#1606));
#5796=EDGE_LOOP('',(#1607,#1608,#1609,#1610));
#5797=EDGE_LOOP('',(#1611,#1612,#1613,#1614));
#5798=EDGE_LOOP('',(#1615,#1616,#1617,#1618));
#5799=EDGE_LOOP('',(#1619,#1620,#1621,#1622));
#5800=EDGE_LOOP('',(#1623,#1624,#1625,#1626));
#5801=EDGE_LOOP('',(#1627,#1628,#1629,#1630));
#5802=EDGE_LOOP('',(#1631,#1632,#1633,#1634));
#5803=EDGE_LOOP('',(#1635,#1636,#1637,#1638));
#5804=EDGE_LOOP('',(#1639,#1640,#1641,#1642));
#5805=EDGE_LOOP('',(#1643,#1644,#1645,#1646));
#5806=EDGE_LOOP('',(#1647,#1648,#1649,#1650));
#5807=EDGE_LOOP('',(#1651,#1652,#1653,#1654));
#5808=EDGE_LOOP('',(#1655,#1656,#1657,#1658));
#5809=EDGE_LOOP('',(#1659,#1660,#1661,#1662));
#5810=EDGE_LOOP('',(#1663,#1664,#1665,#1666));
#5811=EDGE_LOOP('',(#1667,#1668,#1669,#1670,#1671,#1672,#1673,#1674));
#5812=EDGE_LOOP('',(#1675,#1676,#1677,#1678));
#5813=EDGE_LOOP('',(#1679,#1680,#1681,#1682));
#5814=EDGE_LOOP('',(#1683,#1684,#1685,#1686));
#5815=EDGE_LOOP('',(#1687,#1688,#1689,#1690));
#5816=EDGE_LOOP('',(#1691,#1692,#1693,#1694,#1695,#1696));
#5817=EDGE_LOOP('',(#1697,#1698,#1699,#1700,#1701,#1702));
#5818=EDGE_LOOP('',(#1703,#1704,#1705,#1706,#1707,#1708));
#5819=EDGE_LOOP('',(#1709,#1710,#1711,#1712,#1713,#1714));
#5820=EDGE_LOOP('',(#1715,#1716,#1717,#1718,#1719,#1720));
#5821=EDGE_LOOP('',(#1721,#1722,#1723));
#5822=EDGE_LOOP('',(#1724,#1725,#1726,#1727,#1728,#1729));
#5823=EDGE_LOOP('',(#1730,#1731,#1732,#1733,#1734,#1735));
#5824=EDGE_LOOP('',(#1736,#1737,#1738));
#5825=EDGE_LOOP('',(#1739,#1740,#1741,#1742,#1743,#1744));
#5826=EDGE_LOOP('',(#1745,#1746,#1747,#1748,#1749,#1750));
#5827=EDGE_LOOP('',(#1751,#1752,#1753));
#5828=EDGE_LOOP('',(#1754,#1755,#1756,#1757,#1758,#1759));
#5829=EDGE_LOOP('',(#1760,#1761,#1762,#1763));
#5830=EDGE_LOOP('',(#1764,#1765,#1766,#1767,#1768,#1769,#1770,#1771,#1772,
#1773,#1774,#1775));
#5831=EDGE_LOOP('',(#1776,#1777,#1778,#1779,#1780,#1781,#1782,#1783,#1784,
#1785,#1786,#1787,#1788,#1789,#1790,#1791,#1792,#1793,#1794,#1795,#1796,
#1797,#1798,#1799,#1800,#1801));
#5832=EDGE_LOOP('',(#1802,#1803,#1804,#1805));
#5833=EDGE_LOOP('',(#1806,#1807,#1808,#1809,#1810));
#5834=EDGE_LOOP('',(#1811,#1812,#1813,#1814));
#5835=EDGE_LOOP('',(#1815,#1816,#1817,#1818,#1819));
#5836=EDGE_LOOP('',(#1820,#1821,#1822,#1823));
#5837=EDGE_LOOP('',(#1824,#1825,#1826,#1827,#1828));
#5838=EDGE_LOOP('',(#1829,#1830,#1831,#1832,#1833));
#5839=EDGE_LOOP('',(#1834,#1835,#1836,#1837));
#5840=EDGE_LOOP('',(#1838,#1839,#1840,#1841,#1842));
#5841=EDGE_LOOP('',(#1843,#1844,#1845,#1846));
#5842=EDGE_LOOP('',(#1847,#1848,#1849,#1850,#1851));
#5843=EDGE_LOOP('',(#1852,#1853,#1854,#1855));
#5844=EDGE_LOOP('',(#1856,#1857,#1858,#1859,#1860));
#5845=EDGE_LOOP('',(#1861,#1862,#1863,#1864));
#5846=EDGE_LOOP('',(#1865,#1866,#1867,#1868,#1869));
#5847=EDGE_LOOP('',(#1870,#1871,#1872,#1873));
#5848=EDGE_LOOP('',(#1874,#1875,#1876,#1877,#1878));
#5849=EDGE_LOOP('',(#1879,#1880,#1881,#1882));
#5850=EDGE_LOOP('',(#1883,#1884,#1885,#1886,#1887));
#5851=EDGE_LOOP('',(#1888,#1889,#1890,#1891));
#5852=EDGE_LOOP('',(#1892,#1893,#1894,#1895,#1896));
#5853=EDGE_LOOP('',(#1897,#1898,#1899,#1900,#1901,#1902));
#5854=EDGE_LOOP('',(#1903,#1904,#1905,#1906));
#5855=EDGE_LOOP('',(#1907,#1908,#1909,#1910,#1911,#1912));
#5856=EDGE_LOOP('',(#1913,#1914,#1915));
#5857=EDGE_LOOP('',(#1916,#1917,#1918,#1919,#1920,#1921));
#5858=EDGE_LOOP('',(#1922,#1923,#1924,#1925));
#5859=EDGE_LOOP('',(#1926,#1927,#1928,#1929));
#5860=EDGE_LOOP('',(#1930,#1931,#1932,#1933));
#5861=EDGE_LOOP('',(#1934,#1935,#1936,#1937));
#5862=EDGE_LOOP('',(#1938,#1939,#1940,#1941));
#5863=EDGE_LOOP('',(#1942,#1943,#1944,#1945));
#5864=EDGE_LOOP('',(#1946,#1947,#1948));
#5865=EDGE_LOOP('',(#1949,#1950,#1951));
#5866=EDGE_LOOP('',(#1952,#1953,#1954,#1955));
#5867=EDGE_LOOP('',(#1956,#1957,#1958));
#5868=EDGE_LOOP('',(#1959,#1960,#1961));
#5869=EDGE_LOOP('',(#1962,#1963,#1964));
#5870=EDGE_LOOP('',(#1965,#1966,#1967));
#5871=EDGE_LOOP('',(#1968,#1969,#1970,#1971));
#5872=EDGE_LOOP('',(#1972,#1973,#1974));
#5873=EDGE_LOOP('',(#1975,#1976,#1977));
#5874=EDGE_LOOP('',(#1978,#1979,#1980));
#5875=EDGE_LOOP('',(#1981,#1982,#1983));
#5876=EDGE_LOOP('',(#1984,#1985,#1986));
#5877=EDGE_LOOP('',(#1987,#1988,#1989));
#5878=EDGE_LOOP('',(#1990,#1991,#1992));
#5879=EDGE_LOOP('',(#1993,#1994,#1995));
#5880=EDGE_LOOP('',(#1996,#1997,#1998,#1999,#2000,#2001,#2002,#2003,#2004,
#2005,#2006,#2007));
#5881=EDGE_LOOP('',(#2008,#2009,#2010,#2011,#2012,#2013,#2014,#2015,#2016,
#2017,#2018,#2019,#2020,#2021,#2022,#2023,#2024,#2025,#2026,#2027,#2028,
#2029,#2030,#2031,#2032,#2033));
#5882=EDGE_LOOP('',(#2034));
#5883=EDGE_LOOP('',(#2035));
#5884=EDGE_LOOP('',(#2036));
#5885=EDGE_LOOP('',(#2037));
#5886=EDGE_LOOP('',(#2038));
#5887=EDGE_LOOP('',(#2039));
#5888=EDGE_LOOP('',(#2040,#2041,#2042,#2043,#2044,#2045));
#5889=EDGE_LOOP('',(#2046,#2047,#2048));
#5890=EDGE_LOOP('',(#2049,#2050,#2051));
#5891=EDGE_LOOP('',(#2052,#2053,#2054));
#5892=EDGE_LOOP('',(#2055,#2056,#2057));
#5893=EDGE_LOOP('',(#2058,#2059,#2060));
#5894=EDGE_LOOP('',(#2061,#2062,#2063));
#5895=EDGE_LOOP('',(#2064,#2065,#2066,#2067,#2068,#2069));
#5896=EDGE_LOOP('',(#2070,#2071,#2072));
#5897=EDGE_LOOP('',(#2073,#2074,#2075,#2076,#2077,#2078));
#5898=EDGE_LOOP('',(#2079,#2080,#2081,#2082));
#5899=EDGE_LOOP('',(#2083,#2084,#2085,#2086,#2087,#2088));
#5900=EDGE_LOOP('',(#2089,#2090,#2091));
#5901=EDGE_LOOP('',(#2092,#2093,#2094,#2095,#2096,#2097));
#5902=EDGE_LOOP('',(#2098,#2099,#2100));
#5903=EDGE_LOOP('',(#2101,#2102,#2103,#2104,#2105,#2106));
#5904=EDGE_LOOP('',(#2107,#2108,#2109,#2110));
#5905=EDGE_LOOP('',(#2111,#2112,#2113,#2114,#2115,#2116));
#5906=EDGE_LOOP('',(#2117,#2118,#2119));
#5907=EDGE_LOOP('',(#2120));
#5908=EDGE_LOOP('',(#2121));
#5909=EDGE_LOOP('',(#2122));
#5910=EDGE_LOOP('',(#2123));
#5911=EDGE_LOOP('',(#2124));
#5912=EDGE_LOOP('',(#2125));
#5913=EDGE_LOOP('',(#2126,#2127,#2128,#2129,#2130,#2131));
#5914=EDGE_LOOP('',(#2132,#2133,#2134));
#5915=EDGE_LOOP('',(#2135,#2136,#2137));
#5916=EDGE_LOOP('',(#2138,#2139,#2140));
#5917=EDGE_LOOP('',(#2141,#2142,#2143));
#5918=EDGE_LOOP('',(#2144,#2145,#2146));
#5919=EDGE_LOOP('',(#2147,#2148,#2149));
#5920=EDGE_LOOP('',(#2150,#2151,#2152,#2153,#2154,#2155));
#5921=EDGE_LOOP('',(#2156,#2157,#2158));
#5922=EDGE_LOOP('',(#2159,#2160,#2161,#2162,#2163,#2164));
#5923=EDGE_LOOP('',(#2165,#2166,#2167));
#5924=EDGE_LOOP('',(#2168,#2169,#2170,#2171,#2172,#2173));
#5925=EDGE_LOOP('',(#2174,#2175,#2176,#2177));
#5926=EDGE_LOOP('',(#2178,#2179,#2180,#2181,#2182,#2183));
#5927=EDGE_LOOP('',(#2184,#2185,#2186,#2187));
#5928=EDGE_LOOP('',(#2188,#2189,#2190,#2191,#2192,#2193));
#5929=EDGE_LOOP('',(#2194,#2195,#2196));
#5930=EDGE_LOOP('',(#2197,#2198,#2199,#2200,#2201,#2202));
#5931=EDGE_LOOP('',(#2203,#2204,#2205));
#5932=EDGE_LOOP('',(#2206));
#5933=EDGE_LOOP('',(#2207));
#5934=EDGE_LOOP('',(#2208));
#5935=EDGE_LOOP('',(#2209));
#5936=EDGE_LOOP('',(#2210));
#5937=EDGE_LOOP('',(#2211));
#5938=EDGE_LOOP('',(#2212,#2213,#2214,#2215,#2216,#2217));
#5939=EDGE_LOOP('',(#2218,#2219,#2220));
#5940=EDGE_LOOP('',(#2221,#2222,#2223));
#5941=EDGE_LOOP('',(#2224,#2225,#2226));
#5942=EDGE_LOOP('',(#2227,#2228,#2229));
#5943=EDGE_LOOP('',(#2230,#2231,#2232));
#5944=EDGE_LOOP('',(#2233,#2234,#2235));
#5945=EDGE_LOOP('',(#2236,#2237,#2238,#2239,#2240,#2241));
#5946=EDGE_LOOP('',(#2242,#2243,#2244));
#5947=EDGE_LOOP('',(#2245,#2246,#2247,#2248,#2249,#2250));
#5948=EDGE_LOOP('',(#2251,#2252,#2253,#2254));
#5949=EDGE_LOOP('',(#2255,#2256,#2257,#2258,#2259,#2260));
#5950=EDGE_LOOP('',(#2261,#2262,#2263));
#5951=EDGE_LOOP('',(#2264,#2265,#2266,#2267,#2268,#2269));
#5952=EDGE_LOOP('',(#2270,#2271,#2272));
#5953=EDGE_LOOP('',(#2273,#2274,#2275,#2276,#2277,#2278));
#5954=EDGE_LOOP('',(#2279,#2280,#2281,#2282));
#5955=EDGE_LOOP('',(#2283,#2284,#2285,#2286,#2287,#2288));
#5956=EDGE_LOOP('',(#2289,#2290,#2291));
#5957=EDGE_LOOP('',(#2292));
#5958=EDGE_LOOP('',(#2293));
#5959=EDGE_LOOP('',(#2294));
#5960=EDGE_LOOP('',(#2295));
#5961=EDGE_LOOP('',(#2296));
#5962=EDGE_LOOP('',(#2297));
#5963=EDGE_LOOP('',(#2298,#2299,#2300,#2301,#2302,#2303));
#5964=EDGE_LOOP('',(#2304,#2305,#2306));
#5965=EDGE_LOOP('',(#2307,#2308,#2309));
#5966=EDGE_LOOP('',(#2310,#2311,#2312));
#5967=EDGE_LOOP('',(#2313,#2314,#2315));
#5968=EDGE_LOOP('',(#2316,#2317,#2318));
#5969=EDGE_LOOP('',(#2319,#2320,#2321));
#5970=EDGE_LOOP('',(#2322,#2323,#2324,#2325,#2326,#2327));
#5971=EDGE_LOOP('',(#2328,#2329,#2330));
#5972=EDGE_LOOP('',(#2331,#2332,#2333,#2334,#2335,#2336));
#5973=EDGE_LOOP('',(#2337,#2338,#2339));
#5974=EDGE_LOOP('',(#2340,#2341,#2342,#2343,#2344,#2345));
#5975=EDGE_LOOP('',(#2346,#2347,#2348,#2349));
#5976=EDGE_LOOP('',(#2350,#2351,#2352,#2353,#2354,#2355));
#5977=EDGE_LOOP('',(#2356,#2357,#2358,#2359));
#5978=EDGE_LOOP('',(#2360,#2361,#2362,#2363,#2364,#2365));
#5979=EDGE_LOOP('',(#2366,#2367,#2368));
#5980=EDGE_LOOP('',(#2369,#2370,#2371,#2372,#2373,#2374));
#5981=EDGE_LOOP('',(#2375,#2376,#2377));
#5982=EDGE_LOOP('',(#2378,#2379,#2380,#2381));
#5983=EDGE_LOOP('',(#2382,#2383,#2384,#2385));
#5984=EDGE_LOOP('',(#2386,#2387,#2388,#2389));
#5985=EDGE_LOOP('',(#2390,#2391,#2392,#2393));
#5986=EDGE_LOOP('',(#2394,#2395,#2396,#2397));
#5987=EDGE_LOOP('',(#2398,#2399,#2400,#2401));
#5988=EDGE_LOOP('',(#2402,#2403,#2404,#2405));
#5989=EDGE_LOOP('',(#2406,#2407,#2408,#2409));
#5990=EDGE_LOOP('',(#2410,#2411,#2412,#2413));
#5991=EDGE_LOOP('',(#2414,#2415,#2416,#2417));
#5992=EDGE_LOOP('',(#2418,#2419,#2420,#2421));
#5993=EDGE_LOOP('',(#2422,#2423,#2424,#2425,#2426,#2427,#2428,#2429,#2430,
#2431,#2432,#2433));
#5994=EDGE_LOOP('',(#2434,#2435,#2436,#2437,#2438,#2439,#2440,#2441,#2442,
#2443,#2444,#2445));
#5995=EDGE_LOOP('',(#2446,#2447,#2448,#2449));
#5996=EDGE_LOOP('',(#2450,#2451,#2452,#2453));
#5997=EDGE_LOOP('',(#2454,#2455,#2456,#2457));
#5998=EDGE_LOOP('',(#2458,#2459,#2460,#2461));
#5999=EDGE_LOOP('',(#2462,#2463,#2464,#2465));
#6000=EDGE_LOOP('',(#2466,#2467,#2468,#2469,#2470,#2471));
#6001=EDGE_LOOP('',(#2472,#2473,#2474,#2475,#2476,#2477));
#6002=EDGE_LOOP('',(#2478,#2479,#2480,#2481));
#6003=EDGE_LOOP('',(#2482,#2483,#2484,#2485));
#6004=EDGE_LOOP('',(#2486,#2487,#2488,#2489,#2490,#2491,#2492,#2493));
#6005=EDGE_LOOP('',(#2494,#2495,#2496,#2497,#2498,#2499,#2500,#2501));
#6006=EDGE_LOOP('',(#2502,#2503,#2504,#2505,#2506,#2507,#2508,#2509));
#6007=EDGE_LOOP('',(#2510,#2511,#2512,#2513,#2514,#2515,#2516,#2517));
#6008=EDGE_LOOP('',(#2518,#2519,#2520,#2521));
#6009=EDGE_LOOP('',(#2522,#2523,#2524,#2525));
#6010=EDGE_LOOP('',(#2526,#2527,#2528,#2529));
#6011=EDGE_LOOP('',(#2530,#2531,#2532,#2533,#2534,#2535,#2536,#2537));
#6012=EDGE_LOOP('',(#2538,#2539,#2540,#2541,#2542,#2543,#2544));
#6013=EDGE_LOOP('',(#2545,#2546,#2547,#2548));
#6014=EDGE_LOOP('',(#2549,#2550,#2551,#2552));
#6015=EDGE_LOOP('',(#2553,#2554,#2555,#2556));
#6016=EDGE_LOOP('',(#2557,#2558,#2559,#2560));
#6017=EDGE_LOOP('',(#2561,#2562,#2563,#2564));
#6018=EDGE_LOOP('',(#2565,#2566,#2567,#2568));
#6019=EDGE_LOOP('',(#2569,#2570,#2571,#2572,#2573,#2574,#2575));
#6020=EDGE_LOOP('',(#2576,#2577,#2578,#2579,#2580,#2581,#2582,#2583));
#6021=EDGE_LOOP('',(#2584,#2585,#2586,#2587));
#6022=EDGE_LOOP('',(#2588,#2589,#2590,#2591));
#6023=EDGE_LOOP('',(#2592,#2593,#2594,#2595));
#6024=EDGE_LOOP('',(#2596,#2597,#2598,#2599));
#6025=EDGE_LOOP('',(#2600,#2601,#2602,#2603));
#6026=EDGE_LOOP('',(#2604,#2605,#2606,#2607));
#6027=EDGE_LOOP('',(#2608,#2609,#2610,#2611,#2612,#2613,#2614));
#6028=EDGE_LOOP('',(#2615,#2616,#2617,#2618,#2619,#2620,#2621,#2622));
#6029=EDGE_LOOP('',(#2623,#2624,#2625,#2626));
#6030=EDGE_LOOP('',(#2627,#2628,#2629,#2630));
#6031=EDGE_LOOP('',(#2631,#2632,#2633,#2634));
#6032=EDGE_LOOP('',(#2635,#2636,#2637,#2638));
#6033=EDGE_LOOP('',(#2639,#2640,#2641,#2642));
#6034=EDGE_LOOP('',(#2643,#2644,#2645,#2646));
#6035=EDGE_LOOP('',(#2647,#2648,#2649,#2650,#2651,#2652,#2653,#2654));
#6036=EDGE_LOOP('',(#2655,#2656,#2657,#2658,#2659,#2660,#2661));
#6037=EDGE_LOOP('',(#2662,#2663,#2664,#2665));
#6038=EDGE_LOOP('',(#2666,#2667,#2668,#2669));
#6039=EDGE_LOOP('',(#2670,#2671,#2672,#2673));
#6040=EDGE_LOOP('',(#2674,#2675,#2676,#2677));
#6041=EDGE_LOOP('',(#2678,#2679,#2680,#2681));
#6042=EDGE_LOOP('',(#2682,#2683,#2684,#2685));
#6043=EDGE_LOOP('',(#2686,#2687,#2688,#2689));
#6044=EDGE_LOOP('',(#2690,#2691,#2692,#2693));
#6045=EDGE_LOOP('',(#2694,#2695,#2696,#2697));
#6046=EDGE_LOOP('',(#2698,#2699,#2700,#2701,#2702,#2703));
#6047=EDGE_LOOP('',(#2704,#2705,#2706,#2707));
#6048=EDGE_LOOP('',(#2708,#2709,#2710,#2711));
#6049=EDGE_LOOP('',(#2712,#2713,#2714,#2715));
#6050=EDGE_LOOP('',(#2716,#2717,#2718,#2719,#2720,#2721));
#6051=EDGE_LOOP('',(#2722,#2723,#2724,#2725));
#6052=EDGE_LOOP('',(#2726,#2727,#2728,#2729));
#6053=EDGE_LOOP('',(#2730,#2731,#2732,#2733,#2734,#2735));
#6054=EDGE_LOOP('',(#2736,#2737,#2738,#2739));
#6055=EDGE_LOOP('',(#2740,#2741,#2742,#2743));
#6056=EDGE_LOOP('',(#2744,#2745,#2746,#2747));
#6057=EDGE_LOOP('',(#2748,#2749,#2750,#2751,#2752,#2753));
#6058=EDGE_LOOP('',(#2754,#2755,#2756,#2757));
#6059=EDGE_LOOP('',(#2758,#2759,#2760,#2761));
#6060=EDGE_LOOP('',(#2762,#2763,#2764,#2765));
#6061=EDGE_LOOP('',(#2766,#2767,#2768,#2769));
#6062=EDGE_LOOP('',(#2770,#2771,#2772,#2773,#2774,#2775));
#6063=EDGE_LOOP('',(#2776,#2777,#2778,#2779,#2780,#2781));
#6064=EDGE_LOOP('',(#2782,#2783,#2784,#2785));
#6065=EDGE_LOOP('',(#2786,#2787,#2788,#2789));
#6066=EDGE_LOOP('',(#2790,#2791,#2792,#2793));
#6067=EDGE_LOOP('',(#2794,#2795,#2796,#2797));
#6068=EDGE_LOOP('',(#2798,#2799,#2800,#2801));
#6069=EDGE_LOOP('',(#2802,#2803,#2804,#2805,#2806,#2807));
#6070=EDGE_LOOP('',(#2808,#2809,#2810,#2811,#2812,#2813));
#6071=EDGE_LOOP('',(#2814,#2815,#2816,#2817));
#6072=EDGE_LOOP('',(#2818,#2819,#2820,#2821));
#6073=EDGE_LOOP('',(#2822,#2823,#2824,#2825));
#6074=EDGE_LOOP('',(#2826,#2827,#2828,#2829));
#6075=EDGE_LOOP('',(#2830,#2831,#2832,#2833));
#6076=EDGE_LOOP('',(#2834,#2835,#2836,#2837));
#6077=EDGE_LOOP('',(#2838,#2839,#2840,#2841,#2842,#2843));
#6078=EDGE_LOOP('',(#2844,#2845,#2846,#2847,#2848,#2849));
#6079=EDGE_LOOP('',(#2850,#2851,#2852,#2853));
#6080=EDGE_LOOP('',(#2854));
#6081=EDGE_LOOP('',(#2855));
#6082=EDGE_LOOP('',(#2856));
#6083=EDGE_LOOP('',(#2857));
#6084=EDGE_LOOP('',(#2858));
#6085=EDGE_LOOP('',(#2859));
#6086=EDGE_LOOP('',(#2860));
#6087=EDGE_LOOP('',(#2861));
#6088=EDGE_LOOP('',(#2862,#2863,#2864,#2865));
#6089=EDGE_LOOP('',(#2866,#2867,#2868,#2869));
#6090=EDGE_LOOP('',(#2870,#2871,#2872,#2873));
#6091=EDGE_LOOP('',(#2874,#2875,#2876,#2877));
#6092=EDGE_LOOP('',(#2878,#2879,#2880,#2881));
#6093=EDGE_LOOP('',(#2882,#2883,#2884,#2885));
#6094=EDGE_LOOP('',(#2886,#2887,#2888,#2889));
#6095=EDGE_LOOP('',(#2890,#2891,#2892,#2893));
#6096=EDGE_LOOP('',(#2894,#2895,#2896,#2897));
#6097=EDGE_LOOP('',(#2898,#2899,#2900,#2901));
#6098=EDGE_LOOP('',(#2902,#2903,#2904,#2905));
#6099=EDGE_LOOP('',(#2906,#2907,#2908,#2909));
#6100=EDGE_LOOP('',(#2910,#2911,#2912,#2913));
#6101=EDGE_LOOP('',(#2914,#2915,#2916,#2917));
#6102=EDGE_LOOP('',(#2918,#2919,#2920,#2921));
#6103=EDGE_LOOP('',(#2922,#2923,#2924,#2925));
#6104=EDGE_LOOP('',(#2926,#2927,#2928,#2929));
#6105=EDGE_LOOP('',(#2930,#2931,#2932,#2933));
#6106=EDGE_LOOP('',(#2934,#2935,#2936,#2937));
#6107=EDGE_LOOP('',(#2938,#2939,#2940,#2941));
#6108=EDGE_LOOP('',(#2942,#2943,#2944,#2945));
#6109=EDGE_LOOP('',(#2946,#2947,#2948,#2949));
#6110=EDGE_LOOP('',(#2950,#2951,#2952,#2953));
#6111=EDGE_LOOP('',(#2954,#2955,#2956,#2957));
#6112=EDGE_LOOP('',(#2958,#2959,#2960,#2961));
#6113=EDGE_LOOP('',(#2962,#2963,#2964,#2965));
#6114=EDGE_LOOP('',(#2966,#2967,#2968,#2969));
#6115=EDGE_LOOP('',(#2970,#2971,#2972,#2973));
#6116=EDGE_LOOP('',(#2974,#2975,#2976,#2977));
#6117=EDGE_LOOP('',(#2978,#2979,#2980,#2981));
#6118=EDGE_LOOP('',(#2982,#2983,#2984,#2985));
#6119=EDGE_LOOP('',(#2986,#2987,#2988,#2989));
#6120=EDGE_LOOP('',(#2990,#2991,#2992,#2993));
#6121=EDGE_LOOP('',(#2994,#2995,#2996,#2997));
#6122=EDGE_LOOP('',(#2998,#2999,#3000,#3001));
#6123=EDGE_LOOP('',(#3002,#3003,#3004,#3005));
#6124=EDGE_LOOP('',(#3006,#3007,#3008,#3009));
#6125=EDGE_LOOP('',(#3010,#3011,#3012,#3013));
#6126=EDGE_LOOP('',(#3014,#3015));
#6127=EDGE_LOOP('',(#3016));
#6128=EDGE_LOOP('',(#3017,#3018,#3019,#3020));
#6129=EDGE_LOOP('',(#3021,#3022,#3023,#3024));
#6130=EDGE_LOOP('',(#3025));
#6131=EDGE_LOOP('',(#3026));
#6132=EDGE_LOOP('',(#3027,#3028,#3029,#3030));
#6133=EDGE_LOOP('',(#3031,#3032,#3033,#3034));
#6134=EDGE_LOOP('',(#3035));
#6135=EDGE_LOOP('',(#3036,#3037));
#6136=EDGE_LOOP('',(#3038,#3039,#3040,#3041));
#6137=EDGE_LOOP('',(#3042,#3043,#3044,#3045,#3046,#3047));
#6138=EDGE_LOOP('',(#3048,#3049,#3050,#3051));
#6139=EDGE_LOOP('',(#3052,#3053,#3054,#3055,#3056,#3057));
#6140=EDGE_LOOP('',(#3058,#3059,#3060,#3061));
#6141=EDGE_LOOP('',(#3062,#3063,#3064,#3065));
#6142=EDGE_LOOP('',(#3066,#3067,#3068,#3069));
#6143=EDGE_LOOP('',(#3070,#3071,#3072,#3073));
#6144=EDGE_LOOP('',(#3074,#3075));
#6145=EDGE_LOOP('',(#3076,#3077));
#6146=EDGE_LOOP('',(#3078));
#6147=EDGE_LOOP('',(#3079));
#6148=EDGE_LOOP('',(#3080,#3081,#3082,#3083,#3084,#3085));
#6149=EDGE_LOOP('',(#3086,#3087,#3088,#3089,#3090,#3091));
#6150=EDGE_LOOP('',(#3092,#3093,#3094,#3095));
#6151=EDGE_LOOP('',(#3096,#3097,#3098,#3099));
#6152=EDGE_LOOP('',(#3100));
#6153=EDGE_LOOP('',(#3101));
#6154=EDGE_LOOP('',(#3102,#3103));
#6155=EDGE_LOOP('',(#3104));
#6156=EDGE_LOOP('',(#3105,#3106,#3107,#3108));
#6157=EDGE_LOOP('',(#3109,#3110,#3111,#3112));
#6158=EDGE_LOOP('',(#3113));
#6159=EDGE_LOOP('',(#3114));
#6160=EDGE_LOOP('',(#3115,#3116,#3117,#3118));
#6161=EDGE_LOOP('',(#3119,#3120,#3121,#3122));
#6162=EDGE_LOOP('',(#3123,#3124));
#6163=EDGE_LOOP('',(#3125));
#6164=EDGE_LOOP('',(#3126,#3127,#3128,#3129));
#6165=EDGE_LOOP('',(#3130,#3131,#3132,#3133,#3134,#3135));
#6166=EDGE_LOOP('',(#3136,#3137,#3138,#3139));
#6167=EDGE_LOOP('',(#3140,#3141,#3142,#3143,#3144,#3145));
#6168=EDGE_LOOP('',(#3146,#3147,#3148,#3149));
#6169=EDGE_LOOP('',(#3150,#3151,#3152,#3153));
#6170=EDGE_LOOP('',(#3154,#3155,#3156,#3157));
#6171=EDGE_LOOP('',(#3158,#3159,#3160,#3161));
#6172=EDGE_LOOP('',(#3162,#3163));
#6173=EDGE_LOOP('',(#3164,#3165));
#6174=EDGE_LOOP('',(#3166));
#6175=EDGE_LOOP('',(#3167));
#6176=EDGE_LOOP('',(#3168,#3169,#3170,#3171,#3172,#3173));
#6177=EDGE_LOOP('',(#3174,#3175,#3176,#3177,#3178,#3179));
#6178=EDGE_LOOP('',(#3180,#3181,#3182,#3183));
#6179=EDGE_LOOP('',(#3184,#3185,#3186,#3187));
#6180=EDGE_LOOP('',(#3188));
#6181=EDGE_LOOP('',(#3189));
#6182=EDGE_LOOP('',(#3190,#3191));
#6183=EDGE_LOOP('',(#3192));
#6184=EDGE_LOOP('',(#3193,#3194,#3195,#3196));
#6185=EDGE_LOOP('',(#3197,#3198,#3199,#3200));
#6186=EDGE_LOOP('',(#3201));
#6187=EDGE_LOOP('',(#3202));
#6188=EDGE_LOOP('',(#3203,#3204,#3205,#3206));
#6189=EDGE_LOOP('',(#3207,#3208,#3209,#3210));
#6190=EDGE_LOOP('',(#3211,#3212));
#6191=EDGE_LOOP('',(#3213));
#6192=EDGE_LOOP('',(#3214,#3215,#3216,#3217));
#6193=EDGE_LOOP('',(#3218,#3219,#3220,#3221,#3222,#3223));
#6194=EDGE_LOOP('',(#3224,#3225,#3226,#3227));
#6195=EDGE_LOOP('',(#3228,#3229,#3230,#3231,#3232,#3233));
#6196=EDGE_LOOP('',(#3234,#3235,#3236,#3237));
#6197=EDGE_LOOP('',(#3238,#3239,#3240,#3241));
#6198=EDGE_LOOP('',(#3242,#3243,#3244,#3245));
#6199=EDGE_LOOP('',(#3246,#3247,#3248,#3249));
#6200=EDGE_LOOP('',(#3250,#3251));
#6201=EDGE_LOOP('',(#3252,#3253));
#6202=EDGE_LOOP('',(#3254));
#6203=EDGE_LOOP('',(#3255));
#6204=EDGE_LOOP('',(#3256,#3257,#3258,#3259,#3260,#3261));
#6205=EDGE_LOOP('',(#3262,#3263,#3264,#3265,#3266,#3267));
#6206=EDGE_LOOP('',(#3268,#3269,#3270,#3271));
#6207=EDGE_LOOP('',(#3272,#3273,#3274,#3275));
#6208=EDGE_LOOP('',(#3276));
#6209=EDGE_LOOP('',(#3277));
#6210=EDGE_LOOP('',(#3278,#3279));
#6211=EDGE_LOOP('',(#3280));
#6212=EDGE_LOOP('',(#3281,#3282,#3283,#3284));
#6213=EDGE_LOOP('',(#3285,#3286,#3287,#3288));
#6214=EDGE_LOOP('',(#3289));
#6215=EDGE_LOOP('',(#3290));
#6216=EDGE_LOOP('',(#3291,#3292,#3293,#3294));
#6217=EDGE_LOOP('',(#3295,#3296,#3297,#3298));
#6218=EDGE_LOOP('',(#3299,#3300));
#6219=EDGE_LOOP('',(#3301));
#6220=EDGE_LOOP('',(#3302,#3303,#3304,#3305));
#6221=EDGE_LOOP('',(#3306,#3307,#3308,#3309,#3310,#3311));
#6222=EDGE_LOOP('',(#3312,#3313,#3314,#3315));
#6223=EDGE_LOOP('',(#3316,#3317,#3318,#3319,#3320,#3321));
#6224=EDGE_LOOP('',(#3322,#3323,#3324,#3325));
#6225=EDGE_LOOP('',(#3326));
#6226=EDGE_LOOP('',(#3327));
#6227=EDGE_LOOP('',(#3328,#3329,#3330,#3331));
#6228=EDGE_LOOP('',(#3332,#3333,#3334,#3335));
#6229=EDGE_LOOP('',(#3336,#3337,#3338,#3339));
#6230=EDGE_LOOP('',(#3340,#3341));
#6231=EDGE_LOOP('',(#3342,#3343));
#6232=EDGE_LOOP('',(#3344,#3345,#3346,#3347,#3348,#3349));
#6233=EDGE_LOOP('',(#3350,#3351,#3352,#3353,#3354,#3355));
#6234=EDGE_LOOP('',(#3356,#3357,#3358,#3359));
#6235=EDGE_LOOP('',(#3360,#3361,#3362,#3363));
#6236=EDGE_LOOP('',(#3364));
#6237=EDGE_LOOP('',(#3365));
#6238=FACE_BOUND('',#5708,.T.);
#6239=FACE_BOUND('',#5709,.T.);
#6240=FACE_BOUND('',#5710,.T.);
#6241=FACE_BOUND('',#5711,.T.);
#6242=FACE_BOUND('',#5712,.T.);
#6243=FACE_BOUND('',#5713,.T.);
#6244=FACE_BOUND('',#5714,.T.);
#6245=FACE_BOUND('',#5715,.T.);
#6246=FACE_BOUND('',#5716,.T.);
#6247=FACE_BOUND('',#5717,.T.);
#6248=FACE_BOUND('',#5718,.T.);
#6249=FACE_BOUND('',#5719,.T.);
#6250=FACE_BOUND('',#5720,.T.);
#6251=FACE_BOUND('',#5721,.T.);
#6252=FACE_BOUND('',#5722,.T.);
#6253=FACE_BOUND('',#5723,.T.);
#6254=FACE_BOUND('',#5724,.T.);
#6255=FACE_BOUND('',#5725,.T.);
#6256=FACE_BOUND('',#5726,.T.);
#6257=FACE_BOUND('',#5727,.T.);
#6258=FACE_BOUND('',#5728,.T.);
#6259=FACE_BOUND('',#5729,.T.);
#6260=FACE_BOUND('',#5730,.T.);
#6261=FACE_BOUND('',#5731,.T.);
#6262=FACE_BOUND('',#5732,.T.);
#6263=FACE_BOUND('',#5733,.T.);
#6264=FACE_BOUND('',#5734,.T.);
#6265=FACE_BOUND('',#5735,.T.);
#6266=FACE_BOUND('',#5736,.T.);
#6267=FACE_BOUND('',#5737,.T.);
#6268=FACE_BOUND('',#5738,.T.);
#6269=FACE_BOUND('',#5739,.T.);
#6270=FACE_BOUND('',#5740,.T.);
#6271=FACE_BOUND('',#5741,.T.);
#6272=FACE_BOUND('',#5742,.T.);
#6273=FACE_BOUND('',#5743,.T.);
#6274=FACE_BOUND('',#5744,.T.);
#6275=FACE_BOUND('',#5745,.T.);
#6276=FACE_BOUND('',#5746,.T.);
#6277=FACE_BOUND('',#5747,.T.);
#6278=FACE_BOUND('',#5748,.T.);
#6279=FACE_BOUND('',#5749,.T.);
#6280=FACE_BOUND('',#5750,.T.);
#6281=FACE_BOUND('',#5751,.T.);
#6282=FACE_BOUND('',#5752,.T.);
#6283=FACE_BOUND('',#5753,.T.);
#6284=FACE_BOUND('',#5754,.T.);
#6285=FACE_BOUND('',#5755,.T.);
#6286=FACE_BOUND('',#5756,.T.);
#6287=FACE_BOUND('',#5757,.T.);
#6288=FACE_BOUND('',#5758,.T.);
#6289=FACE_BOUND('',#5759,.T.);
#6290=FACE_BOUND('',#5760,.T.);
#6291=FACE_BOUND('',#5761,.T.);
#6292=FACE_BOUND('',#5762,.T.);
#6293=FACE_BOUND('',#5763,.T.);
#6294=FACE_BOUND('',#5764,.T.);
#6295=FACE_BOUND('',#5765,.T.);
#6296=FACE_BOUND('',#5766,.T.);
#6297=FACE_BOUND('',#5767,.T.);
#6298=FACE_BOUND('',#5768,.T.);
#6299=FACE_BOUND('',#5769,.T.);
#6300=FACE_BOUND('',#5770,.T.);
#6301=FACE_BOUND('',#5771,.T.);
#6302=FACE_BOUND('',#5772,.T.);
#6303=FACE_BOUND('',#5773,.T.);
#6304=FACE_BOUND('',#5774,.T.);
#6305=FACE_BOUND('',#5775,.T.);
#6306=FACE_BOUND('',#5776,.T.);
#6307=FACE_BOUND('',#5777,.T.);
#6308=FACE_BOUND('',#5778,.T.);
#6309=FACE_BOUND('',#5779,.T.);
#6310=FACE_BOUND('',#5780,.T.);
#6311=FACE_BOUND('',#5781,.T.);
#6312=FACE_BOUND('',#5782,.T.);
#6313=FACE_BOUND('',#5783,.T.);
#6314=FACE_BOUND('',#5784,.T.);
#6315=FACE_BOUND('',#5785,.T.);
#6316=FACE_BOUND('',#5786,.T.);
#6317=FACE_BOUND('',#5787,.T.);
#6318=FACE_BOUND('',#5788,.T.);
#6319=FACE_BOUND('',#5789,.T.);
#6320=FACE_BOUND('',#5790,.T.);
#6321=FACE_BOUND('',#5791,.T.);
#6322=FACE_BOUND('',#5792,.T.);
#6323=FACE_BOUND('',#5793,.T.);
#6324=FACE_BOUND('',#5794,.T.);
#6325=FACE_BOUND('',#5795,.T.);
#6326=FACE_BOUND('',#5796,.T.);
#6327=FACE_BOUND('',#5797,.T.);
#6328=FACE_BOUND('',#5798,.T.);
#6329=FACE_BOUND('',#5799,.T.);
#6330=FACE_BOUND('',#5800,.T.);
#6331=FACE_BOUND('',#5801,.T.);
#6332=FACE_BOUND('',#5802,.T.);
#6333=FACE_BOUND('',#5803,.T.);
#6334=FACE_BOUND('',#5804,.T.);
#6335=FACE_BOUND('',#5805,.T.);
#6336=FACE_BOUND('',#5806,.T.);
#6337=FACE_BOUND('',#5807,.T.);
#6338=FACE_BOUND('',#5808,.T.);
#6339=FACE_BOUND('',#5809,.T.);
#6340=FACE_BOUND('',#5810,.T.);
#6341=FACE_BOUND('',#5811,.T.);
#6342=FACE_BOUND('',#5812,.T.);
#6343=FACE_BOUND('',#5813,.T.);
#6344=FACE_BOUND('',#5814,.T.);
#6345=FACE_BOUND('',#5815,.T.);
#6346=FACE_BOUND('',#5816,.T.);
#6347=FACE_BOUND('',#5817,.T.);
#6348=FACE_BOUND('',#5818,.T.);
#6349=FACE_BOUND('',#5819,.T.);
#6350=FACE_BOUND('',#5820,.T.);
#6351=FACE_BOUND('',#5821,.T.);
#6352=FACE_BOUND('',#5822,.T.);
#6353=FACE_BOUND('',#5823,.T.);
#6354=FACE_BOUND('',#5824,.T.);
#6355=FACE_BOUND('',#5825,.T.);
#6356=FACE_BOUND('',#5826,.T.);
#6357=FACE_BOUND('',#5827,.T.);
#6358=FACE_BOUND('',#5828,.T.);
#6359=FACE_BOUND('',#5829,.T.);
#6360=FACE_BOUND('',#5830,.T.);
#6361=FACE_BOUND('',#5831,.T.);
#6362=FACE_BOUND('',#5832,.T.);
#6363=FACE_BOUND('',#5833,.T.);
#6364=FACE_BOUND('',#5834,.T.);
#6365=FACE_BOUND('',#5835,.T.);
#6366=FACE_BOUND('',#5836,.T.);
#6367=FACE_BOUND('',#5837,.T.);
#6368=FACE_BOUND('',#5838,.T.);
#6369=FACE_BOUND('',#5839,.T.);
#6370=FACE_BOUND('',#5840,.T.);
#6371=FACE_BOUND('',#5841,.T.);
#6372=FACE_BOUND('',#5842,.T.);
#6373=FACE_BOUND('',#5843,.T.);
#6374=FACE_BOUND('',#5844,.T.);
#6375=FACE_BOUND('',#5845,.T.);
#6376=FACE_BOUND('',#5846,.T.);
#6377=FACE_BOUND('',#5847,.T.);
#6378=FACE_BOUND('',#5848,.T.);
#6379=FACE_BOUND('',#5849,.T.);
#6380=FACE_BOUND('',#5850,.T.);
#6381=FACE_BOUND('',#5851,.T.);
#6382=FACE_BOUND('',#5852,.T.);
#6383=FACE_BOUND('',#5853,.T.);
#6384=FACE_BOUND('',#5854,.T.);
#6385=FACE_BOUND('',#5855,.T.);
#6386=FACE_BOUND('',#5856,.T.);
#6387=FACE_BOUND('',#5857,.T.);
#6388=FACE_BOUND('',#5858,.T.);
#6389=FACE_BOUND('',#5859,.T.);
#6390=FACE_BOUND('',#5860,.T.);
#6391=FACE_BOUND('',#5861,.T.);
#6392=FACE_BOUND('',#5862,.T.);
#6393=FACE_BOUND('',#5863,.T.);
#6394=FACE_BOUND('',#5864,.T.);
#6395=FACE_BOUND('',#5865,.T.);
#6396=FACE_BOUND('',#5866,.T.);
#6397=FACE_BOUND('',#5867,.T.);
#6398=FACE_BOUND('',#5868,.T.);
#6399=FACE_BOUND('',#5869,.T.);
#6400=FACE_BOUND('',#5870,.T.);
#6401=FACE_BOUND('',#5871,.T.);
#6402=FACE_BOUND('',#5872,.T.);
#6403=FACE_BOUND('',#5873,.T.);
#6404=FACE_BOUND('',#5874,.T.);
#6405=FACE_BOUND('',#5875,.T.);
#6406=FACE_BOUND('',#5876,.T.);
#6407=FACE_BOUND('',#5877,.T.);
#6408=FACE_BOUND('',#5878,.T.);
#6409=FACE_BOUND('',#5879,.T.);
#6410=FACE_BOUND('',#5880,.T.);
#6411=FACE_BOUND('',#5881,.T.);
#6412=FACE_BOUND('',#5882,.T.);
#6413=FACE_BOUND('',#5883,.T.);
#6414=FACE_BOUND('',#5884,.T.);
#6415=FACE_BOUND('',#5885,.T.);
#6416=FACE_BOUND('',#5886,.T.);
#6417=FACE_BOUND('',#5887,.T.);
#6418=FACE_BOUND('',#5888,.T.);
#6419=FACE_BOUND('',#5889,.T.);
#6420=FACE_BOUND('',#5890,.T.);
#6421=FACE_BOUND('',#5891,.T.);
#6422=FACE_BOUND('',#5892,.T.);
#6423=FACE_BOUND('',#5893,.T.);
#6424=FACE_BOUND('',#5894,.T.);
#6425=FACE_BOUND('',#5895,.T.);
#6426=FACE_BOUND('',#5896,.T.);
#6427=FACE_BOUND('',#5897,.T.);
#6428=FACE_BOUND('',#5898,.T.);
#6429=FACE_BOUND('',#5899,.T.);
#6430=FACE_BOUND('',#5900,.T.);
#6431=FACE_BOUND('',#5901,.T.);
#6432=FACE_BOUND('',#5902,.T.);
#6433=FACE_BOUND('',#5903,.T.);
#6434=FACE_BOUND('',#5904,.T.);
#6435=FACE_BOUND('',#5905,.T.);
#6436=FACE_BOUND('',#5906,.T.);
#6437=FACE_BOUND('',#5907,.T.);
#6438=FACE_BOUND('',#5908,.T.);
#6439=FACE_BOUND('',#5909,.T.);
#6440=FACE_BOUND('',#5910,.T.);
#6441=FACE_BOUND('',#5911,.T.);
#6442=FACE_BOUND('',#5912,.T.);
#6443=FACE_BOUND('',#5913,.T.);
#6444=FACE_BOUND('',#5914,.T.);
#6445=FACE_BOUND('',#5915,.T.);
#6446=FACE_BOUND('',#5916,.T.);
#6447=FACE_BOUND('',#5917,.T.);
#6448=FACE_BOUND('',#5918,.T.);
#6449=FACE_BOUND('',#5919,.T.);
#6450=FACE_BOUND('',#5920,.T.);
#6451=FACE_BOUND('',#5921,.T.);
#6452=FACE_BOUND('',#5922,.T.);
#6453=FACE_BOUND('',#5923,.T.);
#6454=FACE_BOUND('',#5924,.T.);
#6455=FACE_BOUND('',#5925,.T.);
#6456=FACE_BOUND('',#5926,.T.);
#6457=FACE_BOUND('',#5927,.T.);
#6458=FACE_BOUND('',#5928,.T.);
#6459=FACE_BOUND('',#5929,.T.);
#6460=FACE_BOUND('',#5930,.T.);
#6461=FACE_BOUND('',#5931,.T.);
#6462=FACE_BOUND('',#5932,.T.);
#6463=FACE_BOUND('',#5933,.T.);
#6464=FACE_BOUND('',#5934,.T.);
#6465=FACE_BOUND('',#5935,.T.);
#6466=FACE_BOUND('',#5936,.T.);
#6467=FACE_BOUND('',#5937,.T.);
#6468=FACE_BOUND('',#5938,.T.);
#6469=FACE_BOUND('',#5939,.T.);
#6470=FACE_BOUND('',#5940,.T.);
#6471=FACE_BOUND('',#5941,.T.);
#6472=FACE_BOUND('',#5942,.T.);
#6473=FACE_BOUND('',#5943,.T.);
#6474=FACE_BOUND('',#5944,.T.);
#6475=FACE_BOUND('',#5945,.T.);
#6476=FACE_BOUND('',#5946,.T.);
#6477=FACE_BOUND('',#5947,.T.);
#6478=FACE_BOUND('',#5948,.T.);
#6479=FACE_BOUND('',#5949,.T.);
#6480=FACE_BOUND('',#5950,.T.);
#6481=FACE_BOUND('',#5951,.T.);
#6482=FACE_BOUND('',#5952,.T.);
#6483=FACE_BOUND('',#5953,.T.);
#6484=FACE_BOUND('',#5954,.T.);
#6485=FACE_BOUND('',#5955,.T.);
#6486=FACE_BOUND('',#5956,.T.);
#6487=FACE_BOUND('',#5957,.T.);
#6488=FACE_BOUND('',#5958,.T.);
#6489=FACE_BOUND('',#5959,.T.);
#6490=FACE_BOUND('',#5960,.T.);
#6491=FACE_BOUND('',#5961,.T.);
#6492=FACE_BOUND('',#5962,.T.);
#6493=FACE_BOUND('',#5963,.T.);
#6494=FACE_BOUND('',#5964,.T.);
#6495=FACE_BOUND('',#5965,.T.);
#6496=FACE_BOUND('',#5966,.T.);
#6497=FACE_BOUND('',#5967,.T.);
#6498=FACE_BOUND('',#5968,.T.);
#6499=FACE_BOUND('',#5969,.T.);
#6500=FACE_BOUND('',#5970,.T.);
#6501=FACE_BOUND('',#5971,.T.);
#6502=FACE_BOUND('',#5972,.T.);
#6503=FACE_BOUND('',#5973,.T.);
#6504=FACE_BOUND('',#5974,.T.);
#6505=FACE_BOUND('',#5975,.T.);
#6506=FACE_BOUND('',#5976,.T.);
#6507=FACE_BOUND('',#5977,.T.);
#6508=FACE_BOUND('',#5978,.T.);
#6509=FACE_BOUND('',#5979,.T.);
#6510=FACE_BOUND('',#5980,.T.);
#6511=FACE_BOUND('',#5981,.T.);
#6512=FACE_BOUND('',#5982,.T.);
#6513=FACE_BOUND('',#5983,.T.);
#6514=FACE_BOUND('',#5984,.T.);
#6515=FACE_BOUND('',#5985,.T.);
#6516=FACE_BOUND('',#5986,.T.);
#6517=FACE_BOUND('',#5987,.T.);
#6518=FACE_BOUND('',#5988,.T.);
#6519=FACE_BOUND('',#5989,.T.);
#6520=FACE_BOUND('',#5990,.T.);
#6521=FACE_BOUND('',#5991,.T.);
#6522=FACE_BOUND('',#5992,.T.);
#6523=FACE_BOUND('',#5993,.T.);
#6524=FACE_BOUND('',#5994,.T.);
#6525=FACE_BOUND('',#5995,.T.);
#6526=FACE_BOUND('',#5996,.T.);
#6527=FACE_BOUND('',#5997,.T.);
#6528=FACE_BOUND('',#5998,.T.);
#6529=FACE_BOUND('',#5999,.T.);
#6530=FACE_BOUND('',#6000,.T.);
#6531=FACE_BOUND('',#6001,.T.);
#6532=FACE_BOUND('',#6002,.T.);
#6533=FACE_BOUND('',#6003,.T.);
#6534=FACE_BOUND('',#6004,.T.);
#6535=FACE_BOUND('',#6005,.T.);
#6536=FACE_BOUND('',#6006,.T.);
#6537=FACE_BOUND('',#6007,.T.);
#6538=FACE_BOUND('',#6008,.T.);
#6539=FACE_BOUND('',#6009,.T.);
#6540=FACE_BOUND('',#6010,.T.);
#6541=FACE_BOUND('',#6011,.T.);
#6542=FACE_BOUND('',#6012,.T.);
#6543=FACE_BOUND('',#6013,.T.);
#6544=FACE_BOUND('',#6014,.T.);
#6545=FACE_BOUND('',#6015,.T.);
#6546=FACE_BOUND('',#6016,.T.);
#6547=FACE_BOUND('',#6017,.T.);
#6548=FACE_BOUND('',#6018,.T.);
#6549=FACE_BOUND('',#6019,.T.);
#6550=FACE_BOUND('',#6020,.T.);
#6551=FACE_BOUND('',#6021,.T.);
#6552=FACE_BOUND('',#6022,.T.);
#6553=FACE_BOUND('',#6023,.T.);
#6554=FACE_BOUND('',#6024,.T.);
#6555=FACE_BOUND('',#6025,.T.);
#6556=FACE_BOUND('',#6026,.T.);
#6557=FACE_BOUND('',#6027,.T.);
#6558=FACE_BOUND('',#6028,.T.);
#6559=FACE_BOUND('',#6029,.T.);
#6560=FACE_BOUND('',#6030,.T.);
#6561=FACE_BOUND('',#6031,.T.);
#6562=FACE_BOUND('',#6032,.T.);
#6563=FACE_BOUND('',#6033,.T.);
#6564=FACE_BOUND('',#6034,.T.);
#6565=FACE_BOUND('',#6035,.T.);
#6566=FACE_BOUND('',#6036,.T.);
#6567=FACE_BOUND('',#6037,.T.);
#6568=FACE_BOUND('',#6038,.T.);
#6569=FACE_BOUND('',#6039,.T.);
#6570=FACE_BOUND('',#6040,.T.);
#6571=FACE_BOUND('',#6041,.T.);
#6572=FACE_BOUND('',#6042,.T.);
#6573=FACE_BOUND('',#6043,.T.);
#6574=FACE_BOUND('',#6044,.T.);
#6575=FACE_BOUND('',#6045,.T.);
#6576=FACE_BOUND('',#6046,.T.);
#6577=FACE_BOUND('',#6047,.T.);
#6578=FACE_BOUND('',#6048,.T.);
#6579=FACE_BOUND('',#6049,.T.);
#6580=FACE_BOUND('',#6050,.T.);
#6581=FACE_BOUND('',#6051,.T.);
#6582=FACE_BOUND('',#6052,.T.);
#6583=FACE_BOUND('',#6053,.T.);
#6584=FACE_BOUND('',#6054,.T.);
#6585=FACE_BOUND('',#6055,.T.);
#6586=FACE_BOUND('',#6056,.T.);
#6587=FACE_BOUND('',#6057,.T.);
#6588=FACE_BOUND('',#6058,.T.);
#6589=FACE_BOUND('',#6059,.T.);
#6590=FACE_BOUND('',#6060,.T.);
#6591=FACE_BOUND('',#6061,.T.);
#6592=FACE_BOUND('',#6062,.T.);
#6593=FACE_BOUND('',#6063,.T.);
#6594=FACE_BOUND('',#6064,.T.);
#6595=FACE_BOUND('',#6065,.T.);
#6596=FACE_BOUND('',#6066,.T.);
#6597=FACE_BOUND('',#6067,.T.);
#6598=FACE_BOUND('',#6068,.T.);
#6599=FACE_BOUND('',#6069,.T.);
#6600=FACE_BOUND('',#6070,.T.);
#6601=FACE_BOUND('',#6071,.T.);
#6602=FACE_BOUND('',#6072,.T.);
#6603=FACE_BOUND('',#6073,.T.);
#6604=FACE_BOUND('',#6074,.T.);
#6605=FACE_BOUND('',#6075,.T.);
#6606=FACE_BOUND('',#6076,.T.);
#6607=FACE_BOUND('',#6077,.T.);
#6608=FACE_BOUND('',#6078,.T.);
#6609=FACE_BOUND('',#6079,.T.);
#6610=FACE_BOUND('',#6080,.T.);
#6611=FACE_BOUND('',#6081,.T.);
#6612=FACE_BOUND('',#6082,.T.);
#6613=FACE_BOUND('',#6083,.T.);
#6614=FACE_BOUND('',#6084,.T.);
#6615=FACE_BOUND('',#6085,.T.);
#6616=FACE_BOUND('',#6086,.T.);
#6617=FACE_BOUND('',#6087,.T.);
#6618=FACE_BOUND('',#6088,.T.);
#6619=FACE_BOUND('',#6089,.T.);
#6620=FACE_BOUND('',#6090,.T.);
#6621=FACE_BOUND('',#6091,.T.);
#6622=FACE_BOUND('',#6092,.T.);
#6623=FACE_BOUND('',#6093,.T.);
#6624=FACE_BOUND('',#6094,.T.);
#6625=FACE_BOUND('',#6095,.T.);
#6626=FACE_BOUND('',#6096,.T.);
#6627=FACE_BOUND('',#6097,.T.);
#6628=FACE_BOUND('',#6098,.T.);
#6629=FACE_BOUND('',#6099,.T.);
#6630=FACE_BOUND('',#6100,.T.);
#6631=FACE_BOUND('',#6101,.T.);
#6632=FACE_BOUND('',#6102,.T.);
#6633=FACE_BOUND('',#6103,.T.);
#6634=FACE_BOUND('',#6104,.T.);
#6635=FACE_BOUND('',#6105,.T.);
#6636=FACE_BOUND('',#6106,.T.);
#6637=FACE_BOUND('',#6107,.T.);
#6638=FACE_BOUND('',#6108,.T.);
#6639=FACE_BOUND('',#6109,.T.);
#6640=FACE_BOUND('',#6110,.T.);
#6641=FACE_BOUND('',#6111,.T.);
#6642=FACE_BOUND('',#6112,.T.);
#6643=FACE_BOUND('',#6113,.T.);
#6644=FACE_BOUND('',#6114,.T.);
#6645=FACE_BOUND('',#6115,.T.);
#6646=FACE_BOUND('',#6116,.T.);
#6647=FACE_BOUND('',#6117,.T.);
#6648=FACE_BOUND('',#6118,.T.);
#6649=FACE_BOUND('',#6119,.T.);
#6650=FACE_BOUND('',#6120,.T.);
#6651=FACE_BOUND('',#6121,.T.);
#6652=FACE_BOUND('',#6122,.T.);
#6653=FACE_BOUND('',#6123,.T.);
#6654=FACE_BOUND('',#6124,.T.);
#6655=FACE_BOUND('',#6125,.T.);
#6656=FACE_BOUND('',#6126,.T.);
#6657=FACE_BOUND('',#6127,.T.);
#6658=FACE_BOUND('',#6128,.T.);
#6659=FACE_BOUND('',#6129,.T.);
#6660=FACE_BOUND('',#6130,.T.);
#6661=FACE_BOUND('',#6131,.T.);
#6662=FACE_BOUND('',#6132,.T.);
#6663=FACE_BOUND('',#6133,.T.);
#6664=FACE_BOUND('',#6134,.T.);
#6665=FACE_BOUND('',#6135,.T.);
#6666=FACE_BOUND('',#6136,.T.);
#6667=FACE_BOUND('',#6137,.T.);
#6668=FACE_BOUND('',#6138,.T.);
#6669=FACE_BOUND('',#6139,.T.);
#6670=FACE_BOUND('',#6140,.T.);
#6671=FACE_BOUND('',#6141,.T.);
#6672=FACE_BOUND('',#6142,.T.);
#6673=FACE_BOUND('',#6143,.T.);
#6674=FACE_BOUND('',#6144,.T.);
#6675=FACE_BOUND('',#6145,.T.);
#6676=FACE_BOUND('',#6146,.T.);
#6677=FACE_BOUND('',#6147,.T.);
#6678=FACE_BOUND('',#6148,.T.);
#6679=FACE_BOUND('',#6149,.T.);
#6680=FACE_BOUND('',#6150,.T.);
#6681=FACE_BOUND('',#6151,.T.);
#6682=FACE_BOUND('',#6152,.T.);
#6683=FACE_BOUND('',#6153,.T.);
#6684=FACE_BOUND('',#6154,.T.);
#6685=FACE_BOUND('',#6155,.T.);
#6686=FACE_BOUND('',#6156,.T.);
#6687=FACE_BOUND('',#6157,.T.);
#6688=FACE_BOUND('',#6158,.T.);
#6689=FACE_BOUND('',#6159,.T.);
#6690=FACE_BOUND('',#6160,.T.);
#6691=FACE_BOUND('',#6161,.T.);
#6692=FACE_BOUND('',#6162,.T.);
#6693=FACE_BOUND('',#6163,.T.);
#6694=FACE_BOUND('',#6164,.T.);
#6695=FACE_BOUND('',#6165,.T.);
#6696=FACE_BOUND('',#6166,.T.);
#6697=FACE_BOUND('',#6167,.T.);
#6698=FACE_BOUND('',#6168,.T.);
#6699=FACE_BOUND('',#6169,.T.);
#6700=FACE_BOUND('',#6170,.T.);
#6701=FACE_BOUND('',#6171,.T.);
#6702=FACE_BOUND('',#6172,.T.);
#6703=FACE_BOUND('',#6173,.T.);
#6704=FACE_BOUND('',#6174,.T.);
#6705=FACE_BOUND('',#6175,.T.);
#6706=FACE_BOUND('',#6176,.T.);
#6707=FACE_BOUND('',#6177,.T.);
#6708=FACE_BOUND('',#6178,.T.);
#6709=FACE_BOUND('',#6179,.T.);
#6710=FACE_BOUND('',#6180,.T.);
#6711=FACE_BOUND('',#6181,.T.);
#6712=FACE_BOUND('',#6182,.T.);
#6713=FACE_BOUND('',#6183,.T.);
#6714=FACE_BOUND('',#6184,.T.);
#6715=FACE_BOUND('',#6185,.T.);
#6716=FACE_BOUND('',#6186,.T.);
#6717=FACE_BOUND('',#6187,.T.);
#6718=FACE_BOUND('',#6188,.T.);
#6719=FACE_BOUND('',#6189,.T.);
#6720=FACE_BOUND('',#6190,.T.);
#6721=FACE_BOUND('',#6191,.T.);
#6722=FACE_BOUND('',#6192,.T.);
#6723=FACE_BOUND('',#6193,.T.);
#6724=FACE_BOUND('',#6194,.T.);
#6725=FACE_BOUND('',#6195,.T.);
#6726=FACE_BOUND('',#6196,.T.);
#6727=FACE_BOUND('',#6197,.T.);
#6728=FACE_BOUND('',#6198,.T.);
#6729=FACE_BOUND('',#6199,.T.);
#6730=FACE_BOUND('',#6200,.T.);
#6731=FACE_BOUND('',#6201,.T.);
#6732=FACE_BOUND('',#6202,.T.);
#6733=FACE_BOUND('',#6203,.T.);
#6734=FACE_BOUND('',#6204,.T.);
#6735=FACE_BOUND('',#6205,.T.);
#6736=FACE_BOUND('',#6206,.T.);
#6737=FACE_BOUND('',#6207,.T.);
#6738=FACE_BOUND('',#6208,.T.);
#6739=FACE_BOUND('',#6209,.T.);
#6740=FACE_BOUND('',#6210,.T.);
#6741=FACE_BOUND('',#6211,.T.);
#6742=FACE_BOUND('',#6212,.T.);
#6743=FACE_BOUND('',#6213,.T.);
#6744=FACE_BOUND('',#6214,.T.);
#6745=FACE_BOUND('',#6215,.T.);
#6746=FACE_BOUND('',#6216,.T.);
#6747=FACE_BOUND('',#6217,.T.);
#6748=FACE_BOUND('',#6218,.T.);
#6749=FACE_BOUND('',#6219,.T.);
#6750=FACE_BOUND('',#6220,.T.);
#6751=FACE_BOUND('',#6221,.T.);
#6752=FACE_BOUND('',#6222,.T.);
#6753=FACE_BOUND('',#6223,.T.);
#6754=FACE_BOUND('',#6224,.T.);
#6755=FACE_BOUND('',#6225,.T.);
#6756=FACE_BOUND('',#6226,.T.);
#6757=FACE_BOUND('',#6227,.T.);
#6758=FACE_BOUND('',#6228,.T.);
#6759=FACE_BOUND('',#6229,.T.);
#6760=FACE_BOUND('',#6230,.T.);
#6761=FACE_BOUND('',#6231,.T.);
#6762=FACE_BOUND('',#6232,.T.);
#6763=FACE_BOUND('',#6233,.T.);
#6764=FACE_BOUND('',#6234,.T.);
#6765=FACE_BOUND('',#6235,.T.);
#6766=FACE_BOUND('',#6236,.T.);
#6767=FACE_BOUND('',#6237,.T.);
#6768=PLANE('',#7415);
#6769=PLANE('',#7417);
#6770=PLANE('',#7423);
#6771=PLANE('',#7424);
#6772=PLANE('',#7442);
#6773=PLANE('',#7447);
#6774=PLANE('',#7464);
#6775=PLANE('',#7473);
#6776=PLANE('',#7474);
#6777=PLANE('',#7484);
#6778=PLANE('',#7485);
#6779=PLANE('',#7486);
#6780=PLANE('',#7487);
#6781=PLANE('',#7497);
#6782=PLANE('',#7498);
#6783=PLANE('',#7499);
#6784=PLANE('',#7500);
#6785=PLANE('',#7501);
#6786=PLANE('',#7511);
#6787=PLANE('',#7512);
#6788=PLANE('',#7513);
#6789=PLANE('',#7514);
#6790=PLANE('',#7524);
#6791=PLANE('',#7580);
#6792=PLANE('',#7583);
#6793=PLANE('',#7587);
#6794=PLANE('',#7595);
#6795=PLANE('',#7600);
#6796=PLANE('',#7603);
#6797=PLANE('',#7611);
#6798=PLANE('',#7612);
#6799=PLANE('',#7613);
#6800=PLANE('',#7614);
#6801=PLANE('',#7615);
#6802=PLANE('',#7616);
#6803=PLANE('',#7617);
#6804=PLANE('',#7618);
#6805=PLANE('',#7620);
#6806=PLANE('',#7621);
#6807=PLANE('',#7623);
#6808=PLANE('',#7624);
#6809=PLANE('',#7626);
#6810=PLANE('',#7628);
#6811=PLANE('',#7649);
#6812=PLANE('',#7652);
#6813=PLANE('',#7655);
#6814=PLANE('',#7656);
#6815=PLANE('',#7659);
#6816=PLANE('',#7663);
#6817=PLANE('',#7666);
#6818=PLANE('',#7669);
#6819=PLANE('',#7672);
#6820=PLANE('',#7674);
#6821=PLANE('',#7677);
#6822=PLANE('',#7678);
#6823=PLANE('',#7682);
#6824=PLANE('',#7684);
#6825=PLANE('',#7717);
#6826=PLANE('',#7746);
#6827=PLANE('',#7752);
#6828=PLANE('',#7766);
#6829=PLANE('',#7769);
#6830=PLANE('',#7772);
#6831=PLANE('',#7775);
#6832=PLANE('',#7777);
#6833=PLANE('',#7780);
#6834=PLANE('',#7782);
#6835=PLANE('',#7788);
#6836=PLANE('',#7802);
#6837=PLANE('',#7805);
#6838=PLANE('',#7807);
#6839=PLANE('',#7810);
#6840=PLANE('',#7813);
#6841=PLANE('',#7816);
#6842=PLANE('',#7819);
#6843=PLANE('',#7825);
#6844=PLANE('',#7839);
#6845=PLANE('',#7842);
#6846=PLANE('',#7845);
#6847=PLANE('',#7848);
#6848=PLANE('',#7850);
#6849=PLANE('',#7853);
#6850=PLANE('',#7855);
#6851=PLANE('',#7861);
#6852=PLANE('',#7875);
#6853=PLANE('',#7878);
#6854=PLANE('',#7880);
#6855=PLANE('',#7883);
#6856=PLANE('',#7886);
#6857=PLANE('',#7889);
#6858=PLANE('',#7895);
#6859=PLANE('',#7898);
#6860=PLANE('',#7900);
#6861=PLANE('',#7904);
#6862=PLANE('',#7911);
#6863=PLANE('',#7915);
#6864=PLANE('',#7916);
#6865=PLANE('',#7921);
#6866=PLANE('',#7935);
#6867=PLANE('',#7936);
#6868=PLANE('',#7937);
#6869=PLANE('',#7941);
#6870=PLANE('',#7950);
#6871=PLANE('',#7955);
#6872=PLANE('',#7960);
#6873=PLANE('',#7965);
#6874=PLANE('',#7970);
#6875=PLANE('',#7977);
#6876=PLANE('',#7978);
#6877=PLANE('',#7985);
#6878=PLANE('',#7986);
#6879=PLANE('',#7993);
#6880=PLANE('',#7994);
#6881=PLANE('',#8001);
#6882=PLANE('',#8111);
#6883=PLANE('',#8113);
#6884=PLANE('',#8129);
#6885=PLANE('',#8134);
#6886=PLANE('',#8136);
#6887=PLANE('',#8138);
#6888=PLANE('',#8142);
#6889=PLANE('',#8143);
#6890=PLANE('',#8147);
#6891=PLANE('',#8148);
#6892=PLANE('',#8149);
#6893=PLANE('',#8150);
#6894=PLANE('',#8162);
#6895=PLANE('',#8170);
#6896=PLANE('',#8172);
#6897=PLANE('',#8174);
#6898=PLANE('',#8178);
#6899=PLANE('',#8179);
#6900=PLANE('',#8183);
#6901=PLANE('',#8184);
#6902=PLANE('',#8185);
#6903=PLANE('',#8186);
#6904=PLANE('',#8198);
#6905=PLANE('',#8206);
#6906=PLANE('',#8208);
#6907=PLANE('',#8210);
#6908=PLANE('',#8214);
#6909=PLANE('',#8215);
#6910=PLANE('',#8219);
#6911=PLANE('',#8220);
#6912=PLANE('',#8221);
#6913=PLANE('',#8222);
#6914=PLANE('',#8234);
#6915=PLANE('',#8242);
#6916=PLANE('',#8244);
#6917=PLANE('',#8246);
#6918=PLANE('',#8247);
#6919=PLANE('',#8251);
#6920=PLANE('',#8252);
#6921=PLANE('',#8256);
#6922=PLANE('',#8257);
#6923=PLANE('',#8258);
#6924=ADVANCED_FACE('',(#6238),#6768,.F.);
#6925=ADVANCED_FACE('',(#6239),#6769,.F.);
#6926=ADVANCED_FACE('',(#6240),#298,.F.);
#6927=ADVANCED_FACE('',(#6241),#299,.F.);
#6928=ADVANCED_FACE('',(#6242),#6770,.F.);
#6929=ADVANCED_FACE('',(#6243),#6771,.F.);
#6930=ADVANCED_FACE('',(#6244),#300,.F.);
#6931=ADVANCED_FACE('',(#6245),#301,.F.);
#6932=ADVANCED_FACE('',(#6246),#302,.T.);
#6933=ADVANCED_FACE('',(#6247),#303,.T.);
#6934=ADVANCED_FACE('',(#6248),#304,.T.);
#6935=ADVANCED_FACE('',(#6249),#305,.T.);
#6936=ADVANCED_FACE('',(#6250),#306,.T.);
#6937=ADVANCED_FACE('',(#6251),#307,.T.);
#6938=ADVANCED_FACE('',(#6252,#6253),#276,.T.);
#6939=ADVANCED_FACE('',(#6254,#6255),#277,.F.);
#6940=ADVANCED_FACE('',(#6256),#308,.F.);
#6941=ADVANCED_FACE('',(#6257),#309,.F.);
#6942=ADVANCED_FACE('',(#6258),#6772,.F.);
#6943=ADVANCED_FACE('',(#6259),#310,.F.);
#6944=ADVANCED_FACE('',(#6260),#311,.T.);
#6945=ADVANCED_FACE('',(#6261),#6773,.T.);
#6946=ADVANCED_FACE('',(#6262),#312,.T.);
#6947=ADVANCED_FACE('',(#6263),#140,.T.);
#6948=ADVANCED_FACE('',(#6264),#141,.T.);
#6949=ADVANCED_FACE('',(#6265),#142,.T.);
#6950=ADVANCED_FACE('',(#6266),#143,.T.);
#6951=ADVANCED_FACE('',(#6267),#144,.T.);
#6952=ADVANCED_FACE('',(#6268,#6269),#6774,.F.);
#6953=ADVANCED_FACE('',(#6270),#145,.T.);
#6954=ADVANCED_FACE('',(#6271),#146,.T.);
#6955=ADVANCED_FACE('',(#6272),#6775,.F.);
#6956=ADVANCED_FACE('',(#6273),#6776,.F.);
#6957=ADVANCED_FACE('',(#6274),#147,.T.);
#6958=ADVANCED_FACE('',(#6275),#148,.T.);
#6959=ADVANCED_FACE('',(#6276),#149,.T.);
#6960=ADVANCED_FACE('',(#6277),#6777,.F.);
#6961=ADVANCED_FACE('',(#6278),#6778,.F.);
#6962=ADVANCED_FACE('',(#6279),#6779,.F.);
#6963=ADVANCED_FACE('',(#6280),#6780,.F.);
#6964=ADVANCED_FACE('',(#6281),#150,.T.);
#6965=ADVANCED_FACE('',(#6282),#151,.T.);
#6966=ADVANCED_FACE('',(#6283),#152,.T.);
#6967=ADVANCED_FACE('',(#6284),#6781,.F.);
#6968=ADVANCED_FACE('',(#6285),#6782,.F.);
#6969=ADVANCED_FACE('',(#6286),#6783,.F.);
#6970=ADVANCED_FACE('',(#6287),#6784,.F.);
#6971=ADVANCED_FACE('',(#6288),#6785,.F.);
#6972=ADVANCED_FACE('',(#6289),#153,.T.);
#6973=ADVANCED_FACE('',(#6290),#154,.T.);
#6974=ADVANCED_FACE('',(#6291),#155,.T.);
#6975=ADVANCED_FACE('',(#6292),#6786,.F.);
#6976=ADVANCED_FACE('',(#6293),#6787,.F.);
#6977=ADVANCED_FACE('',(#6294),#6788,.F.);
#6978=ADVANCED_FACE('',(#6295),#6789,.F.);
#6979=ADVANCED_FACE('',(#6296),#156,.T.);
#6980=ADVANCED_FACE('',(#6297),#157,.T.);
#6981=ADVANCED_FACE('',(#6298),#158,.T.);
#6982=ADVANCED_FACE('',(#6299),#159,.T.);
#6983=ADVANCED_FACE('',(#6300),#6790,.F.);
#6984=ADVANCED_FACE('',(#6301),#160,.T.);
#6985=ADVANCED_FACE('',(#6302),#161,.T.);
#6986=ADVANCED_FACE('',(#6303),#162,.T.);
#6987=ADVANCED_FACE('',(#6304),#163,.T.);
#6988=ADVANCED_FACE('',(#6305),#164,.T.);
#6989=ADVANCED_FACE('',(#6306),#165,.T.);
#6990=ADVANCED_FACE('',(#6307),#166,.T.);
#6991=ADVANCED_FACE('',(#6308),#167,.T.);
#6992=ADVANCED_FACE('',(#6309),#168,.T.);
#6993=ADVANCED_FACE('',(#6310),#169,.T.);
#6994=ADVANCED_FACE('',(#6311),#170,.T.);
#6995=ADVANCED_FACE('',(#6312),#171,.T.);
#6996=ADVANCED_FACE('',(#6313),#172,.T.);
#6997=ADVANCED_FACE('',(#6314),#313,.T.);
#6998=ADVANCED_FACE('',(#6315),#314,.T.);
#6999=ADVANCED_FACE('',(#6316),#173,.T.);
#7000=ADVANCED_FACE('',(#6317),#174,.T.);
#7001=ADVANCED_FACE('',(#6318),#175,.T.);
#7002=ADVANCED_FACE('',(#6319),#176,.T.);
#7003=ADVANCED_FACE('',(#6320),#177,.T.);
#7004=ADVANCED_FACE('',(#6321),#178,.T.);
#7005=ADVANCED_FACE('',(#6322,#6323),#6791,.F.);
#7006=ADVANCED_FACE('',(#6324),#6792,.F.);
#7007=ADVANCED_FACE('',(#6325),#315,.F.);
#7008=ADVANCED_FACE('',(#6326),#316,.F.);
#7009=ADVANCED_FACE('',(#6327),#6793,.F.);
#7010=ADVANCED_FACE('',(#6328),#317,.F.);
#7011=ADVANCED_FACE('',(#6329),#318,.F.);
#7012=ADVANCED_FACE('',(#6330),#319,.F.);
#7013=ADVANCED_FACE('',(#6331),#320,.F.);
#7014=ADVANCED_FACE('',(#6332),#6794,.F.);
#7015=ADVANCED_FACE('',(#6333),#321,.F.);
#7016=ADVANCED_FACE('',(#6334),#322,.F.);
#7017=ADVANCED_FACE('',(#6335),#6795,.F.);
#7018=ADVANCED_FACE('',(#6336),#323,.F.);
#7019=ADVANCED_FACE('',(#6337),#6796,.F.);
#7020=ADVANCED_FACE('',(#6338),#324,.F.);
#7021=ADVANCED_FACE('',(#6339),#325,.F.);
#7022=ADVANCED_FACE('',(#6340),#326,.F.);
#7023=ADVANCED_FACE('',(#6341),#327,.F.);
#7024=ADVANCED_FACE('',(#6342),#328,.F.);
#7025=ADVANCED_FACE('',(#6343),#6797,.F.);
#7026=ADVANCED_FACE('',(#6344),#6798,.F.);
#7027=ADVANCED_FACE('',(#6345),#6799,.F.);
#7028=ADVANCED_FACE('',(#6346),#6800,.F.);
#7029=ADVANCED_FACE('',(#6347),#6801,.F.);
#7030=ADVANCED_FACE('',(#6348),#6802,.F.);
#7031=ADVANCED_FACE('',(#6349),#6803,.F.);
#7032=ADVANCED_FACE('',(#6350),#6804,.F.);
#7033=ADVANCED_FACE('',(#6351),#179,.T.);
#7034=ADVANCED_FACE('',(#6352),#6805,.F.);
#7035=ADVANCED_FACE('',(#6353),#6806,.F.);
#7036=ADVANCED_FACE('',(#6354),#180,.T.);
#7037=ADVANCED_FACE('',(#6355),#6807,.F.);
#7038=ADVANCED_FACE('',(#6356),#6808,.F.);
#7039=ADVANCED_FACE('',(#6357),#181,.T.);
#7040=ADVANCED_FACE('',(#6358),#6809,.F.);
#7041=ADVANCED_FACE('',(#6359),#329,.F.);
#7042=ADVANCED_FACE('',(#6360,#6361),#6810,.F.);
#7043=ADVANCED_FACE('',(#6362),#330,.F.);
#7044=ADVANCED_FACE('',(#6363),#6811,.F.);
#7045=ADVANCED_FACE('',(#6364),#331,.T.);
#7046=ADVANCED_FACE('',(#6365),#6812,.F.);
#7047=ADVANCED_FACE('',(#6366),#332,.T.);
#7048=ADVANCED_FACE('',(#6367),#6813,.F.);
#7049=ADVANCED_FACE('',(#6368),#6814,.T.);
#7050=ADVANCED_FACE('',(#6369),#333,.T.);
#7051=ADVANCED_FACE('',(#6370),#6815,.F.);
#7052=ADVANCED_FACE('',(#6371),#334,.T.);
#7053=ADVANCED_FACE('',(#6372),#6816,.T.);
#7054=ADVANCED_FACE('',(#6373),#335,.T.);
#7055=ADVANCED_FACE('',(#6374),#6817,.F.);
#7056=ADVANCED_FACE('',(#6375),#336,.T.);
#7057=ADVANCED_FACE('',(#6376),#6818,.F.);
#7058=ADVANCED_FACE('',(#6377),#337,.T.);
#7059=ADVANCED_FACE('',(#6378),#6819,.F.);
#7060=ADVANCED_FACE('',(#6379),#182,.T.);
#7061=ADVANCED_FACE('',(#6380),#6820,.F.);
#7062=ADVANCED_FACE('',(#6381),#338,.T.);
#7063=ADVANCED_FACE('',(#6382),#6821,.T.);
#7064=ADVANCED_FACE('',(#6383),#6822,.F.);
#7065=ADVANCED_FACE('',(#6384),#339,.F.);
#7066=ADVANCED_FACE('',(#6385),#6823,.F.);
#7067=ADVANCED_FACE('',(#6386),#183,.T.);
#7068=ADVANCED_FACE('',(#6387),#6824,.F.);
#7069=ADVANCED_FACE('',(#6388),#340,.T.);
#7070=ADVANCED_FACE('',(#6389),#341,.T.);
#7071=ADVANCED_FACE('',(#6390),#342,.T.);
#7072=ADVANCED_FACE('',(#6391),#343,.T.);
#7073=ADVANCED_FACE('',(#6392),#344,.T.);
#7074=ADVANCED_FACE('',(#6393),#345,.T.);
#7075=ADVANCED_FACE('',(#6394),#184,.T.);
#7076=ADVANCED_FACE('',(#6395),#185,.T.);
#7077=ADVANCED_FACE('',(#6396),#186,.T.);
#7078=ADVANCED_FACE('',(#6397),#187,.T.);
#7079=ADVANCED_FACE('',(#6398),#188,.T.);
#7080=ADVANCED_FACE('',(#6399),#189,.T.);
#7081=ADVANCED_FACE('',(#6400),#190,.T.);
#7082=ADVANCED_FACE('',(#6401),#191,.T.);
#7083=ADVANCED_FACE('',(#6402),#192,.T.);
#7084=ADVANCED_FACE('',(#6403),#193,.T.);
#7085=ADVANCED_FACE('',(#6404),#194,.T.);
#7086=ADVANCED_FACE('',(#6405),#195,.T.);
#7087=ADVANCED_FACE('',(#6406),#196,.T.);
#7088=ADVANCED_FACE('',(#6407),#197,.T.);
#7089=ADVANCED_FACE('',(#6408),#198,.T.);
#7090=ADVANCED_FACE('',(#6409),#199,.T.);
#7091=ADVANCED_FACE('',(#6410,#6411),#6825,.T.);
#7092=ADVANCED_FACE('',(#6412),#6826,.F.);
#7093=ADVANCED_FACE('',(#6413,#6414),#200,.T.);
#7094=ADVANCED_FACE('',(#6415,#6416),#346,.T.);
#7095=ADVANCED_FACE('',(#6417,#6418),#6827,.F.);
#7096=ADVANCED_FACE('',(#6419),#201,.T.);
#7097=ADVANCED_FACE('',(#6420),#202,.T.);
#7098=ADVANCED_FACE('',(#6421),#203,.T.);
#7099=ADVANCED_FACE('',(#6422),#204,.T.);
#7100=ADVANCED_FACE('',(#6423),#205,.T.);
#7101=ADVANCED_FACE('',(#6424),#206,.T.);
#7102=ADVANCED_FACE('',(#6425),#6828,.F.);
#7103=ADVANCED_FACE('',(#6426),#207,.T.);
#7104=ADVANCED_FACE('',(#6427),#6829,.F.);
#7105=ADVANCED_FACE('',(#6428),#208,.T.);
#7106=ADVANCED_FACE('',(#6429),#6830,.F.);
#7107=ADVANCED_FACE('',(#6430),#209,.T.);
#7108=ADVANCED_FACE('',(#6431),#6831,.F.);
#7109=ADVANCED_FACE('',(#6432),#210,.T.);
#7110=ADVANCED_FACE('',(#6433),#6832,.F.);
#7111=ADVANCED_FACE('',(#6434),#211,.T.);
#7112=ADVANCED_FACE('',(#6435),#6833,.F.);
#7113=ADVANCED_FACE('',(#6436),#212,.T.);
#7114=ADVANCED_FACE('',(#6437),#6834,.F.);
#7115=ADVANCED_FACE('',(#6438,#6439),#213,.T.);
#7116=ADVANCED_FACE('',(#6440,#6441),#347,.T.);
#7117=ADVANCED_FACE('',(#6442,#6443),#6835,.F.);
#7118=ADVANCED_FACE('',(#6444),#214,.T.);
#7119=ADVANCED_FACE('',(#6445),#215,.T.);
#7120=ADVANCED_FACE('',(#6446),#216,.T.);
#7121=ADVANCED_FACE('',(#6447),#217,.T.);
#7122=ADVANCED_FACE('',(#6448),#218,.T.);
#7123=ADVANCED_FACE('',(#6449),#219,.T.);
#7124=ADVANCED_FACE('',(#6450),#6836,.F.);
#7125=ADVANCED_FACE('',(#6451),#220,.T.);
#7126=ADVANCED_FACE('',(#6452),#6837,.F.);
#7127=ADVANCED_FACE('',(#6453),#221,.T.);
#7128=ADVANCED_FACE('',(#6454),#6838,.F.);
#7129=ADVANCED_FACE('',(#6455),#222,.T.);
#7130=ADVANCED_FACE('',(#6456),#6839,.F.);
#7131=ADVANCED_FACE('',(#6457),#223,.T.);
#7132=ADVANCED_FACE('',(#6458),#6840,.F.);
#7133=ADVANCED_FACE('',(#6459),#224,.T.);
#7134=ADVANCED_FACE('',(#6460),#6841,.F.);
#7135=ADVANCED_FACE('',(#6461),#225,.T.);
#7136=ADVANCED_FACE('',(#6462),#6842,.F.);
#7137=ADVANCED_FACE('',(#6463,#6464),#226,.T.);
#7138=ADVANCED_FACE('',(#6465,#6466),#348,.T.);
#7139=ADVANCED_FACE('',(#6467,#6468),#6843,.F.);
#7140=ADVANCED_FACE('',(#6469),#227,.T.);
#7141=ADVANCED_FACE('',(#6470),#228,.T.);
#7142=ADVANCED_FACE('',(#6471),#229,.T.);
#7143=ADVANCED_FACE('',(#6472),#230,.T.);
#7144=ADVANCED_FACE('',(#6473),#231,.T.);
#7145=ADVANCED_FACE('',(#6474),#232,.T.);
#7146=ADVANCED_FACE('',(#6475),#6844,.F.);
#7147=ADVANCED_FACE('',(#6476),#233,.T.);
#7148=ADVANCED_FACE('',(#6477),#6845,.F.);
#7149=ADVANCED_FACE('',(#6478),#234,.T.);
#7150=ADVANCED_FACE('',(#6479),#6846,.F.);
#7151=ADVANCED_FACE('',(#6480),#235,.T.);
#7152=ADVANCED_FACE('',(#6481),#6847,.F.);
#7153=ADVANCED_FACE('',(#6482),#236,.T.);
#7154=ADVANCED_FACE('',(#6483),#6848,.F.);
#7155=ADVANCED_FACE('',(#6484),#237,.T.);
#7156=ADVANCED_FACE('',(#6485),#6849,.F.);
#7157=ADVANCED_FACE('',(#6486),#238,.T.);
#7158=ADVANCED_FACE('',(#6487),#6850,.F.);
#7159=ADVANCED_FACE('',(#6488,#6489),#239,.T.);
#7160=ADVANCED_FACE('',(#6490,#6491),#349,.T.);
#7161=ADVANCED_FACE('',(#6492,#6493),#6851,.F.);
#7162=ADVANCED_FACE('',(#6494),#240,.T.);
#7163=ADVANCED_FACE('',(#6495),#241,.T.);
#7164=ADVANCED_FACE('',(#6496),#242,.T.);
#7165=ADVANCED_FACE('',(#6497),#243,.T.);
#7166=ADVANCED_FACE('',(#6498),#244,.T.);
#7167=ADVANCED_FACE('',(#6499),#245,.T.);
#7168=ADVANCED_FACE('',(#6500),#6852,.F.);
#7169=ADVANCED_FACE('',(#6501),#246,.T.);
#7170=ADVANCED_FACE('',(#6502),#6853,.F.);
#7171=ADVANCED_FACE('',(#6503),#247,.T.);
#7172=ADVANCED_FACE('',(#6504),#6854,.F.);
#7173=ADVANCED_FACE('',(#6505),#248,.T.);
#7174=ADVANCED_FACE('',(#6506),#6855,.F.);
#7175=ADVANCED_FACE('',(#6507),#249,.T.);
#7176=ADVANCED_FACE('',(#6508),#6856,.F.);
#7177=ADVANCED_FACE('',(#6509),#250,.T.);
#7178=ADVANCED_FACE('',(#6510),#6857,.F.);
#7179=ADVANCED_FACE('',(#6511),#251,.T.);
#7180=ADVANCED_FACE('',(#6512),#350,.T.);
#7181=ADVANCED_FACE('',(#6513),#6858,.F.);
#7182=ADVANCED_FACE('',(#6514),#6859,.F.);
#7183=ADVANCED_FACE('',(#6515),#6860,.F.);
#7184=ADVANCED_FACE('',(#6516),#351,.T.);
#7185=ADVANCED_FACE('',(#6517),#6861,.F.);
#7186=ADVANCED_FACE('',(#6518),#352,.F.);
#7187=ADVANCED_FACE('',(#6519),#353,.T.);
#7188=ADVANCED_FACE('',(#6520),#6862,.F.);
#7189=ADVANCED_FACE('',(#6521),#354,.F.);
#7190=ADVANCED_FACE('',(#6522),#6863,.F.);
#7191=ADVANCED_FACE('',(#6523),#6864,.F.);
#7192=ADVANCED_FACE('',(#6524),#6865,.F.);
#7193=ADVANCED_FACE('',(#6525),#355,.T.);
#7194=ADVANCED_FACE('',(#6526),#356,.T.);
#7195=ADVANCED_FACE('',(#6527),#357,.T.);
#7196=ADVANCED_FACE('',(#6528),#6866,.T.);
#7197=ADVANCED_FACE('',(#6529),#6867,.T.);
#7198=ADVANCED_FACE('',(#6530),#6868,.F.);
#7199=ADVANCED_FACE('',(#6531),#6869,.T.);
#7200=ADVANCED_FACE('',(#6532,#6533),#358,.T.);
#7201=ADVANCED_FACE('',(#6534),#6870,.F.);
#7202=ADVANCED_FACE('',(#6535),#6871,.T.);
#7203=ADVANCED_FACE('',(#6536),#6872,.T.);
#7204=ADVANCED_FACE('',(#6537),#6873,.T.);
#7205=ADVANCED_FACE('',(#6538),#6874,.T.);
#7206=ADVANCED_FACE('',(#6539),#252,.F.);
#7207=ADVANCED_FACE('',(#6540),#253,.F.);
#7208=ADVANCED_FACE('',(#6541),#254,.T.);
#7209=ADVANCED_FACE('',(#6542),#255,.T.);
#7210=ADVANCED_FACE('',(#6543),#256,.F.);
#7211=ADVANCED_FACE('',(#6544),#257,.F.);
#7212=ADVANCED_FACE('',(#6545),#6875,.T.);
#7213=ADVANCED_FACE('',(#6546),#6876,.T.);
#7214=ADVANCED_FACE('',(#6547),#258,.F.);
#7215=ADVANCED_FACE('',(#6548),#259,.F.);
#7216=ADVANCED_FACE('',(#6549),#260,.T.);
#7217=ADVANCED_FACE('',(#6550),#261,.T.);
#7218=ADVANCED_FACE('',(#6551),#262,.F.);
#7219=ADVANCED_FACE('',(#6552),#263,.F.);
#7220=ADVANCED_FACE('',(#6553),#6877,.T.);
#7221=ADVANCED_FACE('',(#6554),#6878,.F.);
#7222=ADVANCED_FACE('',(#6555),#264,.F.);
#7223=ADVANCED_FACE('',(#6556),#265,.F.);
#7224=ADVANCED_FACE('',(#6557),#266,.T.);
#7225=ADVANCED_FACE('',(#6558),#267,.T.);
#7226=ADVANCED_FACE('',(#6559),#268,.F.);
#7227=ADVANCED_FACE('',(#6560),#269,.F.);
#7228=ADVANCED_FACE('',(#6561),#6879,.F.);
#7229=ADVANCED_FACE('',(#6562),#6880,.F.);
#7230=ADVANCED_FACE('',(#6563),#270,.F.);
#7231=ADVANCED_FACE('',(#6564),#271,.F.);
#7232=ADVANCED_FACE('',(#6565),#272,.T.);
#7233=ADVANCED_FACE('',(#6566),#273,.T.);
#7234=ADVANCED_FACE('',(#6567),#274,.F.);
#7235=ADVANCED_FACE('',(#6568),#275,.F.);
#7236=ADVANCED_FACE('',(#6569),#6881,.F.);
#7237=ADVANCED_FACE('',(#6570),#80,.T.);
#7238=ADVANCED_FACE('',(#6571),#359,.T.);
#7239=ADVANCED_FACE('',(#6572),#360,.T.);
#7240=ADVANCED_FACE('',(#6573),#81,.T.);
#7241=ADVANCED_FACE('',(#6574),#82,.T.);
#7242=ADVANCED_FACE('',(#6575),#361,.T.);
#7243=ADVANCED_FACE('',(#6576),#362,.T.);
#7244=ADVANCED_FACE('',(#6577),#83,.T.);
#7245=ADVANCED_FACE('',(#6578),#363,.T.);
#7246=ADVANCED_FACE('',(#6579),#364,.T.);
#7247=ADVANCED_FACE('',(#6580),#365,.T.);
#7248=ADVANCED_FACE('',(#6581),#84,.T.);
#7249=ADVANCED_FACE('',(#6582),#85,.T.);
#7250=ADVANCED_FACE('',(#6583),#366,.T.);
#7251=ADVANCED_FACE('',(#6584),#86,.T.);
#7252=ADVANCED_FACE('',(#6585),#367,.T.);
#7253=ADVANCED_FACE('',(#6586),#87,.T.);
#7254=ADVANCED_FACE('',(#6587),#368,.T.);
#7255=ADVANCED_FACE('',(#6588),#369,.T.);
#7256=ADVANCED_FACE('',(#6589),#88,.T.);
#7257=ADVANCED_FACE('',(#6590),#89,.T.);
#7258=ADVANCED_FACE('',(#6591),#76,.F.);
#7259=ADVANCED_FACE('',(#6592),#370,.T.);
#7260=ADVANCED_FACE('',(#6593),#371,.T.);
#7261=ADVANCED_FACE('',(#6594),#90,.F.);
#7262=ADVANCED_FACE('',(#6595),#91,.F.);
#7263=ADVANCED_FACE('',(#6596),#372,.T.);
#7264=ADVANCED_FACE('',(#6597),#92,.T.);
#7265=ADVANCED_FACE('',(#6598),#77,.F.);
#7266=ADVANCED_FACE('',(#6599),#373,.T.);
#7267=ADVANCED_FACE('',(#6600),#374,.T.);
#7268=ADVANCED_FACE('',(#6601),#93,.T.);
#7269=ADVANCED_FACE('',(#6602),#94,.T.);
#7270=ADVANCED_FACE('',(#6603),#95,.T.);
#7271=ADVANCED_FACE('',(#6604),#375,.T.);
#7272=ADVANCED_FACE('',(#6605),#96,.T.);
#7273=ADVANCED_FACE('',(#6606),#97,.T.);
#7274=ADVANCED_FACE('',(#6607),#376,.T.);
#7275=ADVANCED_FACE('',(#6608),#377,.T.);
#7276=ADVANCED_FACE('',(#6609),#378,.T.);
#7277=ADVANCED_FACE('',(#6610,#6611),#98,.F.);
#7278=ADVANCED_FACE('',(#6612,#6613),#99,.F.);
#7279=ADVANCED_FACE('',(#6614,#6615),#100,.F.);
#7280=ADVANCED_FACE('',(#6616,#6617),#101,.F.);
#7281=ADVANCED_FACE('',(#6618),#102,.F.);
#7282=ADVANCED_FACE('',(#6619),#379,.F.);
#7283=ADVANCED_FACE('',(#6620),#380,.F.);
#7284=ADVANCED_FACE('',(#6621),#103,.F.);
#7285=ADVANCED_FACE('',(#6622),#104,.F.);
#7286=ADVANCED_FACE('',(#6623),#381,.F.);
#7287=ADVANCED_FACE('',(#6624),#382,.F.);
#7288=ADVANCED_FACE('',(#6625),#105,.F.);
#7289=ADVANCED_FACE('',(#6626),#106,.F.);
#7290=ADVANCED_FACE('',(#6627),#383,.F.);
#7291=ADVANCED_FACE('',(#6628),#384,.F.);
#7292=ADVANCED_FACE('',(#6629),#107,.F.);
#7293=ADVANCED_FACE('',(#6630),#78,.F.);
#7294=ADVANCED_FACE('',(#6631),#108,.F.);
#7295=ADVANCED_FACE('',(#6632),#109,.F.);
#7296=ADVANCED_FACE('',(#6633),#79,.F.);
#7297=ADVANCED_FACE('',(#6634),#110,.F.);
#7298=ADVANCED_FACE('',(#6635),#385,.F.);
#7299=ADVANCED_FACE('',(#6636),#386,.F.);
#7300=ADVANCED_FACE('',(#6637),#111,.F.);
#7301=ADVANCED_FACE('',(#6638),#112,.F.);
#7302=ADVANCED_FACE('',(#6639),#387,.F.);
#7303=ADVANCED_FACE('',(#6640),#388,.F.);
#7304=ADVANCED_FACE('',(#6641),#113,.F.);
#7305=ADVANCED_FACE('',(#6642),#114,.F.);
#7306=ADVANCED_FACE('',(#6643),#389,.F.);
#7307=ADVANCED_FACE('',(#6644),#390,.F.);
#7308=ADVANCED_FACE('',(#6645),#115,.F.);
#7309=ADVANCED_FACE('',(#6646,#6647),#391,.F.);
#7310=ADVANCED_FACE('',(#6648),#6882,.T.);
#7311=ADVANCED_FACE('',(#6649),#392,.F.);
#7312=ADVANCED_FACE('',(#6650),#278,.F.);
#7313=ADVANCED_FACE('',(#6651),#279,.F.);
#7314=ADVANCED_FACE('',(#6652),#6883,.F.);
#7315=ADVANCED_FACE('',(#6653),#393,.F.);
#7316=ADVANCED_FACE('',(#6654),#280,.F.);
#7317=ADVANCED_FACE('',(#6655),#281,.F.);
#7318=ADVANCED_FACE('',(#6656,#6657),#394,.F.);
#7319=ADVANCED_FACE('',(#6658,#6659,#6660,#6661),#395,.T.);
#7320=ADVANCED_FACE('',(#6662),#396,.T.);
#7321=ADVANCED_FACE('',(#6663),#6884,.F.);
#7322=ADVANCED_FACE('',(#6664,#6665),#397,.F.);
#7323=ADVANCED_FACE('',(#6666),#6885,.T.);
#7324=ADVANCED_FACE('',(#6667),#282,.F.);
#7325=ADVANCED_FACE('',(#6668),#6886,.F.);
#7326=ADVANCED_FACE('',(#6669),#283,.F.);
#7327=ADVANCED_FACE('',(#6670),#6887,.T.);
#7328=ADVANCED_FACE('',(#6671),#398,.T.);
#7329=ADVANCED_FACE('',(#6672),#6888,.T.);
#7330=ADVANCED_FACE('',(#6673),#6889,.F.);
#7331=ADVANCED_FACE('',(#6674,#6675),#399,.F.);
#7332=ADVANCED_FACE('',(#6676,#6677),#6890,.F.);
#7333=ADVANCED_FACE('',(#6678),#284,.T.);
#7334=ADVANCED_FACE('',(#6679),#285,.T.);
#7335=ADVANCED_FACE('',(#6680),#6891,.T.);
#7336=ADVANCED_FACE('',(#6681),#6892,.F.);
#7337=ADVANCED_FACE('',(#6682,#6683),#6893,.F.);
#7338=ADVANCED_FACE('',(#6684,#6685),#400,.F.);
#7339=ADVANCED_FACE('',(#6686,#6687,#6688,#6689),#401,.T.);
#7340=ADVANCED_FACE('',(#6690),#6894,.F.);
#7341=ADVANCED_FACE('',(#6691),#402,.T.);
#7342=ADVANCED_FACE('',(#6692,#6693),#403,.F.);
#7343=ADVANCED_FACE('',(#6694),#6895,.T.);
#7344=ADVANCED_FACE('',(#6695),#286,.F.);
#7345=ADVANCED_FACE('',(#6696),#6896,.F.);
#7346=ADVANCED_FACE('',(#6697),#287,.F.);
#7347=ADVANCED_FACE('',(#6698),#6897,.T.);
#7348=ADVANCED_FACE('',(#6699),#404,.T.);
#7349=ADVANCED_FACE('',(#6700),#6898,.T.);
#7350=ADVANCED_FACE('',(#6701),#6899,.F.);
#7351=ADVANCED_FACE('',(#6702,#6703),#405,.F.);
#7352=ADVANCED_FACE('',(#6704,#6705),#6900,.F.);
#7353=ADVANCED_FACE('',(#6706),#288,.T.);
#7354=ADVANCED_FACE('',(#6707),#289,.T.);
#7355=ADVANCED_FACE('',(#6708),#6901,.T.);
#7356=ADVANCED_FACE('',(#6709),#6902,.F.);
#7357=ADVANCED_FACE('',(#6710,#6711),#6903,.F.);
#7358=ADVANCED_FACE('',(#6712,#6713),#406,.F.);
#7359=ADVANCED_FACE('',(#6714,#6715,#6716,#6717),#407,.T.);
#7360=ADVANCED_FACE('',(#6718),#6904,.F.);
#7361=ADVANCED_FACE('',(#6719),#408,.T.);
#7362=ADVANCED_FACE('',(#6720,#6721),#409,.F.);
#7363=ADVANCED_FACE('',(#6722),#6905,.T.);
#7364=ADVANCED_FACE('',(#6723),#290,.F.);
#7365=ADVANCED_FACE('',(#6724),#6906,.F.);
#7366=ADVANCED_FACE('',(#6725),#291,.F.);
#7367=ADVANCED_FACE('',(#6726),#6907,.T.);
#7368=ADVANCED_FACE('',(#6727),#410,.T.);
#7369=ADVANCED_FACE('',(#6728),#6908,.T.);
#7370=ADVANCED_FACE('',(#6729),#6909,.F.);
#7371=ADVANCED_FACE('',(#6730,#6731),#411,.F.);
#7372=ADVANCED_FACE('',(#6732,#6733),#6910,.F.);
#7373=ADVANCED_FACE('',(#6734),#292,.T.);
#7374=ADVANCED_FACE('',(#6735),#293,.T.);
#7375=ADVANCED_FACE('',(#6736),#6911,.T.);
#7376=ADVANCED_FACE('',(#6737),#6912,.F.);
#7377=ADVANCED_FACE('',(#6738,#6739),#6913,.F.);
#7378=ADVANCED_FACE('',(#6740,#6741),#412,.F.);
#7379=ADVANCED_FACE('',(#6742,#6743,#6744,#6745),#413,.T.);
#7380=ADVANCED_FACE('',(#6746),#6914,.F.);
#7381=ADVANCED_FACE('',(#6747),#414,.T.);
#7382=ADVANCED_FACE('',(#6748,#6749),#415,.F.);
#7383=ADVANCED_FACE('',(#6750),#6915,.T.);
#7384=ADVANCED_FACE('',(#6751),#294,.F.);
#7385=ADVANCED_FACE('',(#6752),#6916,.F.);
#7386=ADVANCED_FACE('',(#6753),#295,.F.);
#7387=ADVANCED_FACE('',(#6754),#6917,.T.);
#7388=ADVANCED_FACE('',(#6755,#6756),#6918,.F.);
#7389=ADVANCED_FACE('',(#6757),#416,.T.);
#7390=ADVANCED_FACE('',(#6758),#6919,.T.);
#7391=ADVANCED_FACE('',(#6759),#6920,.F.);
#7392=ADVANCED_FACE('',(#6760,#6761),#417,.F.);
#7393=ADVANCED_FACE('',(#6762),#296,.T.);
#7394=ADVANCED_FACE('',(#6763),#297,.T.);
#7395=ADVANCED_FACE('',(#6764),#6921,.T.);
#7396=ADVANCED_FACE('',(#6765),#6922,.F.);
#7397=ADVANCED_FACE('',(#6766,#6767),#6923,.F.);
#7398=CLOSED_SHELL('',(#6924,#6925,#6926,#6927,#6928,#6929,#6930,#6931,
#6932,#6933,#6934,#6935,#6936,#6937,#6938,#6939,#6940,#6941,#6942,#6943,
#6944,#6945,#6946,#6947,#6948,#6949,#6950,#6951,#6952,#6953,#6954,#6955,
#6956,#6957,#6958,#6959,#6960,#6961,#6962,#6963,#6964,#6965,#6966,#6967,
#6968,#6969,#6970,#6971,#6972,#6973,#6974,#6975,#6976,#6977,#6978,#6979,
#6980,#6981,#6982,#6983,#6984,#6985,#6986,#6987,#6988,#6989,#6990,#6991,
#6992,#6993,#6994,#6995,#6996,#6997,#6998,#6999,#7000,#7001,#7002,#7003,
#7004,#7005,#7006,#7007,#7008,#7009,#7010,#7011,#7012,#7013,#7014,#7015,
#7016,#7017,#7018,#7019,#7020,#7021,#7022,#7023,#7024,#7025,#7026,#7027,
#7028,#7029,#7030,#7031,#7032,#7033,#7034,#7035,#7036,#7037,#7038,#7039,
#7040,#7041,#7042,#7043,#7044,#7045,#7046,#7047,#7048,#7049,#7050,#7051,
#7052,#7053,#7054,#7055,#7056,#7057,#7058,#7059,#7060,#7061,#7062,#7063,
#7064,#7065,#7066,#7067,#7068,#7069,#7070,#7071,#7072,#7073,#7074,#7075,
#7076,#7077,#7078,#7079,#7080,#7081,#7082,#7083,#7084,#7085,#7086,#7087,
#7088,#7089,#7090,#7091,#7092,#7093,#7094,#7095,#7096,#7097,#7098,#7099,
#7100,#7101,#7102,#7103,#7104,#7105,#7106,#7107,#7108,#7109,#7110,#7111,
#7112,#7113,#7114,#7115,#7116,#7117,#7118,#7119,#7120,#7121,#7122,#7123,
#7124,#7125,#7126,#7127,#7128,#7129,#7130,#7131,#7132,#7133,#7134,#7135,
#7136,#7137,#7138,#7139,#7140,#7141,#7142,#7143,#7144,#7145,#7146,#7147,
#7148,#7149,#7150,#7151,#7152,#7153,#7154,#7155,#7156,#7157,#7158,#7159,
#7160,#7161,#7162,#7163,#7164,#7165,#7166,#7167,#7168,#7169,#7170,#7171,
#7172,#7173,#7174,#7175,#7176,#7177,#7178,#7179,#7180,#7181,#7182,#7183,
#7184,#7185,#7186,#7187,#7188,#7189,#7190,#7191,#7192,#7193,#7194,#7195,
#7196,#7197,#7198,#7199,#7200,#7201,#7202,#7203,#7204,#7205,#7206,#7207,
#7208,#7209,#7210,#7211,#7212,#7213,#7214,#7215,#7216,#7217,#7218,#7219,
#7220,#7221,#7222,#7223,#7224,#7225,#7226,#7227,#7228,#7229,#7230,#7231,
#7232,#7233,#7234,#7235,#7236,#7237,#7238,#7239,#7240,#7241,#7242,#7243,
#7244,#7245,#7246,#7247,#7248,#7249,#7250,#7251,#7252,#7253,#7254,#7255,
#7256,#7257,#7258,#7259,#7260,#7261,#7262,#7263,#7264,#7265,#7266,#7267,
#7268,#7269,#7270,#7271,#7272,#7273,#7274,#7275,#7276,#7277,#7278,#7279,
#7280,#7281,#7282,#7283,#7284,#7285,#7286,#7287,#7288,#7289,#7290,#7291,
#7292,#7293,#7294,#7295,#7296,#7297,#7298,#7299,#7300,#7301,#7302,#7303,
#7304,#7305,#7306,#7307,#7308,#7309,#7310,#7311,#7312,#7313,#7314,#7315,
#7316,#7317));
#7399=CLOSED_SHELL('',(#7318,#7319,#7320,#7321,#7322,#7323,#7324,#7325,
#7326,#7327,#7328,#7329,#7330,#7331,#7332,#7333,#7334,#7335,#7336,#7337));
#7400=CLOSED_SHELL('',(#7338,#7339,#7340,#7341,#7342,#7343,#7344,#7345,
#7346,#7347,#7348,#7349,#7350,#7351,#7352,#7353,#7354,#7355,#7356,#7357));
#7401=CLOSED_SHELL('',(#7358,#7359,#7360,#7361,#7362,#7363,#7364,#7365,
#7366,#7367,#7368,#7369,#7370,#7371,#7372,#7373,#7374,#7375,#7376,#7377));
#7402=CLOSED_SHELL('',(#7378,#7379,#7380,#7381,#7382,#7383,#7384,#7385,
#7386,#7387,#7388,#7389,#7390,#7391,#7392,#7393,#7394,#7395,#7396,#7397));
#7403=STYLED_ITEM('',(#7404),#7411);
#7404=PRESENTATION_STYLE_ASSIGNMENT((#7405));
#7405=SURFACE_STYLE_USAGE(.BOTH.,#7406);
#7406=SURFACE_SIDE_STYLE('',(#7407));
#7407=SURFACE_STYLE_FILL_AREA(#7408);
#7408=FILL_AREA_STYLE('',(#7409));
#7409=FILL_AREA_STYLE_COLOUR('',#7410);
#7410=COLOUR_RGB('',0.941176470588235,0.262745098039216,0.207843137254902);
#7411=BREP_WITH_VOIDS('458463-8_1',#7398,(#72,#73,#74,#75));
#7412=SHAPE_DEFINITION_REPRESENTATION(#16213,#7413);
#7413=SHAPE_REPRESENTATION('fuel_ball_valve_1',(#7414),#16205);
#7414=AXIS2_PLACEMENT_3D('',#10295,#8275,#8276);
#7415=AXIS2_PLACEMENT_3D('',#10296,#8277,#8278);
#7416=AXIS2_PLACEMENT_3D('',#10300,#8280,#8281);
#7417=AXIS2_PLACEMENT_3D('',#10312,#8285,#8286);
#7418=AXIS2_PLACEMENT_3D('',#10318,#8289,#8290);
#7419=AXIS2_PLACEMENT_3D('',#10321,#8292,#8293);
#7420=AXIS2_PLACEMENT_3D('',#10325,#8295,#8296);
#7421=AXIS2_PLACEMENT_3D('',#10333,#8298,#8299);
#7422=AXIS2_PLACEMENT_3D('',#10337,#8301,#8302);
#7423=AXIS2_PLACEMENT_3D('',#10345,#8304,#8305);
#7424=AXIS2_PLACEMENT_3D('',#10351,#8307,#8308);
#7425=AXIS2_PLACEMENT_3D('',#10363,#8312,#8313);
#7426=AXIS2_PLACEMENT_3D('',#10364,#8314,#8315);
#7427=AXIS2_PLACEMENT_3D('',#10372,#8317,#8318);
#7428=AXIS2_PLACEMENT_3D('',#10376,#8320,#8321);
#7429=AXIS2_PLACEMENT_3D('',#10381,#8322,#8323);
#7430=AXIS2_PLACEMENT_3D('',#10382,#8324,#8325);
#7431=AXIS2_PLACEMENT_3D('',#10393,#8327,#8328);
#7432=AXIS2_PLACEMENT_3D('',#10397,#8330,#8331);
#7433=AXIS2_PLACEMENT_3D('',#10405,#8332,#8333);
#7434=AXIS2_PLACEMENT_3D('',#10426,#8336,#8337);
#7435=AXIS2_PLACEMENT_3D('',#10430,#8339,#8340);
#7436=AXIS2_PLACEMENT_3D('',#10438,#8341,#8342);
#7437=AXIS2_PLACEMENT_3D('',#10439,#8343,#8344);
#7438=AXIS2_PLACEMENT_3D('',#10450,#8346,#8347);
#7439=AXIS2_PLACEMENT_3D('',#11877,#8350,#8351);
#7440=AXIS2_PLACEMENT_3D('',#11886,#8354,#8355);
#7441=AXIS2_PLACEMENT_3D('',#11889,#8357,#8358);
#7442=AXIS2_PLACEMENT_3D('',#11892,#8360,#8361);
#7443=AXIS2_PLACEMENT_3D('',#11896,#8364,#8365);
#7444=AXIS2_PLACEMENT_3D('',#11899,#8368,#8369);
#7445=AXIS2_PLACEMENT_3D('',#11903,#8371,#8372);
#7446=AXIS2_PLACEMENT_3D('',#11907,#8374,#8375);
#7447=AXIS2_PLACEMENT_3D('',#11908,#8376,#8377);
#7448=AXIS2_PLACEMENT_3D('',#11922,#8380,#8381);
#7449=AXIS2_PLACEMENT_3D('',#11926,#8383,#8384);
#7450=AXIS2_PLACEMENT_3D('',#11927,#8385,#8386);
#7451=AXIS2_PLACEMENT_3D('',#11928,#8387,#8388);
#7452=AXIS2_PLACEMENT_3D('',#11929,#8389,#8390);
#7453=AXIS2_PLACEMENT_3D('',#11935,#8391,#8392);
#7454=AXIS2_PLACEMENT_3D('',#11936,#8393,#8394);
#7455=AXIS2_PLACEMENT_3D('',#11942,#8395,#8396);
#7456=AXIS2_PLACEMENT_3D('',#11943,#8397,#8398);
#7457=AXIS2_PLACEMENT_3D('',#11950,#8399,#8400);
#7458=AXIS2_PLACEMENT_3D('',#11956,#8401,#8402);
#7459=AXIS2_PLACEMENT_3D('',#11957,#8403,#8404);
#7460=AXIS2_PLACEMENT_3D('',#11964,#8405,#8406);
#7461=AXIS2_PLACEMENT_3D('',#11970,#8407,#8408);
#7462=AXIS2_PLACEMENT_3D('',#11971,#8409,#8410);
#7463=AXIS2_PLACEMENT_3D('',#11978,#8411,#8412);
#7464=AXIS2_PLACEMENT_3D('',#11984,#8413,#8414);
#7465=AXIS2_PLACEMENT_3D('',#11985,#8415,#8416);
#7466=AXIS2_PLACEMENT_3D('',#11994,#8417,#8418);
#7467=AXIS2_PLACEMENT_3D('',#12001,#8419,#8420);
#7468=AXIS2_PLACEMENT_3D('',#12002,#8421,#8422);
#7469=AXIS2_PLACEMENT_3D('',#12014,#8423,#8424);
#7470=AXIS2_PLACEMENT_3D('',#12015,#8425,#8426);
#7471=AXIS2_PLACEMENT_3D('',#12027,#8427,#8428);
#7472=AXIS2_PLACEMENT_3D('',#12029,#8429,#8430);
#7473=AXIS2_PLACEMENT_3D('',#12030,#8431,#8432);
#7474=AXIS2_PLACEMENT_3D('',#12055,#8435,#8436);
#7475=AXIS2_PLACEMENT_3D('',#12056,#8437,#8438);
#7476=AXIS2_PLACEMENT_3D('',#12059,#8439,#8440);
#7477=AXIS2_PLACEMENT_3D('',#12061,#8441,#8442);
#7478=AXIS2_PLACEMENT_3D('',#12063,#8443,#8444);
#7479=AXIS2_PLACEMENT_3D('',#12065,#8445,#8446);
#7480=AXIS2_PLACEMENT_3D('',#12067,#8447,#8448);
#7481=AXIS2_PLACEMENT_3D('',#12068,#8449,#8450);
#7482=AXIS2_PLACEMENT_3D('',#12078,#8451,#8452);
#7483=AXIS2_PLACEMENT_3D('',#12088,#8453,#8454);
#7484=AXIS2_PLACEMENT_3D('',#12098,#8455,#8456);
#7485=AXIS2_PLACEMENT_3D('',#12111,#8459,#8460);
#7486=AXIS2_PLACEMENT_3D('',#12128,#8462,#8463);
#7487=AXIS2_PLACEMENT_3D('',#12147,#8466,#8467);
#7488=AXIS2_PLACEMENT_3D('',#12148,#8468,#8469);
#7489=AXIS2_PLACEMENT_3D('',#12151,#8470,#8471);
#7490=AXIS2_PLACEMENT_3D('',#12153,#8472,#8473);
#7491=AXIS2_PLACEMENT_3D('',#12155,#8474,#8475);
#7492=AXIS2_PLACEMENT_3D('',#12157,#8476,#8477);
#7493=AXIS2_PLACEMENT_3D('',#12159,#8478,#8479);
#7494=AXIS2_PLACEMENT_3D('',#12160,#8480,#8481);
#7495=AXIS2_PLACEMENT_3D('',#12170,#8482,#8483);
#7496=AXIS2_PLACEMENT_3D('',#12180,#8484,#8485);
#7497=AXIS2_PLACEMENT_3D('',#12190,#8486,#8487);
#7498=AXIS2_PLACEMENT_3D('',#12203,#8490,#8491);
#7499=AXIS2_PLACEMENT_3D('',#12220,#8493,#8494);
#7500=AXIS2_PLACEMENT_3D('',#12236,#8496,#8497);
#7501=AXIS2_PLACEMENT_3D('',#12255,#8500,#8501);
#7502=AXIS2_PLACEMENT_3D('',#12256,#8502,#8503);
#7503=AXIS2_PLACEMENT_3D('',#12259,#8504,#8505);
#7504=AXIS2_PLACEMENT_3D('',#12261,#8506,#8507);
#7505=AXIS2_PLACEMENT_3D('',#12263,#8508,#8509);
#7506=AXIS2_PLACEMENT_3D('',#12265,#8510,#8511);
#7507=AXIS2_PLACEMENT_3D('',#12267,#8512,#8513);
#7508=AXIS2_PLACEMENT_3D('',#12268,#8514,#8515);
#7509=AXIS2_PLACEMENT_3D('',#12278,#8516,#8517);
#7510=AXIS2_PLACEMENT_3D('',#12288,#8518,#8519);
#7511=AXIS2_PLACEMENT_3D('',#12298,#8520,#8521);
#7512=AXIS2_PLACEMENT_3D('',#12317,#8524,#8525);
#7513=AXIS2_PLACEMENT_3D('',#12334,#8527,#8528);
#7514=AXIS2_PLACEMENT_3D('',#12350,#8530,#8531);
#7515=AXIS2_PLACEMENT_3D('',#12369,#8534,#8535);
#7516=AXIS2_PLACEMENT_3D('',#12375,#8536,#8537);
#7517=AXIS2_PLACEMENT_3D('',#12377,#8538,#8539);
#7518=AXIS2_PLACEMENT_3D('',#12378,#8540,#8541);
#7519=AXIS2_PLACEMENT_3D('',#12379,#8542,#8543);
#7520=AXIS2_PLACEMENT_3D('',#12385,#8544,#8545);
#7521=AXIS2_PLACEMENT_3D('',#12386,#8546,#8547);
#7522=AXIS2_PLACEMENT_3D('',#12398,#8548,#8549);
#7523=AXIS2_PLACEMENT_3D('',#12404,#8550,#8551);
#7524=AXIS2_PLACEMENT_3D('',#12405,#8552,#8553);
#7525=AXIS2_PLACEMENT_3D('',#12406,#8554,#8555);
#7526=AXIS2_PLACEMENT_3D('',#12407,#8556,#8557);
#7527=AXIS2_PLACEMENT_3D('',#12409,#8558,#8559);
#7528=AXIS2_PLACEMENT_3D('',#12410,#8560,#8561);
#7529=AXIS2_PLACEMENT_3D('',#12411,#8562,#8563);
#7530=AXIS2_PLACEMENT_3D('',#12417,#8564,#8565);
#7531=AXIS2_PLACEMENT_3D('',#12418,#8566,#8567);
#7532=AXIS2_PLACEMENT_3D('',#12425,#8568,#8569);
#7533=AXIS2_PLACEMENT_3D('',#12426,#8570,#8571);
#7534=AXIS2_PLACEMENT_3D('',#12438,#8572,#8573);
#7535=AXIS2_PLACEMENT_3D('',#12439,#8574,#8575);
#7536=AXIS2_PLACEMENT_3D('',#12446,#8576,#8577);
#7537=AXIS2_PLACEMENT_3D('',#12448,#8578,#8579);
#7538=AXIS2_PLACEMENT_3D('',#12454,#8580,#8581);
#7539=AXIS2_PLACEMENT_3D('',#12455,#8582,#8583);
#7540=AXIS2_PLACEMENT_3D('',#12460,#8584,#8585);
#7541=AXIS2_PLACEMENT_3D('',#12461,#8586,#8587);
#7542=AXIS2_PLACEMENT_3D('',#12462,#8588,#8589);
#7543=AXIS2_PLACEMENT_3D('',#12468,#8590,#8591);
#7544=AXIS2_PLACEMENT_3D('',#12469,#8592,#8593);
#7545=AXIS2_PLACEMENT_3D('',#12470,#8594,#8595);
#7546=AXIS2_PLACEMENT_3D('',#12475,#8596,#8597);
#7547=AXIS2_PLACEMENT_3D('',#12476,#8598,#8599);
#7548=AXIS2_PLACEMENT_3D('',#12478,#8600,#8601);
#7549=AXIS2_PLACEMENT_3D('',#12479,#8602,#8603);
#7550=AXIS2_PLACEMENT_3D('',#12485,#8604,#8605);
#7551=AXIS2_PLACEMENT_3D('',#12487,#8606,#8607);
#7552=AXIS2_PLACEMENT_3D('',#12488,#8608,#8609);
#7553=AXIS2_PLACEMENT_3D('',#12489,#8610,#8611);
#7554=AXIS2_PLACEMENT_3D('',#12494,#8612,#8613);
#7555=AXIS2_PLACEMENT_3D('',#12495,#8614,#8615);
#7556=AXIS2_PLACEMENT_3D('',#12496,#8616,#8617);
#7557=AXIS2_PLACEMENT_3D('',#12507,#8618,#8619);
#7558=AXIS2_PLACEMENT_3D('',#12508,#8620,#8621);
#7559=AXIS2_PLACEMENT_3D('',#12512,#8623,#8624);
#7560=AXIS2_PLACEMENT_3D('',#12516,#8626,#8627);
#7561=AXIS2_PLACEMENT_3D('',#12517,#8628,#8629);
#7562=AXIS2_PLACEMENT_3D('',#12521,#8631,#8632);
#7563=AXIS2_PLACEMENT_3D('',#12525,#8634,#8635);
#7564=AXIS2_PLACEMENT_3D('',#12526,#8636,#8637);
#7565=AXIS2_PLACEMENT_3D('',#12533,#8638,#8639);
#7566=AXIS2_PLACEMENT_3D('',#12540,#8640,#8641);
#7567=AXIS2_PLACEMENT_3D('',#12541,#8642,#8643);
#7568=AXIS2_PLACEMENT_3D('',#12551,#8644,#8645);
#7569=AXIS2_PLACEMENT_3D('',#12552,#8646,#8647);
#7570=AXIS2_PLACEMENT_3D('',#12559,#8648,#8649);
#7571=AXIS2_PLACEMENT_3D('',#12566,#8650,#8651);
#7572=AXIS2_PLACEMENT_3D('',#12567,#8652,#8653);
#7573=AXIS2_PLACEMENT_3D('',#12573,#8654,#8655);
#7574=AXIS2_PLACEMENT_3D('',#12579,#8656,#8657);
#7575=AXIS2_PLACEMENT_3D('',#12580,#8658,#8659);
#7576=AXIS2_PLACEMENT_3D('',#12587,#8660,#8661);
#7577=AXIS2_PLACEMENT_3D('',#12593,#8662,#8663);
#7578=AXIS2_PLACEMENT_3D('',#12594,#8664,#8665);
#7579=AXIS2_PLACEMENT_3D('',#12599,#8666,#8667);
#7580=AXIS2_PLACEMENT_3D('',#12604,#8668,#8669);
#7581=AXIS2_PLACEMENT_3D('',#12605,#8670,#8671);
#7582=AXIS2_PLACEMENT_3D('',#12614,#8672,#8673);
#7583=AXIS2_PLACEMENT_3D('',#12621,#8674,#8675);
#7584=AXIS2_PLACEMENT_3D('',#12623,#8677,#8678);
#7585=AXIS2_PLACEMENT_3D('',#12625,#8680,#8681);
#7586=AXIS2_PLACEMENT_3D('',#12626,#8682,#8683);
#7587=AXIS2_PLACEMENT_3D('',#12629,#8685,#8686);
#7588=AXIS2_PLACEMENT_3D('',#12635,#8690,#8691);
#7589=AXIS2_PLACEMENT_3D('',#12638,#8693,#8694);
#7590=AXIS2_PLACEMENT_3D('',#12639,#8695,#8696);
#7591=AXIS2_PLACEMENT_3D('',#12642,#8699,#8700);
#7592=AXIS2_PLACEMENT_3D('',#12645,#8702,#8703);
#7593=AXIS2_PLACEMENT_3D('',#12648,#8705,#8706);
#7594=AXIS2_PLACEMENT_3D('',#12651,#8708,#8709);
#7595=AXIS2_PLACEMENT_3D('',#12654,#8711,#8712);
#7596=AXIS2_PLACEMENT_3D('',#12658,#8715,#8716);
#7597=AXIS2_PLACEMENT_3D('',#12659,#8717,#8718);
#7598=AXIS2_PLACEMENT_3D('',#12662,#8720,#8721);
#7599=AXIS2_PLACEMENT_3D('',#12665,#8723,#8724);
#7600=AXIS2_PLACEMENT_3D('',#12666,#8725,#8726);
#7601=AXIS2_PLACEMENT_3D('',#12670,#8729,#8730);
#7602=AXIS2_PLACEMENT_3D('',#12671,#8731,#8732);
#7603=AXIS2_PLACEMENT_3D('',#12672,#8733,#8734);
#7604=AXIS2_PLACEMENT_3D('',#12674,#8736,#8737);
#7605=AXIS2_PLACEMENT_3D('',#12675,#8738,#8739);
#7606=AXIS2_PLACEMENT_3D('',#12676,#8740,#8741);
#7607=AXIS2_PLACEMENT_3D('',#12677,#8742,#8743);
#7608=AXIS2_PLACEMENT_3D('',#12680,#8745,#8746);
#7609=AXIS2_PLACEMENT_3D('',#12683,#8748,#8749);
#7610=AXIS2_PLACEMENT_3D('',#12692,#8752,#8753);
#7611=AXIS2_PLACEMENT_3D('',#12695,#8756,#8757);
#7612=AXIS2_PLACEMENT_3D('',#12697,#8759,#8760);
#7613=AXIS2_PLACEMENT_3D('',#12701,#8763,#8764);
#7614=AXIS2_PLACEMENT_3D('',#12705,#8767,#8768);
#7615=AXIS2_PLACEMENT_3D('',#12718,#8771,#8772);
#7616=AXIS2_PLACEMENT_3D('',#12725,#8774,#8775);
#7617=AXIS2_PLACEMENT_3D('',#12741,#8777,#8778);
#7618=AXIS2_PLACEMENT_3D('',#12751,#8780,#8781);
#7619=AXIS2_PLACEMENT_3D('',#12752,#8782,#8783);
#7620=AXIS2_PLACEMENT_3D('',#12757,#8784,#8785);
#7621=AXIS2_PLACEMENT_3D('',#12766,#8786,#8787);
#7622=AXIS2_PLACEMENT_3D('',#12767,#8788,#8789);
#7623=AXIS2_PLACEMENT_3D('',#12772,#8790,#8791);
#7624=AXIS2_PLACEMENT_3D('',#12781,#8792,#8793);
#7625=AXIS2_PLACEMENT_3D('',#12782,#8794,#8795);
#7626=AXIS2_PLACEMENT_3D('',#12787,#8796,#8797);
#7627=AXIS2_PLACEMENT_3D('',#12796,#8798,#8799);
#7628=AXIS2_PLACEMENT_3D('',#12797,#8800,#8801);
#7629=AXIS2_PLACEMENT_3D('',#12801,#8803,#8804);
#7630=AXIS2_PLACEMENT_3D('',#12805,#8806,#8807);
#7631=AXIS2_PLACEMENT_3D('',#12809,#8809,#8810);
#7632=AXIS2_PLACEMENT_3D('',#12813,#8812,#8813);
#7633=AXIS2_PLACEMENT_3D('',#12817,#8815,#8816);
#7634=AXIS2_PLACEMENT_3D('',#12821,#8818,#8819);
#7635=AXIS2_PLACEMENT_3D('',#12825,#8821,#8822);
#7636=AXIS2_PLACEMENT_3D('',#12826,#8823,#8824);
#7637=AXIS2_PLACEMENT_3D('',#12827,#8825,#8826);
#7638=AXIS2_PLACEMENT_3D('',#12831,#8828,#8829);
#7639=AXIS2_PLACEMENT_3D('',#12833,#8830,#8831);
#7640=AXIS2_PLACEMENT_3D('',#12834,#8832,#8833);
#7641=AXIS2_PLACEMENT_3D('',#12838,#8835,#8836);
#7642=AXIS2_PLACEMENT_3D('',#12839,#8837,#8838);
#7643=AXIS2_PLACEMENT_3D('',#12840,#8839,#8840);
#7644=AXIS2_PLACEMENT_3D('',#12844,#8842,#8843);
#7645=AXIS2_PLACEMENT_3D('',#12846,#8844,#8845);
#7646=AXIS2_PLACEMENT_3D('',#12847,#8846,#8847);
#7647=AXIS2_PLACEMENT_3D('',#12848,#8848,#8849);
#7648=AXIS2_PLACEMENT_3D('',#12849,#8850,#8851);
#7649=AXIS2_PLACEMENT_3D('',#12850,#8852,#8853);
#7650=AXIS2_PLACEMENT_3D('',#12854,#8856,#8857);
#7651=AXIS2_PLACEMENT_3D('',#12857,#8859,#8860);
#7652=AXIS2_PLACEMENT_3D('',#12858,#8861,#8862);
#7653=AXIS2_PLACEMENT_3D('',#12862,#8865,#8866);
#7654=AXIS2_PLACEMENT_3D('',#12865,#8868,#8869);
#7655=AXIS2_PLACEMENT_3D('',#12866,#8870,#8871);
#7656=AXIS2_PLACEMENT_3D('',#12868,#8873,#8874);
#7657=AXIS2_PLACEMENT_3D('',#12872,#8877,#8878);
#7658=AXIS2_PLACEMENT_3D('',#12875,#8880,#8881);
#7659=AXIS2_PLACEMENT_3D('',#12876,#8882,#8883);
#7660=AXIS2_PLACEMENT_3D('',#12880,#8886,#8887);
#7661=AXIS2_PLACEMENT_3D('',#12884,#8889,#8890);
#7662=AXIS2_PLACEMENT_3D('',#12888,#8892,#8893);
#7663=AXIS2_PLACEMENT_3D('',#12889,#8894,#8895);
#7664=AXIS2_PLACEMENT_3D('',#12897,#8898,#8899);
#7665=AXIS2_PLACEMENT_3D('',#12898,#8900,#8901);
#7666=AXIS2_PLACEMENT_3D('',#12901,#8903,#8904);
#7667=AXIS2_PLACEMENT_3D('',#12905,#8907,#8908);
#7668=AXIS2_PLACEMENT_3D('',#12906,#8909,#8910);
#7669=AXIS2_PLACEMENT_3D('',#12909,#8912,#8913);
#7670=AXIS2_PLACEMENT_3D('',#12913,#8916,#8917);
#7671=AXIS2_PLACEMENT_3D('',#12914,#8918,#8919);
#7672=AXIS2_PLACEMENT_3D('',#12917,#8921,#8922);
#7673=AXIS2_PLACEMENT_3D('',#12919,#8924,#8925);
#7674=AXIS2_PLACEMENT_3D('',#12924,#8926,#8927);
#7675=AXIS2_PLACEMENT_3D('',#12926,#8929,#8930);
#7676=AXIS2_PLACEMENT_3D('',#12929,#8932,#8933);
#7677=AXIS2_PLACEMENT_3D('',#12930,#8934,#8935);
#7678=AXIS2_PLACEMENT_3D('',#12932,#8937,#8938);
#7679=AXIS2_PLACEMENT_3D('',#12933,#8939,#8940);
#7680=AXIS2_PLACEMENT_3D('',#12934,#8941,#8942);
#7681=AXIS2_PLACEMENT_3D('',#12937,#8944,#8945);
#7682=AXIS2_PLACEMENT_3D('',#12938,#8946,#8947);
#7683=AXIS2_PLACEMENT_3D('',#12947,#8948,#8949);
#7684=AXIS2_PLACEMENT_3D('',#12948,#8950,#8951);
#7685=AXIS2_PLACEMENT_3D('',#12957,#8952,#8953);
#7686=AXIS2_PLACEMENT_3D('',#12958,#8954,#8955);
#7687=AXIS2_PLACEMENT_3D('',#12959,#8956,#8957);
#7688=AXIS2_PLACEMENT_3D('',#12960,#8958,#8959);
#7689=AXIS2_PLACEMENT_3D('',#12961,#8960,#8961);
#7690=AXIS2_PLACEMENT_3D('',#12962,#8962,#8963);
#7691=AXIS2_PLACEMENT_3D('',#12963,#8964,#8965);
#7692=AXIS2_PLACEMENT_3D('',#12964,#8966,#8967);
#7693=AXIS2_PLACEMENT_3D('',#12965,#8968,#8969);
#7694=AXIS2_PLACEMENT_3D('',#12966,#8970,#8971);
#7695=AXIS2_PLACEMENT_3D('',#12967,#8972,#8973);
#7696=AXIS2_PLACEMENT_3D('',#12968,#8974,#8975);
#7697=AXIS2_PLACEMENT_3D('',#12969,#8976,#8977);
#7698=AXIS2_PLACEMENT_3D('',#12970,#8978,#8979);
#7699=AXIS2_PLACEMENT_3D('',#12971,#8980,#8981);
#7700=AXIS2_PLACEMENT_3D('',#12972,#8982,#8983);
#7701=AXIS2_PLACEMENT_3D('',#12973,#8984,#8985);
#7702=AXIS2_PLACEMENT_3D('',#12974,#8986,#8987);
#7703=AXIS2_PLACEMENT_3D('',#12975,#8988,#8989);
#7704=AXIS2_PLACEMENT_3D('',#12976,#8990,#8991);
#7705=AXIS2_PLACEMENT_3D('',#12977,#8992,#8993);
#7706=AXIS2_PLACEMENT_3D('',#12978,#8994,#8995);
#7707=AXIS2_PLACEMENT_3D('',#12979,#8996,#8997);
#7708=AXIS2_PLACEMENT_3D('',#12980,#8998,#8999);
#7709=AXIS2_PLACEMENT_3D('',#12981,#9000,#9001);
#7710=AXIS2_PLACEMENT_3D('',#12982,#9002,#9003);
#7711=AXIS2_PLACEMENT_3D('',#12983,#9004,#9005);
#7712=AXIS2_PLACEMENT_3D('',#12984,#9006,#9007);
#7713=AXIS2_PLACEMENT_3D('',#12985,#9008,#9009);
#7714=AXIS2_PLACEMENT_3D('',#12986,#9010,#9011);
#7715=AXIS2_PLACEMENT_3D('',#12987,#9012,#9013);
#7716=AXIS2_PLACEMENT_3D('',#12988,#9014,#9015);
#7717=AXIS2_PLACEMENT_3D('',#12989,#9016,#9017);
#7718=AXIS2_PLACEMENT_3D('',#12993,#9019,#9020);
#7719=AXIS2_PLACEMENT_3D('',#12997,#9022,#9023);
#7720=AXIS2_PLACEMENT_3D('',#13001,#9025,#9026);
#7721=AXIS2_PLACEMENT_3D('',#13005,#9028,#9029);
#7722=AXIS2_PLACEMENT_3D('',#13009,#9031,#9032);
#7723=AXIS2_PLACEMENT_3D('',#13013,#9034,#9035);
#7724=AXIS2_PLACEMENT_3D('',#13014,#9036,#9037);
#7725=AXIS2_PLACEMENT_3D('',#13017,#9038,#9039);
#7726=AXIS2_PLACEMENT_3D('',#13021,#9041,#9042);
#7727=AXIS2_PLACEMENT_3D('',#13023,#9043,#9044);
#7728=AXIS2_PLACEMENT_3D('',#13025,#9045,#9046);
#7729=AXIS2_PLACEMENT_3D('',#13027,#9047,#9048);
#7730=AXIS2_PLACEMENT_3D('',#13029,#9049,#9050);
#7731=AXIS2_PLACEMENT_3D('',#13033,#9052,#9053);
#7732=AXIS2_PLACEMENT_3D('',#13035,#9054,#9055);
#7733=AXIS2_PLACEMENT_3D('',#13037,#9056,#9057);
#7734=AXIS2_PLACEMENT_3D('',#13039,#9058,#9059);
#7735=AXIS2_PLACEMENT_3D('',#13041,#9060,#9061);
#7736=AXIS2_PLACEMENT_3D('',#13043,#9062,#9063);
#7737=AXIS2_PLACEMENT_3D('',#13047,#9065,#9066);
#7738=AXIS2_PLACEMENT_3D('',#13049,#9067,#9068);
#7739=AXIS2_PLACEMENT_3D('',#13051,#9069,#9070);
#7740=AXIS2_PLACEMENT_3D('',#13053,#9071,#9072);
#7741=AXIS2_PLACEMENT_3D('',#13055,#9073,#9074);
#7742=AXIS2_PLACEMENT_3D('',#13059,#9076,#9077);
#7743=AXIS2_PLACEMENT_3D('',#13061,#9078,#9079);
#7744=AXIS2_PLACEMENT_3D('',#13063,#9080,#9081);
#7745=AXIS2_PLACEMENT_3D('',#13065,#9082,#9083);
#7746=AXIS2_PLACEMENT_3D('',#13066,#9084,#9085);
#7747=AXIS2_PLACEMENT_3D('',#13067,#9086,#9087);
#7748=AXIS2_PLACEMENT_3D('',#13069,#9088,#9089);
#7749=AXIS2_PLACEMENT_3D('',#13070,#9090,#9091);
#7750=AXIS2_PLACEMENT_3D('',#13072,#9092,#9093);
#7751=AXIS2_PLACEMENT_3D('',#13073,#9094,#9095);
#7752=AXIS2_PLACEMENT_3D('',#13075,#9096,#9097);
#7753=AXIS2_PLACEMENT_3D('',#13076,#9098,#9099);
#7754=AXIS2_PLACEMENT_3D('',#13078,#9100,#9101);
#7755=AXIS2_PLACEMENT_3D('',#13081,#9102,#9103);
#7756=AXIS2_PLACEMENT_3D('',#13083,#9104,#9105);
#7757=AXIS2_PLACEMENT_3D('',#13085,#9106,#9107);
#7758=AXIS2_PLACEMENT_3D('',#13087,#9108,#9109);
#7759=AXIS2_PLACEMENT_3D('',#13089,#9110,#9111);
#7760=AXIS2_PLACEMENT_3D('',#13090,#9112,#9113);
#7761=AXIS2_PLACEMENT_3D('',#13100,#9114,#9115);
#7762=AXIS2_PLACEMENT_3D('',#13110,#9116,#9117);
#7763=AXIS2_PLACEMENT_3D('',#13120,#9118,#9119);
#7764=AXIS2_PLACEMENT_3D('',#13130,#9120,#9121);
#7765=AXIS2_PLACEMENT_3D('',#13140,#9122,#9123);
#7766=AXIS2_PLACEMENT_3D('',#13150,#9124,#9125);
#7767=AXIS2_PLACEMENT_3D('',#13164,#9128,#9129);
#7768=AXIS2_PLACEMENT_3D('',#13165,#9130,#9131);
#7769=AXIS2_PLACEMENT_3D('',#13171,#9132,#9133);
#7770=AXIS2_PLACEMENT_3D('',#13178,#9135,#9136);
#7771=AXIS2_PLACEMENT_3D('',#13179,#9137,#9138);
#7772=AXIS2_PLACEMENT_3D('',#13190,#9139,#9140);
#7773=AXIS2_PLACEMENT_3D('',#13196,#9142,#9143);
#7774=AXIS2_PLACEMENT_3D('',#13197,#9144,#9145);
#7775=AXIS2_PLACEMENT_3D('',#13198,#9146,#9147);
#7776=AXIS2_PLACEMENT_3D('',#13205,#9149,#9150);
#7777=AXIS2_PLACEMENT_3D('',#13210,#9151,#9152);
#7778=AXIS2_PLACEMENT_3D('',#13217,#9154,#9155);
#7779=AXIS2_PLACEMENT_3D('',#13222,#9156,#9157);
#7780=AXIS2_PLACEMENT_3D('',#13223,#9158,#9159);
#7781=AXIS2_PLACEMENT_3D('',#13228,#9160,#9161);
#7782=AXIS2_PLACEMENT_3D('',#13229,#9162,#9163);
#7783=AXIS2_PLACEMENT_3D('',#13230,#9164,#9165);
#7784=AXIS2_PLACEMENT_3D('',#13232,#9166,#9167);
#7785=AXIS2_PLACEMENT_3D('',#13233,#9168,#9169);
#7786=AXIS2_PLACEMENT_3D('',#13235,#9170,#9171);
#7787=AXIS2_PLACEMENT_3D('',#13236,#9172,#9173);
#7788=AXIS2_PLACEMENT_3D('',#13238,#9174,#9175);
#7789=AXIS2_PLACEMENT_3D('',#13239,#9176,#9177);
#7790=AXIS2_PLACEMENT_3D('',#13241,#9178,#9179);
#7791=AXIS2_PLACEMENT_3D('',#13244,#9180,#9181);
#7792=AXIS2_PLACEMENT_3D('',#13246,#9182,#9183);
#7793=AXIS2_PLACEMENT_3D('',#13248,#9184,#9185);
#7794=AXIS2_PLACEMENT_3D('',#13250,#9186,#9187);
#7795=AXIS2_PLACEMENT_3D('',#13252,#9188,#9189);
#7796=AXIS2_PLACEMENT_3D('',#13253,#9190,#9191);
#7797=AXIS2_PLACEMENT_3D('',#13263,#9192,#9193);
#7798=AXIS2_PLACEMENT_3D('',#13273,#9194,#9195);
#7799=AXIS2_PLACEMENT_3D('',#13283,#9196,#9197);
#7800=AXIS2_PLACEMENT_3D('',#13293,#9198,#9199);
#7801=AXIS2_PLACEMENT_3D('',#13303,#9200,#9201);
#7802=AXIS2_PLACEMENT_3D('',#13313,#9202,#9203);
#7803=AXIS2_PLACEMENT_3D('',#13327,#9206,#9207);
#7804=AXIS2_PLACEMENT_3D('',#13328,#9208,#9209);
#7805=AXIS2_PLACEMENT_3D('',#13334,#9210,#9211);
#7806=AXIS2_PLACEMENT_3D('',#13341,#9213,#9214);
#7807=AXIS2_PLACEMENT_3D('',#13351,#9215,#9216);
#7808=AXIS2_PLACEMENT_3D('',#13357,#9218,#9219);
#7809=AXIS2_PLACEMENT_3D('',#13358,#9220,#9221);
#7810=AXIS2_PLACEMENT_3D('',#13359,#9222,#9223);
#7811=AXIS2_PLACEMENT_3D('',#13366,#9225,#9226);
#7812=AXIS2_PLACEMENT_3D('',#13367,#9227,#9228);
#7813=AXIS2_PLACEMENT_3D('',#13373,#9229,#9230);
#7814=AXIS2_PLACEMENT_3D('',#13380,#9232,#9233);
#7815=AXIS2_PLACEMENT_3D('',#13386,#9234,#9235);
#7816=AXIS2_PLACEMENT_3D('',#13387,#9236,#9237);
#7817=AXIS2_PLACEMENT_3D('',#13392,#9238,#9239);
#7818=AXIS2_PLACEMENT_3D('',#13393,#9240,#9241);
#7819=AXIS2_PLACEMENT_3D('',#13394,#9242,#9243);
#7820=AXIS2_PLACEMENT_3D('',#13395,#9244,#9245);
#7821=AXIS2_PLACEMENT_3D('',#13397,#9246,#9247);
#7822=AXIS2_PLACEMENT_3D('',#13398,#9248,#9249);
#7823=AXIS2_PLACEMENT_3D('',#13400,#9250,#9251);
#7824=AXIS2_PLACEMENT_3D('',#13401,#9252,#9253);
#7825=AXIS2_PLACEMENT_3D('',#13403,#9254,#9255);
#7826=AXIS2_PLACEMENT_3D('',#13404,#9256,#9257);
#7827=AXIS2_PLACEMENT_3D('',#13406,#9258,#9259);
#7828=AXIS2_PLACEMENT_3D('',#13409,#9260,#9261);
#7829=AXIS2_PLACEMENT_3D('',#13411,#9262,#9263);
#7830=AXIS2_PLACEMENT_3D('',#13413,#9264,#9265);
#7831=AXIS2_PLACEMENT_3D('',#13415,#9266,#9267);
#7832=AXIS2_PLACEMENT_3D('',#13417,#9268,#9269);
#7833=AXIS2_PLACEMENT_3D('',#13418,#9270,#9271);
#7834=AXIS2_PLACEMENT_3D('',#13428,#9272,#9273);
#7835=AXIS2_PLACEMENT_3D('',#13438,#9274,#9275);
#7836=AXIS2_PLACEMENT_3D('',#13448,#9276,#9277);
#7837=AXIS2_PLACEMENT_3D('',#13458,#9278,#9279);
#7838=AXIS2_PLACEMENT_3D('',#13468,#9280,#9281);
#7839=AXIS2_PLACEMENT_3D('',#13478,#9282,#9283);
#7840=AXIS2_PLACEMENT_3D('',#13491,#9286,#9287);
#7841=AXIS2_PLACEMENT_3D('',#13492,#9288,#9289);
#7842=AXIS2_PLACEMENT_3D('',#13504,#9290,#9291);
#7843=AXIS2_PLACEMENT_3D('',#13512,#9294,#9295);
#7844=AXIS2_PLACEMENT_3D('',#13518,#9296,#9297);
#7845=AXIS2_PLACEMENT_3D('',#13519,#9298,#9299);
#7846=AXIS2_PLACEMENT_3D('',#13524,#9300,#9301);
#7847=AXIS2_PLACEMENT_3D('',#13525,#9302,#9303);
#7848=AXIS2_PLACEMENT_3D('',#13526,#9304,#9305);
#7849=AXIS2_PLACEMENT_3D('',#13533,#9307,#9308);
#7850=AXIS2_PLACEMENT_3D('',#13538,#9309,#9310);
#7851=AXIS2_PLACEMENT_3D('',#13545,#9312,#9313);
#7852=AXIS2_PLACEMENT_3D('',#13546,#9314,#9315);
#7853=AXIS2_PLACEMENT_3D('',#13551,#9316,#9317);
#7854=AXIS2_PLACEMENT_3D('',#13556,#9318,#9319);
#7855=AXIS2_PLACEMENT_3D('',#13557,#9320,#9321);
#7856=AXIS2_PLACEMENT_3D('',#13558,#9322,#9323);
#7857=AXIS2_PLACEMENT_3D('',#13560,#9324,#9325);
#7858=AXIS2_PLACEMENT_3D('',#13561,#9326,#9327);
#7859=AXIS2_PLACEMENT_3D('',#13563,#9328,#9329);
#7860=AXIS2_PLACEMENT_3D('',#13564,#9330,#9331);
#7861=AXIS2_PLACEMENT_3D('',#13566,#9332,#9333);
#7862=AXIS2_PLACEMENT_3D('',#13567,#9334,#9335);
#7863=AXIS2_PLACEMENT_3D('',#13569,#9336,#9337);
#7864=AXIS2_PLACEMENT_3D('',#13572,#9338,#9339);
#7865=AXIS2_PLACEMENT_3D('',#13574,#9340,#9341);
#7866=AXIS2_PLACEMENT_3D('',#13576,#9342,#9343);
#7867=AXIS2_PLACEMENT_3D('',#13578,#9344,#9345);
#7868=AXIS2_PLACEMENT_3D('',#13580,#9346,#9347);
#7869=AXIS2_PLACEMENT_3D('',#13581,#9348,#9349);
#7870=AXIS2_PLACEMENT_3D('',#13591,#9350,#9351);
#7871=AXIS2_PLACEMENT_3D('',#13601,#9352,#9353);
#7872=AXIS2_PLACEMENT_3D('',#13611,#9354,#9355);
#7873=AXIS2_PLACEMENT_3D('',#13621,#9356,#9357);
#7874=AXIS2_PLACEMENT_3D('',#13631,#9358,#9359);
#7875=AXIS2_PLACEMENT_3D('',#13641,#9360,#9361);
#7876=AXIS2_PLACEMENT_3D('',#13654,#9364,#9365);
#7877=AXIS2_PLACEMENT_3D('',#13655,#9366,#9367);
#7878=AXIS2_PLACEMENT_3D('',#13667,#9368,#9369);
#7879=AXIS2_PLACEMENT_3D('',#13675,#9372,#9373);
#7880=AXIS2_PLACEMENT_3D('',#13680,#9374,#9375);
#7881=AXIS2_PLACEMENT_3D('',#13685,#9376,#9377);
#7882=AXIS2_PLACEMENT_3D('',#13686,#9378,#9379);
#7883=AXIS2_PLACEMENT_3D('',#13687,#9380,#9381);
#7884=AXIS2_PLACEMENT_3D('',#13694,#9383,#9384);
#7885=AXIS2_PLACEMENT_3D('',#13695,#9385,#9386);
#7886=AXIS2_PLACEMENT_3D('',#13701,#9387,#9388);
#7887=AXIS2_PLACEMENT_3D('',#13708,#9390,#9391);
#7888=AXIS2_PLACEMENT_3D('',#13709,#9392,#9393);
#7889=AXIS2_PLACEMENT_3D('',#13715,#9394,#9395);
#7890=AXIS2_PLACEMENT_3D('',#13720,#9396,#9397);
#7891=AXIS2_PLACEMENT_3D('',#13721,#9398,#9399);
#7892=AXIS2_PLACEMENT_3D('',#13722,#9400,#9401);
#7893=AXIS2_PLACEMENT_3D('',#13726,#9403,#9404);
#7894=AXIS2_PLACEMENT_3D('',#13730,#9406,#9407);
#7895=AXIS2_PLACEMENT_3D('',#13731,#9408,#9409);
#7896=AXIS2_PLACEMENT_3D('',#13735,#9411,#9412);
#7897=AXIS2_PLACEMENT_3D('',#13739,#9414,#9415);
#7898=AXIS2_PLACEMENT_3D('',#13740,#9416,#9417);
#7899=AXIS2_PLACEMENT_3D('',#13741,#9418,#9419);
#7900=AXIS2_PLACEMENT_3D('',#13749,#9423,#9424);
#7901=AXIS2_PLACEMENT_3D('',#13758,#9429,#9430);
#7902=AXIS2_PLACEMENT_3D('',#13762,#9432,#9433);
#7903=AXIS2_PLACEMENT_3D('',#13763,#9434,#9435);
#7904=AXIS2_PLACEMENT_3D('',#13764,#9436,#9437);
#7905=AXIS2_PLACEMENT_3D('',#13770,#9441,#9442);
#7906=AXIS2_PLACEMENT_3D('',#13771,#9443,#9444);
#7907=AXIS2_PLACEMENT_3D('',#13772,#9445,#9446);
#7908=AXIS2_PLACEMENT_3D('',#13773,#9447,#9448);
#7909=AXIS2_PLACEMENT_3D('',#13777,#9450,#9451);
#7910=AXIS2_PLACEMENT_3D('',#13778,#9452,#9453);
#7911=AXIS2_PLACEMENT_3D('',#13779,#9454,#9455);
#7912=AXIS2_PLACEMENT_3D('',#13785,#9459,#9460);
#7913=AXIS2_PLACEMENT_3D('',#13789,#9462,#9463);
#7914=AXIS2_PLACEMENT_3D('',#13790,#9464,#9465);
#7915=AXIS2_PLACEMENT_3D('',#13791,#9466,#9467);
#7916=AXIS2_PLACEMENT_3D('',#13797,#9471,#9472);
#7917=AXIS2_PLACEMENT_3D('',#13798,#9473,#9474);
#7918=AXIS2_PLACEMENT_3D('',#13807,#9478,#9479);
#7919=AXIS2_PLACEMENT_3D('',#13811,#9481,#9482);
#7920=AXIS2_PLACEMENT_3D('',#13816,#9485,#9486);
#7921=AXIS2_PLACEMENT_3D('',#13819,#9488,#9489);
#7922=AXIS2_PLACEMENT_3D('',#13825,#9492,#9493);
#7923=AXIS2_PLACEMENT_3D('',#13829,#9495,#9496);
#7924=AXIS2_PLACEMENT_3D('',#13834,#9499,#9500);
#7925=AXIS2_PLACEMENT_3D('',#13838,#9502,#9503);
#7926=AXIS2_PLACEMENT_3D('',#13841,#9505,#9506);
#7927=AXIS2_PLACEMENT_3D('',#13845,#9508,#9509);
#7928=AXIS2_PLACEMENT_3D('',#13849,#9511,#9512);
#7929=AXIS2_PLACEMENT_3D('',#13850,#9513,#9514);
#7930=AXIS2_PLACEMENT_3D('',#13851,#9515,#9516);
#7931=AXIS2_PLACEMENT_3D('',#13855,#9518,#9519);
#7932=AXIS2_PLACEMENT_3D('',#13856,#9520,#9521);
#7933=AXIS2_PLACEMENT_3D('',#13857,#9522,#9523);
#7934=AXIS2_PLACEMENT_3D('',#13861,#9525,#9526);
#7935=AXIS2_PLACEMENT_3D('',#13862,#9527,#9528);
#7936=AXIS2_PLACEMENT_3D('',#13868,#9532,#9533);
#7937=AXIS2_PLACEMENT_3D('',#13874,#9537,#9538);
#7938=AXIS2_PLACEMENT_3D('',#13875,#9539,#9540);
#7939=AXIS2_PLACEMENT_3D('',#13884,#9544,#9545);
#7940=AXIS2_PLACEMENT_3D('',#13886,#9546,#9547);
#7941=AXIS2_PLACEMENT_3D('',#13887,#9548,#9549);
#7942=AXIS2_PLACEMENT_3D('',#13893,#9552,#9553);
#7943=AXIS2_PLACEMENT_3D('',#13895,#9554,#9555);
#7944=AXIS2_PLACEMENT_3D('',#13897,#9556,#9557);
#7945=AXIS2_PLACEMENT_3D('',#13900,#9559,#9560);
#7946=AXIS2_PLACEMENT_3D('',#13908,#9561,#9562);
#7947=AXIS2_PLACEMENT_3D('',#13916,#9563,#9564);
#7948=AXIS2_PLACEMENT_3D('',#13917,#9565,#9566);
#7949=AXIS2_PLACEMENT_3D('',#13925,#9567,#9568);
#7950=AXIS2_PLACEMENT_3D('',#13931,#9569,#9570);
#7951=AXIS2_PLACEMENT_3D('',#13932,#9571,#9572);
#7952=AXIS2_PLACEMENT_3D('',#13936,#9574,#9575);
#7953=AXIS2_PLACEMENT_3D('',#13937,#9576,#9577);
#7954=AXIS2_PLACEMENT_3D('',#13941,#9579,#9580);
#7955=AXIS2_PLACEMENT_3D('',#13942,#9581,#9582);
#7956=AXIS2_PLACEMENT_3D('',#13946,#9584,#9585);
#7957=AXIS2_PLACEMENT_3D('',#13947,#9586,#9587);
#7958=AXIS2_PLACEMENT_3D('',#13951,#9589,#9590);
#7959=AXIS2_PLACEMENT_3D('',#13952,#9591,#9592);
#7960=AXIS2_PLACEMENT_3D('',#13953,#9593,#9594);
#7961=AXIS2_PLACEMENT_3D('',#13954,#9595,#9596);
#7962=AXIS2_PLACEMENT_3D('',#13958,#9598,#9599);
#7963=AXIS2_PLACEMENT_3D('',#13959,#9600,#9601);
#7964=AXIS2_PLACEMENT_3D('',#13963,#9603,#9604);
#7965=AXIS2_PLACEMENT_3D('',#13964,#9605,#9606);
#7966=AXIS2_PLACEMENT_3D('',#13965,#9607,#9608);
#7967=AXIS2_PLACEMENT_3D('',#13969,#9610,#9611);
#7968=AXIS2_PLACEMENT_3D('',#13970,#9612,#9613);
#7969=AXIS2_PLACEMENT_3D('',#13974,#9615,#9616);
#7970=AXIS2_PLACEMENT_3D('',#13975,#9617,#9618);
#7971=AXIS2_PLACEMENT_3D('',#13978,#9621,#9622);
#7972=AXIS2_PLACEMENT_3D('',#13980,#9624,#9625);
#7973=AXIS2_PLACEMENT_3D('',#13982,#9627,#9628);
#7974=AXIS2_PLACEMENT_3D('',#13984,#9630,#9631);
#7975=AXIS2_PLACEMENT_3D('',#13986,#9633,#9634);
#7976=AXIS2_PLACEMENT_3D('',#13988,#9636,#9637);
#7977=AXIS2_PLACEMENT_3D('',#13990,#9639,#9640);
#7978=AXIS2_PLACEMENT_3D('',#13992,#9642,#9643);
#7979=AXIS2_PLACEMENT_3D('',#13994,#9645,#9646);
#7980=AXIS2_PLACEMENT_3D('',#13996,#9648,#9649);
#7981=AXIS2_PLACEMENT_3D('',#13998,#9651,#9652);
#7982=AXIS2_PLACEMENT_3D('',#14000,#9654,#9655);
#7983=AXIS2_PLACEMENT_3D('',#14002,#9657,#9658);
#7984=AXIS2_PLACEMENT_3D('',#14004,#9660,#9661);
#7985=AXIS2_PLACEMENT_3D('',#14006,#9663,#9664);
#7986=AXIS2_PLACEMENT_3D('',#14007,#9665,#9666);
#7987=AXIS2_PLACEMENT_3D('',#14010,#9669,#9670);
#7988=AXIS2_PLACEMENT_3D('',#14012,#9672,#9673);
#7989=AXIS2_PLACEMENT_3D('',#14014,#9675,#9676);
#7990=AXIS2_PLACEMENT_3D('',#14016,#9678,#9679);
#7991=AXIS2_PLACEMENT_3D('',#14018,#9681,#9682);
#7992=AXIS2_PLACEMENT_3D('',#14020,#9684,#9685);
#7993=AXIS2_PLACEMENT_3D('',#14022,#9687,#9688);
#7994=AXIS2_PLACEMENT_3D('',#14024,#9690,#9691);
#7995=AXIS2_PLACEMENT_3D('',#14026,#9693,#9694);
#7996=AXIS2_PLACEMENT_3D('',#14028,#9696,#9697);
#7997=AXIS2_PLACEMENT_3D('',#14030,#9699,#9700);
#7998=AXIS2_PLACEMENT_3D('',#14032,#9702,#9703);
#7999=AXIS2_PLACEMENT_3D('',#14034,#9705,#9706);
#8000=AXIS2_PLACEMENT_3D('',#14036,#9708,#9709);
#8001=AXIS2_PLACEMENT_3D('',#14038,#9711,#9712);
#8002=AXIS2_PLACEMENT_3D('',#14039,#9713,#9714);
#8003=AXIS2_PLACEMENT_3D('',#14040,#9715,#9716);
#8004=AXIS2_PLACEMENT_3D('',#14041,#9717,#9718);
#8005=AXIS2_PLACEMENT_3D('',#14042,#9719,#9720);
#8006=AXIS2_PLACEMENT_3D('',#14047,#9721,#9722);
#8007=AXIS2_PLACEMENT_3D('',#14048,#9723,#9724);
#8008=AXIS2_PLACEMENT_3D('',#14049,#9725,#9726);
#8009=AXIS2_PLACEMENT_3D('',#14054,#9727,#9728);
#8010=AXIS2_PLACEMENT_3D('',#14055,#9729,#9730);
#8011=AXIS2_PLACEMENT_3D('',#14056,#9731,#9732);
#8012=AXIS2_PLACEMENT_3D('',#14057,#9733,#9734);
#8013=AXIS2_PLACEMENT_3D('',#14058,#9735,#9736);
#8014=AXIS2_PLACEMENT_3D('',#14059,#9737,#9738);
#8015=AXIS2_PLACEMENT_3D('',#14060,#9739,#9740);
#8016=AXIS2_PLACEMENT_3D('',#14061,#9741,#9742);
#8017=AXIS2_PLACEMENT_3D('',#14062,#9743,#9744);
#8018=AXIS2_PLACEMENT_3D('',#14063,#9745,#9746);
#8019=AXIS2_PLACEMENT_3D('',#14064,#9747,#9748);
#8020=AXIS2_PLACEMENT_3D('',#14065,#9749,#9750);
#8021=AXIS2_PLACEMENT_3D('',#14066,#9751,#9752);
#8022=AXIS2_PLACEMENT_3D('',#14067,#9753,#9754);
#8023=AXIS2_PLACEMENT_3D('',#14068,#9755,#9756);
#8024=AXIS2_PLACEMENT_3D('',#14069,#9757,#9758);
#8025=AXIS2_PLACEMENT_3D('',#14070,#9759,#9760);
#8026=AXIS2_PLACEMENT_3D('',#14071,#9761,#9762);
#8027=AXIS2_PLACEMENT_3D('',#14072,#9763,#9764);
#8028=AXIS2_PLACEMENT_3D('',#14073,#9765,#9766);
#8029=AXIS2_PLACEMENT_3D('',#14074,#9767,#9768);
#8030=AXIS2_PLACEMENT_3D('',#14075,#9769,#9770);
#8031=AXIS2_PLACEMENT_3D('',#14076,#9771,#9772);
#8032=AXIS2_PLACEMENT_3D('',#14077,#9773,#9774);
#8033=AXIS2_PLACEMENT_3D('',#14078,#9775,#9776);
#8034=AXIS2_PLACEMENT_3D('',#14079,#9777,#9778);
#8035=AXIS2_PLACEMENT_3D('',#14080,#9779,#9780);
#8036=AXIS2_PLACEMENT_3D('',#14081,#9781,#9782);
#8037=AXIS2_PLACEMENT_3D('',#14082,#9783,#9784);
#8038=AXIS2_PLACEMENT_3D('',#14083,#9785,#9786);
#8039=AXIS2_PLACEMENT_3D('',#14084,#9787,#9788);
#8040=AXIS2_PLACEMENT_3D('',#14085,#9789,#9790);
#8041=AXIS2_PLACEMENT_3D('',#14086,#9791,#9792);
#8042=AXIS2_PLACEMENT_3D('',#14087,#9793,#9794);
#8043=AXIS2_PLACEMENT_3D('',#14103,#9795,#9796);
#8044=AXIS2_PLACEMENT_3D('',#14109,#9797,#9798);
#8045=AXIS2_PLACEMENT_3D('',#14110,#9799,#9800);
#8046=AXIS2_PLACEMENT_3D('',#14111,#9801,#9802);
#8047=AXIS2_PLACEMENT_3D('',#14112,#9803,#9804);
#8048=AXIS2_PLACEMENT_3D('',#14117,#9805,#9806);
#8049=AXIS2_PLACEMENT_3D('',#14118,#9807,#9808);
#8050=AXIS2_PLACEMENT_3D('',#14119,#9809,#9810);
#8051=AXIS2_PLACEMENT_3D('',#14120,#9811,#9812);
#8052=AXIS2_PLACEMENT_3D('',#14121,#9813,#9814);
#8053=AXIS2_PLACEMENT_3D('',#14122,#9815,#9816);
#8054=AXIS2_PLACEMENT_3D('',#14123,#9817,#9818);
#8055=AXIS2_PLACEMENT_3D('',#14148,#9819,#9820);
#8056=AXIS2_PLACEMENT_3D('',#14149,#9821,#9822);
#8057=AXIS2_PLACEMENT_3D('',#14150,#9823,#9824);
#8058=AXIS2_PLACEMENT_3D('',#14151,#9825,#9826);
#8059=AXIS2_PLACEMENT_3D('',#14152,#9827,#9828);
#8060=AXIS2_PLACEMENT_3D('',#14153,#9829,#9830);
#8061=AXIS2_PLACEMENT_3D('',#14154,#9831,#9832);
#8062=AXIS2_PLACEMENT_3D('',#14155,#9833,#9834);
#8063=AXIS2_PLACEMENT_3D('',#14156,#9835,#9836);
#8064=AXIS2_PLACEMENT_3D('',#14157,#9837,#9838);
#8065=AXIS2_PLACEMENT_3D('',#14158,#9839,#9840);
#8066=AXIS2_PLACEMENT_3D('',#14159,#9841,#9842);
#8067=AXIS2_PLACEMENT_3D('',#14160,#9843,#9844);
#8068=AXIS2_PLACEMENT_3D('',#14161,#9845,#9846);
#8069=AXIS2_PLACEMENT_3D('',#14162,#9847,#9848);
#8070=AXIS2_PLACEMENT_3D('',#14163,#9849,#9850);
#8071=AXIS2_PLACEMENT_3D('',#14164,#9851,#9852);
#8072=AXIS2_PLACEMENT_3D('',#14165,#9853,#9854);
#8073=AXIS2_PLACEMENT_3D('',#14166,#9855,#9856);
#8074=AXIS2_PLACEMENT_3D('',#14167,#9857,#9858);
#8075=AXIS2_PLACEMENT_3D('',#14168,#9859,#9860);
#8076=AXIS2_PLACEMENT_3D('',#14169,#9861,#9862);
#8077=AXIS2_PLACEMENT_3D('',#14170,#9863,#9864);
#8078=AXIS2_PLACEMENT_3D('',#14171,#9865,#9866);
#8079=AXIS2_PLACEMENT_3D('',#14172,#9867,#9868);
#8080=AXIS2_PLACEMENT_3D('',#14173,#9869,#9870);
#8081=AXIS2_PLACEMENT_3D('',#14182,#9871,#9872);
#8082=AXIS2_PLACEMENT_3D('',#14187,#9873,#9874);
#8083=AXIS2_PLACEMENT_3D('',#14192,#9875,#9876);
#8084=AXIS2_PLACEMENT_3D('',#14197,#9877,#9878);
#8085=AXIS2_PLACEMENT_3D('',#14202,#9879,#9880);
#8086=AXIS2_PLACEMENT_3D('',#14207,#9881,#9882);
#8087=AXIS2_PLACEMENT_3D('',#14212,#9883,#9884);
#8088=AXIS2_PLACEMENT_3D('',#14217,#9885,#9886);
#8089=AXIS2_PLACEMENT_3D('',#14222,#9887,#9888);
#8090=AXIS2_PLACEMENT_3D('',#14227,#9889,#9890);
#8091=AXIS2_PLACEMENT_3D('',#14232,#9891,#9892);
#8092=AXIS2_PLACEMENT_3D('',#14245,#9893,#9894);
#8093=AXIS2_PLACEMENT_3D('',#14246,#9895,#9896);
#8094=AXIS2_PLACEMENT_3D('',#14247,#9897,#9898);
#8095=AXIS2_PLACEMENT_3D('',#14248,#9899,#9900);
#8096=AXIS2_PLACEMENT_3D('',#14249,#9901,#9902);
#8097=AXIS2_PLACEMENT_3D('',#14250,#9903,#9904);
#8098=AXIS2_PLACEMENT_3D('',#14263,#9905,#9906);
#8099=AXIS2_PLACEMENT_3D('',#14272,#9907,#9908);
#8100=AXIS2_PLACEMENT_3D('',#14277,#9909,#9910);
#8101=AXIS2_PLACEMENT_3D('',#14282,#9911,#9912);
#8102=AXIS2_PLACEMENT_3D('',#14287,#9913,#9914);
#8103=AXIS2_PLACEMENT_3D('',#14292,#9915,#9916);
#8104=AXIS2_PLACEMENT_3D('',#14297,#9917,#9918);
#8105=AXIS2_PLACEMENT_3D('',#14302,#9919,#9920);
#8106=AXIS2_PLACEMENT_3D('',#14307,#9921,#9922);
#8107=AXIS2_PLACEMENT_3D('',#14312,#9923,#9924);
#8108=AXIS2_PLACEMENT_3D('',#14317,#9925,#9926);
#8109=AXIS2_PLACEMENT_3D('',#14322,#9927,#9928);
#8110=AXIS2_PLACEMENT_3D('',#14323,#9929,#9930);
#8111=AXIS2_PLACEMENT_3D('',#14470,#9933,#9934);
#8112=AXIS2_PLACEMENT_3D('',#14482,#9936,#9937);
#8113=AXIS2_PLACEMENT_3D('',#14925,#9938,#9939);
#8114=AXIS2_PLACEMENT_3D('',#14937,#9941,#9942);
#8115=AXIS2_PLACEMENT_3D('',#15380,#9943,#9944);
#8116=AXIS2_PLACEMENT_3D('',#15381,#9945,#9946);
#8117=AXIS2_PLACEMENT_3D('',#15384,#9947,#9948);
#8118=AXIS2_PLACEMENT_3D('',#15385,#9949,#9950);
#8119=AXIS2_PLACEMENT_3D('',#15387,#9951,#9952);
#8120=AXIS2_PLACEMENT_3D('',#15388,#9953,#9954);
#8121=AXIS2_PLACEMENT_3D('',#15393,#9956,#9957);
#8122=AXIS2_PLACEMENT_3D('',#15396,#9959,#9960);
#8123=AXIS2_PLACEMENT_3D('',#15401,#9962,#9963);
#8124=AXIS2_PLACEMENT_3D('',#15404,#9965,#9966);
#8125=AXIS2_PLACEMENT_3D('',#15406,#9967,#9968);
#8126=AXIS2_PLACEMENT_3D('',#15408,#9969,#9970);
#8127=AXIS2_PLACEMENT_3D('',#15409,#9971,#9972);
#8128=AXIS2_PLACEMENT_3D('',#15414,#9974,#9975);
#8129=AXIS2_PLACEMENT_3D('',#15417,#9977,#9978);
#8130=AXIS2_PLACEMENT_3D('',#15423,#9979,#9980);
#8131=AXIS2_PLACEMENT_3D('',#15429,#9981,#9982);
#8132=AXIS2_PLACEMENT_3D('',#15430,#9983,#9984);
#8133=AXIS2_PLACEMENT_3D('',#15432,#9985,#9986);
#8134=AXIS2_PLACEMENT_3D('',#15433,#9987,#9988);
#8135=AXIS2_PLACEMENT_3D('',#15439,#9989,#9990);
#8136=AXIS2_PLACEMENT_3D('',#15469,#9991,#9992);
#8137=AXIS2_PLACEMENT_3D('',#15470,#9993,#9994);
#8138=AXIS2_PLACEMENT_3D('',#15495,#9995,#9996);
#8139=AXIS2_PLACEMENT_3D('',#15496,#9997,#9998);
#8140=AXIS2_PLACEMENT_3D('',#15497,#9999,#10000);
#8141=AXIS2_PLACEMENT_3D('',#15502,#10002,#10003);
#8142=AXIS2_PLACEMENT_3D('',#15505,#10005,#10006);
#8143=AXIS2_PLACEMENT_3D('',#15514,#10007,#10008);
#8144=AXIS2_PLACEMENT_3D('',#15520,#10009,#10010);
#8145=AXIS2_PLACEMENT_3D('',#15526,#10011,#10012);
#8146=AXIS2_PLACEMENT_3D('',#15527,#10013,#10014);
#8147=AXIS2_PLACEMENT_3D('',#15528,#10015,#10016);
#8148=AXIS2_PLACEMENT_3D('',#15577,#10017,#10018);
#8149=AXIS2_PLACEMENT_3D('',#15578,#10019,#10020);
#8150=AXIS2_PLACEMENT_3D('',#15579,#10021,#10022);
#8151=AXIS2_PLACEMENT_3D('',#15580,#10023,#10024);
#8152=AXIS2_PLACEMENT_3D('',#15581,#10025,#10026);
#8153=AXIS2_PLACEMENT_3D('',#15584,#10027,#10028);
#8154=AXIS2_PLACEMENT_3D('',#15585,#10029,#10030);
#8155=AXIS2_PLACEMENT_3D('',#15587,#10031,#10032);
#8156=AXIS2_PLACEMENT_3D('',#15588,#10033,#10034);
#8157=AXIS2_PLACEMENT_3D('',#15593,#10036,#10037);
#8158=AXIS2_PLACEMENT_3D('',#15596,#10039,#10040);
#8159=AXIS2_PLACEMENT_3D('',#15601,#10042,#10043);
#8160=AXIS2_PLACEMENT_3D('',#15604,#10045,#10046);
#8161=AXIS2_PLACEMENT_3D('',#15606,#10047,#10048);
#8162=AXIS2_PLACEMENT_3D('',#15608,#10049,#10050);
#8163=AXIS2_PLACEMENT_3D('',#15609,#10051,#10052);
#8164=AXIS2_PLACEMENT_3D('',#15617,#10053,#10054);
#8165=AXIS2_PLACEMENT_3D('',#15623,#10055,#10056);
#8166=AXIS2_PLACEMENT_3D('',#15624,#10057,#10058);
#8167=AXIS2_PLACEMENT_3D('',#15629,#10061,#10062);
#8168=AXIS2_PLACEMENT_3D('',#15630,#10063,#10064);
#8169=AXIS2_PLACEMENT_3D('',#15631,#10065,#10066);
#8170=AXIS2_PLACEMENT_3D('',#15633,#10067,#10068);
#8171=AXIS2_PLACEMENT_3D('',#15639,#10069,#10070);
#8172=AXIS2_PLACEMENT_3D('',#15669,#10071,#10072);
#8173=AXIS2_PLACEMENT_3D('',#15670,#10073,#10074);
#8174=AXIS2_PLACEMENT_3D('',#15695,#10075,#10076);
#8175=AXIS2_PLACEMENT_3D('',#15696,#10077,#10078);
#8176=AXIS2_PLACEMENT_3D('',#15697,#10079,#10080);
#8177=AXIS2_PLACEMENT_3D('',#15702,#10082,#10083);
#8178=AXIS2_PLACEMENT_3D('',#15705,#10085,#10086);
#8179=AXIS2_PLACEMENT_3D('',#15714,#10087,#10088);
#8180=AXIS2_PLACEMENT_3D('',#15720,#10089,#10090);
#8181=AXIS2_PLACEMENT_3D('',#15726,#10091,#10092);
#8182=AXIS2_PLACEMENT_3D('',#15727,#10093,#10094);
#8183=AXIS2_PLACEMENT_3D('',#15728,#10095,#10096);
#8184=AXIS2_PLACEMENT_3D('',#15777,#10097,#10098);
#8185=AXIS2_PLACEMENT_3D('',#15778,#10099,#10100);
#8186=AXIS2_PLACEMENT_3D('',#15779,#10101,#10102);
#8187=AXIS2_PLACEMENT_3D('',#15780,#10103,#10104);
#8188=AXIS2_PLACEMENT_3D('',#15781,#10105,#10106);
#8189=AXIS2_PLACEMENT_3D('',#15784,#10107,#10108);
#8190=AXIS2_PLACEMENT_3D('',#15785,#10109,#10110);
#8191=AXIS2_PLACEMENT_3D('',#15787,#10111,#10112);
#8192=AXIS2_PLACEMENT_3D('',#15788,#10113,#10114);
#8193=AXIS2_PLACEMENT_3D('',#15793,#10116,#10117);
#8194=AXIS2_PLACEMENT_3D('',#15796,#10119,#10120);
#8195=AXIS2_PLACEMENT_3D('',#15801,#10122,#10123);
#8196=AXIS2_PLACEMENT_3D('',#15804,#10125,#10126);
#8197=AXIS2_PLACEMENT_3D('',#15806,#10127,#10128);
#8198=AXIS2_PLACEMENT_3D('',#15808,#10129,#10130);
#8199=AXIS2_PLACEMENT_3D('',#15809,#10131,#10132);
#8200=AXIS2_PLACEMENT_3D('',#15817,#10133,#10134);
#8201=AXIS2_PLACEMENT_3D('',#15823,#10135,#10136);
#8202=AXIS2_PLACEMENT_3D('',#15824,#10137,#10138);
#8203=AXIS2_PLACEMENT_3D('',#15829,#10141,#10142);
#8204=AXIS2_PLACEMENT_3D('',#15830,#10143,#10144);
#8205=AXIS2_PLACEMENT_3D('',#15831,#10145,#10146);
#8206=AXIS2_PLACEMENT_3D('',#15833,#10147,#10148);
#8207=AXIS2_PLACEMENT_3D('',#15839,#10149,#10150);
#8208=AXIS2_PLACEMENT_3D('',#15869,#10151,#10152);
#8209=AXIS2_PLACEMENT_3D('',#15870,#10153,#10154);
#8210=AXIS2_PLACEMENT_3D('',#15895,#10155,#10156);
#8211=AXIS2_PLACEMENT_3D('',#15896,#10157,#10158);
#8212=AXIS2_PLACEMENT_3D('',#15897,#10159,#10160);
#8213=AXIS2_PLACEMENT_3D('',#15902,#10162,#10163);
#8214=AXIS2_PLACEMENT_3D('',#15905,#10165,#10166);
#8215=AXIS2_PLACEMENT_3D('',#15914,#10167,#10168);
#8216=AXIS2_PLACEMENT_3D('',#15920,#10169,#10170);
#8217=AXIS2_PLACEMENT_3D('',#15926,#10171,#10172);
#8218=AXIS2_PLACEMENT_3D('',#15927,#10173,#10174);
#8219=AXIS2_PLACEMENT_3D('',#15928,#10175,#10176);
#8220=AXIS2_PLACEMENT_3D('',#15977,#10177,#10178);
#8221=AXIS2_PLACEMENT_3D('',#15978,#10179,#10180);
#8222=AXIS2_PLACEMENT_3D('',#15979,#10181,#10182);
#8223=AXIS2_PLACEMENT_3D('',#15980,#10183,#10184);
#8224=AXIS2_PLACEMENT_3D('',#15981,#10185,#10186);
#8225=AXIS2_PLACEMENT_3D('',#15984,#10187,#10188);
#8226=AXIS2_PLACEMENT_3D('',#15985,#10189,#10190);
#8227=AXIS2_PLACEMENT_3D('',#15987,#10191,#10192);
#8228=AXIS2_PLACEMENT_3D('',#15988,#10193,#10194);
#8229=AXIS2_PLACEMENT_3D('',#15993,#10196,#10197);
#8230=AXIS2_PLACEMENT_3D('',#15996,#10199,#10200);
#8231=AXIS2_PLACEMENT_3D('',#16001,#10202,#10203);
#8232=AXIS2_PLACEMENT_3D('',#16004,#10205,#10206);
#8233=AXIS2_PLACEMENT_3D('',#16006,#10207,#10208);
#8234=AXIS2_PLACEMENT_3D('',#16008,#10209,#10210);
#8235=AXIS2_PLACEMENT_3D('',#16009,#10211,#10212);
#8236=AXIS2_PLACEMENT_3D('',#16017,#10213,#10214);
#8237=AXIS2_PLACEMENT_3D('',#16023,#10215,#10216);
#8238=AXIS2_PLACEMENT_3D('',#16024,#10217,#10218);
#8239=AXIS2_PLACEMENT_3D('',#16029,#10221,#10222);
#8240=AXIS2_PLACEMENT_3D('',#16030,#10223,#10224);
#8241=AXIS2_PLACEMENT_3D('',#16031,#10225,#10226);
#8242=AXIS2_PLACEMENT_3D('',#16033,#10227,#10228);
#8243=AXIS2_PLACEMENT_3D('',#16039,#10229,#10230);
#8244=AXIS2_PLACEMENT_3D('',#16069,#10231,#10232);
#8245=AXIS2_PLACEMENT_3D('',#16070,#10233,#10234);
#8246=AXIS2_PLACEMENT_3D('',#16095,#10235,#10236);
#8247=AXIS2_PLACEMENT_3D('',#16096,#10237,#10238);
#8248=AXIS2_PLACEMENT_3D('',#16097,#10239,#10240);
#8249=AXIS2_PLACEMENT_3D('',#16098,#10241,#10242);
#8250=AXIS2_PLACEMENT_3D('',#16103,#10244,#10245);
#8251=AXIS2_PLACEMENT_3D('',#16106,#10247,#10248);
#8252=AXIS2_PLACEMENT_3D('',#16115,#10249,#10250);
#8253=AXIS2_PLACEMENT_3D('',#16121,#10251,#10252);
#8254=AXIS2_PLACEMENT_3D('',#16127,#10253,#10254);
#8255=AXIS2_PLACEMENT_3D('',#16128,#10255,#10256);
#8256=AXIS2_PLACEMENT_3D('',#16177,#10257,#10258);
#8257=AXIS2_PLACEMENT_3D('',#16178,#10259,#10260);
#8258=AXIS2_PLACEMENT_3D('',#16179,#10261,#10262);
#8259=AXIS2_PLACEMENT_3D('',#16180,#10263,#10264);
#8260=AXIS2_PLACEMENT_3D('',#16182,#10265,#10266);
#8261=AXIS2_PLACEMENT_3D('',#16183,#10267,#10268);
#8262=AXIS2_PLACEMENT_3D('',#16185,#10269,#10270);
#8263=AXIS2_PLACEMENT_3D('',#16186,#10271,#10272);
#8264=AXIS2_PLACEMENT_3D('',#16188,#10273,#10274);
#8265=AXIS2_PLACEMENT_3D('',#16189,#10275,#10276);
#8266=AXIS2_PLACEMENT_3D('',#16191,#10277,#10278);
#8267=AXIS2_PLACEMENT_3D('',#16192,#10279,#10280);
#8268=AXIS2_PLACEMENT_3D('',#16194,#10281,#10282);
#8269=AXIS2_PLACEMENT_3D('',#16195,#10283,#10284);
#8270=AXIS2_PLACEMENT_3D('',#16197,#10285,#10286);
#8271=AXIS2_PLACEMENT_3D('',#16198,#10287,#10288);
#8272=AXIS2_PLACEMENT_3D('',#16200,#10289,#10290);
#8273=AXIS2_PLACEMENT_3D('',#16201,#10291,#10292);
#8274=AXIS2_PLACEMENT_3D('',#16203,#10293,#10294);
#8275=DIRECTION('',(0.,0.,1.));
#8276=DIRECTION('',(1.,0.,0.));
#8277=DIRECTION('',(0.,-1.,0.));
#8278=DIRECTION('',(0.,0.,-1.));
#8279=DIRECTION('',(1.,0.,0.));
#8280=DIRECTION('',(0.,-1.,0.));
#8281=DIRECTION('',(0.,0.,-1.));
#8282=DIRECTION('',(1.,0.,0.));
#8283=DIRECTION('',(-1.,0.,0.));
#8284=DIRECTION('',(-1.,0.,0.));
#8285=DIRECTION('',(0.,1.,0.));
#8286=DIRECTION('',(0.,0.,1.));
#8287=DIRECTION('',(0.,0.,-1.));
#8288=DIRECTION('',(-1.,0.,0.));
#8289=DIRECTION('',(0.,1.,0.));
#8290=DIRECTION('',(0.,0.,1.));
#8291=DIRECTION('',(1.,0.,0.));
#8292=DIRECTION('',(1.,0.,0.));
#8293=DIRECTION('',(0.,0.,1.));
#8294=DIRECTION('',(-1.,0.,0.));
#8295=DIRECTION('',(1.,0.,0.));
#8296=DIRECTION('',(0.,0.,-1.));
#8297=DIRECTION('',(-1.,0.,0.));
#8298=DIRECTION('',(1.,0.,0.));
#8299=DIRECTION('',(0.,0.,1.));
#8300=DIRECTION('',(-1.,0.,0.));
#8301=DIRECTION('',(1.,0.,0.));
#8302=DIRECTION('',(0.,0.,-1.));
#8303=DIRECTION('',(-1.,0.,0.));
#8304=DIRECTION('',(0.,-1.,0.));
#8305=DIRECTION('',(0.,0.,-1.));
#8306=DIRECTION('',(0.,0.,1.));
#8307=DIRECTION('',(0.,-1.,0.));
#8308=DIRECTION('',(0.,0.,-1.));
#8309=DIRECTION('',(-1.,0.,0.));
#8310=DIRECTION('',(0.,0.,-1.));
#8311=DIRECTION('',(-1.,0.,0.));
#8312=DIRECTION('',(1.,0.,0.));
#8313=DIRECTION('',(0.,0.,1.));
#8314=DIRECTION('',(1.,0.,0.));
#8315=DIRECTION('',(0.,0.,-1.));
#8316=DIRECTION('',(-1.,0.,0.));
#8317=DIRECTION('',(1.,0.,0.));
#8318=DIRECTION('',(0.,0.,1.));
#8319=DIRECTION('',(-1.,0.,0.));
#8320=DIRECTION('',(1.,0.,0.));
#8321=DIRECTION('',(0.,0.,-1.));
#8322=DIRECTION('',(1.,0.,0.));
#8323=DIRECTION('',(0.,0.,1.));
#8324=DIRECTION('',(1.,0.,0.));
#8325=DIRECTION('',(0.,0.,-1.));
#8326=DIRECTION('',(-1.,0.,0.));
#8327=DIRECTION('',(1.,0.,0.));
#8328=DIRECTION('',(0.,0.,1.));
#8329=DIRECTION('',(-1.,0.,0.));
#8330=DIRECTION('',(1.,0.,0.));
#8331=DIRECTION('',(0.,0.,-1.));
#8332=DIRECTION('',(1.,0.,0.));
#8333=DIRECTION('',(0.,0.,1.));
#8334=DIRECTION('',(-1.,0.,0.));
#8335=DIRECTION('',(-1.,0.,0.));
#8336=DIRECTION('',(1.,0.,0.));
#8337=DIRECTION('',(0.,0.,1.));
#8338=DIRECTION('',(-1.,0.,0.));
#8339=DIRECTION('',(1.,0.,0.));
#8340=DIRECTION('',(0.,0.,-1.));
#8341=DIRECTION('',(1.,0.,0.));
#8342=DIRECTION('',(0.,0.,1.));
#8343=DIRECTION('',(1.,0.,0.));
#8344=DIRECTION('',(0.,0.,-1.));
#8345=DIRECTION('',(-1.,0.,0.));
#8346=DIRECTION('',(1.,0.,0.));
#8347=DIRECTION('',(0.,0.,1.));
#8348=DIRECTION('',(-1.,0.,0.));
#8349=DIRECTION('',(-1.,0.,0.));
#8350=DIRECTION('',(1.,0.,0.));
#8351=DIRECTION('',(0.,0.,1.));
#8352=DIRECTION('',(1.,0.,0.));
#8353=DIRECTION('',(-1.,0.,0.));
#8354=DIRECTION('',(1.,0.,0.));
#8355=DIRECTION('',(0.,0.,1.));
#8356=DIRECTION('',(-1.,0.,0.));
#8357=DIRECTION('',(1.,0.,0.));
#8358=DIRECTION('',(0.,0.,-1.));
#8359=DIRECTION('',(-1.,0.,0.));
#8360=DIRECTION('',(0.,1.,0.));
#8361=DIRECTION('',(0.,0.,1.));
#8362=DIRECTION('',(0.,0.,-1.));
#8363=DIRECTION('',(-1.,0.,0.));
#8364=DIRECTION('',(1.,0.,0.));
#8365=DIRECTION('',(0.,0.,1.));
#8366=DIRECTION('',(-1.,0.,0.));
#8367=DIRECTION('',(-1.,0.,0.));
#8368=DIRECTION('',(-1.,0.,0.));
#8369=DIRECTION('',(0.,0.,-1.));
#8370=DIRECTION('',(-1.,0.,0.));
#8371=DIRECTION('',(1.,0.,0.));
#8372=DIRECTION('',(0.,0.,-1.));
#8373=DIRECTION('',(-1.,0.,0.));
#8374=DIRECTION('',(-1.,0.,0.));
#8375=DIRECTION('',(0.,0.,1.));
#8376=DIRECTION('',(0.,0.866025403784439,0.5));
#8377=DIRECTION('',(0.,-0.5,0.866025403784439));
#8378=DIRECTION('',(-1.,0.,0.));
#8379=DIRECTION('',(0.,0.5,-0.866025403784439));
#8380=DIRECTION('',(-1.,0.,0.));
#8381=DIRECTION('',(0.,0.,-1.));
#8382=DIRECTION('',(-1.,0.,0.));
#8383=DIRECTION('',(1.,0.,0.));
#8384=DIRECTION('',(0.,0.,-1.));
#8385=DIRECTION('',(-1.,0.,0.));
#8386=DIRECTION('',(0.,0.,1.));
#8387=DIRECTION('',(-1.,0.,0.));
#8388=DIRECTION('',(0.,0.,1.));
#8389=DIRECTION('',(1.,0.,0.));
#8390=DIRECTION('',(0.,0.,-1.));
#8391=DIRECTION('',(-1.,0.,0.));
#8392=DIRECTION('',(0.,0.,1.));
#8393=DIRECTION('',(1.,0.,0.));
#8394=DIRECTION('',(0.,0.,-1.));
#8395=DIRECTION('',(-1.,0.,0.));
#8396=DIRECTION('',(0.,0.,1.));
#8397=DIRECTION('',(-1.,0.,0.));
#8398=DIRECTION('',(0.,0.,1.));
#8399=DIRECTION('',(1.,0.,0.));
#8400=DIRECTION('',(0.,0.,-1.));
#8401=DIRECTION('',(-1.,0.,0.));
#8402=DIRECTION('',(0.,0.,1.));
#8403=DIRECTION('',(-1.,0.,0.));
#8404=DIRECTION('',(0.,0.,1.));
#8405=DIRECTION('',(1.,0.,0.));
#8406=DIRECTION('',(0.,0.,-1.));
#8407=DIRECTION('',(-1.,0.,0.));
#8408=DIRECTION('',(0.,0.,1.));
#8409=DIRECTION('',(-1.,0.,0.));
#8410=DIRECTION('',(0.,0.,1.));
#8411=DIRECTION('',(1.,0.,0.));
#8412=DIRECTION('',(0.,0.,-1.));
#8413=DIRECTION('',(-1.,0.,0.));
#8414=DIRECTION('',(0.,0.,1.));
#8415=DIRECTION('',(1.,0.,0.));
#8416=DIRECTION('',(0.,1.,-6.12323399573677E-17));
#8417=DIRECTION('',(-1.,0.,0.));
#8418=DIRECTION('',(0.,0.,1.));
#8419=DIRECTION('',(1.,0.,0.));
#8420=DIRECTION('',(0.,0.,-1.));
#8421=DIRECTION('',(-1.,0.,0.));
#8422=DIRECTION('',(0.,0.,1.));
#8423=DIRECTION('',(1.,0.,0.));
#8424=DIRECTION('',(0.,0.,-1.));
#8425=DIRECTION('',(-1.,0.,0.));
#8426=DIRECTION('',(0.,0.,1.));
#8427=DIRECTION('',(1.,0.,0.));
#8428=DIRECTION('',(0.,0.,-1.));
#8429=DIRECTION('',(1.,0.,0.));
#8430=DIRECTION('',(0.,0.,-1.));
#8431=DIRECTION('',(0.,-0.965925826289069,0.25881904510252));
#8432=DIRECTION('',(0.,-0.25881904510252,-0.965925826289069));
#8433=DIRECTION('',(-1.,0.,0.));
#8434=DIRECTION('',(-1.,0.,0.));
#8435=DIRECTION('',(1.,0.,0.));
#8436=DIRECTION('',(0.,0.,-1.));
#8437=DIRECTION('',(1.,0.,0.));
#8438=DIRECTION('',(0.,0.,-1.));
#8439=DIRECTION('',(1.,0.,0.));
#8440=DIRECTION('',(0.,0.,-1.));
#8441=DIRECTION('',(1.,0.,0.));
#8442=DIRECTION('',(0.,0.,-1.));
#8443=DIRECTION('',(1.,0.,0.));
#8444=DIRECTION('',(0.,0.,-1.));
#8445=DIRECTION('',(1.,0.,0.));
#8446=DIRECTION('',(0.,0.,-1.));
#8447=DIRECTION('',(1.,0.,0.));
#8448=DIRECTION('',(0.,0.,-1.));
#8449=DIRECTION('',(1.,0.,0.));
#8450=DIRECTION('',(0.,0.,-1.));
#8451=DIRECTION('',(1.,0.,0.));
#8452=DIRECTION('',(0.,0.,-1.));
#8453=DIRECTION('',(1.,0.,0.));
#8454=DIRECTION('',(0.,0.,-1.));
#8455=DIRECTION('',(0.,0.965925826289068,-0.258819045102521));
#8456=DIRECTION('',(0.,0.258819045102521,0.965925826289068));
#8457=DIRECTION('',(-1.,0.,0.));
#8458=DIRECTION('',(-1.,0.,0.));
#8459=DIRECTION('',(0.,0.707106781186548,0.707106781186548));
#8460=DIRECTION('',(0.,-0.707106781186548,0.707106781186548));
#8461=DIRECTION('',(-1.,0.,0.));
#8462=DIRECTION('',(0.,-0.707106781186547,-0.707106781186548));
#8463=DIRECTION('',(0.,0.707106781186548,-0.707106781186547));
#8464=DIRECTION('',(-1.,0.,0.));
#8465=DIRECTION('',(-1.,0.,0.));
#8466=DIRECTION('',(1.,0.,0.));
#8467=DIRECTION('',(0.,0.,-1.));
#8468=DIRECTION('',(1.,0.,0.));
#8469=DIRECTION('',(0.,0.,-1.));
#8470=DIRECTION('',(1.,0.,0.));
#8471=DIRECTION('',(0.,0.,-1.));
#8472=DIRECTION('',(1.,0.,0.));
#8473=DIRECTION('',(0.,0.,-1.));
#8474=DIRECTION('',(1.,0.,0.));
#8475=DIRECTION('',(0.,0.,-1.));
#8476=DIRECTION('',(1.,0.,0.));
#8477=DIRECTION('',(0.,0.,-1.));
#8478=DIRECTION('',(1.,0.,0.));
#8479=DIRECTION('',(0.,0.,-1.));
#8480=DIRECTION('',(1.,0.,0.));
#8481=DIRECTION('',(0.,0.,-1.));
#8482=DIRECTION('',(1.,0.,0.));
#8483=DIRECTION('',(0.,0.,-1.));
#8484=DIRECTION('',(1.,0.,0.));
#8485=DIRECTION('',(0.,0.,-1.));
#8486=DIRECTION('',(0.,0.965925826289068,-0.258819045102521));
#8487=DIRECTION('',(0.,0.258819045102521,0.965925826289068));
#8488=DIRECTION('',(-1.,0.,0.));
#8489=DIRECTION('',(-1.,0.,0.));
#8490=DIRECTION('',(0.,0.707106781186548,0.707106781186548));
#8491=DIRECTION('',(0.,-0.707106781186548,0.707106781186548));
#8492=DIRECTION('',(-1.,0.,0.));
#8493=DIRECTION('',(0.,-0.258819045102521,0.965925826289068));
#8494=DIRECTION('',(0.,-0.965925826289068,-0.258819045102521));
#8495=DIRECTION('',(-1.,0.,0.));
#8496=DIRECTION('',(0.,-0.707106781186547,-0.707106781186548));
#8497=DIRECTION('',(0.,0.707106781186548,-0.707106781186547));
#8498=DIRECTION('',(-1.,0.,0.));
#8499=DIRECTION('',(-1.,0.,0.));
#8500=DIRECTION('',(1.,0.,0.));
#8501=DIRECTION('',(0.,0.,-1.));
#8502=DIRECTION('',(1.,0.,0.));
#8503=DIRECTION('',(0.,0.,-1.));
#8504=DIRECTION('',(1.,0.,0.));
#8505=DIRECTION('',(0.,0.,-1.));
#8506=DIRECTION('',(1.,0.,0.));
#8507=DIRECTION('',(0.,0.,-1.));
#8508=DIRECTION('',(1.,0.,0.));
#8509=DIRECTION('',(0.,0.,-1.));
#8510=DIRECTION('',(1.,0.,0.));
#8511=DIRECTION('',(0.,0.,-1.));
#8512=DIRECTION('',(1.,0.,0.));
#8513=DIRECTION('',(0.,0.,-1.));
#8514=DIRECTION('',(1.,0.,0.));
#8515=DIRECTION('',(0.,0.,-1.));
#8516=DIRECTION('',(1.,0.,0.));
#8517=DIRECTION('',(0.,0.,-1.));
#8518=DIRECTION('',(1.,0.,0.));
#8519=DIRECTION('',(0.,0.,-1.));
#8520=DIRECTION('',(0.,0.965925826289068,-0.258819045102521));
#8521=DIRECTION('',(0.,0.258819045102521,0.965925826289068));
#8522=DIRECTION('',(-1.,0.,0.));
#8523=DIRECTION('',(-1.,0.,0.));
#8524=DIRECTION('',(0.,0.707106781186548,0.707106781186548));
#8525=DIRECTION('',(0.,-0.707106781186548,0.707106781186548));
#8526=DIRECTION('',(-1.,0.,0.));
#8527=DIRECTION('',(0.,-0.258819045102521,0.965925826289068));
#8528=DIRECTION('',(0.,-0.965925826289068,-0.258819045102521));
#8529=DIRECTION('',(-1.,0.,0.));
#8530=DIRECTION('',(0.,-0.707106781186547,-0.707106781186548));
#8531=DIRECTION('',(0.,0.707106781186548,-0.707106781186547));
#8532=DIRECTION('',(-1.,0.,0.));
#8533=DIRECTION('',(-1.,0.,0.));
#8534=DIRECTION('',(-1.,0.,0.));
#8535=DIRECTION('',(0.,0.,1.));
#8536=DIRECTION('',(1.,0.,0.));
#8537=DIRECTION('',(0.,0.,-1.));
#8538=DIRECTION('',(1.,0.,0.));
#8539=DIRECTION('',(0.,0.,-1.));
#8540=DIRECTION('',(1.,0.,0.));
#8541=DIRECTION('',(0.,0.,-1.));
#8542=DIRECTION('',(1.,0.,0.));
#8543=DIRECTION('',(0.,0.,-1.));
#8544=DIRECTION('',(1.,0.,0.));
#8545=DIRECTION('',(0.,0.,-1.));
#8546=DIRECTION('',(1.,0.,0.));
#8547=DIRECTION('',(0.,0.,-1.));
#8548=DIRECTION('',(1.,0.,0.));
#8549=DIRECTION('',(0.,0.,-1.));
#8550=DIRECTION('',(1.,0.,0.));
#8551=DIRECTION('',(0.,0.,-1.));
#8552=DIRECTION('',(1.,0.,0.));
#8553=DIRECTION('',(0.,0.,-1.));
#8554=DIRECTION('',(1.,0.,0.));
#8555=DIRECTION('',(0.,0.,-1.));
#8556=DIRECTION('',(1.,0.,0.));
#8557=DIRECTION('',(0.,0.,-1.));
#8558=DIRECTION('',(1.,0.,0.));
#8559=DIRECTION('',(0.,0.,-1.));
#8560=DIRECTION('',(-1.,0.,0.));
#8561=DIRECTION('',(0.,0.,1.));
#8562=DIRECTION('',(1.,0.,0.));
#8563=DIRECTION('',(0.,0.,-1.));
#8564=DIRECTION('',(-1.,0.,0.));
#8565=DIRECTION('',(0.,0.,1.));
#8566=DIRECTION('',(1.,0.,0.));
#8567=DIRECTION('',(0.,0.,-1.));
#8568=DIRECTION('',(1.,0.,0.));
#8569=DIRECTION('',(0.,0.,-1.));
#8570=DIRECTION('',(-1.,0.,0.));
#8571=DIRECTION('',(0.,0.,1.));
#8572=DIRECTION('',(1.,0.,0.));
#8573=DIRECTION('',(0.,0.,-1.));
#8574=DIRECTION('',(-1.,0.,0.));
#8575=DIRECTION('',(0.,0.,1.));
#8576=DIRECTION('',(1.,0.,0.));
#8577=DIRECTION('',(0.,0.,-1.));
#8578=DIRECTION('',(1.,0.,0.));
#8579=DIRECTION('',(0.,0.,-1.));
#8580=DIRECTION('',(-1.,0.,0.));
#8581=DIRECTION('',(0.,0.,1.));
#8582=DIRECTION('',(1.,0.,0.));
#8583=DIRECTION('',(0.,0.,-1.));
#8584=DIRECTION('',(-1.,0.,0.));
#8585=DIRECTION('',(0.,0.,1.));
#8586=DIRECTION('',(1.,0.,0.));
#8587=DIRECTION('',(0.,0.,-1.));
#8588=DIRECTION('',(-1.,0.,0.));
#8589=DIRECTION('',(0.,0.,1.));
#8590=DIRECTION('',(1.,0.,0.));
#8591=DIRECTION('',(0.,0.,-1.));
#8592=DIRECTION('',(-1.,0.,0.));
#8593=DIRECTION('',(0.,0.,1.));
#8594=DIRECTION('',(1.,0.,0.));
#8595=DIRECTION('',(0.,0.,-1.));
#8596=DIRECTION('',(-1.,0.,0.));
#8597=DIRECTION('',(0.,0.,1.));
#8598=DIRECTION('',(1.,0.,0.));
#8599=DIRECTION('',(0.,0.,-1.));
#8600=DIRECTION('',(1.,0.,0.));
#8601=DIRECTION('',(0.,0.,-1.));
#8602=DIRECTION('',(-1.,0.,0.));
#8603=DIRECTION('',(0.,0.,1.));
#8604=DIRECTION('',(1.,0.,0.));
#8605=DIRECTION('',(0.,0.,-1.));
#8606=DIRECTION('',(1.,0.,0.));
#8607=DIRECTION('',(0.,0.,-1.));
#8608=DIRECTION('',(-1.,0.,0.));
#8609=DIRECTION('',(0.,0.,1.));
#8610=DIRECTION('',(1.,0.,0.));
#8611=DIRECTION('',(0.,0.,-1.));
#8612=DIRECTION('',(-1.,0.,0.));
#8613=DIRECTION('',(0.,0.,1.));
#8614=DIRECTION('',(1.,0.,0.));
#8615=DIRECTION('',(0.,0.,-1.));
#8616=DIRECTION('',(-1.,0.,0.));
#8617=DIRECTION('',(0.,0.,1.));
#8618=DIRECTION('',(1.,0.,0.));
#8619=DIRECTION('',(0.,0.,-1.));
#8620=DIRECTION('',(-1.,0.,0.));
#8621=DIRECTION('',(0.,0.,-1.));
#8622=DIRECTION('',(1.,0.,0.));
#8623=DIRECTION('',(1.,0.,0.));
#8624=DIRECTION('',(0.,0.,-1.));
#8625=DIRECTION('',(1.,0.,0.));
#8626=DIRECTION('',(1.,0.,0.));
#8627=DIRECTION('',(0.,0.,-1.));
#8628=DIRECTION('',(-1.,0.,0.));
#8629=DIRECTION('',(0.,0.,-1.));
#8630=DIRECTION('',(1.,0.,0.));
#8631=DIRECTION('',(1.,0.,0.));
#8632=DIRECTION('',(0.,0.,-1.));
#8633=DIRECTION('',(1.,0.,0.));
#8634=DIRECTION('',(1.,0.,0.));
#8635=DIRECTION('',(0.,0.,-1.));
#8636=DIRECTION('',(1.,0.,0.));
#8637=DIRECTION('',(0.,0.,-1.));
#8638=DIRECTION('',(1.,0.,0.));
#8639=DIRECTION('',(0.,0.,-1.));
#8640=DIRECTION('',(1.,0.,0.));
#8641=DIRECTION('',(0.,0.,-1.));
#8642=DIRECTION('',(1.,0.,0.));
#8643=DIRECTION('',(0.,0.,-1.));
#8644=DIRECTION('',(1.,0.,0.));
#8645=DIRECTION('',(0.,0.,-1.));
#8646=DIRECTION('',(1.,0.,0.));
#8647=DIRECTION('',(0.,0.,-1.));
#8648=DIRECTION('',(1.,0.,0.));
#8649=DIRECTION('',(0.,0.,-1.));
#8650=DIRECTION('',(1.,0.,0.));
#8651=DIRECTION('',(0.,0.,-1.));
#8652=DIRECTION('',(1.,0.,0.));
#8653=DIRECTION('',(0.,0.,-1.));
#8654=DIRECTION('',(1.,0.,0.));
#8655=DIRECTION('',(0.,0.,-1.));
#8656=DIRECTION('',(1.,0.,0.));
#8657=DIRECTION('',(0.,0.,-1.));
#8658=DIRECTION('',(1.,0.,0.));
#8659=DIRECTION('',(0.,0.,-1.));
#8660=DIRECTION('',(1.,0.,0.));
#8661=DIRECTION('',(0.,0.,-1.));
#8662=DIRECTION('',(1.,0.,0.));
#8663=DIRECTION('',(0.,0.,-1.));
#8664=DIRECTION('',(1.,0.,0.));
#8665=DIRECTION('',(0.,0.,-1.));
#8666=DIRECTION('',(1.,0.,0.));
#8667=DIRECTION('',(0.,0.,-1.));
#8668=DIRECTION('',(1.,0.,0.));
#8669=DIRECTION('',(0.,0.,-1.));
#8670=DIRECTION('',(1.,0.,0.));
#8671=DIRECTION('',(0.,0.,-1.));
#8672=DIRECTION('',(1.,0.,0.));
#8673=DIRECTION('',(0.,0.,-1.));
#8674=DIRECTION('',(0.,1.,0.));
#8675=DIRECTION('',(0.,0.,1.));
#8676=DIRECTION('',(-1.,0.,0.));
#8677=DIRECTION('',(1.,0.,0.));
#8678=DIRECTION('',(0.,0.,1.));
#8679=DIRECTION('',(-1.,0.,0.));
#8680=DIRECTION('',(1.,0.,0.));
#8681=DIRECTION('',(0.,0.,1.));
#8682=DIRECTION('',(1.,0.,0.));
#8683=DIRECTION('',(0.,0.,-1.));
#8684=DIRECTION('',(-1.,0.,0.));
#8685=DIRECTION('',(0.,0.,1.));
#8686=DIRECTION('',(1.,0.,0.));
#8687=DIRECTION('',(-1.,0.,0.));
#8688=DIRECTION('',(0.,1.,0.));
#8689=DIRECTION('',(-1.,0.,0.));
#8690=DIRECTION('',(1.,0.,0.));
#8691=DIRECTION('',(0.,0.,1.));
#8692=DIRECTION('',(-1.,0.,0.));
#8693=DIRECTION('',(1.,0.,0.));
#8694=DIRECTION('',(0.,0.,-1.));
#8695=DIRECTION('',(1.,0.,0.));
#8696=DIRECTION('',(0.,0.,1.));
#8697=DIRECTION('',(-1.,0.,0.));
#8698=DIRECTION('',(-1.,0.,0.));
#8699=DIRECTION('',(1.,0.,0.));
#8700=DIRECTION('',(0.,0.,1.));
#8701=DIRECTION('',(-1.,0.,0.));
#8702=DIRECTION('',(1.,0.,0.));
#8703=DIRECTION('',(0.,0.,-1.));
#8704=DIRECTION('',(-1.,0.,0.));
#8705=DIRECTION('',(1.,0.,0.));
#8706=DIRECTION('',(0.,0.,1.));
#8707=DIRECTION('',(-1.,0.,0.));
#8708=DIRECTION('',(1.,0.,0.));
#8709=DIRECTION('',(0.,0.,-1.));
#8710=DIRECTION('',(-1.,0.,0.));
#8711=DIRECTION('',(0.,1.,0.));
#8712=DIRECTION('',(0.,0.,1.));
#8713=DIRECTION('',(0.,0.,1.));
#8714=DIRECTION('',(-1.,0.,0.));
#8715=DIRECTION('',(1.,0.,0.));
#8716=DIRECTION('',(0.,0.,1.));
#8717=DIRECTION('',(1.,0.,0.));
#8718=DIRECTION('',(0.,0.,-1.));
#8719=DIRECTION('',(-1.,0.,0.));
#8720=DIRECTION('',(1.,0.,0.));
#8721=DIRECTION('',(0.,0.,1.));
#8722=DIRECTION('',(-1.,0.,0.));
#8723=DIRECTION('',(1.,0.,0.));
#8724=DIRECTION('',(0.,0.,-1.));
#8725=DIRECTION('',(0.,0.,1.));
#8726=DIRECTION('',(1.,0.,0.));
#8727=DIRECTION('',(-1.,0.,0.));
#8728=DIRECTION('',(0.,-1.,0.));
#8729=DIRECTION('',(1.,0.,0.));
#8730=DIRECTION('',(0.,0.,1.));
#8731=DIRECTION('',(1.,0.,0.));
#8732=DIRECTION('',(0.,0.,-1.));
#8733=DIRECTION('',(0.,0.,1.));
#8734=DIRECTION('',(1.,0.,0.));
#8735=DIRECTION('',(-1.,0.,0.));
#8736=DIRECTION('',(1.,0.,0.));
#8737=DIRECTION('',(0.,0.,1.));
#8738=DIRECTION('',(1.,0.,0.));
#8739=DIRECTION('',(0.,0.,1.));
#8740=DIRECTION('',(1.,0.,0.));
#8741=DIRECTION('',(0.,0.,-1.));
#8742=DIRECTION('',(1.,0.,0.));
#8743=DIRECTION('',(0.,0.,1.));
#8744=DIRECTION('',(-1.,0.,0.));
#8745=DIRECTION('',(1.,0.,0.));
#8746=DIRECTION('',(0.,0.,-1.));
#8747=DIRECTION('',(-1.,0.,0.));
#8748=DIRECTION('',(1.,0.,0.));
#8749=DIRECTION('',(0.,0.,1.));
#8750=DIRECTION('',(1.,0.,0.));
#8751=DIRECTION('',(-1.,0.,0.));
#8752=DIRECTION('',(1.,0.,0.));
#8753=DIRECTION('',(0.,0.,1.));
#8754=DIRECTION('',(-1.,0.,0.));
#8755=DIRECTION('',(-1.,0.,0.));
#8756=DIRECTION('',(0.,0.,-1.));
#8757=DIRECTION('',(-1.,0.,0.));
#8758=DIRECTION('',(-1.,0.,0.));
#8759=DIRECTION('',(0.,0.,-1.));
#8760=DIRECTION('',(-1.,0.,0.));
#8761=DIRECTION('',(-1.,0.,0.));
#8762=DIRECTION('',(0.,1.,0.));
#8763=DIRECTION('',(0.,0.,-1.));
#8764=DIRECTION('',(-1.,0.,0.));
#8765=DIRECTION('',(-1.,0.,0.));
#8766=DIRECTION('',(0.,-1.,0.));
#8767=DIRECTION('',(0.,0.707106781186548,0.707106781186548));
#8768=DIRECTION('',(0.,-0.707106781186548,0.707106781186548));
#8769=DIRECTION('',(-1.,0.,0.));
#8770=DIRECTION('',(-1.,0.,0.));
#8771=DIRECTION('',(0.,0.965925826289068,-0.258819045102521));
#8772=DIRECTION('',(0.,0.258819045102521,0.965925826289068));
#8773=DIRECTION('',(-1.,0.,0.));
#8774=DIRECTION('',(0.,0.258819045102521,-0.965925826289068));
#8775=DIRECTION('',(0.,0.965925826289068,0.258819045102521));
#8776=DIRECTION('',(-1.,0.,0.));
#8777=DIRECTION('',(0.,-0.258819045102521,0.965925826289068));
#8778=DIRECTION('',(0.,-0.965925826289068,-0.258819045102521));
#8779=DIRECTION('',(-1.,0.,0.));
#8780=DIRECTION('',(0.,-0.965925826289069,0.25881904510252));
#8781=DIRECTION('',(0.,-0.25881904510252,-0.965925826289069));
#8782=DIRECTION('',(1.,0.,0.));
#8783=DIRECTION('',(0.,0.,-1.));
#8784=DIRECTION('',(0.,0.258819045102521,-0.965925826289068));
#8785=DIRECTION('',(0.,0.965925826289068,0.258819045102521));
#8786=DIRECTION('',(0.,-0.965925826289069,0.25881904510252));
#8787=DIRECTION('',(0.,-0.25881904510252,-0.965925826289069));
#8788=DIRECTION('',(1.,0.,0.));
#8789=DIRECTION('',(0.,0.,-1.));
#8790=DIRECTION('',(0.,0.258819045102521,-0.965925826289068));
#8791=DIRECTION('',(0.,0.965925826289068,0.258819045102521));
#8792=DIRECTION('',(0.,-0.965925826289069,0.25881904510252));
#8793=DIRECTION('',(0.,-0.25881904510252,-0.965925826289069));
#8794=DIRECTION('',(1.,0.,0.));
#8795=DIRECTION('',(0.,0.,-1.));
#8796=DIRECTION('',(0.,0.258819045102521,-0.965925826289068));
#8797=DIRECTION('',(0.,0.965925826289068,0.258819045102521));
#8798=DIRECTION('',(1.,0.,0.));
#8799=DIRECTION('',(0.,0.,1.));
#8800=DIRECTION('',(1.,0.,0.));
#8801=DIRECTION('',(0.,0.,-1.));
#8802=DIRECTION('',(0.,-0.5,-0.866025403784439));
#8803=DIRECTION('',(1.,0.,0.));
#8804=DIRECTION('',(0.,0.,-1.));
#8805=DIRECTION('',(0.,-0.5,0.866025403784439));
#8806=DIRECTION('',(1.,0.,0.));
#8807=DIRECTION('',(0.,0.,-1.));
#8808=DIRECTION('',(0.,1.,0.));
#8809=DIRECTION('',(1.,0.,0.));
#8810=DIRECTION('',(0.,0.,-1.));
#8811=DIRECTION('',(0.,-0.5,-0.866025403784439));
#8812=DIRECTION('',(1.,0.,0.));
#8813=DIRECTION('',(0.,0.,-1.));
#8814=DIRECTION('',(0.,-0.5,0.866025403784439));
#8815=DIRECTION('',(1.,0.,0.));
#8816=DIRECTION('',(0.,0.,-1.));
#8817=DIRECTION('',(0.,-1.,0.));
#8818=DIRECTION('',(1.,0.,0.));
#8819=DIRECTION('',(0.,0.,-1.));
#8820=DIRECTION('',(0.,-1.,0.));
#8821=DIRECTION('',(1.,0.,0.));
#8822=DIRECTION('',(0.,0.,-1.));
#8823=DIRECTION('',(1.,0.,0.));
#8824=DIRECTION('',(0.,0.,-1.));
#8825=DIRECTION('',(1.,0.,0.));
#8826=DIRECTION('',(0.,0.,-1.));
#8827=DIRECTION('',(0.,0.,1.));
#8828=DIRECTION('',(1.,0.,0.));
#8829=DIRECTION('',(0.,0.,-1.));
#8830=DIRECTION('',(1.,0.,0.));
#8831=DIRECTION('',(0.,0.,-1.));
#8832=DIRECTION('',(1.,0.,0.));
#8833=DIRECTION('',(0.,0.,-1.));
#8834=DIRECTION('',(0.,1.,0.));
#8835=DIRECTION('',(1.,0.,0.));
#8836=DIRECTION('',(0.,0.,-1.));
#8837=DIRECTION('',(1.,0.,0.));
#8838=DIRECTION('',(0.,0.,-1.));
#8839=DIRECTION('',(1.,0.,0.));
#8840=DIRECTION('',(0.,0.,-1.));
#8841=DIRECTION('',(0.,0.,-1.));
#8842=DIRECTION('',(1.,0.,0.));
#8843=DIRECTION('',(0.,0.,-1.));
#8844=DIRECTION('',(1.,0.,0.));
#8845=DIRECTION('',(0.,0.,-1.));
#8846=DIRECTION('',(1.,0.,0.));
#8847=DIRECTION('',(0.,0.,-1.));
#8848=DIRECTION('',(1.,0.,0.));
#8849=DIRECTION('',(0.,0.,1.));
#8850=DIRECTION('',(1.,0.,0.));
#8851=DIRECTION('',(0.,0.,-1.));
#8852=DIRECTION('',(0.,0.866025403784439,0.5));
#8853=DIRECTION('',(0.,-0.5,0.866025403784439));
#8854=DIRECTION('',(1.,0.,0.));
#8855=DIRECTION('',(0.,0.5,-0.866025403784439));
#8856=DIRECTION('',(-1.,0.,0.));
#8857=DIRECTION('',(0.,0.,-1.));
#8858=DIRECTION('',(1.,0.,0.));
#8859=DIRECTION('',(1.,0.,0.));
#8860=DIRECTION('',(0.,0.,-1.));
#8861=DIRECTION('',(0.,0.,1.));
#8862=DIRECTION('',(1.,0.,0.));
#8863=DIRECTION('',(1.,0.,0.));
#8864=DIRECTION('',(0.,1.,0.));
#8865=DIRECTION('',(-1.,0.,0.));
#8866=DIRECTION('',(0.,0.,-1.));
#8867=DIRECTION('',(1.,0.,0.));
#8868=DIRECTION('',(1.,0.,0.));
#8869=DIRECTION('',(0.,0.,-1.));
#8870=DIRECTION('',(0.,-0.866025403784439,0.5));
#8871=DIRECTION('',(0.,-0.5,-0.866025403784439));
#8872=DIRECTION('',(0.,0.5,0.866025403784439));
#8873=DIRECTION('',(0.,0.866025403784439,0.5));
#8874=DIRECTION('',(0.,-0.5,0.866025403784439));
#8875=DIRECTION('',(1.,0.,0.));
#8876=DIRECTION('',(0.,-0.5,0.866025403784439));
#8877=DIRECTION('',(-1.,0.,0.));
#8878=DIRECTION('',(0.,0.,-1.));
#8879=DIRECTION('',(1.,0.,0.));
#8880=DIRECTION('',(1.,0.,0.));
#8881=DIRECTION('',(0.,0.,-1.));
#8882=DIRECTION('',(0.,0.,-1.));
#8883=DIRECTION('',(-1.,0.,0.));
#8884=DIRECTION('',(1.,0.,0.));
#8885=DIRECTION('',(0.,-1.,0.));
#8886=DIRECTION('',(-1.,0.,0.));
#8887=DIRECTION('',(0.,0.,-1.));
#8888=DIRECTION('',(-1.,0.,0.));
#8889=DIRECTION('',(1.,0.,0.));
#8890=DIRECTION('',(0.,0.,-1.));
#8891=DIRECTION('',(-1.,0.,0.));
#8892=DIRECTION('',(-1.,0.,0.));
#8893=DIRECTION('',(0.,0.,1.));
#8894=DIRECTION('',(0.,-0.866025403784439,0.5));
#8895=DIRECTION('',(0.,-0.5,-0.866025403784439));
#8896=DIRECTION('',(0.,0.5,0.866025403784439));
#8897=DIRECTION('',(-1.,0.,0.));
#8898=DIRECTION('',(-1.,0.,0.));
#8899=DIRECTION('',(0.,0.,-1.));
#8900=DIRECTION('',(1.,0.,0.));
#8901=DIRECTION('',(0.,0.,-1.));
#8902=DIRECTION('',(-1.,0.,0.));
#8903=DIRECTION('',(0.,0.866025403784439,0.5));
#8904=DIRECTION('',(0.,-0.5,0.866025403784439));
#8905=DIRECTION('',(0.,-0.5,0.866025403784439));
#8906=DIRECTION('',(-1.,0.,0.));
#8907=DIRECTION('',(-1.,0.,0.));
#8908=DIRECTION('',(0.,0.,-1.));
#8909=DIRECTION('',(1.,0.,0.));
#8910=DIRECTION('',(0.,0.,-1.));
#8911=DIRECTION('',(-1.,0.,0.));
#8912=DIRECTION('',(0.,0.,1.));
#8913=DIRECTION('',(1.,0.,0.));
#8914=DIRECTION('',(0.,-1.,0.));
#8915=DIRECTION('',(-1.,0.,0.));
#8916=DIRECTION('',(-1.,0.,0.));
#8917=DIRECTION('',(0.,0.,-1.));
#8918=DIRECTION('',(1.,0.,0.));
#8919=DIRECTION('',(0.,0.,-1.));
#8920=DIRECTION('',(-1.,0.,0.));
#8921=DIRECTION('',(0.,-0.866025403784439,0.5));
#8922=DIRECTION('',(0.,-0.5,-0.866025403784439));
#8923=DIRECTION('',(0.,-0.5,-0.866025403784439));
#8924=DIRECTION('',(-1.,0.,0.));
#8925=DIRECTION('',(0.,0.,1.));
#8926=DIRECTION('',(0.,0.,-1.));
#8927=DIRECTION('',(-1.,0.,0.));
#8928=DIRECTION('',(0.,1.,0.));
#8929=DIRECTION('',(-1.,0.,0.));
#8930=DIRECTION('',(0.,0.,-1.));
#8931=DIRECTION('',(1.,0.,0.));
#8932=DIRECTION('',(1.,0.,0.));
#8933=DIRECTION('',(0.,0.,-1.));
#8934=DIRECTION('',(0.,-0.866025403784439,0.5));
#8935=DIRECTION('',(0.,-0.5,-0.866025403784439));
#8936=DIRECTION('',(0.,-0.5,-0.866025403784439));
#8937=DIRECTION('',(0.,-1.,0.));
#8938=DIRECTION('',(0.,0.,-1.));
#8939=DIRECTION('',(0.,-1.,0.));
#8940=DIRECTION('',(0.,0.,-1.));
#8941=DIRECTION('',(1.,0.,0.));
#8942=DIRECTION('',(0.,0.,1.));
#8943=DIRECTION('',(-1.,0.,0.));
#8944=DIRECTION('',(1.,0.,0.));
#8945=DIRECTION('',(0.,0.,-1.));
#8946=DIRECTION('',(0.,-0.258819045102521,0.965925826289068));
#8947=DIRECTION('',(0.,-0.965925826289068,-0.258819045102521));
#8948=DIRECTION('',(1.,0.,0.));
#8949=DIRECTION('',(0.,0.,-1.));
#8950=DIRECTION('',(0.,-0.707106781186547,-0.707106781186548));
#8951=DIRECTION('',(0.,0.707106781186548,-0.707106781186547));
#8952=DIRECTION('',(1.,0.,0.));
#8953=DIRECTION('',(0.,0.,1.));
#8954=DIRECTION('',(1.,0.,0.));
#8955=DIRECTION('',(0.,0.,1.));
#8956=DIRECTION('',(1.,0.,0.));
#8957=DIRECTION('',(0.,0.,-1.));
#8958=DIRECTION('',(1.,0.,0.));
#8959=DIRECTION('',(0.,0.,1.));
#8960=DIRECTION('',(1.,0.,0.));
#8961=DIRECTION('',(0.,0.,-1.));
#8962=DIRECTION('',(1.,0.,0.));
#8963=DIRECTION('',(0.,0.,1.));
#8964=DIRECTION('',(1.,0.,0.));
#8965=DIRECTION('',(0.,0.,-1.));
#8966=DIRECTION('',(1.,0.,0.));
#8967=DIRECTION('',(0.,0.,1.));
#8968=DIRECTION('',(1.,0.,0.));
#8969=DIRECTION('',(0.,0.,-1.));
#8970=DIRECTION('',(1.,0.,0.));
#8971=DIRECTION('',(0.,0.,1.));
#8972=DIRECTION('',(-1.,0.,0.));
#8973=DIRECTION('',(0.,0.,1.));
#8974=DIRECTION('',(-1.,0.,0.));
#8975=DIRECTION('',(0.,0.,1.));
#8976=DIRECTION('',(1.,0.,0.));
#8977=DIRECTION('',(0.,0.,-1.));
#8978=DIRECTION('',(-1.,0.,0.));
#8979=DIRECTION('',(0.,0.,1.));
#8980=DIRECTION('',(1.,0.,0.));
#8981=DIRECTION('',(0.,0.,-1.));
#8982=DIRECTION('',(-1.,0.,0.));
#8983=DIRECTION('',(0.,0.,1.));
#8984=DIRECTION('',(1.,0.,0.));
#8985=DIRECTION('',(0.,0.,-1.));
#8986=DIRECTION('',(-1.,0.,0.));
#8987=DIRECTION('',(0.,0.,1.));
#8988=DIRECTION('',(1.,0.,0.));
#8989=DIRECTION('',(0.,0.,-1.));
#8990=DIRECTION('',(-1.,0.,0.));
#8991=DIRECTION('',(0.,0.,1.));
#8992=DIRECTION('',(-1.,0.,0.));
#8993=DIRECTION('',(0.,0.,1.));
#8994=DIRECTION('',(1.,0.,0.));
#8995=DIRECTION('',(0.,0.,-1.));
#8996=DIRECTION('',(-1.,0.,0.));
#8997=DIRECTION('',(0.,0.,1.));
#8998=DIRECTION('',(1.,0.,0.));
#8999=DIRECTION('',(0.,0.,-1.));
#9000=DIRECTION('',(1.,0.,0.));
#9001=DIRECTION('',(0.,0.,-1.));
#9002=DIRECTION('',(1.,0.,0.));
#9003=DIRECTION('',(0.,0.,-1.));
#9004=DIRECTION('',(1.,0.,0.));
#9005=DIRECTION('',(0.,0.,-1.));
#9006=DIRECTION('',(1.,0.,0.));
#9007=DIRECTION('',(0.,0.,-1.));
#9008=DIRECTION('',(1.,0.,0.));
#9009=DIRECTION('',(0.,0.,-1.));
#9010=DIRECTION('',(1.,0.,0.));
#9011=DIRECTION('',(0.,0.,-1.));
#9012=DIRECTION('',(1.,0.,0.));
#9013=DIRECTION('',(0.,0.,-1.));
#9014=DIRECTION('',(1.,0.,0.));
#9015=DIRECTION('',(0.,0.,-1.));
#9016=DIRECTION('',(1.,0.,0.));
#9017=DIRECTION('',(0.,0.,-1.));
#9018=DIRECTION('',(0.,-0.5,-0.866025403784439));
#9019=DIRECTION('',(1.,0.,0.));
#9020=DIRECTION('',(0.,0.,-1.));
#9021=DIRECTION('',(0.,1.,0.));
#9022=DIRECTION('',(1.,0.,0.));
#9023=DIRECTION('',(0.,0.,-1.));
#9024=DIRECTION('',(0.,-0.5,0.866025403784439));
#9025=DIRECTION('',(1.,0.,0.));
#9026=DIRECTION('',(0.,0.,-1.));
#9027=DIRECTION('',(0.,-0.5,-0.866025403784439));
#9028=DIRECTION('',(1.,0.,0.));
#9029=DIRECTION('',(0.,0.,-1.));
#9030=DIRECTION('',(0.,-1.,0.));
#9031=DIRECTION('',(1.,0.,0.));
#9032=DIRECTION('',(0.,0.,-1.));
#9033=DIRECTION('',(0.,-0.5,0.866025403784439));
#9034=DIRECTION('',(1.,0.,0.));
#9035=DIRECTION('',(0.,0.,-1.));
#9036=DIRECTION('',(1.,0.,0.));
#9037=DIRECTION('',(0.,0.,-1.));
#9038=DIRECTION('',(1.,0.,0.));
#9039=DIRECTION('',(0.,0.,-1.));
#9040=DIRECTION('',(0.,1.,0.));
#9041=DIRECTION('',(1.,0.,0.));
#9042=DIRECTION('',(0.,0.,-1.));
#9043=DIRECTION('',(1.,0.,0.));
#9044=DIRECTION('',(0.,0.,-1.));
#9045=DIRECTION('',(1.,0.,0.));
#9046=DIRECTION('',(0.,0.,-1.));
#9047=DIRECTION('',(1.,0.,0.));
#9048=DIRECTION('',(0.,0.,-1.));
#9049=DIRECTION('',(1.,0.,0.));
#9050=DIRECTION('',(0.,0.,-1.));
#9051=DIRECTION('',(0.,0.,1.));
#9052=DIRECTION('',(1.,0.,0.));
#9053=DIRECTION('',(0.,0.,-1.));
#9054=DIRECTION('',(1.,0.,0.));
#9055=DIRECTION('',(0.,0.,-1.));
#9056=DIRECTION('',(1.,0.,0.));
#9057=DIRECTION('',(0.,0.,-1.));
#9058=DIRECTION('',(1.,0.,0.));
#9059=DIRECTION('',(0.,0.,-1.));
#9060=DIRECTION('',(1.,0.,0.));
#9061=DIRECTION('',(0.,0.,-1.));
#9062=DIRECTION('',(1.,0.,0.));
#9063=DIRECTION('',(0.,0.,-1.));
#9064=DIRECTION('',(0.,-1.,0.));
#9065=DIRECTION('',(1.,0.,0.));
#9066=DIRECTION('',(0.,0.,-1.));
#9067=DIRECTION('',(1.,0.,0.));
#9068=DIRECTION('',(0.,0.,-1.));
#9069=DIRECTION('',(1.,0.,0.));
#9070=DIRECTION('',(0.,0.,-1.));
#9071=DIRECTION('',(1.,0.,0.));
#9072=DIRECTION('',(0.,0.,-1.));
#9073=DIRECTION('',(1.,0.,0.));
#9074=DIRECTION('',(0.,0.,-1.));
#9075=DIRECTION('',(0.,0.,-1.));
#9076=DIRECTION('',(1.,0.,0.));
#9077=DIRECTION('',(0.,0.,-1.));
#9078=DIRECTION('',(1.,0.,0.));
#9079=DIRECTION('',(0.,0.,-1.));
#9080=DIRECTION('',(1.,0.,0.));
#9081=DIRECTION('',(0.,0.,-1.));
#9082=DIRECTION('',(1.,0.,0.));
#9083=DIRECTION('',(0.,0.,-1.));
#9084=DIRECTION('',(-1.,0.,0.));
#9085=DIRECTION('',(0.,0.,1.));
#9086=DIRECTION('',(1.,0.,0.));
#9087=DIRECTION('',(0.,0.,1.));
#9088=DIRECTION('',(-1.,0.,0.));
#9089=DIRECTION('',(0.,0.,1.));
#9090=DIRECTION('',(1.,0.,0.));
#9091=DIRECTION('',(0.,0.,-1.));
#9092=DIRECTION('',(-1.,0.,0.));
#9093=DIRECTION('',(0.,0.,-1.));
#9094=DIRECTION('',(-1.,0.,0.));
#9095=DIRECTION('',(0.,0.,1.));
#9096=DIRECTION('',(-1.,0.,0.));
#9097=DIRECTION('',(0.,0.,1.));
#9098=DIRECTION('',(-1.,0.,0.));
#9099=DIRECTION('',(0.,0.,1.));
#9100=DIRECTION('',(1.,0.,0.));
#9101=DIRECTION('',(0.,0.,1.));
#9102=DIRECTION('',(1.,0.,0.));
#9103=DIRECTION('',(0.,0.,1.));
#9104=DIRECTION('',(1.,0.,0.));
#9105=DIRECTION('',(0.,0.,1.));
#9106=DIRECTION('',(1.,0.,0.));
#9107=DIRECTION('',(0.,0.,1.));
#9108=DIRECTION('',(1.,0.,0.));
#9109=DIRECTION('',(0.,0.,1.));
#9110=DIRECTION('',(1.,0.,0.));
#9111=DIRECTION('',(0.,0.,1.));
#9112=DIRECTION('',(-1.,0.,0.));
#9113=DIRECTION('',(0.,0.,1.));
#9114=DIRECTION('',(-1.,0.,0.));
#9115=DIRECTION('',(0.,0.,1.));
#9116=DIRECTION('',(-1.,0.,0.));
#9117=DIRECTION('',(0.,0.,1.));
#9118=DIRECTION('',(-1.,0.,0.));
#9119=DIRECTION('',(0.,0.,1.));
#9120=DIRECTION('',(-1.,0.,0.));
#9121=DIRECTION('',(0.,0.,1.));
#9122=DIRECTION('',(-1.,0.,0.));
#9123=DIRECTION('',(0.,0.,1.));
#9124=DIRECTION('',(0.,-0.965925826289069,0.25881904510252));
#9125=DIRECTION('',(0.,-0.25881904510252,-0.965925826289069));
#9126=DIRECTION('',(-1.,0.,0.));
#9127=DIRECTION('',(-1.,0.,0.));
#9128=DIRECTION('',(1.,0.,0.));
#9129=DIRECTION('',(0.,0.,-1.));
#9130=DIRECTION('',(1.,0.,0.));
#9131=DIRECTION('',(0.,0.,-1.));
#9132=DIRECTION('',(0.,-0.707106781186547,-0.707106781186548));
#9133=DIRECTION('',(0.,0.707106781186548,-0.707106781186547));
#9134=DIRECTION('',(-1.,0.,0.));
#9135=DIRECTION('',(1.,0.,0.));
#9136=DIRECTION('',(0.,0.,-1.));
#9137=DIRECTION('',(1.,0.,0.));
#9138=DIRECTION('',(0.,0.,-1.));
#9139=DIRECTION('',(0.,0.258819045102521,-0.965925826289068));
#9140=DIRECTION('',(0.,0.965925826289068,0.258819045102521));
#9141=DIRECTION('',(-1.,0.,0.));
#9142=DIRECTION('',(1.,0.,0.));
#9143=DIRECTION('',(0.,0.,-1.));
#9144=DIRECTION('',(1.,0.,0.));
#9145=DIRECTION('',(0.,0.,-1.));
#9146=DIRECTION('',(0.,0.965925826289068,-0.258819045102521));
#9147=DIRECTION('',(0.,0.258819045102521,0.965925826289068));
#9148=DIRECTION('',(-1.,0.,0.));
#9149=DIRECTION('',(1.,0.,0.));
#9150=DIRECTION('',(0.,0.,-1.));
#9151=DIRECTION('',(0.,0.707106781186548,0.707106781186548));
#9152=DIRECTION('',(0.,-0.707106781186548,0.707106781186548));
#9153=DIRECTION('',(-1.,0.,0.));
#9154=DIRECTION('',(1.,0.,0.));
#9155=DIRECTION('',(0.,0.,-1.));
#9156=DIRECTION('',(1.,0.,0.));
#9157=DIRECTION('',(0.,0.,-1.));
#9158=DIRECTION('',(0.,-0.258819045102521,0.965925826289068));
#9159=DIRECTION('',(0.,-0.965925826289068,-0.258819045102521));
#9160=DIRECTION('',(1.,0.,0.));
#9161=DIRECTION('',(0.,0.,-1.));
#9162=DIRECTION('',(-1.,0.,0.));
#9163=DIRECTION('',(0.,0.,1.));
#9164=DIRECTION('',(1.,0.,0.));
#9165=DIRECTION('',(0.,0.,1.));
#9166=DIRECTION('',(-1.,0.,0.));
#9167=DIRECTION('',(0.,0.,1.));
#9168=DIRECTION('',(1.,0.,0.));
#9169=DIRECTION('',(0.,0.,-1.));
#9170=DIRECTION('',(-1.,0.,0.));
#9171=DIRECTION('',(0.,0.,-1.));
#9172=DIRECTION('',(-1.,0.,0.));
#9173=DIRECTION('',(0.,0.,1.));
#9174=DIRECTION('',(-1.,0.,0.));
#9175=DIRECTION('',(0.,0.,1.));
#9176=DIRECTION('',(-1.,0.,0.));
#9177=DIRECTION('',(0.,0.,1.));
#9178=DIRECTION('',(1.,0.,0.));
#9179=DIRECTION('',(0.,0.,1.));
#9180=DIRECTION('',(1.,0.,0.));
#9181=DIRECTION('',(0.,0.,1.));
#9182=DIRECTION('',(1.,0.,0.));
#9183=DIRECTION('',(0.,0.,1.));
#9184=DIRECTION('',(1.,0.,0.));
#9185=DIRECTION('',(0.,0.,1.));
#9186=DIRECTION('',(1.,0.,0.));
#9187=DIRECTION('',(0.,0.,1.));
#9188=DIRECTION('',(1.,0.,0.));
#9189=DIRECTION('',(0.,0.,1.));
#9190=DIRECTION('',(-1.,0.,0.));
#9191=DIRECTION('',(0.,0.,1.));
#9192=DIRECTION('',(-1.,0.,0.));
#9193=DIRECTION('',(0.,0.,1.));
#9194=DIRECTION('',(-1.,0.,0.));
#9195=DIRECTION('',(0.,0.,1.));
#9196=DIRECTION('',(-1.,0.,0.));
#9197=DIRECTION('',(0.,0.,1.));
#9198=DIRECTION('',(-1.,0.,0.));
#9199=DIRECTION('',(0.,0.,1.));
#9200=DIRECTION('',(-1.,0.,0.));
#9201=DIRECTION('',(0.,0.,1.));
#9202=DIRECTION('',(0.,-0.965925826289069,0.25881904510252));
#9203=DIRECTION('',(0.,-0.25881904510252,-0.965925826289069));
#9204=DIRECTION('',(-1.,0.,0.));
#9205=DIRECTION('',(-1.,0.,0.));
#9206=DIRECTION('',(1.,0.,0.));
#9207=DIRECTION('',(0.,0.,-1.));
#9208=DIRECTION('',(1.,0.,0.));
#9209=DIRECTION('',(0.,0.,-1.));
#9210=DIRECTION('',(0.,-0.707106781186547,-0.707106781186548));
#9211=DIRECTION('',(0.,0.707106781186548,-0.707106781186547));
#9212=DIRECTION('',(-1.,0.,0.));
#9213=DIRECTION('',(1.,0.,0.));
#9214=DIRECTION('',(0.,0.,-1.));
#9215=DIRECTION('',(0.,0.258819045102521,-0.965925826289068));
#9216=DIRECTION('',(0.,0.965925826289068,0.258819045102521));
#9217=DIRECTION('',(-1.,0.,0.));
#9218=DIRECTION('',(1.,0.,0.));
#9219=DIRECTION('',(0.,0.,-1.));
#9220=DIRECTION('',(1.,0.,0.));
#9221=DIRECTION('',(0.,0.,-1.));
#9222=DIRECTION('',(0.,0.965925826289068,-0.258819045102521));
#9223=DIRECTION('',(0.,0.258819045102521,0.965925826289068));
#9224=DIRECTION('',(-1.,0.,0.));
#9225=DIRECTION('',(1.,0.,0.));
#9226=DIRECTION('',(0.,0.,-1.));
#9227=DIRECTION('',(1.,0.,0.));
#9228=DIRECTION('',(0.,0.,-1.));
#9229=DIRECTION('',(0.,0.707106781186548,0.707106781186548));
#9230=DIRECTION('',(0.,-0.707106781186548,0.707106781186548));
#9231=DIRECTION('',(-1.,0.,0.));
#9232=DIRECTION('',(1.,0.,0.));
#9233=DIRECTION('',(0.,0.,-1.));
#9234=DIRECTION('',(1.,0.,0.));
#9235=DIRECTION('',(0.,0.,-1.));
#9236=DIRECTION('',(0.,-0.258819045102521,0.965925826289068));
#9237=DIRECTION('',(0.,-0.965925826289068,-0.258819045102521));
#9238=DIRECTION('',(1.,0.,0.));
#9239=DIRECTION('',(0.,0.,-1.));
#9240=DIRECTION('',(1.,0.,0.));
#9241=DIRECTION('',(0.,0.,-1.));
#9242=DIRECTION('',(-1.,0.,0.));
#9243=DIRECTION('',(0.,0.,1.));
#9244=DIRECTION('',(1.,0.,0.));
#9245=DIRECTION('',(0.,0.,1.));
#9246=DIRECTION('',(-1.,0.,0.));
#9247=DIRECTION('',(0.,0.,1.));
#9248=DIRECTION('',(1.,0.,0.));
#9249=DIRECTION('',(0.,0.,-1.));
#9250=DIRECTION('',(-1.,0.,0.));
#9251=DIRECTION('',(0.,0.,-1.));
#9252=DIRECTION('',(-1.,0.,0.));
#9253=DIRECTION('',(0.,0.,1.));
#9254=DIRECTION('',(-1.,0.,0.));
#9255=DIRECTION('',(0.,0.,1.));
#9256=DIRECTION('',(-1.,0.,0.));
#9257=DIRECTION('',(0.,0.,1.));
#9258=DIRECTION('',(1.,0.,0.));
#9259=DIRECTION('',(0.,0.,1.));
#9260=DIRECTION('',(1.,0.,0.));
#9261=DIRECTION('',(0.,0.,1.));
#9262=DIRECTION('',(1.,0.,0.));
#9263=DIRECTION('',(0.,0.,1.));
#9264=DIRECTION('',(1.,0.,0.));
#9265=DIRECTION('',(0.,0.,1.));
#9266=DIRECTION('',(1.,0.,0.));
#9267=DIRECTION('',(0.,0.,1.));
#9268=DIRECTION('',(1.,0.,0.));
#9269=DIRECTION('',(0.,0.,1.));
#9270=DIRECTION('',(-1.,0.,0.));
#9271=DIRECTION('',(0.,0.,1.));
#9272=DIRECTION('',(-1.,0.,0.));
#9273=DIRECTION('',(0.,0.,1.));
#9274=DIRECTION('',(-1.,0.,0.));
#9275=DIRECTION('',(0.,0.,1.));
#9276=DIRECTION('',(-1.,0.,0.));
#9277=DIRECTION('',(0.,0.,1.));
#9278=DIRECTION('',(-1.,0.,0.));
#9279=DIRECTION('',(0.,0.,1.));
#9280=DIRECTION('',(-1.,0.,0.));
#9281=DIRECTION('',(0.,0.,1.));
#9282=DIRECTION('',(0.,-0.965925826289069,0.25881904510252));
#9283=DIRECTION('',(0.,-0.25881904510252,-0.965925826289069));
#9284=DIRECTION('',(-1.,0.,0.));
#9285=DIRECTION('',(-1.,0.,0.));
#9286=DIRECTION('',(1.,0.,0.));
#9287=DIRECTION('',(0.,0.,-1.));
#9288=DIRECTION('',(1.,0.,0.));
#9289=DIRECTION('',(0.,0.,-1.));
#9290=DIRECTION('',(0.,0.707106781186548,0.707106781186548));
#9291=DIRECTION('',(0.,-0.707106781186548,0.707106781186548));
#9292=DIRECTION('',(-1.,0.,0.));
#9293=DIRECTION('',(-1.,0.,0.));
#9294=DIRECTION('',(1.,0.,0.));
#9295=DIRECTION('',(0.,0.,-1.));
#9296=DIRECTION('',(1.,0.,0.));
#9297=DIRECTION('',(0.,0.,-1.));
#9298=DIRECTION('',(0.,-0.258819045102521,0.965925826289068));
#9299=DIRECTION('',(0.,-0.965925826289068,-0.258819045102521));
#9300=DIRECTION('',(1.,0.,0.));
#9301=DIRECTION('',(0.,0.,-1.));
#9302=DIRECTION('',(1.,0.,0.));
#9303=DIRECTION('',(0.,0.,-1.));
#9304=DIRECTION('',(0.,0.965925826289068,-0.258819045102521));
#9305=DIRECTION('',(0.,0.258819045102521,0.965925826289068));
#9306=DIRECTION('',(-1.,0.,0.));
#9307=DIRECTION('',(1.,0.,0.));
#9308=DIRECTION('',(0.,0.,-1.));
#9309=DIRECTION('',(0.,-0.707106781186547,-0.707106781186548));
#9310=DIRECTION('',(0.,0.707106781186548,-0.707106781186547));
#9311=DIRECTION('',(-1.,0.,0.));
#9312=DIRECTION('',(1.,0.,0.));
#9313=DIRECTION('',(0.,0.,-1.));
#9314=DIRECTION('',(1.,0.,0.));
#9315=DIRECTION('',(0.,0.,-1.));
#9316=DIRECTION('',(0.,0.258819045102521,-0.965925826289068));
#9317=DIRECTION('',(0.,0.965925826289068,0.258819045102521));
#9318=DIRECTION('',(1.,0.,0.));
#9319=DIRECTION('',(0.,0.,-1.));
#9320=DIRECTION('',(-1.,0.,0.));
#9321=DIRECTION('',(0.,0.,1.));
#9322=DIRECTION('',(1.,0.,0.));
#9323=DIRECTION('',(0.,0.,-1.));
#9324=DIRECTION('',(-1.,0.,0.));
#9325=DIRECTION('',(0.,0.,1.));
#9326=DIRECTION('',(1.,0.,0.));
#9327=DIRECTION('',(0.,0.,-1.));
#9328=DIRECTION('',(-1.,0.,0.));
#9329=DIRECTION('',(0.,0.,-1.));
#9330=DIRECTION('',(-1.,0.,0.));
#9331=DIRECTION('',(0.,0.,1.));
#9332=DIRECTION('',(-1.,0.,0.));
#9333=DIRECTION('',(0.,0.,1.));
#9334=DIRECTION('',(-1.,0.,0.));
#9335=DIRECTION('',(0.,0.,1.));
#9336=DIRECTION('',(1.,0.,0.));
#9337=DIRECTION('',(0.,0.,-1.));
#9338=DIRECTION('',(1.,0.,0.));
#9339=DIRECTION('',(0.,0.,-1.));
#9340=DIRECTION('',(1.,0.,0.));
#9341=DIRECTION('',(0.,0.,-1.));
#9342=DIRECTION('',(1.,0.,0.));
#9343=DIRECTION('',(0.,0.,-1.));
#9344=DIRECTION('',(1.,0.,0.));
#9345=DIRECTION('',(0.,0.,-1.));
#9346=DIRECTION('',(1.,0.,0.));
#9347=DIRECTION('',(0.,0.,-1.));
#9348=DIRECTION('',(-1.,0.,0.));
#9349=DIRECTION('',(0.,0.,1.));
#9350=DIRECTION('',(-1.,0.,0.));
#9351=DIRECTION('',(0.,0.,1.));
#9352=DIRECTION('',(-1.,0.,0.));
#9353=DIRECTION('',(0.,0.,1.));
#9354=DIRECTION('',(-1.,0.,0.));
#9355=DIRECTION('',(0.,0.,1.));
#9356=DIRECTION('',(-1.,0.,0.));
#9357=DIRECTION('',(0.,0.,1.));
#9358=DIRECTION('',(-1.,0.,0.));
#9359=DIRECTION('',(0.,0.,1.));
#9360=DIRECTION('',(0.,-0.965925826289069,0.25881904510252));
#9361=DIRECTION('',(0.,-0.25881904510252,-0.965925826289069));
#9362=DIRECTION('',(-1.,0.,0.));
#9363=DIRECTION('',(-1.,0.,0.));
#9364=DIRECTION('',(1.,0.,0.));
#9365=DIRECTION('',(0.,0.,-1.));
#9366=DIRECTION('',(1.,0.,0.));
#9367=DIRECTION('',(0.,0.,-1.));
#9368=DIRECTION('',(0.,0.707106781186548,0.707106781186548));
#9369=DIRECTION('',(0.,-0.707106781186548,0.707106781186548));
#9370=DIRECTION('',(-1.,0.,0.));
#9371=DIRECTION('',(-1.,0.,0.));
#9372=DIRECTION('',(1.,0.,0.));
#9373=DIRECTION('',(0.,0.,-1.));
#9374=DIRECTION('',(0.,-0.258819045102521,0.965925826289068));
#9375=DIRECTION('',(0.,-0.965925826289068,-0.258819045102521));
#9376=DIRECTION('',(1.,0.,0.));
#9377=DIRECTION('',(0.,0.,-1.));
#9378=DIRECTION('',(1.,0.,0.));
#9379=DIRECTION('',(0.,0.,-1.));
#9380=DIRECTION('',(0.,0.965925826289068,-0.258819045102521));
#9381=DIRECTION('',(0.,0.258819045102521,0.965925826289068));
#9382=DIRECTION('',(-1.,0.,0.));
#9383=DIRECTION('',(1.,0.,0.));
#9384=DIRECTION('',(0.,0.,-1.));
#9385=DIRECTION('',(1.,0.,0.));
#9386=DIRECTION('',(0.,0.,-1.));
#9387=DIRECTION('',(0.,-0.707106781186547,-0.707106781186548));
#9388=DIRECTION('',(0.,0.707106781186548,-0.707106781186547));
#9389=DIRECTION('',(-1.,0.,0.));
#9390=DIRECTION('',(1.,0.,0.));
#9391=DIRECTION('',(0.,0.,-1.));
#9392=DIRECTION('',(1.,0.,0.));
#9393=DIRECTION('',(0.,0.,-1.));
#9394=DIRECTION('',(0.,0.258819045102521,-0.965925826289068));
#9395=DIRECTION('',(0.,0.965925826289068,0.258819045102521));
#9396=DIRECTION('',(1.,0.,0.));
#9397=DIRECTION('',(0.,0.,-1.));
#9398=DIRECTION('',(1.,0.,0.));
#9399=DIRECTION('',(0.,0.,-1.));
#9400=DIRECTION('',(0.,1.,0.));
#9401=DIRECTION('',(0.,0.,-1.));
#9402=DIRECTION('',(0.,-1.,0.));
#9403=DIRECTION('',(0.,1.,0.));
#9404=DIRECTION('',(0.,0.,1.));
#9405=DIRECTION('',(0.,-1.,0.));
#9406=DIRECTION('',(0.,-1.,0.));
#9407=DIRECTION('',(0.,0.,-1.));
#9408=DIRECTION('',(0.,1.,0.));
#9409=DIRECTION('',(0.,0.,1.));
#9410=DIRECTION('',(-1.,0.,0.));
#9411=DIRECTION('',(0.,1.,0.));
#9412=DIRECTION('',(0.,0.,1.));
#9413=DIRECTION('',(1.,0.,0.));
#9414=DIRECTION('',(0.,1.,0.));
#9415=DIRECTION('',(0.,0.,1.));
#9416=DIRECTION('',(0.,-1.,0.));
#9417=DIRECTION('',(0.,0.,-1.));
#9418=DIRECTION('',(0.,-1.,0.));
#9419=DIRECTION('',(0.,0.,-1.));
#9420=DIRECTION('',(1.,0.,0.));
#9421=DIRECTION('',(0.,0.,-1.));
#9422=DIRECTION('',(-1.,0.,0.));
#9423=DIRECTION('',(0.,-1.,0.));
#9424=DIRECTION('',(0.,0.,-1.));
#9425=DIRECTION('',(0.,0.,-1.));
#9426=DIRECTION('',(1.,0.,0.));
#9427=DIRECTION('',(0.,0.,-1.));
#9428=DIRECTION('',(-1.,0.,0.));
#9429=DIRECTION('',(0.,0.,-1.));
#9430=DIRECTION('',(-1.,0.,0.));
#9431=DIRECTION('',(0.,0.,-1.));
#9432=DIRECTION('',(0.,0.,-1.));
#9433=DIRECTION('',(-1.,0.,0.));
#9434=DIRECTION('',(0.,0.,1.));
#9435=DIRECTION('',(1.,0.,0.));
#9436=DIRECTION('',(0.765859419422311,-0.643008047913959,0.));
#9437=DIRECTION('',(0.643008047913959,0.765859419422311,0.));
#9438=DIRECTION('',(0.,0.,-1.));
#9439=DIRECTION('',(0.643008047913959,0.765859419422311,0.));
#9440=DIRECTION('',(-0.643008047913959,-0.765859419422311,0.));
#9441=DIRECTION('',(0.,0.,-1.));
#9442=DIRECTION('',(-1.,0.,0.));
#9443=DIRECTION('',(0.,0.,-1.));
#9444=DIRECTION('',(-1.,0.,0.));
#9445=DIRECTION('',(0.,0.,1.));
#9446=DIRECTION('',(1.,0.,0.));
#9447=DIRECTION('',(0.,0.,-1.));
#9448=DIRECTION('',(-1.,0.,0.));
#9449=DIRECTION('',(0.,0.,-1.));
#9450=DIRECTION('',(0.,0.,-1.));
#9451=DIRECTION('',(-1.,0.,0.));
#9452=DIRECTION('',(0.,0.,1.));
#9453=DIRECTION('',(1.,0.,0.));
#9454=DIRECTION('',(-0.766056743392029,0.642772950507097,0.));
#9455=DIRECTION('',(-0.642772950507097,-0.766056743392029,0.));
#9456=DIRECTION('',(0.,0.,-1.));
#9457=DIRECTION('',(-0.642772950507097,-0.766056743392029,0.));
#9458=DIRECTION('',(0.642772950507097,0.766056743392029,0.));
#9459=DIRECTION('',(0.,0.,-1.));
#9460=DIRECTION('',(-1.,0.,0.));
#9461=DIRECTION('',(0.,0.,-1.));
#9462=DIRECTION('',(0.,0.,-1.));
#9463=DIRECTION('',(-1.,0.,0.));
#9464=DIRECTION('',(0.,0.,1.));
#9465=DIRECTION('',(1.,0.,0.));
#9466=DIRECTION('',(0.,1.,0.));
#9467=DIRECTION('',(0.,0.,1.));
#9468=DIRECTION('',(0.,0.,-1.));
#9469=DIRECTION('',(-1.,0.,0.));
#9470=DIRECTION('',(1.,0.,0.));
#9471=DIRECTION('',(0.,0.,1.));
#9472=DIRECTION('',(1.,0.,0.));
#9473=DIRECTION('',(0.,0.,1.));
#9474=DIRECTION('',(1.,0.,0.));
#9475=DIRECTION('',(-1.,0.,0.));
#9476=DIRECTION('',(0.,1.,0.));
#9477=DIRECTION('',(1.,0.,0.));
#9478=DIRECTION('',(0.,0.,1.));
#9479=DIRECTION('',(1.,0.,0.));
#9480=DIRECTION('',(0.642772950507097,0.766056743392029,0.));
#9481=DIRECTION('',(0.,0.,1.));
#9482=DIRECTION('',(1.,0.,0.));
#9483=DIRECTION('',(1.,0.,0.));
#9484=DIRECTION('',(-1.,0.,0.));
#9485=DIRECTION('',(0.,0.,1.));
#9486=DIRECTION('',(1.,0.,0.));
#9487=DIRECTION('',(-0.643008047913959,-0.765859419422311,0.));
#9488=DIRECTION('',(0.,0.,-1.));
#9489=DIRECTION('',(-1.,0.,0.));
#9490=DIRECTION('',(0.,-1.,0.));
#9491=DIRECTION('',(-1.,0.,0.));
#9492=DIRECTION('',(0.,0.,-1.));
#9493=DIRECTION('',(-1.,0.,0.));
#9494=DIRECTION('',(-0.643008047913959,-0.765859419422311,0.));
#9495=DIRECTION('',(0.,0.,-1.));
#9496=DIRECTION('',(-1.,0.,0.));
#9497=DIRECTION('',(-1.,0.,0.));
#9498=DIRECTION('',(1.,0.,0.));
#9499=DIRECTION('',(0.,0.,-1.));
#9500=DIRECTION('',(-1.,0.,0.));
#9501=DIRECTION('',(0.642772950507097,0.766056743392029,0.));
#9502=DIRECTION('',(0.,0.,-1.));
#9503=DIRECTION('',(-1.,0.,0.));
#9504=DIRECTION('',(1.,0.,0.));
#9505=DIRECTION('',(0.,1.,0.));
#9506=DIRECTION('',(0.,0.,-1.));
#9507=DIRECTION('',(0.,-1.,0.));
#9508=DIRECTION('',(0.,1.,0.));
#9509=DIRECTION('',(0.,0.,1.));
#9510=DIRECTION('',(0.,-1.,0.));
#9511=DIRECTION('',(0.,1.,0.));
#9512=DIRECTION('',(0.,0.,1.));
#9513=DIRECTION('',(0.,1.,0.));
#9514=DIRECTION('',(0.,0.,-1.));
#9515=DIRECTION('',(0.,1.,0.));
#9516=DIRECTION('',(0.,0.,1.));
#9517=DIRECTION('',(0.,-1.,0.));
#9518=DIRECTION('',(0.,1.,0.));
#9519=DIRECTION('',(0.,0.,1.));
#9520=DIRECTION('',(0.,1.,0.));
#9521=DIRECTION('',(0.,0.,-1.));
#9522=DIRECTION('',(0.,1.,0.));
#9523=DIRECTION('',(0.,0.,1.));
#9524=DIRECTION('',(0.,-1.,0.));
#9525=DIRECTION('',(0.,1.,0.));
#9526=DIRECTION('',(0.,0.,1.));
#9527=DIRECTION('',(0.,0.,1.));
#9528=DIRECTION('',(1.,0.,0.));
#9529=DIRECTION('',(1.,0.,0.));
#9530=DIRECTION('',(0.,1.,0.));
#9531=DIRECTION('',(1.,0.,0.));
#9532=DIRECTION('',(0.,0.,-1.));
#9533=DIRECTION('',(-1.,0.,0.));
#9534=DIRECTION('',(0.,-1.,0.));
#9535=DIRECTION('',(-1.,0.,0.));
#9536=DIRECTION('',(-1.,0.,0.));
#9537=DIRECTION('',(0.,1.,0.));
#9538=DIRECTION('',(0.,0.,1.));
#9539=DIRECTION('',(0.,1.,0.));
#9540=DIRECTION('',(0.,0.,1.));
#9541=DIRECTION('',(-1.,0.,0.));
#9542=DIRECTION('',(3.1540426835942E-16,0.,-1.));
#9543=DIRECTION('',(1.,0.,0.));
#9544=DIRECTION('',(0.,1.,0.));
#9545=DIRECTION('',(0.,0.,1.));
#9546=DIRECTION('',(0.,1.,0.));
#9547=DIRECTION('',(0.,0.,1.));
#9548=DIRECTION('',(0.,1.,0.));
#9549=DIRECTION('',(0.,0.,1.));
#9550=DIRECTION('',(-3.1540426835942E-16,0.,1.));
#9551=DIRECTION('',(-1.,0.,0.));
#9552=DIRECTION('',(0.,1.,0.));
#9553=DIRECTION('',(0.,0.,1.));
#9554=DIRECTION('',(0.,1.,0.));
#9555=DIRECTION('',(0.,0.,1.));
#9556=DIRECTION('',(0.,1.,0.));
#9557=DIRECTION('',(0.,0.,1.));
#9558=DIRECTION('',(1.,0.,0.));
#9559=DIRECTION('',(0.,-1.,0.));
#9560=DIRECTION('',(0.,0.,-1.));
#9561=DIRECTION('',(0.,1.,0.));
#9562=DIRECTION('',(0.,0.,1.));
#9563=DIRECTION('',(0.,1.,0.));
#9564=DIRECTION('',(0.,0.,1.));
#9565=DIRECTION('',(0.,-1.,0.));
#9566=DIRECTION('',(0.,0.,-1.));
#9567=DIRECTION('',(0.,-1.,0.));
#9568=DIRECTION('',(0.,0.,-1.));
#9569=DIRECTION('',(0.311735238392885,0.950169006621522,9.83226247871574E-17));
#9570=DIRECTION('',(-3.1540426835942E-16,0.,1.));
#9571=DIRECTION('',(0.311735238392885,0.950169006621522,9.83226247871574E-17));
#9572=DIRECTION('',(-0.950169006621523,0.311735238392885,3.2258078998411E-17));
#9573=DIRECTION('',(0.907114574532972,-0.297609768547561,0.297609768547561));
#9574=DIRECTION('',(0.311735238392885,0.950169006621522,9.83226247871574E-17));
#9575=DIRECTION('',(0.950169006621523,-0.311735238392885,-3.2258078998411E-17));
#9576=DIRECTION('',(0.311735238392885,0.950169006621522,9.83226247871574E-17));
#9577=DIRECTION('',(0.950169006621523,-0.311735238392885,-3.2258078998411E-17));
#9578=DIRECTION('',(-0.907114574532972,0.29760976854756,0.297609768547561));
#9579=DIRECTION('',(0.311735238392885,0.950169006621522,9.83226247871574E-17));
#9580=DIRECTION('',(0.950169006621523,-0.311735238392885,-3.2258078998411E-17));
#9581=DIRECTION('',(-0.311735238392885,0.,-0.950169006621522));
#9582=DIRECTION('',(0.,1.,0.));
#9583=DIRECTION('',(-0.907114574532972,-0.29760976854756,0.297609768547561));
#9584=DIRECTION('',(-0.311735238392885,0.,-0.950169006621522));
#9585=DIRECTION('',(-0.950169006621522,0.,0.311735238392885));
#9586=DIRECTION('',(-0.311735238392885,0.,-0.950169006621522));
#9587=DIRECTION('',(0.950169006621522,0.,-0.311735238392885));
#9588=DIRECTION('',(0.907114574532972,-0.297609768547561,-0.297609768547561));
#9589=DIRECTION('',(-0.311735238392885,0.,-0.950169006621522));
#9590=DIRECTION('',(0.950169006621522,0.,-0.311735238392885));
#9591=DIRECTION('',(-0.311735238392885,0.,-0.950169006621522));
#9592=DIRECTION('',(-0.950169006621522,0.,0.311735238392885));
#9593=DIRECTION('',(-0.311735238392885,0.,0.950169006621522));
#9594=DIRECTION('',(0.,1.,0.));
#9595=DIRECTION('',(-0.311735238392885,0.,0.950169006621522));
#9596=DIRECTION('',(0.950169006621523,0.,0.311735238392885));
#9597=DIRECTION('',(0.907114574532972,0.29760976854756,0.297609768547561));
#9598=DIRECTION('',(-0.311735238392885,0.,0.950169006621522));
#9599=DIRECTION('',(-0.950169006621523,0.,-0.311735238392885));
#9600=DIRECTION('',(-0.311735238392885,0.,0.950169006621522));
#9601=DIRECTION('',(0.950169006621523,0.,0.311735238392885));
#9602=DIRECTION('',(-0.907114574532972,0.297609768547561,-0.29760976854756));
#9603=DIRECTION('',(-0.311735238392885,0.,0.950169006621522));
#9604=DIRECTION('',(-0.950169006621523,0.,-0.311735238392885));
#9605=DIRECTION('',(-0.311735238392885,0.950169006621523,-9.83226247871572E-17));
#9606=DIRECTION('',(3.1540426835942E-16,0.,-1.));
#9607=DIRECTION('',(-0.311735238392885,0.950169006621523,-9.83226247871572E-17));
#9608=DIRECTION('',(-0.950169006621523,-0.311735238392885,3.22580789984108E-17));
#9609=DIRECTION('',(-0.907114574532972,-0.29760976854756,0.297609768547561));
#9610=DIRECTION('',(-0.311735238392885,0.950169006621523,-9.83226247871572E-17));
#9611=DIRECTION('',(-0.950169006621523,-0.311735238392885,3.22580789984108E-17));
#9612=DIRECTION('',(-0.311735238392885,0.950169006621523,-9.83226247871572E-17));
#9613=DIRECTION('',(-0.950169006621523,-0.311735238392885,3.22580789984108E-17));
#9614=DIRECTION('',(0.907114574532972,0.29760976854756,0.297609768547561));
#9615=DIRECTION('',(-0.311735238392885,0.950169006621523,-9.83226247871572E-17));
#9616=DIRECTION('',(0.950169006621523,0.311735238392885,-3.22580789984108E-17));
#9617=DIRECTION('',(0.644823854441697,0.764331208798223,0.));
#9618=DIRECTION('',(0.,0.,1.));
#9619=DIRECTION('',(-0.764331208798223,0.644823854441697,0.));
#9620=DIRECTION('',(0.764331208798223,-0.644823854441697,0.));
#9621=DIRECTION('',(1.,0.,0.));
#9622=DIRECTION('',(0.,0.,-1.));
#9623=DIRECTION('',(0.764331208798223,-0.389709029437225,-0.513735997991325));
#9624=DIRECTION('',(1.,0.,0.));
#9625=DIRECTION('',(0.,0.,-1.));
#9626=DIRECTION('',(-0.764331208798223,0.38970900757746,-0.51373601457367));
#9627=DIRECTION('',(-1.,0.,0.));
#9628=DIRECTION('',(0.,0.,1.));
#9629=DIRECTION('',(0.764331208798225,0.513736004185583,0.389709021271609));
#9630=DIRECTION('',(-1.,0.,0.));
#9631=DIRECTION('',(0.,0.,1.));
#9632=DIRECTION('',(-0.764331208798225,-0.513736004185588,0.389709021271603));
#9633=DIRECTION('',(1.,0.,0.));
#9634=DIRECTION('',(0.,0.,-1.));
#9635=DIRECTION('',(0.764331208798223,0.,0.644823854441697));
#9636=DIRECTION('',(1.,0.,0.));
#9637=DIRECTION('',(0.,0.,-1.));
#9638=DIRECTION('',(-0.764331208798224,0.,0.644823854441696));
#9639=DIRECTION('',(0.644823854441697,0.,-0.764331208798223));
#9640=DIRECTION('',(0.,1.,0.));
#9641=DIRECTION('',(0.764331208798223,0.,0.644823854441697));
#9642=DIRECTION('',(0.644823854441696,0.,0.764331208798224));
#9643=DIRECTION('',(0.,-1.,0.));
#9644=DIRECTION('',(-0.764331208798224,0.,0.644823854441696));
#9645=DIRECTION('',(1.,0.,0.));
#9646=DIRECTION('',(0.,0.,-1.));
#9647=DIRECTION('',(0.764331208798224,-0.513736004185589,0.389709021271603));
#9648=DIRECTION('',(1.,0.,0.));
#9649=DIRECTION('',(0.,0.,-1.));
#9650=DIRECTION('',(-0.764331208798224,0.513736004185583,0.38970902127161));
#9651=DIRECTION('',(-1.,0.,0.));
#9652=DIRECTION('',(0.,0.,1.));
#9653=DIRECTION('',(0.764331208798224,0.38970900757746,-0.513736014573669));
#9654=DIRECTION('',(-1.,0.,0.));
#9655=DIRECTION('',(0.,0.,1.));
#9656=DIRECTION('',(-0.764331208798224,-0.389709013105993,-0.513736010379844));
#9657=DIRECTION('',(1.,0.,0.));
#9658=DIRECTION('',(0.,0.,-1.));
#9659=DIRECTION('',(0.764331208798224,0.644823854441696,0.));
#9660=DIRECTION('',(1.,0.,0.));
#9661=DIRECTION('',(0.,0.,-1.));
#9662=DIRECTION('',(-0.764331208798225,-0.644823854441695,0.));
#9663=DIRECTION('',(0.644823854441696,-0.764331208798224,0.));
#9664=DIRECTION('',(0.,0.,-1.));
#9665=DIRECTION('',(0.644823854441696,-0.764331208798224,0.));
#9666=DIRECTION('',(0.,0.,1.));
#9667=DIRECTION('',(0.764331208798224,0.644823854441696,0.));
#9668=DIRECTION('',(-0.764331208798224,-0.644823854441696,0.));
#9669=DIRECTION('',(-1.,0.,0.));
#9670=DIRECTION('',(0.,0.,1.));
#9671=DIRECTION('',(-0.764331208798224,-0.38970900757746,0.513736014573669));
#9672=DIRECTION('',(-1.,0.,0.));
#9673=DIRECTION('',(0.,0.,1.));
#9674=DIRECTION('',(0.764331208798223,0.389709029437225,0.513735997991325));
#9675=DIRECTION('',(1.,0.,0.));
#9676=DIRECTION('',(0.,0.,-1.));
#9677=DIRECTION('',(-0.764331208798224,0.513736004185588,-0.389709021271603));
#9678=DIRECTION('',(1.,0.,0.));
#9679=DIRECTION('',(0.,0.,-1.));
#9680=DIRECTION('',(0.764331208798225,-0.513736004185583,-0.389709021271609));
#9681=DIRECTION('',(-1.,0.,0.));
#9682=DIRECTION('',(0.,0.,1.));
#9683=DIRECTION('',(-0.764331208798224,0.,-0.644823854441696));
#9684=DIRECTION('',(-1.,0.,0.));
#9685=DIRECTION('',(0.,0.,1.));
#9686=DIRECTION('',(0.764331208798225,0.,-0.644823854441695));
#9687=DIRECTION('',(0.644823854441696,0.,-0.764331208798224));
#9688=DIRECTION('',(0.,-1.,0.));
#9689=DIRECTION('',(-0.764331208798224,0.,-0.644823854441696));
#9690=DIRECTION('',(0.644823854441695,0.,0.764331208798225));
#9691=DIRECTION('',(0.,1.,0.));
#9692=DIRECTION('',(0.764331208798225,0.,-0.644823854441695));
#9693=DIRECTION('',(-1.,0.,0.));
#9694=DIRECTION('',(0.,0.,1.));
#9695=DIRECTION('',(-0.764331208798224,-0.513736004185583,-0.38970902127161));
#9696=DIRECTION('',(-1.,0.,0.));
#9697=DIRECTION('',(0.,0.,1.));
#9698=DIRECTION('',(0.764331208798225,0.513736004185588,-0.389709021271603));
#9699=DIRECTION('',(1.,0.,0.));
#9700=DIRECTION('',(0.,0.,-1.));
#9701=DIRECTION('',(-0.764331208798224,0.389709013105993,0.513736010379844));
#9702=DIRECTION('',(1.,0.,0.));
#9703=DIRECTION('',(0.,0.,-1.));
#9704=DIRECTION('',(0.764331208798224,-0.38970900757746,0.513736014573669));
#9705=DIRECTION('',(-1.,0.,0.));
#9706=DIRECTION('',(0.,0.,1.));
#9707=DIRECTION('',(-0.764331208798224,0.644823854441696,0.));
#9708=DIRECTION('',(-1.,0.,0.));
#9709=DIRECTION('',(0.,0.,1.));
#9710=DIRECTION('',(0.764331208798223,-0.644823854441697,0.));
#9711=DIRECTION('',(0.644823854441696,0.764331208798224,0.));
#9712=DIRECTION('',(0.,0.,-1.));
#9713=DIRECTION('',(0.,0.,1.));
#9714=DIRECTION('',(1.,0.,0.));
#9715=DIRECTION('',(0.64300804791396,0.76585941942231,0.));
#9716=DIRECTION('',(-0.765859419422311,0.64300804791396,0.));
#9717=DIRECTION('',(-1.,0.,0.));
#9718=DIRECTION('',(0.,0.,1.));
#9719=DIRECTION('',(-1.,0.,0.));
#9720=DIRECTION('',(0.,0.,1.));
#9721=DIRECTION('',(-0.643008047913959,-0.765859419422311,0.));
#9722=DIRECTION('',(0.765859419422311,-0.643008047913959,0.));
#9723=DIRECTION('',(0.643008047913955,0.765859419422315,0.));
#9724=DIRECTION('',(-0.765859419422315,0.643008047913955,0.));
#9725=DIRECTION('',(0.,-1.,0.));
#9726=DIRECTION('',(0.,0.,-1.));
#9727=DIRECTION('',(0.,0.,1.));
#9728=DIRECTION('',(1.,0.,0.));
#9729=DIRECTION('',(1.,0.,0.));
#9730=DIRECTION('',(0.,0.,-1.));
#9731=DIRECTION('',(-1.,0.,0.));
#9732=DIRECTION('',(0.,0.,1.));
#9733=DIRECTION('',(1.,0.,0.));
#9734=DIRECTION('',(0.,0.,-1.));
#9735=DIRECTION('',(-1.,0.,0.));
#9736=DIRECTION('',(0.,0.,1.));
#9737=DIRECTION('',(-0.976502579242106,-0.152385551699486,0.152385551699487));
#9738=DIRECTION('',(0.21550571392312,-0.690491595628246,0.690491595628249));
#9739=DIRECTION('',(0.,0.,-1.));
#9740=DIRECTION('',(-1.,0.,0.));
#9741=DIRECTION('',(0.64300804791396,0.76585941942231,0.));
#9742=DIRECTION('',(-0.76585941942231,0.64300804791396,0.));
#9743=DIRECTION('',(-0.907114574532972,-0.29760976854756,0.297609768547561));
#9744=DIRECTION('',(0.311735238392885,0.,0.950169006621523));
#9745=DIRECTION('',(-0.976502579242106,-0.152385551699486,0.152385551699487));
#9746=DIRECTION('',(0.21550571392312,-0.690491595628246,0.690491595628249));
#9747=DIRECTION('',(-0.643008047913959,-0.765859419422311,0.));
#9748=DIRECTION('',(0.765859419422311,-0.643008047913959,0.));
#9749=DIRECTION('',(0.643008047913955,0.765859419422315,6.05724222621969E-15));
#9750=DIRECTION('',(-0.765859419422315,0.643008047913955,0.));
#9751=DIRECTION('',(-1.,0.,0.));
#9752=DIRECTION('',(0.,0.,1.));
#9753=DIRECTION('',(1.,0.,0.));
#9754=DIRECTION('',(0.,0.,-1.));
#9755=DIRECTION('',(0.,0.,-1.));
#9756=DIRECTION('',(-1.,0.,0.));
#9757=DIRECTION('',(1.,0.,0.));
#9758=DIRECTION('',(0.,0.,-1.));
#9759=DIRECTION('',(0.,1.,0.));
#9760=DIRECTION('',(0.,0.,1.));
#9761=DIRECTION('',(0.52816901408445,1.59022418830718E-14,0.849139265704431));
#9762=DIRECTION('',(0.849139265704431,0.,-0.52816901408445));
#9763=DIRECTION('',(-1.,0.,0.));
#9764=DIRECTION('',(0.,0.,1.));
#9765=DIRECTION('',(0.976502579242106,0.152385551699487,0.152385551699487));
#9766=DIRECTION('',(-0.21550571392312,0.690491595628246,0.690491595628248));
#9767=DIRECTION('',(0.,1.,0.));
#9768=DIRECTION('',(0.,0.,1.));
#9769=DIRECTION('',(-0.528169005891288,-8.22081627503506E-8,0.849139270800616));
#9770=DIRECTION('',(0.849139270800619,0.,0.52816900589129));
#9771=DIRECTION('',(0.907114574532972,0.29760976854756,0.297609768547561));
#9772=DIRECTION('',(0.311735238392885,0.,-0.950169006621523));
#9773=DIRECTION('',(0.976502579242106,0.152385551699487,0.152385551699487));
#9774=DIRECTION('',(-0.21550571392312,0.690491595628246,0.690491595628248));
#9775=DIRECTION('',(0.,1.,0.));
#9776=DIRECTION('',(0.,0.,1.));
#9777=DIRECTION('',(-1.,0.,0.));
#9778=DIRECTION('',(0.,0.,1.));
#9779=DIRECTION('',(1.,0.,0.));
#9780=DIRECTION('',(0.,0.,-1.));
#9781=DIRECTION('',(0.642772950507097,0.766056743392029,0.));
#9782=DIRECTION('',(-0.766056743392029,0.642772950507097,0.));
#9783=DIRECTION('',(-0.642772950507096,-0.76605674339203,4.18886751674573E-15));
#9784=DIRECTION('',(0.76605674339203,-0.642772950507095,0.));
#9785=DIRECTION('',(0.642772950507093,0.766056743392032,0.));
#9786=DIRECTION('',(-0.766056743392032,0.642772950507093,0.));
#9787=DIRECTION('',(0.,0.,-1.));
#9788=DIRECTION('',(-1.,0.,0.));
#9789=DIRECTION('',(1.,0.,0.));
#9790=DIRECTION('',(0.,0.,-1.));
#9791=DIRECTION('',(0.,0.,-1.));
#9792=DIRECTION('',(-1.,0.,0.));
#9793=DIRECTION('',(-1.,0.,0.));
#9794=DIRECTION('',(0.,0.,1.));
#9795=DIRECTION('',(-0.87713884044298,0.,0.480236873413885));
#9796=DIRECTION('',(0.480236873413885,0.,0.877138840442981));
#9797=DIRECTION('',(0.87713884044298,0.,0.480236873413885));
#9798=DIRECTION('',(0.480236873413885,0.,-0.877138840442981));
#9799=DIRECTION('',(1.,0.,0.));
#9800=DIRECTION('',(0.,0.,-1.));
#9801=DIRECTION('',(-0.976502579242106,0.152385551699487,-0.152385551699487));
#9802=DIRECTION('',(0.215505713923121,0.690491595628247,-0.690491595628247));
#9803=DIRECTION('',(1.,0.,0.));
#9804=DIRECTION('',(0.,0.,-1.));
#9805=DIRECTION('',(0.,1.,0.));
#9806=DIRECTION('',(0.,0.,1.));
#9807=DIRECTION('',(0.877021817014663,0.,-0.480450551545421));
#9808=DIRECTION('',(-0.480450551545421,0.,-0.877021817014663));
#9809=DIRECTION('',(0.,1.,0.));
#9810=DIRECTION('',(0.,0.,1.));
#9811=DIRECTION('',(-0.877021817014663,0.,-0.480450551545421));
#9812=DIRECTION('',(-0.480450551545421,0.,0.877021817014663));
#9813=DIRECTION('',(-0.907114574532972,0.297609768547561,-0.297609768547561));
#9814=DIRECTION('',(-0.311735238392886,-0.950169006621523,0.));
#9815=DIRECTION('',(-0.976502579242106,0.152385551699487,-0.152385551699487));
#9816=DIRECTION('',(-0.215505713923121,-0.690491595628247,0.690491595628247));
#9817=DIRECTION('',(0.,1.,0.));
#9818=DIRECTION('',(0.,0.,1.));
#9819=DIRECTION('',(-1.,0.,0.));
#9820=DIRECTION('',(0.,0.,1.));
#9821=DIRECTION('',(1.,0.,0.));
#9822=DIRECTION('',(0.,0.,-1.));
#9823=DIRECTION('',(1.,0.,0.));
#9824=DIRECTION('',(0.,0.,-1.));
#9825=DIRECTION('',(1.,0.,0.));
#9826=DIRECTION('',(0.,0.,-1.));
#9827=DIRECTION('',(0.,1.,0.));
#9828=DIRECTION('',(0.,0.,1.));
#9829=DIRECTION('',(0.528168936085115,-7.99903286860165E-15,-0.849139314220416));
#9830=DIRECTION('',(-0.849139314220416,0.,-0.528168936085115));
#9831=DIRECTION('',(0.,0.,1.));
#9832=DIRECTION('',(1.,0.,0.));
#9833=DIRECTION('',(0.642772950507103,0.766056743392024,0.));
#9834=DIRECTION('',(-0.766056743392024,0.642772950507103,0.));
#9835=DIRECTION('',(0.,1.,0.));
#9836=DIRECTION('',(0.,0.,1.));
#9837=DIRECTION('',(-0.528169014084506,5.58974039409377E-14,-0.849139265704396));
#9838=DIRECTION('',(-0.849139265704396,0.,0.528169014084506));
#9839=DIRECTION('',(0.642772950507097,0.766056743392029,0.));
#9840=DIRECTION('',(-0.766056743392029,0.642772950507097,0.));
#9841=DIRECTION('',(0.642772950507098,0.766056743392028,0.));
#9842=DIRECTION('',(-0.766056743392029,0.642772950507098,0.));
#9843=DIRECTION('',(0.,1.,0.));
#9844=DIRECTION('',(0.,0.,1.));
#9845=DIRECTION('',(-1.,0.,0.));
#9846=DIRECTION('',(0.,0.,1.));
#9847=DIRECTION('',(0.,0.,1.));
#9848=DIRECTION('',(1.,0.,0.));
#9849=DIRECTION('',(1.,0.,0.));
#9850=DIRECTION('',(0.,0.,-1.));
#9851=DIRECTION('',(1.,0.,0.));
#9852=DIRECTION('',(0.,0.,-1.));
#9853=DIRECTION('',(0.976502579242106,-0.152385551699487,-0.152385551699487));
#9854=DIRECTION('',(0.215505713923121,0.690491595628247,0.690491595628247));
#9855=DIRECTION('',(1.,0.,0.));
#9856=DIRECTION('',(0.,0.,-1.));
#9857=DIRECTION('',(0.976502579242106,-0.152385551699487,-0.152385551699487));
#9858=DIRECTION('',(-0.215505713923121,-0.690491595628247,-0.690491595628247));
#9859=DIRECTION('',(0.907114574532972,-0.297609768547561,-0.297609768547561));
#9860=DIRECTION('',(-0.311735238392886,0.,-0.950169006621523));
#9861=DIRECTION('',(-1.,0.,0.));
#9862=DIRECTION('',(0.,0.,1.));
#9863=DIRECTION('',(-1.,0.,0.));
#9864=DIRECTION('',(0.,0.,1.));
#9865=DIRECTION('',(-1.,0.,0.));
#9866=DIRECTION('',(0.,0.,1.));
#9867=DIRECTION('',(-1.,0.,0.));
#9868=DIRECTION('',(0.,0.,1.));
#9869=DIRECTION('',(1.,0.,0.));
#9870=DIRECTION('',(0.,0.,-1.));
#9871=DIRECTION('',(0.,-0.5,0.866025403784439));
#9872=DIRECTION('',(0.,-0.866025403784439,-0.5));
#9873=DIRECTION('',(0.,1.,0.));
#9874=DIRECTION('',(0.,0.,1.));
#9875=DIRECTION('',(1.,0.,0.));
#9876=DIRECTION('',(0.,0.,-1.));
#9877=DIRECTION('',(1.,0.,0.));
#9878=DIRECTION('',(0.,0.,-1.));
#9879=DIRECTION('',(0.,-0.5,-0.866025403784439));
#9880=DIRECTION('',(0.,0.866025403784439,-0.5));
#9881=DIRECTION('',(0.,-0.5,-0.866025403784439));
#9882=DIRECTION('',(0.,0.866025403784439,-0.5));
#9883=DIRECTION('',(1.,0.,0.));
#9884=DIRECTION('',(0.,0.,-1.));
#9885=DIRECTION('',(1.,0.,0.));
#9886=DIRECTION('',(0.,0.,-1.));
#9887=DIRECTION('',(0.,-1.,0.));
#9888=DIRECTION('',(0.,0.,-1.));
#9889=DIRECTION('',(0.,-0.5,0.866025403784439));
#9890=DIRECTION('',(0.,-0.866025403784439,-0.5));
#9891=DIRECTION('',(1.,0.,0.));
#9892=DIRECTION('',(0.,0.,-1.));
#9893=DIRECTION('',(-0.949402179171072,0.,-0.314062895269754));
#9894=DIRECTION('',(-0.314062895269754,0.,0.949402179171072));
#9895=DIRECTION('',(0.949402179171072,-5.58970353092474E-16,-0.314062895269754));
#9896=DIRECTION('',(-0.314062895269754,0.,-0.949402179171072));
#9897=DIRECTION('',(0.,-1.,0.));
#9898=DIRECTION('',(0.,0.,-1.));
#9899=DIRECTION('',(-0.949519202599393,0.,-0.313708915867899));
#9900=DIRECTION('',(-0.313708915867899,0.,0.949519202599393));
#9901=DIRECTION('',(0.,-1.,0.));
#9902=DIRECTION('',(0.,0.,-1.));
#9903=DIRECTION('',(0.949519202599393,0.,-0.313708915867899));
#9904=DIRECTION('',(-0.313708915867899,0.,-0.949519202599393));
#9905=DIRECTION('',(1.,0.,0.));
#9906=DIRECTION('',(0.,0.,-1.));
#9907=DIRECTION('',(0.,-0.5,0.866025403784439));
#9908=DIRECTION('',(0.,-0.866025403784439,-0.5));
#9909=DIRECTION('',(0.,-0.5,-0.866025403784439));
#9910=DIRECTION('',(0.,0.866025403784439,-0.5));
#9911=DIRECTION('',(1.,0.,0.));
#9912=DIRECTION('',(0.,0.,-1.));
#9913=DIRECTION('',(1.,0.,0.));
#9914=DIRECTION('',(0.,0.,-1.));
#9915=DIRECTION('',(0.,-1.,0.));
#9916=DIRECTION('',(0.,0.,-1.));
#9917=DIRECTION('',(0.,1.,0.));
#9918=DIRECTION('',(0.,0.,1.));
#9919=DIRECTION('',(1.,0.,0.));
#9920=DIRECTION('',(0.,0.,-1.));
#9921=DIRECTION('',(1.,0.,0.));
#9922=DIRECTION('',(0.,0.,-1.));
#9923=DIRECTION('',(0.,-0.5,-0.866025403784439));
#9924=DIRECTION('',(0.,0.866025403784439,-0.5));
#9925=DIRECTION('',(0.,-0.5,0.866025403784439));
#9926=DIRECTION('',(0.,-0.866025403784439,-0.5));
#9927=DIRECTION('',(1.,0.,0.));
#9928=DIRECTION('',(0.,0.,-1.));
#9929=DIRECTION('',(1.,0.,0.));
#9930=DIRECTION('',(0.,0.,-1.));
#9931=DIRECTION('',(1.,0.,0.));
#9932=DIRECTION('',(1.,0.,0.));
#9933=DIRECTION('',(0.,0.703793519503995,0.710404590289351));
#9934=DIRECTION('',(0.,-0.710404590289351,0.703793519503995));
#9935=DIRECTION('',(-1.,0.,0.));
#9936=DIRECTION('',(-1.,0.,0.));
#9937=DIRECTION('',(0.,0.,1.));
#9938=DIRECTION('',(0.,0.703793519503995,-0.710404590289351));
#9939=DIRECTION('',(0.,0.710404590289351,0.703793519503995));
#9940=DIRECTION('',(1.,0.,0.));
#9941=DIRECTION('',(1.,0.,0.));
#9942=DIRECTION('',(0.,0.,-1.));
#9943=DIRECTION('',(-1.,0.,0.));
#9944=DIRECTION('',(0.,0.,-1.));
#9945=DIRECTION('',(1.,0.,0.));
#9946=DIRECTION('',(0.,0.,-1.));
#9947=DIRECTION('',(1.,0.,0.));
#9948=DIRECTION('',(0.,0.,-1.));
#9949=DIRECTION('',(-1.,0.,0.));
#9950=DIRECTION('',(0.,0.,1.));
#9951=DIRECTION('',(-1.,0.,0.));
#9952=DIRECTION('',(0.,0.,-1.));
#9953=DIRECTION('',(1.,0.,0.));
#9954=DIRECTION('',(0.,0.,-1.));
#9955=DIRECTION('',(1.,0.,0.));
#9956=DIRECTION('',(1.,0.,0.));
#9957=DIRECTION('',(0.,0.,-1.));
#9958=DIRECTION('',(1.,0.,0.));
#9959=DIRECTION('',(1.,0.,0.));
#9960=DIRECTION('',(0.,0.,-1.));
#9961=DIRECTION('',(-1.,0.,0.));
#9962=DIRECTION('',(1.,0.,0.));
#9963=DIRECTION('',(0.,0.,-1.));
#9964=DIRECTION('',(-1.,0.,0.));
#9965=DIRECTION('',(1.,0.,0.));
#9966=DIRECTION('',(0.,0.,-1.));
#9967=DIRECTION('',(-1.,0.,0.));
#9968=DIRECTION('',(0.,0.,1.));
#9969=DIRECTION('',(1.,0.,0.));
#9970=DIRECTION('',(0.,0.,1.));
#9971=DIRECTION('',(1.,0.,0.));
#9972=DIRECTION('',(0.,0.,-1.));
#9973=DIRECTION('',(-1.,0.,0.));
#9974=DIRECTION('',(1.,0.,0.));
#9975=DIRECTION('',(0.,0.,-1.));
#9976=DIRECTION('',(-1.,0.,0.));
#9977=DIRECTION('',(1.,0.,0.));
#9978=DIRECTION('',(0.,0.,-1.));
#9979=DIRECTION('',(1.,0.,0.));
#9980=DIRECTION('',(0.,0.,-1.));
#9981=DIRECTION('',(-1.,0.,0.));
#9982=DIRECTION('',(0.,0.,-1.));
#9983=DIRECTION('',(1.,0.,0.));
#9984=DIRECTION('',(0.,0.,-1.));
#9985=DIRECTION('',(1.,0.,0.));
#9986=DIRECTION('',(0.,0.,-1.));
#9987=DIRECTION('',(1.,0.,0.));
#9988=DIRECTION('',(0.,0.,-1.));
#9989=DIRECTION('',(1.,0.,0.));
#9990=DIRECTION('',(0.,0.,-1.));
#9991=DIRECTION('',(1.,0.,0.));
#9992=DIRECTION('',(0.,0.,-1.));
#9993=DIRECTION('',(1.,0.,0.));
#9994=DIRECTION('',(0.,0.,-1.));
#9995=DIRECTION('',(1.,0.,0.));
#9996=DIRECTION('',(0.,0.,-1.));
#9997=DIRECTION('',(1.,0.,0.));
#9998=DIRECTION('',(0.,0.,1.));
#9999=DIRECTION('',(1.,0.,0.));
#10000=DIRECTION('',(0.,0.,-1.));
#10001=DIRECTION('',(1.,0.,0.));
#10002=DIRECTION('',(1.,0.,0.));
#10003=DIRECTION('',(0.,0.,-1.));
#10004=DIRECTION('',(1.,0.,0.));
#10005=DIRECTION('',(1.,0.,0.));
#10006=DIRECTION('',(0.,0.,-1.));
#10007=DIRECTION('',(1.,0.,0.));
#10008=DIRECTION('',(0.,0.,-1.));
#10009=DIRECTION('',(1.,0.,0.));
#10010=DIRECTION('',(0.,0.,-1.));
#10011=DIRECTION('',(-1.,0.,0.));
#10012=DIRECTION('',(0.,0.,-1.));
#10013=DIRECTION('',(1.,0.,0.));
#10014=DIRECTION('',(0.,0.,-1.));
#10015=DIRECTION('',(1.,0.,0.));
#10016=DIRECTION('',(0.,0.,-1.));
#10017=DIRECTION('',(1.,0.,0.));
#10018=DIRECTION('',(0.,0.,-1.));
#10019=DIRECTION('',(1.,0.,0.));
#10020=DIRECTION('',(0.,0.,-1.));
#10021=DIRECTION('',(-1.,0.,0.));
#10022=DIRECTION('',(0.,0.,-1.));
#10023=DIRECTION('',(-1.,0.,0.));
#10024=DIRECTION('',(0.,0.,-1.));
#10025=DIRECTION('',(1.,0.,0.));
#10026=DIRECTION('',(0.,0.,-1.));
#10027=DIRECTION('',(1.,0.,0.));
#10028=DIRECTION('',(0.,0.,-1.));
#10029=DIRECTION('',(-1.,0.,0.));
#10030=DIRECTION('',(0.,0.,1.));
#10031=DIRECTION('',(-1.,0.,0.));
#10032=DIRECTION('',(0.,0.,-1.));
#10033=DIRECTION('',(1.,0.,0.));
#10034=DIRECTION('',(0.,0.,-1.));
#10035=DIRECTION('',(1.,0.,0.));
#10036=DIRECTION('',(1.,0.,0.));
#10037=DIRECTION('',(0.,0.,-1.));
#10038=DIRECTION('',(1.,0.,0.));
#10039=DIRECTION('',(1.,0.,0.));
#10040=DIRECTION('',(0.,0.,-1.));
#10041=DIRECTION('',(-1.,0.,0.));
#10042=DIRECTION('',(1.,0.,0.));
#10043=DIRECTION('',(0.,0.,-1.));
#10044=DIRECTION('',(-1.,0.,0.));
#10045=DIRECTION('',(1.,0.,0.));
#10046=DIRECTION('',(0.,0.,-1.));
#10047=DIRECTION('',(-1.,0.,0.));
#10048=DIRECTION('',(0.,0.,1.));
#10049=DIRECTION('',(1.,0.,0.));
#10050=DIRECTION('',(0.,0.,-1.));
#10051=DIRECTION('',(1.,0.,0.));
#10052=DIRECTION('',(0.,0.,-1.));
#10053=DIRECTION('',(1.,0.,0.));
#10054=DIRECTION('',(0.,0.,-1.));
#10055=DIRECTION('',(1.,0.,0.));
#10056=DIRECTION('',(0.,0.,1.));
#10057=DIRECTION('',(1.,0.,0.));
#10058=DIRECTION('',(0.,0.,-1.));
#10059=DIRECTION('',(-1.,0.,0.));
#10060=DIRECTION('',(-1.,0.,0.));
#10061=DIRECTION('',(-1.,0.,0.));
#10062=DIRECTION('',(0.,0.,-1.));
#10063=DIRECTION('',(1.,0.,0.));
#10064=DIRECTION('',(0.,0.,-1.));
#10065=DIRECTION('',(1.,0.,0.));
#10066=DIRECTION('',(0.,0.,-1.));
#10067=DIRECTION('',(1.,0.,0.));
#10068=DIRECTION('',(0.,0.,-1.));
#10069=DIRECTION('',(1.,0.,0.));
#10070=DIRECTION('',(0.,0.,-1.));
#10071=DIRECTION('',(1.,0.,0.));
#10072=DIRECTION('',(0.,0.,-1.));
#10073=DIRECTION('',(1.,0.,0.));
#10074=DIRECTION('',(0.,0.,-1.));
#10075=DIRECTION('',(1.,0.,0.));
#10076=DIRECTION('',(0.,0.,-1.));
#10077=DIRECTION('',(1.,0.,0.));
#10078=DIRECTION('',(0.,0.,1.));
#10079=DIRECTION('',(1.,0.,0.));
#10080=DIRECTION('',(0.,0.,-1.));
#10081=DIRECTION('',(1.,0.,0.));
#10082=DIRECTION('',(1.,0.,0.));
#10083=DIRECTION('',(0.,0.,-1.));
#10084=DIRECTION('',(1.,0.,0.));
#10085=DIRECTION('',(1.,0.,0.));
#10086=DIRECTION('',(0.,0.,-1.));
#10087=DIRECTION('',(1.,0.,0.));
#10088=DIRECTION('',(0.,0.,-1.));
#10089=DIRECTION('',(1.,0.,0.));
#10090=DIRECTION('',(0.,0.,-1.));
#10091=DIRECTION('',(-1.,0.,0.));
#10092=DIRECTION('',(0.,0.,-1.));
#10093=DIRECTION('',(1.,0.,0.));
#10094=DIRECTION('',(0.,0.,-1.));
#10095=DIRECTION('',(1.,0.,0.));
#10096=DIRECTION('',(0.,0.,-1.));
#10097=DIRECTION('',(1.,0.,0.));
#10098=DIRECTION('',(0.,0.,-1.));
#10099=DIRECTION('',(1.,0.,0.));
#10100=DIRECTION('',(0.,0.,-1.));
#10101=DIRECTION('',(-1.,0.,0.));
#10102=DIRECTION('',(0.,0.,-1.));
#10103=DIRECTION('',(-1.,0.,0.));
#10104=DIRECTION('',(0.,0.,-1.));
#10105=DIRECTION('',(1.,0.,0.));
#10106=DIRECTION('',(0.,0.,-1.));
#10107=DIRECTION('',(1.,0.,0.));
#10108=DIRECTION('',(0.,0.,-1.));
#10109=DIRECTION('',(-1.,0.,0.));
#10110=DIRECTION('',(0.,0.,1.));
#10111=DIRECTION('',(-1.,0.,0.));
#10112=DIRECTION('',(0.,0.,-1.));
#10113=DIRECTION('',(1.,0.,0.));
#10114=DIRECTION('',(0.,0.,-1.));
#10115=DIRECTION('',(1.,0.,0.));
#10116=DIRECTION('',(1.,0.,0.));
#10117=DIRECTION('',(0.,0.,-1.));
#10118=DIRECTION('',(1.,0.,0.));
#10119=DIRECTION('',(1.,0.,0.));
#10120=DIRECTION('',(0.,0.,-1.));
#10121=DIRECTION('',(-1.,0.,0.));
#10122=DIRECTION('',(1.,0.,0.));
#10123=DIRECTION('',(0.,0.,-1.));
#10124=DIRECTION('',(-1.,0.,0.));
#10125=DIRECTION('',(1.,0.,0.));
#10126=DIRECTION('',(0.,0.,-1.));
#10127=DIRECTION('',(-1.,0.,0.));
#10128=DIRECTION('',(0.,0.,1.));
#10129=DIRECTION('',(1.,0.,0.));
#10130=DIRECTION('',(0.,0.,-1.));
#10131=DIRECTION('',(1.,0.,0.));
#10132=DIRECTION('',(0.,0.,-1.));
#10133=DIRECTION('',(1.,0.,0.));
#10134=DIRECTION('',(0.,0.,-1.));
#10135=DIRECTION('',(1.,0.,0.));
#10136=DIRECTION('',(0.,0.,1.));
#10137=DIRECTION('',(1.,0.,0.));
#10138=DIRECTION('',(0.,0.,-1.));
#10139=DIRECTION('',(-1.,0.,0.));
#10140=DIRECTION('',(-1.,0.,0.));
#10141=DIRECTION('',(-1.,0.,0.));
#10142=DIRECTION('',(0.,0.,-1.));
#10143=DIRECTION('',(1.,0.,0.));
#10144=DIRECTION('',(0.,0.,-1.));
#10145=DIRECTION('',(1.,0.,0.));
#10146=DIRECTION('',(0.,0.,-1.));
#10147=DIRECTION('',(1.,0.,0.));
#10148=DIRECTION('',(0.,0.,-1.));
#10149=DIRECTION('',(1.,0.,0.));
#10150=DIRECTION('',(0.,0.,-1.));
#10151=DIRECTION('',(1.,0.,0.));
#10152=DIRECTION('',(0.,0.,-1.));
#10153=DIRECTION('',(1.,0.,0.));
#10154=DIRECTION('',(0.,0.,-1.));
#10155=DIRECTION('',(1.,0.,0.));
#10156=DIRECTION('',(0.,0.,-1.));
#10157=DIRECTION('',(1.,0.,0.));
#10158=DIRECTION('',(0.,0.,1.));
#10159=DIRECTION('',(1.,0.,0.));
#10160=DIRECTION('',(0.,0.,-1.));
#10161=DIRECTION('',(1.,0.,0.));
#10162=DIRECTION('',(1.,0.,0.));
#10163=DIRECTION('',(0.,0.,-1.));
#10164=DIRECTION('',(1.,0.,0.));
#10165=DIRECTION('',(1.,0.,0.));
#10166=DIRECTION('',(0.,0.,-1.));
#10167=DIRECTION('',(1.,0.,0.));
#10168=DIRECTION('',(0.,0.,-1.));
#10169=DIRECTION('',(1.,0.,0.));
#10170=DIRECTION('',(0.,0.,-1.));
#10171=DIRECTION('',(-1.,0.,0.));
#10172=DIRECTION('',(0.,0.,-1.));
#10173=DIRECTION('',(1.,0.,0.));
#10174=DIRECTION('',(0.,0.,-1.));
#10175=DIRECTION('',(1.,0.,0.));
#10176=DIRECTION('',(0.,0.,-1.));
#10177=DIRECTION('',(1.,0.,0.));
#10178=DIRECTION('',(0.,0.,-1.));
#10179=DIRECTION('',(1.,0.,0.));
#10180=DIRECTION('',(0.,0.,-1.));
#10181=DIRECTION('',(-1.,0.,0.));
#10182=DIRECTION('',(0.,0.,-1.));
#10183=DIRECTION('',(-1.,0.,0.));
#10184=DIRECTION('',(0.,0.,-1.));
#10185=DIRECTION('',(1.,0.,0.));
#10186=DIRECTION('',(0.,0.,-1.));
#10187=DIRECTION('',(1.,0.,0.));
#10188=DIRECTION('',(0.,0.,-1.));
#10189=DIRECTION('',(-1.,0.,0.));
#10190=DIRECTION('',(0.,0.,1.));
#10191=DIRECTION('',(-1.,0.,0.));
#10192=DIRECTION('',(0.,0.,-1.));
#10193=DIRECTION('',(1.,0.,0.));
#10194=DIRECTION('',(0.,0.,-1.));
#10195=DIRECTION('',(1.,0.,0.));
#10196=DIRECTION('',(1.,0.,0.));
#10197=DIRECTION('',(0.,0.,-1.));
#10198=DIRECTION('',(1.,0.,0.));
#10199=DIRECTION('',(1.,0.,0.));
#10200=DIRECTION('',(0.,0.,-1.));
#10201=DIRECTION('',(-1.,0.,0.));
#10202=DIRECTION('',(1.,0.,0.));
#10203=DIRECTION('',(0.,0.,-1.));
#10204=DIRECTION('',(-1.,0.,0.));
#10205=DIRECTION('',(1.,0.,0.));
#10206=DIRECTION('',(0.,0.,-1.));
#10207=DIRECTION('',(-1.,0.,0.));
#10208=DIRECTION('',(0.,0.,1.));
#10209=DIRECTION('',(1.,0.,0.));
#10210=DIRECTION('',(0.,0.,-1.));
#10211=DIRECTION('',(1.,0.,0.));
#10212=DIRECTION('',(0.,0.,-1.));
#10213=DIRECTION('',(1.,0.,0.));
#10214=DIRECTION('',(0.,0.,-1.));
#10215=DIRECTION('',(1.,0.,0.));
#10216=DIRECTION('',(0.,0.,1.));
#10217=DIRECTION('',(1.,0.,0.));
#10218=DIRECTION('',(0.,0.,-1.));
#10219=DIRECTION('',(-1.,0.,0.));
#10220=DIRECTION('',(-1.,0.,0.));
#10221=DIRECTION('',(-1.,0.,0.));
#10222=DIRECTION('',(0.,0.,-1.));
#10223=DIRECTION('',(1.,0.,0.));
#10224=DIRECTION('',(0.,0.,-1.));
#10225=DIRECTION('',(1.,0.,0.));
#10226=DIRECTION('',(0.,0.,-1.));
#10227=DIRECTION('',(1.,0.,0.));
#10228=DIRECTION('',(0.,0.,-1.));
#10229=DIRECTION('',(1.,0.,0.));
#10230=DIRECTION('',(0.,0.,-1.));
#10231=DIRECTION('',(1.,0.,0.));
#10232=DIRECTION('',(0.,0.,-1.));
#10233=DIRECTION('',(1.,0.,0.));
#10234=DIRECTION('',(0.,0.,-1.));
#10235=DIRECTION('',(1.,0.,0.));
#10236=DIRECTION('',(0.,0.,-1.));
#10237=DIRECTION('',(1.,0.,0.));
#10238=DIRECTION('',(0.,0.,-1.));
#10239=DIRECTION('',(1.,0.,0.));
#10240=DIRECTION('',(0.,0.,1.));
#10241=DIRECTION('',(1.,0.,0.));
#10242=DIRECTION('',(0.,0.,-1.));
#10243=DIRECTION('',(1.,0.,0.));
#10244=DIRECTION('',(1.,0.,0.));
#10245=DIRECTION('',(0.,0.,-1.));
#10246=DIRECTION('',(1.,0.,0.));
#10247=DIRECTION('',(1.,0.,0.));
#10248=DIRECTION('',(0.,0.,-1.));
#10249=DIRECTION('',(1.,0.,0.));
#10250=DIRECTION('',(0.,0.,-1.));
#10251=DIRECTION('',(1.,0.,0.));
#10252=DIRECTION('',(0.,0.,-1.));
#10253=DIRECTION('',(-1.,0.,0.));
#10254=DIRECTION('',(0.,0.,-1.));
#10255=DIRECTION('',(1.,0.,0.));
#10256=DIRECTION('',(0.,0.,-1.));
#10257=DIRECTION('',(1.,0.,0.));
#10258=DIRECTION('',(0.,0.,-1.));
#10259=DIRECTION('',(1.,0.,0.));
#10260=DIRECTION('',(0.,0.,-1.));
#10261=DIRECTION('',(-1.,0.,0.));
#10262=DIRECTION('',(0.,0.,-1.));
#10263=DIRECTION('',(0.,0.,-1.));
#10264=DIRECTION('',(-1.,0.,0.));
#10265=DIRECTION('',(0.,0.,1.));
#10266=DIRECTION('',(1.,0.,0.));
#10267=DIRECTION('',(0.,1.,0.));
#10268=DIRECTION('',(-1.,0.,0.));
#10269=DIRECTION('',(0.,0.,1.));
#10270=DIRECTION('',(1.,0.,0.));
#10271=DIRECTION('',(-1.,0.,0.));
#10272=DIRECTION('',(0.,-1.,0.));
#10273=DIRECTION('',(0.,0.,1.));
#10274=DIRECTION('',(1.,0.,0.));
#10275=DIRECTION('',(0.,-1.,0.));
#10276=DIRECTION('',(1.,0.,0.));
#10277=DIRECTION('',(0.,0.,1.));
#10278=DIRECTION('',(1.,0.,0.));
#10279=DIRECTION('',(0.,0.,1.));
#10280=DIRECTION('',(-1.,0.,0.));
#10281=DIRECTION('',(0.,0.,1.));
#10282=DIRECTION('',(1.,0.,0.));
#10283=DIRECTION('',(1.,0.,0.));
#10284=DIRECTION('',(0.,1.,0.));
#10285=DIRECTION('',(0.,0.,1.));
#10286=DIRECTION('',(1.,0.,0.));
#10287=DIRECTION('',(-0.577350269189626,0.577350269189626,-0.577350269189626));
#10288=DIRECTION('',(-0.70710678384528,-0.707106778527815,5.31746488507956E-9));
#10289=DIRECTION('',(0.,0.,1.));
#10290=DIRECTION('',(1.,0.,0.));
#10291=DIRECTION('',(-0.718873086818576,0.585048618558824,-0.375419230954334));
#10292=DIRECTION('',(-0.631219057138359,-0.775604604102735,-2.69416297882241E-8));
#10293=DIRECTION('',(0.,0.,1.));
#10294=DIRECTION('',(1.,0.,0.));
#10295=CARTESIAN_POINT('',(0.,0.,0.));
#10296=CARTESIAN_POINT('',(0.411023622047244,0.389763779527559,-0.168069555197034));
#10297=CARTESIAN_POINT('',(0.411023622047244,0.389763779527559,0.168069555197034));
#10298=CARTESIAN_POINT('',(-0.0555314384865194,0.389763779527559,0.168069555197034));
#10299=CARTESIAN_POINT('',(-0.137308360826847,0.389763779527559,0.168069555197034));
#10300=CARTESIAN_POINT('',(4.99603542457036E-17,0.389763779527559,-1.03574985957172E-5));
#10301=CARTESIAN_POINT('',(-0.0555940984377842,0.389763779527559,-0.168069555197034));
#10302=CARTESIAN_POINT('',(0.411023622047244,0.389763779527559,-0.168069555197034));
#10303=CARTESIAN_POINT('',(-0.137308361017434,0.389763779527559,-0.168069555197034));
#10304=CARTESIAN_POINT('',(0.411023622047244,0.389763779527559,-0.168069555197034));
#10305=CARTESIAN_POINT('',(-0.242716535433071,0.389745568006649,-0.168069993770971));
#10306=CARTESIAN_POINT('',(-0.242716535433071,0.389763779527559,-0.168069555197034));
#10307=CARTESIAN_POINT('',(-0.242716535433071,0.389763779527559,-0.0560231850656778));
#10308=CARTESIAN_POINT('',(-0.242716535433071,0.389763779527559,0.056023185065678));
#10309=CARTESIAN_POINT('',(-0.242716535433071,0.389763779527559,0.168069555197034));
#10310=CARTESIAN_POINT('',(-0.242716535433071,0.389763978124512,0.168027252018232));
#10311=CARTESIAN_POINT('',(0.411023622047244,0.389763779527559,0.168069555197034));
#10312=CARTESIAN_POINT('',(-0.40748031496063,0.770669291338583,0.168307086614173));
#10313=CARTESIAN_POINT('',(0.238818897637795,0.770669291338583,3.16417322834646));
#10314=CARTESIAN_POINT('',(0.238818897637795,0.770669291338583,0.155257086614174));
#10315=CARTESIAN_POINT('',(0.238818897637795,0.770669291338583,-0.155257086614172));
#10316=CARTESIAN_POINT('',(-0.336607630843918,0.770669291338583,0.155257086614173));
#10317=CARTESIAN_POINT('',(0.0850095201188717,0.770669291338583,0.155257086614173));
#10318=CARTESIAN_POINT('',(4.99603542457036E-17,0.770669291338583,-1.03574985957172E-5));
#10319=CARTESIAN_POINT('',(0.0850473445268409,0.770669291338583,-0.155257086614173));
#10320=CARTESIAN_POINT('',(-0.40748031496063,0.770669291338583,-0.155257086614173));
#10321=CARTESIAN_POINT('',(0.411023622047244,0.478346456692913,-0.168069555197034));
#10322=CARTESIAN_POINT('',(0.411023622047244,0.424810181480793,-0.238644040177042));
#10323=CARTESIAN_POINT('',(-0.251574803149606,0.424659015664352,-0.238531617919359));
#10324=CARTESIAN_POINT('',(-0.379523622047244,0.424810181480793,-0.238644040177042));
#10325=CARTESIAN_POINT('',(-0.379523622047244,0.478346456692913,-0.168069555197034));
#10326=CARTESIAN_POINT('',(-0.379523622047244,0.389763779527559,-0.168069555197034));
#10327=CARTESIAN_POINT('',(0.411023622047244,0.389763779527559,-0.168069555197034));
#10328=CARTESIAN_POINT('',(-0.251574803149606,0.389745567837469,-0.168069994644379));
#10329=CARTESIAN_POINT('',(-0.251574803149606,0.389763779527558,-0.168069555197034));
#10330=CARTESIAN_POINT('',(-0.251574803149606,0.389763779527558,-0.195160337334939));
#10331=CARTESIAN_POINT('',(-0.251574803149606,0.402991514987274,-0.221943797012252));
#10332=CARTESIAN_POINT('',(-0.251574803149606,0.424503467397442,-0.238410320031582));
#10333=CARTESIAN_POINT('',(0.411023622047244,0.478346456692913,0.168069555197034));
#10334=CARTESIAN_POINT('',(0.411023622047244,0.389763779527559,0.168069555197034));
#10335=CARTESIAN_POINT('',(-0.251574803149606,0.389764010957333,0.168049249918505));
#10336=CARTESIAN_POINT('',(-0.379523622047244,0.389763779527559,0.168069555197034));
#10337=CARTESIAN_POINT('',(-0.379523622047244,0.478346456692913,0.168069555197034));
#10338=CARTESIAN_POINT('',(-0.379523622047244,0.424810181679399,0.238644040327701));
#10339=CARTESIAN_POINT('',(0.411023622047244,0.424810181679399,0.238644040327701));
#10340=CARTESIAN_POINT('',(-0.251574803149606,0.424799662480645,0.238657078662134));
#10341=CARTESIAN_POINT('',(-0.251574803149606,0.424810181679399,0.238644040327701));
#10342=CARTESIAN_POINT('',(-0.251574803149606,0.403124344296419,0.222193634038742));
#10343=CARTESIAN_POINT('',(-0.251574803149606,0.389763779527559,0.195288875726263));
#10344=CARTESIAN_POINT('',(-0.251574803149606,0.389763779527559,0.168069555197034));
#10345=CARTESIAN_POINT('',(0.411023622047244,0.389763779527559,-0.168069555197034));
#10346=CARTESIAN_POINT('',(-0.379523622047244,0.389763779527559,-0.168069555197034));
#10347=CARTESIAN_POINT('',(-0.251574803149606,0.389763779527559,0.168069555197034));
#10348=CARTESIAN_POINT('',(-0.251574803149606,0.389763779527559,0.056023185065678));
#10349=CARTESIAN_POINT('',(-0.251574803149606,0.389763779527559,-0.0560231850656778));
#10350=CARTESIAN_POINT('',(-0.251574803149606,0.389763779527559,-0.168069555197034));
#10351=CARTESIAN_POINT('',(0.411023622047244,0.389763779527559,-0.168069555197034));
#10352=CARTESIAN_POINT('',(0.411023622047244,0.389763779527559,0.168069555197034));
#10353=CARTESIAN_POINT('',(0.397240157480315,0.389763779527559,0.168069555197034));
#10354=CARTESIAN_POINT('',(0.251574803149606,0.389763978124512,0.168027252018113));
#10355=CARTESIAN_POINT('',(0.397240157480315,0.389763779527559,-0.168069555197034));
#10356=CARTESIAN_POINT('',(0.397240157480315,0.389763779527559,-0.168069555197034));
#10357=CARTESIAN_POINT('',(0.411023622047244,0.389763779527559,-0.168069555197034));
#10358=CARTESIAN_POINT('',(0.251574803149606,0.3897455680539,-0.16806999369008));
#10359=CARTESIAN_POINT('',(0.251574803149606,0.389763779527559,-0.168069555197034));
#10360=CARTESIAN_POINT('',(0.251574803149606,0.389763779527559,-0.0560231850656778));
#10361=CARTESIAN_POINT('',(0.251574803149606,0.389763779527559,0.056023185065678));
#10362=CARTESIAN_POINT('',(0.251574803149606,0.389763779527559,0.168069555197034));
#10363=CARTESIAN_POINT('',(0.411023622047244,0.478346456692913,-0.168069555197034));
#10364=CARTESIAN_POINT('',(0.397240157480315,0.478346456692913,-0.168069555197034));
#10365=CARTESIAN_POINT('',(0.397240157480315,0.424810181480793,-0.238644040177042));
#10366=CARTESIAN_POINT('',(0.411023622047244,0.424810181480793,-0.238644040177042));
#10367=CARTESIAN_POINT('',(0.251574803149606,0.424541400144813,-0.238439898024352));
#10368=CARTESIAN_POINT('',(0.251574803149606,0.424810181480792,-0.238644040177043));
#10369=CARTESIAN_POINT('',(0.251574803149606,0.403124344210308,-0.222193633877276));
#10370=CARTESIAN_POINT('',(0.251574803149606,0.389763779527558,-0.195288875643168));
#10371=CARTESIAN_POINT('',(0.251574803149606,0.389763779527558,-0.168069555197034));
#10372=CARTESIAN_POINT('',(0.411023622047244,0.478346456692913,0.168069555197034));
#10373=CARTESIAN_POINT('',(0.411023622047244,0.424810181679399,0.238644040327701));
#10374=CARTESIAN_POINT('',(0.397240157480315,0.424810181679399,0.238644040327701));
#10375=CARTESIAN_POINT('',(0.251574803149606,0.424799661925826,0.238657078702777));
#10376=CARTESIAN_POINT('',(0.397240157480315,0.478346456692913,0.168069555197034));
#10377=CARTESIAN_POINT('',(0.251574803149606,0.389763779527559,0.168069555197034));
#10378=CARTESIAN_POINT('',(0.251574803149606,0.389763779527559,0.195288875726263));
#10379=CARTESIAN_POINT('',(0.251574803149606,0.403124344296419,0.222193634038742));
#10380=CARTESIAN_POINT('',(0.251574803149606,0.424810181679399,0.238644040327701));
#10381=CARTESIAN_POINT('',(0.411023622047244,0.344505764456045,0.344505764456045));
#10382=CARTESIAN_POINT('',(-0.379523622047244,0.344505764456045,0.344505764456045));
#10383=CARTESIAN_POINT('',(-0.379523622047244,0.238644038900638,0.424810179798165));
#10384=CARTESIAN_POINT('',(0.411023622047244,0.238644038900638,0.424810179798165));
#10385=CARTESIAN_POINT('',(-0.251574803149606,0.238647380335041,0.42480746525867));
#10386=CARTESIAN_POINT('',(-0.251574803149606,0.238644038900638,0.424810179798165));
#10387=CARTESIAN_POINT('',(-0.251574803149606,0.261493666962281,0.45493182435033));
#10388=CARTESIAN_POINT('',(-0.251574803149606,0.334243076470699,0.494121452663325));
#10389=CARTESIAN_POINT('',(-0.251574803149606,0.450601689471102,0.450601691356498));
#10390=CARTESIAN_POINT('',(-0.251574803149606,0.4941214528457,0.33424307912947));
#10391=CARTESIAN_POINT('',(-0.251574803149606,0.454931825825511,0.261493668924626));
#10392=CARTESIAN_POINT('',(-0.251574803149606,0.424810181679399,0.238644040327701));
#10393=CARTESIAN_POINT('',(0.411023622047244,0.344505764456045,0.344505764456045));
#10394=CARTESIAN_POINT('',(0.411023622047244,0.238644038900638,0.424810179798165));
#10395=CARTESIAN_POINT('',(0.397240157480315,0.238644038900638,0.424810179798165));
#10396=CARTESIAN_POINT('',(0.251574803149606,0.238647366017977,0.424807470019667));
#10397=CARTESIAN_POINT('',(0.397240157480315,0.344505764456045,0.344505764456045));
#10398=CARTESIAN_POINT('',(0.251574803149606,0.424810181679399,0.238644040327701));
#10399=CARTESIAN_POINT('',(0.251574803149606,0.454931825825511,0.261493668924626));
#10400=CARTESIAN_POINT('',(0.251574803149606,0.4941214528457,0.33424307912947));
#10401=CARTESIAN_POINT('',(0.251574803149606,0.450601689471102,0.450601691356498));
#10402=CARTESIAN_POINT('',(0.251574803149606,0.334243076470699,0.494121452663325));
#10403=CARTESIAN_POINT('',(0.251574803149606,0.261493666962281,0.45493182435033));
#10404=CARTESIAN_POINT('',(0.251574803149606,0.238644038900638,0.424810179798165));
#10405=CARTESIAN_POINT('',(0.411023622047244,0.344505764456045,0.344505764456045));
#10406=CARTESIAN_POINT('',(-0.242716535433071,0.424810181679399,0.238644040327701));
#10407=CARTESIAN_POINT('',(-0.242716535433071,0.454931825825511,0.261493668924626));
#10408=CARTESIAN_POINT('',(-0.242716535433071,0.4941214528457,0.33424307912947));
#10409=CARTESIAN_POINT('',(-0.242716535433071,0.450601689471102,0.450601691356498));
#10410=CARTESIAN_POINT('',(-0.242716535433071,0.334243076470699,0.494121452663325));
#10411=CARTESIAN_POINT('',(-0.242716535433071,0.261493666962281,0.45493182435033));
#10412=CARTESIAN_POINT('',(-0.242716535433071,0.238644038900638,0.424810179798165));
#10413=CARTESIAN_POINT('',(-0.242716535433071,0.424799661925826,0.238657078702777));
#10414=CARTESIAN_POINT('',(-0.242716535433071,0.238647366017977,0.424807470019667));
#10415=CARTESIAN_POINT('',(0.411023622047244,0.238644038900638,0.424810179798165));
#10416=CARTESIAN_POINT('',(0.242716535433071,0.238647380335041,0.42480746525867));
#10417=CARTESIAN_POINT('',(0.242716535433071,0.238644038900638,0.424810179798165));
#10418=CARTESIAN_POINT('',(0.242716535433071,0.261493666962281,0.45493182435033));
#10419=CARTESIAN_POINT('',(0.242716535433071,0.334243076470699,0.494121452663325));
#10420=CARTESIAN_POINT('',(0.242716535433071,0.450601689471102,0.450601691356498));
#10421=CARTESIAN_POINT('',(0.242716535433071,0.4941214528457,0.33424307912947));
#10422=CARTESIAN_POINT('',(0.242716535433071,0.454931825825511,0.261493668924626));
#10423=CARTESIAN_POINT('',(0.242716535433071,0.424810181679399,0.238644040327701));
#10424=CARTESIAN_POINT('',(0.242716535433071,0.424799662480645,0.238657078662134));
#10425=CARTESIAN_POINT('',(0.411023622047244,0.424810181679399,0.238644040327701));
#10426=CARTESIAN_POINT('',(0.411023622047244,0.344505764456043,-0.344505764456045));
#10427=CARTESIAN_POINT('',(0.411023622047244,0.238644038900638,-0.424810179798165));
#10428=CARTESIAN_POINT('',(-0.251574803149606,0.23865707721926,-0.424799660611732));
#10429=CARTESIAN_POINT('',(-0.379523622047244,0.238644038900638,-0.424810179798165));
#10430=CARTESIAN_POINT('',(-0.379523622047244,0.344505764456043,-0.344505764456045));
#10431=CARTESIAN_POINT('',(-0.251574803149606,0.424810181480792,-0.238644040177043));
#10432=CARTESIAN_POINT('',(-0.251574803149606,0.454931825686322,-0.261493668730012));
#10433=CARTESIAN_POINT('',(-0.251574803149606,0.494121452851021,-0.334243078917502));
#10434=CARTESIAN_POINT('',(-0.251574803149606,0.450601689584792,-0.450601691271144));
#10435=CARTESIAN_POINT('',(-0.251574803149606,0.334243076539421,-0.494121452687901));
#10436=CARTESIAN_POINT('',(-0.251574803149606,0.261493666974835,-0.454931824366881));
#10437=CARTESIAN_POINT('',(-0.251574803149606,0.238644038900637,-0.424810179798166));
#10438=CARTESIAN_POINT('',(0.411023622047244,0.344505764456043,-0.344505764456045));
#10439=CARTESIAN_POINT('',(0.397240157480315,0.344505764456043,-0.344505764456045));
#10440=CARTESIAN_POINT('',(0.397240157480315,0.238644038900638,-0.424810179798165));
#10441=CARTESIAN_POINT('',(0.411023622047244,0.238644038900638,-0.424810179798165));
#10442=CARTESIAN_POINT('',(0.251574803149606,0.238657077259903,-0.424799660056915));
#10443=CARTESIAN_POINT('',(0.251574803149606,0.238644038900637,-0.424810179798166));
#10444=CARTESIAN_POINT('',(0.251574803149606,0.261493666974835,-0.454931824366881));
#10445=CARTESIAN_POINT('',(0.251574803149606,0.334243076539421,-0.494121452687901));
#10446=CARTESIAN_POINT('',(0.251574803149606,0.450601689584791,-0.450601691271144));
#10447=CARTESIAN_POINT('',(0.251574803149606,0.494121452851021,-0.334243078917502));
#10448=CARTESIAN_POINT('',(0.251574803149606,0.454931825686322,-0.261493668730012));
#10449=CARTESIAN_POINT('',(0.251574803149606,0.424810181480792,-0.238644040177043));
#10450=CARTESIAN_POINT('',(0.411023622047244,0.344505764456043,-0.344505764456045));
#10451=CARTESIAN_POINT('',(0.242716535433071,0.424810181480792,-0.238644040177043));
#10452=CARTESIAN_POINT('',(0.242716535433071,0.454931825686322,-0.261493668730012));
#10453=CARTESIAN_POINT('',(0.242716535433071,0.494121452851021,-0.334243078917502));
#10454=CARTESIAN_POINT('',(0.242716535433071,0.450601689584792,-0.450601691271144));
#10455=CARTESIAN_POINT('',(0.242716535433071,0.334243076539421,-0.494121452687901));
#10456=CARTESIAN_POINT('',(0.242716535433071,0.261493666974835,-0.454931824366881));
#10457=CARTESIAN_POINT('',(0.242716535433071,0.238644038900637,-0.424810179798166));
#10458=CARTESIAN_POINT('',(0.242716535433071,0.23865707721926,-0.424799660611732));
#10459=CARTESIAN_POINT('',(0.242716535433071,0.424541418020432,-0.238439914256577));
#10460=CARTESIAN_POINT('',(0.411023622047244,0.238644038900638,-0.424810179798165));
#10461=CARTESIAN_POINT('',(-0.242716535433071,0.238657077259903,-0.424799660056915));
#10462=CARTESIAN_POINT('',(-0.242716535433071,0.238644038900637,-0.424810179798166));
#10463=CARTESIAN_POINT('',(-0.242716535433071,0.261493666974835,-0.454931824366881));
#10464=CARTESIAN_POINT('',(-0.242716535433071,0.334243076539421,-0.494121452687901));
#10465=CARTESIAN_POINT('',(-0.242716535433071,0.450601689584791,-0.450601691271144));
#10466=CARTESIAN_POINT('',(-0.242716535433071,0.494121452851021,-0.334243078917502));
#10467=CARTESIAN_POINT('',(-0.242716535433071,0.454931825686322,-0.261493668730012));
#10468=CARTESIAN_POINT('',(-0.242716535433071,0.424810181480792,-0.238644040177043));
#10469=CARTESIAN_POINT('',(-0.242716535433071,0.424659005981955,-0.2385316012133));
#10470=CARTESIAN_POINT('',(0.411023622047244,0.424810181480793,-0.238644040177042));
#10471=CARTESIAN_POINT('',(0.251574803149606,-0.172859948879305,0.38976377952756));
#10472=CARTESIAN_POINT('',(0.248622047244094,-0.172859948879305,0.38976377952756));
#10473=CARTESIAN_POINT('',(0.245669291338582,-0.172859948879305,0.38976377952756));
#10474=CARTESIAN_POINT('',(0.242716535433071,-0.172859948879305,0.38976377952756));
#10475=CARTESIAN_POINT('',(0.251574803149606,-0.165587401751717,0.389763779527559));
#10476=CARTESIAN_POINT('',(0.248622047244094,-0.165587401751717,0.389763779527559));
#10477=CARTESIAN_POINT('',(0.245669291338583,-0.165587401751717,0.389763779527559));
#10478=CARTESIAN_POINT('',(0.242716535433071,-0.165587401751717,0.389763779527559));
#10479=CARTESIAN_POINT('',(0.251574803149606,-0.125871920212588,0.389764988697474));
#10480=CARTESIAN_POINT('',(0.248622047244094,-0.125871920212588,0.389764988697474));
#10481=CARTESIAN_POINT('',(0.245669291338583,-0.125871920212588,0.389764988697474));
#10482=CARTESIAN_POINT('',(0.242716535433071,-0.125871920212588,0.389764988697474));
#10483=CARTESIAN_POINT('',(0.251574803149606,-0.0464112657749581,0.389802385025219));
#10484=CARTESIAN_POINT('',(0.248622047244094,-0.0464112657749581,0.389802385025219));
#10485=CARTESIAN_POINT('',(0.245669291338583,-0.0464112657749581,0.389802385025219));
#10486=CARTESIAN_POINT('',(0.242716535433071,-0.0464112657749581,0.389802385025219));
#10487=CARTESIAN_POINT('',(0.251574803149606,0.0503898073088955,0.389798955379641));
#10488=CARTESIAN_POINT('',(0.248622047244094,0.0503898073088955,0.389798955379641));
#10489=CARTESIAN_POINT('',(0.245669291338583,0.0503898073088955,0.389798955379641));
#10490=CARTESIAN_POINT('',(0.242716535433071,0.0503898073088955,0.389798955379641));
#10491=CARTESIAN_POINT('',(0.251574803149606,0.119798659616287,0.389691229332639));
#10492=CARTESIAN_POINT('',(0.248622047244094,0.119798659616287,0.389691229332639));
#10493=CARTESIAN_POINT('',(0.245669291338583,0.119798659616287,0.389691229332639));
#10494=CARTESIAN_POINT('',(0.242716535433071,0.119798659616287,0.389691229332639));
#10495=CARTESIAN_POINT('',(0.251574803149606,0.154702769959345,0.389872604819939));
#10496=CARTESIAN_POINT('',(0.248622047244094,0.154702769959345,0.389872604819939));
#10497=CARTESIAN_POINT('',(0.245669291338583,0.154702769959345,0.389872604819939));
#10498=CARTESIAN_POINT('',(0.242716535433071,0.154702769959345,0.389872604819939));
#10499=CARTESIAN_POINT('',(0.251574803149606,0.174282865726364,0.3895461289428));
#10500=CARTESIAN_POINT('',(0.248622047244094,0.174282865726364,0.3895461289428));
#10501=CARTESIAN_POINT('',(0.245669291338582,0.174282865726364,0.3895461289428));
#10502=CARTESIAN_POINT('',(0.24271653543307,0.174282865726364,0.3895461289428));
#10503=CARTESIAN_POINT('',(0.251574803149606,0.193827681271037,0.392574885294875));
#10504=CARTESIAN_POINT('',(0.248622047244094,0.193827681271037,0.392574885294875));
#10505=CARTESIAN_POINT('',(0.245669291338582,0.193827681271037,0.392574885294875));
#10506=CARTESIAN_POINT('',(0.242716535433071,0.193827681271037,0.392574885294875));
#10507=CARTESIAN_POINT('',(0.251574803149606,0.212821661402949,0.400720634916034));
#10508=CARTESIAN_POINT('',(0.248622047244094,0.212821661402949,0.400720634916034));
#10509=CARTESIAN_POINT('',(0.245669291338582,0.212821661402949,0.400720634916034));
#10510=CARTESIAN_POINT('',(0.24271653543307,0.212821661402949,0.400720634916034));
#10511=CARTESIAN_POINT('',(0.251574803149606,0.227635099104453,0.412366158921094));
#10512=CARTESIAN_POINT('',(0.248622047244094,0.227635099104453,0.412366158921094));
#10513=CARTESIAN_POINT('',(0.245669291338582,0.227635099104453,0.412366158921094));
#10514=CARTESIAN_POINT('',(0.242716535433071,0.227635099104453,0.412366158921094));
#10515=CARTESIAN_POINT('',(0.251574803149606,0.234415521783281,0.419493889092154));
#10516=CARTESIAN_POINT('',(0.248622047244094,0.234415521783281,0.419493889092154));
#10517=CARTESIAN_POINT('',(0.245669291338583,0.234415521783281,0.419493889092154));
#10518=CARTESIAN_POINT('',(0.242716535433071,0.234415521783281,0.419493889092154));
#10519=CARTESIAN_POINT('',(0.251574803149606,0.238931269630491,0.425149328888687));
#10520=CARTESIAN_POINT('',(0.248622047244094,0.238931269630491,0.425149328888687));
#10521=CARTESIAN_POINT('',(0.245669291338583,0.238931269630491,0.425149328888687));
#10522=CARTESIAN_POINT('',(0.242716535433071,0.238931269630491,0.425149328888687));
#10523=CARTESIAN_POINT('',(0.251574803149606,0.242601096812588,0.429818348929499));
#10524=CARTESIAN_POINT('',(0.248622047244094,0.242601096812588,0.429818348929499));
#10525=CARTESIAN_POINT('',(0.245669291338583,0.242601096812588,0.429818348929499));
#10526=CARTESIAN_POINT('',(0.242716535433071,0.242601096812588,0.429818348929499));
#10527=CARTESIAN_POINT('',(0.251574803149606,0.24884595726236,0.436978005578084));
#10528=CARTESIAN_POINT('',(0.248622047244094,0.24884595726236,0.436978005578084));
#10529=CARTESIAN_POINT('',(0.245669291338583,0.24884595726236,0.436978005578084));
#10530=CARTESIAN_POINT('',(0.242716535433071,0.24884595726236,0.436978005578084));
#10531=CARTESIAN_POINT('',(0.251574803149606,0.261271206706295,0.448891464507441));
#10532=CARTESIAN_POINT('',(0.248622047244094,0.261271206706295,0.448891464507441));
#10533=CARTESIAN_POINT('',(0.245669291338583,0.261271206706295,0.448891464507441));
#10534=CARTESIAN_POINT('',(0.242716535433071,0.261271206706295,0.448891464507441));
#10535=CARTESIAN_POINT('',(0.251574803149606,0.28218562273019,0.46319667699413));
#10536=CARTESIAN_POINT('',(0.248622047244095,0.28218562273019,0.46319667699413));
#10537=CARTESIAN_POINT('',(0.245669291338583,0.28218562273019,0.46319667699413));
#10538=CARTESIAN_POINT('',(0.242716535433071,0.28218562273019,0.46319667699413));
#10539=CARTESIAN_POINT('',(0.251574803149606,0.311049855117253,0.474322675434274));
#10540=CARTESIAN_POINT('',(0.248622047244095,0.311049855117253,0.474322675434274));
#10541=CARTESIAN_POINT('',(0.245669291338583,0.311049855117253,0.474322675434274));
#10542=CARTESIAN_POINT('',(0.242716535433071,0.311049855117253,0.474322675434274));
#10543=CARTESIAN_POINT('',(0.251574803149606,0.341375240968897,0.478462700624878));
#10544=CARTESIAN_POINT('',(0.248622047244094,0.341375240968897,0.478462700624878));
#10545=CARTESIAN_POINT('',(0.245669291338583,0.341375240968897,0.478462700624878));
#10546=CARTESIAN_POINT('',(0.242716535433071,0.341375240968897,0.478462700624878));
#10547=CARTESIAN_POINT('',(0.251574803149606,0.370442374634424,0.475853259804329));
#10548=CARTESIAN_POINT('',(0.248622047244095,0.370442374634424,0.475853259804329));
#10549=CARTESIAN_POINT('',(0.245669291338583,0.370442374634424,0.475853259804329));
#10550=CARTESIAN_POINT('',(0.242716535433071,0.370442374634424,0.475853259804329));
#10551=CARTESIAN_POINT('',(0.251574803149606,0.397781902923147,0.467413055378661));
#10552=CARTESIAN_POINT('',(0.248622047244094,0.397781902923147,0.467413055378661));
#10553=CARTESIAN_POINT('',(0.245669291338583,0.397781902923147,0.467413055378661));
#10554=CARTESIAN_POINT('',(0.242716535433071,0.397781902923147,0.467413055378661));
#10555=CARTESIAN_POINT('',(0.251574803149606,0.424230813154143,0.452272732011863));
#10556=CARTESIAN_POINT('',(0.248622047244094,0.424230813154143,0.452272732011863));
#10557=CARTESIAN_POINT('',(0.245669291338583,0.424230813154143,0.452272732011863));
#10558=CARTESIAN_POINT('',(0.242716535433071,0.424230813154143,0.452272732011863));
#10559=CARTESIAN_POINT('',(0.251574803149606,0.45437567943843,0.424107336779785));
#10560=CARTESIAN_POINT('',(0.248622047244095,0.45437567943843,0.424107336779785));
#10561=CARTESIAN_POINT('',(0.245669291338583,0.45437567943843,0.424107336779785));
#10562=CARTESIAN_POINT('',(0.242716535433071,0.45437567943843,0.424107336779785));
#10563=CARTESIAN_POINT('',(0.251574803149606,0.472767693925442,0.387442162468417));
#10564=CARTESIAN_POINT('',(0.248622047244095,0.472767693925442,0.387442162468417));
#10565=CARTESIAN_POINT('',(0.245669291338583,0.472767693925442,0.387442162468417));
#10566=CARTESIAN_POINT('',(0.242716535433071,0.472767693925442,0.387442162468417));
#10567=CARTESIAN_POINT('',(0.251574803149606,0.478350832552109,0.349955166564708));
#10568=CARTESIAN_POINT('',(0.248622047244094,0.478350832552109,0.349955166564708));
#10569=CARTESIAN_POINT('',(0.245669291338583,0.478350832552109,0.349955166564708));
#10570=CARTESIAN_POINT('',(0.242716535433071,0.478350832552109,0.349955166564708));
#10571=CARTESIAN_POINT('',(0.251574803149606,0.47623533658495,0.319629899549411));
#10572=CARTESIAN_POINT('',(0.248622047244095,0.47623533658495,0.319629899549411));
#10573=CARTESIAN_POINT('',(0.245669291338583,0.47623533658495,0.319629899549411));
#10574=CARTESIAN_POINT('',(0.242716535433071,0.47623533658495,0.319629899549411));
#10575=CARTESIAN_POINT('',(0.251574803149606,0.467048921905751,0.290137952880143));
#10576=CARTESIAN_POINT('',(0.248622047244094,0.467048921905751,0.290137952880143));
#10577=CARTESIAN_POINT('',(0.245669291338583,0.467048921905751,0.290137952880143));
#10578=CARTESIAN_POINT('',(0.242716535433071,0.467048921905751,0.290137952880143));
#10579=CARTESIAN_POINT('',(0.251574803149606,0.451408440098255,0.263763660661368));
#10580=CARTESIAN_POINT('',(0.248622047244094,0.451408440098255,0.263763660661368));
#10581=CARTESIAN_POINT('',(0.245669291338583,0.451408440098255,0.263763660661368));
#10582=CARTESIAN_POINT('',(0.242716535433071,0.451408440098255,0.263763660661368));
#10583=CARTESIAN_POINT('',(0.251574803149606,0.434510310523074,0.245759665955067));
#10584=CARTESIAN_POINT('',(0.248622047244094,0.434510310523074,0.245759665955067));
#10585=CARTESIAN_POINT('',(0.245669291338583,0.434510310523074,0.245759665955067));
#10586=CARTESIAN_POINT('',(0.242716535433071,0.434510310523074,0.245759665955067));
#10587=CARTESIAN_POINT('',(0.251574803149606,0.419188207304805,0.234636633471476));
#10588=CARTESIAN_POINT('',(0.248622047244094,0.419188207304805,0.234636633471476));
#10589=CARTESIAN_POINT('',(0.245669291338583,0.419188207304805,0.234636633471476));
#10590=CARTESIAN_POINT('',(0.242716535433071,0.419188207304805,0.234636633471476));
#10591=CARTESIAN_POINT('',(0.251574803149606,0.405483510009879,0.220139917959762));
#10592=CARTESIAN_POINT('',(0.248622047244094,0.405483510009879,0.220139917959762));
#10593=CARTESIAN_POINT('',(0.245669291338582,0.405483510009879,0.220139917959762));
#10594=CARTESIAN_POINT('',(0.242716535433071,0.405483510009879,0.220139917959762));
#10595=CARTESIAN_POINT('',(0.251574803149606,0.395457511292521,0.202031211016889));
#10596=CARTESIAN_POINT('',(0.248622047244094,0.395457511292521,0.202031211016889));
#10597=CARTESIAN_POINT('',(0.245669291338583,0.395457511292521,0.202031211016889));
#10598=CARTESIAN_POINT('',(0.242716535433071,0.395457511292521,0.202031211016889));
#10599=CARTESIAN_POINT('',(0.251574803149606,0.390957199964845,0.184249629040494));
#10600=CARTESIAN_POINT('',(0.248622047244094,0.390957199964845,0.184249629040494));
#10601=CARTESIAN_POINT('',(0.245669291338583,0.390957199964845,0.184249629040494));
#10602=CARTESIAN_POINT('',(0.242716535433071,0.390957199964845,0.184249629040494));
#10603=CARTESIAN_POINT('',(0.251574803149606,0.389899388725254,0.174473885509239));
#10604=CARTESIAN_POINT('',(0.248622047244094,0.389899388725254,0.174473885509239));
#10605=CARTESIAN_POINT('',(0.245669291338583,0.389899388725254,0.174473885509239));
#10606=CARTESIAN_POINT('',(0.242716535433071,0.389899388725254,0.174473885509239));
#10607=CARTESIAN_POINT('',(0.251574803149606,0.389744653601016,0.168065526476882));
#10608=CARTESIAN_POINT('',(0.248622047244094,0.389744653601016,0.168065526476882));
#10609=CARTESIAN_POINT('',(0.245669291338583,0.389744653601016,0.168065526476882));
#10610=CARTESIAN_POINT('',(0.242716535433071,0.389744653601016,0.168065526476882));
#10611=CARTESIAN_POINT('',(0.251574803149606,0.389753788120917,0.161635657787493));
#10612=CARTESIAN_POINT('',(0.248622047244094,0.389753788120917,0.161635657787493));
#10613=CARTESIAN_POINT('',(0.245669291338583,0.389753788120917,0.161635657787493));
#10614=CARTESIAN_POINT('',(0.242716535433071,0.389753788120917,0.161635657787493));
#10615=CARTESIAN_POINT('',(0.251574803149606,0.389753140167552,0.151713875879893));
#10616=CARTESIAN_POINT('',(0.248622047244094,0.389753140167552,0.151713875879893));
#10617=CARTESIAN_POINT('',(0.245669291338583,0.389753140167552,0.151713875879893));
#10618=CARTESIAN_POINT('',(0.242716535433071,0.389753140167552,0.151713875879893));
#10619=CARTESIAN_POINT('',(0.251574803149606,0.38977171849395,0.13325330418347));
#10620=CARTESIAN_POINT('',(0.248622047244094,0.38977171849395,0.13325330418347));
#10621=CARTESIAN_POINT('',(0.245669291338583,0.38977171849395,0.13325330418347));
#10622=CARTESIAN_POINT('',(0.242716535433071,0.38977171849395,0.13325330418347));
#10623=CARTESIAN_POINT('',(0.251574803149606,0.38975889400978,0.0986099373614673));
#10624=CARTESIAN_POINT('',(0.248622047244094,0.38975889400978,0.0986099373614673));
#10625=CARTESIAN_POINT('',(0.245669291338583,0.38975889400978,0.0986099373614673));
#10626=CARTESIAN_POINT('',(0.242716535433071,0.38975889400978,0.0986099373614673));
#10627=CARTESIAN_POINT('',(0.251574803149606,0.389767036539412,0.0290418431704109));
#10628=CARTESIAN_POINT('',(0.248622047244094,0.389767036539412,0.0290418431704109));
#10629=CARTESIAN_POINT('',(0.245669291338583,0.389767036539412,0.0290418431704109));
#10630=CARTESIAN_POINT('',(0.242716535433071,0.389767036539412,0.0290418431704109));
#10631=CARTESIAN_POINT('',(0.251574803149606,0.389811603489006,-0.0503964847046623));
#10632=CARTESIAN_POINT('',(0.248622047244094,0.389811603489006,-0.0503964847046623));
#10633=CARTESIAN_POINT('',(0.245669291338583,0.389811603489006,-0.0503964847046623));
#10634=CARTESIAN_POINT('',(0.242716535433071,0.389811603489006,-0.0503964847046623));
#10635=CARTESIAN_POINT('',(0.251574803149606,0.389691229332425,-0.119798659616813));
#10636=CARTESIAN_POINT('',(0.248622047244095,0.389691229332425,-0.119798659616813));
#10637=CARTESIAN_POINT('',(0.245669291338583,0.389691229332425,-0.119798659616813));
#10638=CARTESIAN_POINT('',(0.242716535433071,0.389691229332425,-0.119798659616813));
#10639=CARTESIAN_POINT('',(0.251574803149606,0.38987260482026,-0.154702769958555));
#10640=CARTESIAN_POINT('',(0.248622047244095,0.38987260482026,-0.154702769958555));
#10641=CARTESIAN_POINT('',(0.245669291338583,0.38987260482026,-0.154702769958555));
#10642=CARTESIAN_POINT('',(0.242716535433071,0.38987260482026,-0.154702769958555));
#10643=CARTESIAN_POINT('',(0.251574803149606,0.389546128942156,-0.174282865727943));
#10644=CARTESIAN_POINT('',(0.248622047244095,0.389546128942156,-0.174282865727943));
#10645=CARTESIAN_POINT('',(0.245669291338583,0.389546128942156,-0.174282865727943));
#10646=CARTESIAN_POINT('',(0.242716535433071,0.389546128942156,-0.174282865727943));
#10647=CARTESIAN_POINT('',(0.251574803149607,0.392574885301029,-0.193827681306353));
#10648=CARTESIAN_POINT('',(0.248622047244095,0.392574885301029,-0.193827681306353));
#10649=CARTESIAN_POINT('',(0.245669291338583,0.392574885301029,-0.193827681306353));
#10650=CARTESIAN_POINT('',(0.242716535433071,0.392574885301029,-0.193827681306353));
#10651=CARTESIAN_POINT('',(0.251574803149606,0.400720634959307,-0.212821661495683));
#10652=CARTESIAN_POINT('',(0.248622047244095,0.400720634959307,-0.212821661495683));
#10653=CARTESIAN_POINT('',(0.245669291338583,0.400720634959307,-0.212821661495683));
#10654=CARTESIAN_POINT('',(0.242716535433071,0.400720634959307,-0.212821661495683));
#10655=CARTESIAN_POINT('',(0.251574803149607,0.412366159043491,-0.227635099244144));
#10656=CARTESIAN_POINT('',(0.248622047244095,0.412366159043491,-0.227635099244144));
#10657=CARTESIAN_POINT('',(0.245669291338583,0.412366159043491,-0.227635099244144));
#10658=CARTESIAN_POINT('',(0.242716535433071,0.412366159043491,-0.227635099244144));
#10659=CARTESIAN_POINT('',(0.251574803149606,0.419493889267792,-0.234415521940529));
#10660=CARTESIAN_POINT('',(0.248622047244095,0.419493889267792,-0.234415521940529));
#10661=CARTESIAN_POINT('',(0.245669291338583,0.419493889267792,-0.234415521940529));
#10662=CARTESIAN_POINT('',(0.242716535433071,0.419493889267792,-0.234415521940529));
#10663=CARTESIAN_POINT('',(0.251574803149606,0.425149329112559,-0.238931269796027));
#10664=CARTESIAN_POINT('',(0.248622047244095,0.425149329112559,-0.238931269796027));
#10665=CARTESIAN_POINT('',(0.245669291338583,0.425149329112559,-0.238931269796027));
#10666=CARTESIAN_POINT('',(0.242716535433071,0.425149329112559,-0.238931269796027));
#10667=CARTESIAN_POINT('',(0.251574803149606,0.429818349152153,-0.242601096981944));
#10668=CARTESIAN_POINT('',(0.248622047244095,0.429818349152153,-0.242601096981944));
#10669=CARTESIAN_POINT('',(0.245669291338583,0.429818349152153,-0.242601096981944));
#10670=CARTESIAN_POINT('',(0.242716535433071,0.429818349152153,-0.242601096981944));
#10671=CARTESIAN_POINT('',(0.251574803149607,0.43697800573445,-0.248845957428106));
#10672=CARTESIAN_POINT('',(0.248622047244095,0.43697800573445,-0.248845957428106));
#10673=CARTESIAN_POINT('',(0.245669291338583,0.43697800573445,-0.248845957428106));
#10674=CARTESIAN_POINT('',(0.242716535433071,0.43697800573445,-0.248845957428106));
#10675=CARTESIAN_POINT('',(0.251574803149606,0.448891464607613,-0.261271206830864));
#10676=CARTESIAN_POINT('',(0.248622047244094,0.448891464607613,-0.261271206830864));
#10677=CARTESIAN_POINT('',(0.245669291338583,0.448891464607613,-0.261271206830864));
#10678=CARTESIAN_POINT('',(0.242716535433071,0.448891464607613,-0.261271206830864));
#10679=CARTESIAN_POINT('',(0.251574803149606,0.463196677026517,-0.282185622807001));
#10680=CARTESIAN_POINT('',(0.248622047244095,0.463196677026517,-0.282185622807001));
#10681=CARTESIAN_POINT('',(0.245669291338583,0.463196677026517,-0.282185622807001));
#10682=CARTESIAN_POINT('',(0.242716535433071,0.463196677026517,-0.282185622807001));
#10683=CARTESIAN_POINT('',(0.251574803149606,0.474322675444783,-0.311049855160898));
#10684=CARTESIAN_POINT('',(0.248622047244094,0.474322675444783,-0.311049855160898));
#10685=CARTESIAN_POINT('',(0.245669291338583,0.474322675444783,-0.311049855160898));
#10686=CARTESIAN_POINT('',(0.242716535433071,0.474322675444783,-0.311049855160898));
#10687=CARTESIAN_POINT('',(0.251574803149606,0.478462700635128,-0.341375241015321));
#10688=CARTESIAN_POINT('',(0.248622047244095,0.478462700635128,-0.341375241015321));
#10689=CARTESIAN_POINT('',(0.245669291338583,0.478462700635128,-0.341375241015321));
#10690=CARTESIAN_POINT('',(0.242716535433071,0.478462700635128,-0.341375241015321));
#10691=CARTESIAN_POINT('',(0.251574803149606,0.47585325976366,-0.37044237483673));
#10692=CARTESIAN_POINT('',(0.248622047244094,0.47585325976366,-0.37044237483673));
#10693=CARTESIAN_POINT('',(0.245669291338583,0.47585325976366,-0.37044237483673));
#10694=CARTESIAN_POINT('',(0.242716535433071,0.47585325976366,-0.37044237483673));
#10695=CARTESIAN_POINT('',(0.251574803149606,0.467413055364427,-0.397781902919242));
#10696=CARTESIAN_POINT('',(0.248622047244095,0.467413055364427,-0.397781902919242));
#10697=CARTESIAN_POINT('',(0.245669291338583,0.467413055364427,-0.397781902919242));
#10698=CARTESIAN_POINT('',(0.242716535433071,0.467413055364427,-0.397781902919242));
#10699=CARTESIAN_POINT('',(0.251574803149606,0.452272732061503,-0.424230813077384));
#10700=CARTESIAN_POINT('',(0.248622047244094,0.452272732061503,-0.424230813077384));
#10701=CARTESIAN_POINT('',(0.245669291338583,0.452272732061503,-0.424230813077384));
#10702=CARTESIAN_POINT('',(0.242716535433071,0.452272732061503,-0.424230813077384));
#10703=CARTESIAN_POINT('',(0.251574803149606,0.424107336900799,-0.454375679347142));
#10704=CARTESIAN_POINT('',(0.248622047244094,0.424107336900799,-0.454375679347142));
#10705=CARTESIAN_POINT('',(0.245669291338583,0.424107336900799,-0.454375679347142));
#10706=CARTESIAN_POINT('',(0.242716535433071,0.424107336900799,-0.454375679347142));
#10707=CARTESIAN_POINT('',(0.251574803149606,0.387442162418765,-0.472767693937684));
#10708=CARTESIAN_POINT('',(0.248622047244095,0.387442162418765,-0.472767693937684));
#10709=CARTESIAN_POINT('',(0.245669291338583,0.387442162418765,-0.472767693937684));
#10710=CARTESIAN_POINT('',(0.242716535433071,0.387442162418765,-0.472767693937684));
#10711=CARTESIAN_POINT('',(0.251574803149606,0.34995516673262,-0.478350832528315));
#10712=CARTESIAN_POINT('',(0.248622047244095,0.34995516673262,-0.478350832528315));
#10713=CARTESIAN_POINT('',(0.245669291338583,0.34995516673262,-0.478350832528315));
#10714=CARTESIAN_POINT('',(0.242716535433071,0.34995516673262,-0.478350832528315));
#10715=CARTESIAN_POINT('',(0.251574803149606,0.31962989980536,-0.476235336629363));
#10716=CARTESIAN_POINT('',(0.248622047244094,0.31962989980536,-0.476235336629363));
#10717=CARTESIAN_POINT('',(0.245669291338583,0.31962989980536,-0.476235336629363));
#10718=CARTESIAN_POINT('',(0.242716535433071,0.31962989980536,-0.476235336629363));
#10719=CARTESIAN_POINT('',(0.251574803149606,0.290137953167913,-0.467048922032227));
#10720=CARTESIAN_POINT('',(0.248622047244095,0.290137953167913,-0.467048922032227));
#10721=CARTESIAN_POINT('',(0.245669291338583,0.290137953167913,-0.467048922032227));
#10722=CARTESIAN_POINT('',(0.242716535433071,0.290137953167913,-0.467048922032227));
#10723=CARTESIAN_POINT('',(0.251574803149606,0.263763660905823,-0.451408440289727));
#10724=CARTESIAN_POINT('',(0.248622047244095,0.263763660905823,-0.451408440289727));
#10725=CARTESIAN_POINT('',(0.245669291338583,0.263763660905823,-0.451408440289727));
#10726=CARTESIAN_POINT('',(0.242716535433071,0.263763660905823,-0.451408440289727));
#10727=CARTESIAN_POINT('',(0.251574803149607,0.245759666059554,-0.434510310654116));
#10728=CARTESIAN_POINT('',(0.248622047244095,0.245759666059554,-0.434510310654116));
#10729=CARTESIAN_POINT('',(0.245669291338583,0.245759666059554,-0.434510310654116));
#10730=CARTESIAN_POINT('',(0.242716535433071,0.245759666059554,-0.434510310654116));
#10731=CARTESIAN_POINT('',(0.251574803149607,0.234636633626081,-0.41918820748823));
#10732=CARTESIAN_POINT('',(0.248622047244095,0.234636633626081,-0.41918820748823));
#10733=CARTESIAN_POINT('',(0.245669291338583,0.234636633626081,-0.41918820748823));
#10734=CARTESIAN_POINT('',(0.242716535433071,0.234636633626081,-0.41918820748823));
#10735=CARTESIAN_POINT('',(0.251574803149607,0.220139918133315,-0.40548351012717));
#10736=CARTESIAN_POINT('',(0.248622047244095,0.220139918133315,-0.40548351012717));
#10737=CARTESIAN_POINT('',(0.245669291338583,0.220139918133315,-0.40548351012717));
#10738=CARTESIAN_POINT('',(0.242716535433071,0.220139918133315,-0.40548351012717));
#10739=CARTESIAN_POINT('',(0.251574803149607,0.202031211185197,-0.395457511347079));
#10740=CARTESIAN_POINT('',(0.248622047244095,0.202031211185197,-0.395457511347079));
#10741=CARTESIAN_POINT('',(0.245669291338583,0.202031211185197,-0.395457511347079));
#10742=CARTESIAN_POINT('',(0.242716535433071,0.202031211185197,-0.395457511347079));
#10743=CARTESIAN_POINT('',(0.251574803149607,0.184249629112168,-0.390957199978231));
#10744=CARTESIAN_POINT('',(0.248622047244095,0.184249629112168,-0.390957199978231));
#10745=CARTESIAN_POINT('',(0.245669291338583,0.184249629112168,-0.390957199978231));
#10746=CARTESIAN_POINT('',(0.242716535433071,0.184249629112168,-0.390957199978231));
#10747=CARTESIAN_POINT('',(0.251574803149606,0.174473885531837,-0.389899388726901));
#10748=CARTESIAN_POINT('',(0.248622047244095,0.174473885531837,-0.389899388726901));
#10749=CARTESIAN_POINT('',(0.245669291338583,0.174473885531837,-0.389899388726901));
#10750=CARTESIAN_POINT('',(0.242716535433071,0.174473885531837,-0.389899388726901));
#10751=CARTESIAN_POINT('',(0.251574803149606,0.168065526476867,-0.389744653600782));
#10752=CARTESIAN_POINT('',(0.248622047244095,0.168065526476867,-0.389744653600782));
#10753=CARTESIAN_POINT('',(0.245669291338583,0.168065526476867,-0.389744653600782));
#10754=CARTESIAN_POINT('',(0.242716535433071,0.168065526476867,-0.389744653600782));
#10755=CARTESIAN_POINT('',(0.251574803149606,0.161635657774005,-0.3897537881208));
#10756=CARTESIAN_POINT('',(0.248622047244095,0.161635657774005,-0.3897537881208));
#10757=CARTESIAN_POINT('',(0.245669291338583,0.161635657774005,-0.3897537881208));
#10758=CARTESIAN_POINT('',(0.242716535433071,0.161635657774005,-0.3897537881208));
#10759=CARTESIAN_POINT('',(0.251574803149606,0.151713875865284,-0.389753140167428));
#10760=CARTESIAN_POINT('',(0.248622047244095,0.151713875865284,-0.389753140167428));
#10761=CARTESIAN_POINT('',(0.245669291338583,0.151713875865284,-0.389753140167428));
#10762=CARTESIAN_POINT('',(0.242716535433071,0.151713875865284,-0.389753140167428));
#10763=CARTESIAN_POINT('',(0.251574803149607,0.13325330419437,-0.389771718494042));
#10764=CARTESIAN_POINT('',(0.248622047244095,0.13325330419437,-0.389771718494042));
#10765=CARTESIAN_POINT('',(0.245669291338583,0.13325330419437,-0.389771718494042));
#10766=CARTESIAN_POINT('',(0.242716535433071,0.13325330419437,-0.389771718494042));
#10767=CARTESIAN_POINT('',(0.251574803149606,0.0986099373547587,-0.389758894009723));
#10768=CARTESIAN_POINT('',(0.248622047244095,0.0986099373547587,-0.389758894009723));
#10769=CARTESIAN_POINT('',(0.245669291338583,0.0986099373547587,-0.389758894009723));
#10770=CARTESIAN_POINT('',(0.242716535433071,0.0986099373547587,-0.389758894009723));
#10771=CARTESIAN_POINT('',(0.251574803149606,0.029041843174883,-0.38976703653945));
#10772=CARTESIAN_POINT('',(0.248622047244095,0.029041843174883,-0.38976703653945));
#10773=CARTESIAN_POINT('',(0.245669291338583,0.029041843174883,-0.38976703653945));
#10774=CARTESIAN_POINT('',(0.242716535433071,0.029041843174883,-0.38976703653945));
#10775=CARTESIAN_POINT('',(0.251574803149606,-0.0503964847057585,-0.389811603488857));
#10776=CARTESIAN_POINT('',(0.248622047244095,-0.0503964847057585,-0.389811603488857));
#10777=CARTESIAN_POINT('',(0.245669291338583,-0.0503964847057585,-0.389811603488857));
#10778=CARTESIAN_POINT('',(0.242716535433071,-0.0503964847057585,-0.389811603488857));
#10779=CARTESIAN_POINT('',(0.251574803149606,-0.119798659616287,-0.389691229332639));
#10780=CARTESIAN_POINT('',(0.248622047244095,-0.119798659616287,-0.389691229332639));
#10781=CARTESIAN_POINT('',(0.245669291338583,-0.119798659616287,-0.389691229332639));
#10782=CARTESIAN_POINT('',(0.242716535433071,-0.119798659616287,-0.389691229332639));
#10783=CARTESIAN_POINT('',(0.251574803149607,-0.154702769959345,-0.389872604819939));
#10784=CARTESIAN_POINT('',(0.248622047244095,-0.154702769959345,-0.389872604819939));
#10785=CARTESIAN_POINT('',(0.245669291338583,-0.154702769959345,-0.389872604819939));
#10786=CARTESIAN_POINT('',(0.242716535433071,-0.154702769959345,-0.389872604819939));
#10787=CARTESIAN_POINT('',(0.251574803149607,-0.174282865726364,-0.3895461289428));
#10788=CARTESIAN_POINT('',(0.248622047244095,-0.174282865726364,-0.3895461289428));
#10789=CARTESIAN_POINT('',(0.245669291338583,-0.174282865726364,-0.3895461289428));
#10790=CARTESIAN_POINT('',(0.242716535433071,-0.174282865726364,-0.3895461289428));
#10791=CARTESIAN_POINT('',(0.251574803149607,-0.193827681271037,-0.392574885294874));
#10792=CARTESIAN_POINT('',(0.248622047244095,-0.193827681271037,-0.392574885294874));
#10793=CARTESIAN_POINT('',(0.245669291338583,-0.193827681271037,-0.392574885294874));
#10794=CARTESIAN_POINT('',(0.242716535433071,-0.193827681271037,-0.392574885294874));
#10795=CARTESIAN_POINT('',(0.251574803149607,-0.212821661402949,-0.400720634916033));
#10796=CARTESIAN_POINT('',(0.248622047244095,-0.212821661402949,-0.400720634916033));
#10797=CARTESIAN_POINT('',(0.245669291338583,-0.212821661402949,-0.400720634916033));
#10798=CARTESIAN_POINT('',(0.242716535433071,-0.212821661402949,-0.400720634916033));
#10799=CARTESIAN_POINT('',(0.251574803149607,-0.227635099104453,-0.412366158921093));
#10800=CARTESIAN_POINT('',(0.248622047244095,-0.227635099104453,-0.412366158921093));
#10801=CARTESIAN_POINT('',(0.245669291338583,-0.227635099104453,-0.412366158921093));
#10802=CARTESIAN_POINT('',(0.242716535433071,-0.227635099104453,-0.412366158921093));
#10803=CARTESIAN_POINT('',(0.251574803149607,-0.234415521783281,-0.419493889092154));
#10804=CARTESIAN_POINT('',(0.248622047244095,-0.234415521783281,-0.419493889092154));
#10805=CARTESIAN_POINT('',(0.245669291338583,-0.234415521783281,-0.419493889092154));
#10806=CARTESIAN_POINT('',(0.242716535433071,-0.234415521783281,-0.419493889092154));
#10807=CARTESIAN_POINT('',(0.251574803149607,-0.238931269630491,-0.425149328888687));
#10808=CARTESIAN_POINT('',(0.248622047244095,-0.238931269630491,-0.425149328888687));
#10809=CARTESIAN_POINT('',(0.245669291338583,-0.238931269630491,-0.425149328888687));
#10810=CARTESIAN_POINT('',(0.242716535433071,-0.238931269630491,-0.425149328888687));
#10811=CARTESIAN_POINT('',(0.251574803149607,-0.242601096812588,-0.429818348929498));
#10812=CARTESIAN_POINT('',(0.248622047244095,-0.242601096812588,-0.429818348929498));
#10813=CARTESIAN_POINT('',(0.245669291338583,-0.242601096812588,-0.429818348929498));
#10814=CARTESIAN_POINT('',(0.242716535433071,-0.242601096812588,-0.429818348929498));
#10815=CARTESIAN_POINT('',(0.251574803149607,-0.248845957262361,-0.436978005578084));
#10816=CARTESIAN_POINT('',(0.248622047244095,-0.248845957262361,-0.436978005578084));
#10817=CARTESIAN_POINT('',(0.245669291338583,-0.248845957262361,-0.436978005578084));
#10818=CARTESIAN_POINT('',(0.242716535433071,-0.248845957262361,-0.436978005578084));
#10819=CARTESIAN_POINT('',(0.251574803149606,-0.261271206706295,-0.448891464507441));
#10820=CARTESIAN_POINT('',(0.248622047244095,-0.261271206706295,-0.448891464507441));
#10821=CARTESIAN_POINT('',(0.245669291338583,-0.261271206706295,-0.448891464507441));
#10822=CARTESIAN_POINT('',(0.242716535433071,-0.261271206706295,-0.448891464507441));
#10823=CARTESIAN_POINT('',(0.251574803149606,-0.28218562273019,-0.463196676994129));
#10824=CARTESIAN_POINT('',(0.248622047244094,-0.28218562273019,-0.463196676994129));
#10825=CARTESIAN_POINT('',(0.245669291338583,-0.28218562273019,-0.463196676994129));
#10826=CARTESIAN_POINT('',(0.242716535433071,-0.28218562273019,-0.463196676994129));
#10827=CARTESIAN_POINT('',(0.251574803149606,-0.311049855117253,-0.474322675434274));
#10828=CARTESIAN_POINT('',(0.248622047244095,-0.311049855117253,-0.474322675434274));
#10829=CARTESIAN_POINT('',(0.245669291338583,-0.311049855117253,-0.474322675434274));
#10830=CARTESIAN_POINT('',(0.242716535433071,-0.311049855117253,-0.474322675434274));
#10831=CARTESIAN_POINT('',(0.251574803149606,-0.341375240968897,-0.478462700624878));
#10832=CARTESIAN_POINT('',(0.248622047244094,-0.341375240968897,-0.478462700624878));
#10833=CARTESIAN_POINT('',(0.245669291338583,-0.341375240968897,-0.478462700624878));
#10834=CARTESIAN_POINT('',(0.242716535433071,-0.341375240968897,-0.478462700624878));
#10835=CARTESIAN_POINT('',(0.251574803149606,-0.370442374634423,-0.475853259804328));
#10836=CARTESIAN_POINT('',(0.248622047244094,-0.370442374634423,-0.475853259804328));
#10837=CARTESIAN_POINT('',(0.245669291338583,-0.370442374634423,-0.475853259804328));
#10838=CARTESIAN_POINT('',(0.242716535433071,-0.370442374634423,-0.475853259804328));
#10839=CARTESIAN_POINT('',(0.251574803149606,-0.397781902923146,-0.467413055378661));
#10840=CARTESIAN_POINT('',(0.248622047244095,-0.397781902923146,-0.467413055378661));
#10841=CARTESIAN_POINT('',(0.245669291338583,-0.397781902923146,-0.467413055378661));
#10842=CARTESIAN_POINT('',(0.242716535433071,-0.397781902923146,-0.467413055378661));
#10843=CARTESIAN_POINT('',(0.251574803149606,-0.424230813154143,-0.452272732011863));
#10844=CARTESIAN_POINT('',(0.248622047244094,-0.424230813154143,-0.452272732011863));
#10845=CARTESIAN_POINT('',(0.245669291338583,-0.424230813154143,-0.452272732011863));
#10846=CARTESIAN_POINT('',(0.242716535433071,-0.424230813154143,-0.452272732011863));
#10847=CARTESIAN_POINT('',(0.251574803149606,-0.45437567943843,-0.424107336779785));
#10848=CARTESIAN_POINT('',(0.248622047244095,-0.45437567943843,-0.424107336779785));
#10849=CARTESIAN_POINT('',(0.245669291338583,-0.45437567943843,-0.424107336779785));
#10850=CARTESIAN_POINT('',(0.242716535433071,-0.45437567943843,-0.424107336779785));
#10851=CARTESIAN_POINT('',(0.251574803149606,-0.472767693925442,-0.387442162468417));
#10852=CARTESIAN_POINT('',(0.248622047244094,-0.472767693925442,-0.387442162468417));
#10853=CARTESIAN_POINT('',(0.245669291338583,-0.472767693925442,-0.387442162468417));
#10854=CARTESIAN_POINT('',(0.242716535433071,-0.472767693925442,-0.387442162468417));
#10855=CARTESIAN_POINT('',(0.251574803149606,-0.478350832552109,-0.349955166564708));
#10856=CARTESIAN_POINT('',(0.248622047244094,-0.478350832552109,-0.349955166564708));
#10857=CARTESIAN_POINT('',(0.245669291338583,-0.478350832552109,-0.349955166564708));
#10858=CARTESIAN_POINT('',(0.242716535433071,-0.478350832552109,-0.349955166564708));
#10859=CARTESIAN_POINT('',(0.251574803149606,-0.47623533658495,-0.319629899549411));
#10860=CARTESIAN_POINT('',(0.248622047244095,-0.47623533658495,-0.319629899549411));
#10861=CARTESIAN_POINT('',(0.245669291338583,-0.47623533658495,-0.319629899549411));
#10862=CARTESIAN_POINT('',(0.242716535433071,-0.47623533658495,-0.319629899549411));
#10863=CARTESIAN_POINT('',(0.251574803149606,-0.467048921905751,-0.290137952880143));
#10864=CARTESIAN_POINT('',(0.248622047244094,-0.467048921905751,-0.290137952880143));
#10865=CARTESIAN_POINT('',(0.245669291338583,-0.467048921905751,-0.290137952880143));
#10866=CARTESIAN_POINT('',(0.242716535433071,-0.467048921905751,-0.290137952880143));
#10867=CARTESIAN_POINT('',(0.251574803149606,-0.451408440098256,-0.263763660661368));
#10868=CARTESIAN_POINT('',(0.248622047244095,-0.451408440098256,-0.263763660661368));
#10869=CARTESIAN_POINT('',(0.245669291338583,-0.451408440098256,-0.263763660661368));
#10870=CARTESIAN_POINT('',(0.242716535433071,-0.451408440098256,-0.263763660661368));
#10871=CARTESIAN_POINT('',(0.251574803149607,-0.434510310523074,-0.245759665955067));
#10872=CARTESIAN_POINT('',(0.248622047244095,-0.434510310523074,-0.245759665955067));
#10873=CARTESIAN_POINT('',(0.245669291338583,-0.434510310523074,-0.245759665955067));
#10874=CARTESIAN_POINT('',(0.242716535433071,-0.434510310523074,-0.245759665955067));
#10875=CARTESIAN_POINT('',(0.251574803149607,-0.419188207304805,-0.234636633471475));
#10876=CARTESIAN_POINT('',(0.248622047244095,-0.419188207304805,-0.234636633471475));
#10877=CARTESIAN_POINT('',(0.245669291338583,-0.419188207304805,-0.234636633471475));
#10878=CARTESIAN_POINT('',(0.242716535433071,-0.419188207304805,-0.234636633471475));
#10879=CARTESIAN_POINT('',(0.251574803149606,-0.405483510009879,-0.220139917959762));
#10880=CARTESIAN_POINT('',(0.248622047244095,-0.405483510009879,-0.220139917959762));
#10881=CARTESIAN_POINT('',(0.245669291338583,-0.405483510009879,-0.220139917959762));
#10882=CARTESIAN_POINT('',(0.242716535433071,-0.405483510009879,-0.220139917959762));
#10883=CARTESIAN_POINT('',(0.251574803149607,-0.395457511292521,-0.202031211016889));
#10884=CARTESIAN_POINT('',(0.248622047244095,-0.395457511292521,-0.202031211016889));
#10885=CARTESIAN_POINT('',(0.245669291338583,-0.395457511292521,-0.202031211016889));
#10886=CARTESIAN_POINT('',(0.242716535433071,-0.395457511292521,-0.202031211016889));
#10887=CARTESIAN_POINT('',(0.251574803149607,-0.390957199964845,-0.184249629040494));
#10888=CARTESIAN_POINT('',(0.248622047244095,-0.390957199964845,-0.184249629040494));
#10889=CARTESIAN_POINT('',(0.245669291338583,-0.390957199964845,-0.184249629040494));
#10890=CARTESIAN_POINT('',(0.242716535433071,-0.390957199964845,-0.184249629040494));
#10891=CARTESIAN_POINT('',(0.251574803149606,-0.389899388725253,-0.174473885509239));
#10892=CARTESIAN_POINT('',(0.248622047244095,-0.389899388725253,-0.174473885509239));
#10893=CARTESIAN_POINT('',(0.245669291338583,-0.389899388725253,-0.174473885509239));
#10894=CARTESIAN_POINT('',(0.242716535433071,-0.389899388725253,-0.174473885509239));
#10895=CARTESIAN_POINT('',(0.251574803149606,-0.389744653601016,-0.168065526476882));
#10896=CARTESIAN_POINT('',(0.248622047244095,-0.389744653601016,-0.168065526476882));
#10897=CARTESIAN_POINT('',(0.245669291338583,-0.389744653601016,-0.168065526476882));
#10898=CARTESIAN_POINT('',(0.242716535433071,-0.389744653601016,-0.168065526476882));
#10899=CARTESIAN_POINT('',(0.251574803149606,-0.389753788120916,-0.161635657787493));
#10900=CARTESIAN_POINT('',(0.248622047244095,-0.389753788120916,-0.161635657787493));
#10901=CARTESIAN_POINT('',(0.245669291338583,-0.389753788120916,-0.161635657787493));
#10902=CARTESIAN_POINT('',(0.242716535433071,-0.389753788120916,-0.161635657787493));
#10903=CARTESIAN_POINT('',(0.251574803149606,-0.389753140167552,-0.151713875879893));
#10904=CARTESIAN_POINT('',(0.248622047244095,-0.389753140167552,-0.151713875879893));
#10905=CARTESIAN_POINT('',(0.245669291338583,-0.389753140167552,-0.151713875879893));
#10906=CARTESIAN_POINT('',(0.242716535433071,-0.389753140167552,-0.151713875879893));
#10907=CARTESIAN_POINT('',(0.251574803149606,-0.38977171849395,-0.13325330418347));
#10908=CARTESIAN_POINT('',(0.248622047244095,-0.38977171849395,-0.13325330418347));
#10909=CARTESIAN_POINT('',(0.245669291338583,-0.38977171849395,-0.13325330418347));
#10910=CARTESIAN_POINT('',(0.242716535433071,-0.38977171849395,-0.13325330418347));
#10911=CARTESIAN_POINT('',(0.251574803149606,-0.38975889400978,-0.0986099373614671));
#10912=CARTESIAN_POINT('',(0.248622047244095,-0.38975889400978,-0.0986099373614671));
#10913=CARTESIAN_POINT('',(0.245669291338583,-0.38975889400978,-0.0986099373614671));
#10914=CARTESIAN_POINT('',(0.242716535433071,-0.38975889400978,-0.0986099373614671));
#10915=CARTESIAN_POINT('',(0.251574803149606,-0.389767036539412,-0.0290418431704109));
#10916=CARTESIAN_POINT('',(0.248622047244094,-0.389767036539412,-0.0290418431704109));
#10917=CARTESIAN_POINT('',(0.245669291338583,-0.389767036539412,-0.0290418431704109));
#10918=CARTESIAN_POINT('',(0.242716535433071,-0.389767036539412,-0.0290418431704109));
#10919=CARTESIAN_POINT('',(0.251574803149606,-0.389811603489185,0.0503964847007445));
#10920=CARTESIAN_POINT('',(0.248622047244094,-0.389811603489185,0.0503964847007445));
#10921=CARTESIAN_POINT('',(0.245669291338583,-0.389811603489185,0.0503964847007445));
#10922=CARTESIAN_POINT('',(0.242716535433071,-0.389811603489185,0.0503964847007445));
#10923=CARTESIAN_POINT('',(0.251574803149606,-0.389691229332157,0.11979865962269));
#10924=CARTESIAN_POINT('',(0.248622047244094,-0.389691229332157,0.11979865962269));
#10925=CARTESIAN_POINT('',(0.245669291338583,-0.389691229332157,0.11979865962269));
#10926=CARTESIAN_POINT('',(0.242716535433071,-0.389691229332157,0.11979865962269));
#10927=CARTESIAN_POINT('',(0.251574803149606,-0.389872604820662,0.15470276994974));
#10928=CARTESIAN_POINT('',(0.248622047244094,-0.389872604820662,0.15470276994974));
#10929=CARTESIAN_POINT('',(0.245669291338583,-0.389872604820662,0.15470276994974));
#10930=CARTESIAN_POINT('',(0.242716535433071,-0.389872604820662,0.15470276994974));
#10931=CARTESIAN_POINT('',(0.251574803149606,-0.389546128941354,0.174282865745574));
#10932=CARTESIAN_POINT('',(0.248622047244094,-0.389546128941354,0.174282865745574));
#10933=CARTESIAN_POINT('',(0.245669291338582,-0.389546128941354,0.174282865745574));
#10934=CARTESIAN_POINT('',(0.242716535433071,-0.389546128941354,0.174282865745574));
#10935=CARTESIAN_POINT('',(0.251574803149606,-0.392574885315278,0.193827681361381));
#10936=CARTESIAN_POINT('',(0.248622047244094,-0.392574885315278,0.193827681361381));
#10937=CARTESIAN_POINT('',(0.245669291338583,-0.392574885315278,0.193827681361381));
#10938=CARTESIAN_POINT('',(0.242716535433071,-0.392574885315278,0.193827681361381));
#10939=CARTESIAN_POINT('',(0.251574803149606,-0.400720634976828,0.212821661509216));
#10940=CARTESIAN_POINT('',(0.248622047244094,-0.400720634976828,0.212821661509216));
#10941=CARTESIAN_POINT('',(0.245669291338582,-0.400720634976828,0.212821661509216));
#10942=CARTESIAN_POINT('',(0.242716535433071,-0.400720634976828,0.212821661509216));
#10943=CARTESIAN_POINT('',(0.251574803149606,-0.412366159000415,0.22763509919193));
#10944=CARTESIAN_POINT('',(0.248622047244094,-0.412366159000415,0.22763509919193));
#10945=CARTESIAN_POINT('',(0.245669291338582,-0.412366159000415,0.22763509919193));
#10946=CARTESIAN_POINT('',(0.242716535433071,-0.412366159000415,0.22763509919193));
#10947=CARTESIAN_POINT('',(0.251574803149606,-0.419493889172398,0.234415521854058));
#10948=CARTESIAN_POINT('',(0.248622047244094,-0.419493889172398,0.234415521854058));
#10949=CARTESIAN_POINT('',(0.245669291338583,-0.419493889172398,0.234415521854058));
#10950=CARTESIAN_POINT('',(0.242716535433071,-0.419493889172398,0.234415521854058));
#10951=CARTESIAN_POINT('',(0.251574803149606,-0.425149328965033,0.238931269686651));
#10952=CARTESIAN_POINT('',(0.248622047244094,-0.425149328965033,0.238931269686651));
#10953=CARTESIAN_POINT('',(0.245669291338583,-0.425149328965033,0.238931269686651));
#10954=CARTESIAN_POINT('',(0.242716535433071,-0.425149328965033,0.238931269686651));
#10955=CARTESIAN_POINT('',(0.251574803149606,-0.429818348997651,0.242601096863432));
#10956=CARTESIAN_POINT('',(0.248622047244094,-0.429818348997651,0.242601096863432));
#10957=CARTESIAN_POINT('',(0.245669291338583,-0.429818348997651,0.242601096863432));
#10958=CARTESIAN_POINT('',(0.242716535433071,-0.429818348997651,0.242601096863432));
#10959=CARTESIAN_POINT('',(0.251574803149606,-0.436978005635313,0.248845957321748));
#10960=CARTESIAN_POINT('',(0.248622047244094,-0.436978005635313,0.248845957321748));
#10961=CARTESIAN_POINT('',(0.245669291338583,-0.436978005635313,0.248845957321748));
#10962=CARTESIAN_POINT('',(0.242716535433071,-0.436978005635313,0.248845957321748));
#10963=CARTESIAN_POINT('',(0.251574803149606,-0.448891464591429,0.261271206803623));
#10964=CARTESIAN_POINT('',(0.248622047244094,-0.448891464591429,0.261271206803623));
#10965=CARTESIAN_POINT('',(0.245669291338583,-0.448891464591429,0.261271206803623));
#10966=CARTESIAN_POINT('',(0.242716535433071,-0.448891464591429,0.261271206803623));
#10967=CARTESIAN_POINT('',(0.251574803149606,-0.463196677060816,0.282185622858727));
#10968=CARTESIAN_POINT('',(0.248622047244094,-0.463196677060816,0.282185622858727));
#10969=CARTESIAN_POINT('',(0.245669291338583,-0.463196677060816,0.282185622858727));
#10970=CARTESIAN_POINT('',(0.242716535433071,-0.463196677060816,0.282185622858727));
#10971=CARTESIAN_POINT('',(0.251574803149606,-0.474322675464971,0.311049855246765));
#10972=CARTESIAN_POINT('',(0.248622047244095,-0.474322675464971,0.311049855246765));
#10973=CARTESIAN_POINT('',(0.245669291338583,-0.474322675464971,0.311049855246765));
#10974=CARTESIAN_POINT('',(0.242716535433071,-0.474322675464971,0.311049855246765));
#10975=CARTESIAN_POINT('',(0.251574803149606,-0.47846270061986,0.341375241054487));
#10976=CARTESIAN_POINT('',(0.248622047244094,-0.47846270061986,0.341375241054487));
#10977=CARTESIAN_POINT('',(0.245669291338583,-0.47846270061986,0.341375241054487));
#10978=CARTESIAN_POINT('',(0.242716535433071,-0.47846270061986,0.341375241054487));
#10979=CARTESIAN_POINT('',(0.251574803149606,-0.47585325980486,0.370442374606302));
#10980=CARTESIAN_POINT('',(0.248622047244095,-0.47585325980486,0.370442374606302));
#10981=CARTESIAN_POINT('',(0.245669291338583,-0.47585325980486,0.370442374606302));
#10982=CARTESIAN_POINT('',(0.242716535433071,-0.47585325980486,0.370442374606302));
#10983=CARTESIAN_POINT('',(0.251574803149606,-0.467413055393477,0.397781902888204));
#10984=CARTESIAN_POINT('',(0.248622047244094,-0.467413055393477,0.397781902888204));
#10985=CARTESIAN_POINT('',(0.245669291338583,-0.467413055393477,0.397781902888204));
#10986=CARTESIAN_POINT('',(0.242716535433071,-0.467413055393477,0.397781902888204));
#10987=CARTESIAN_POINT('',(0.251574803149606,-0.452272732047249,0.424230813103841));
#10988=CARTESIAN_POINT('',(0.248622047244095,-0.452272732047249,0.424230813103841));
#10989=CARTESIAN_POINT('',(0.245669291338583,-0.452272732047249,0.424230813103841));
#10990=CARTESIAN_POINT('',(0.242716535433071,-0.452272732047249,0.424230813103841));
#10991=CARTESIAN_POINT('',(0.251574803149606,-0.424107336846778,0.454375679386634));
#10992=CARTESIAN_POINT('',(0.248622047244094,-0.424107336846778,0.454375679386634));
#10993=CARTESIAN_POINT('',(0.245669291338583,-0.424107336846778,0.454375679386634));
#10994=CARTESIAN_POINT('',(0.242716535433071,-0.424107336846778,0.454375679386634));
#10995=CARTESIAN_POINT('',(0.251574803149606,-0.387442162506541,0.472767693902192));
#10996=CARTESIAN_POINT('',(0.248622047244094,-0.387442162506541,0.472767693902192));
#10997=CARTESIAN_POINT('',(0.245669291338583,-0.387442162506541,0.472767693902192));
#10998=CARTESIAN_POINT('',(0.242716535433071,-0.387442162506541,0.472767693902192));
#10999=CARTESIAN_POINT('',(0.251574803149606,-0.34995516676216,0.47835083253416));
#11000=CARTESIAN_POINT('',(0.248622047244095,-0.34995516676216,0.47835083253416));
#11001=CARTESIAN_POINT('',(0.245669291338583,-0.34995516676216,0.47835083253416));
#11002=CARTESIAN_POINT('',(0.242716535433071,-0.34995516676216,0.47835083253416));
#11003=CARTESIAN_POINT('',(0.251574803149606,-0.319629899808052,0.47623533663086));
#11004=CARTESIAN_POINT('',(0.248622047244095,-0.319629899808052,0.47623533663086));
#11005=CARTESIAN_POINT('',(0.245669291338583,-0.319629899808052,0.47623533663086));
#11006=CARTESIAN_POINT('',(0.242716535433071,-0.319629899808052,0.47623533663086));
#11007=CARTESIAN_POINT('',(0.251574803149606,-0.290137953147142,0.467048922024091));
#11008=CARTESIAN_POINT('',(0.248622047244094,-0.290137953147142,0.467048922024091));
#11009=CARTESIAN_POINT('',(0.245669291338583,-0.290137953147142,0.467048922024091));
#11010=CARTESIAN_POINT('',(0.242716535433071,-0.290137953147142,0.467048922024091));
#11011=CARTESIAN_POINT('',(0.251574803149606,-0.263763660885549,0.451408440273495));
#11012=CARTESIAN_POINT('',(0.248622047244094,-0.263763660885549,0.451408440273495));
#11013=CARTESIAN_POINT('',(0.245669291338583,-0.263763660885549,0.451408440273495));
#11014=CARTESIAN_POINT('',(0.242716535433071,-0.263763660885549,0.451408440273495));
#11015=CARTESIAN_POINT('',(0.251574803149606,-0.245759666054088,0.43451031064673));
#11016=CARTESIAN_POINT('',(0.248622047244094,-0.245759666054088,0.43451031064673));
#11017=CARTESIAN_POINT('',(0.245669291338582,-0.245759666054088,0.43451031064673));
#11018=CARTESIAN_POINT('',(0.242716535433071,-0.245759666054088,0.43451031064673));
#11019=CARTESIAN_POINT('',(0.251574803149606,-0.234636633626845,0.41918820748931));
#11020=CARTESIAN_POINT('',(0.248622047244094,-0.234636633626845,0.41918820748931));
#11021=CARTESIAN_POINT('',(0.245669291338582,-0.234636633626845,0.41918820748931));
#11022=CARTESIAN_POINT('',(0.242716535433071,-0.234636633626845,0.41918820748931));
#11023=CARTESIAN_POINT('',(0.251574803149606,-0.220129172312604,0.405482240951618));
#11024=CARTESIAN_POINT('',(0.248622047244094,-0.220129172312604,0.405482240951618));
#11025=CARTESIAN_POINT('',(0.245669291338582,-0.220129172312604,0.405482240951618));
#11026=CARTESIAN_POINT('',(0.24271653543307,-0.220129172312604,0.405482240951618));
#11027=CARTESIAN_POINT('',(0.251574803149606,-0.202097835271157,0.395465380232051));
#11028=CARTESIAN_POINT('',(0.248622047244094,-0.202097835271157,0.395465380232051));
#11029=CARTESIAN_POINT('',(0.245669291338582,-0.202097835271157,0.395465380232051));
#11030=CARTESIAN_POINT('',(0.24271653543307,-0.202097835271157,0.395465380232051));
#11031=CARTESIAN_POINT('',(0.251574803149606,-0.18263525717388,0.39056312590871));
#11032=CARTESIAN_POINT('',(0.248622047244094,-0.18263525717388,0.39056312590871));
#11033=CARTESIAN_POINT('',(0.245669291338582,-0.18263525717388,0.39056312590871));
#11034=CARTESIAN_POINT('',(0.24271653543307,-0.18263525717388,0.39056312590871));
#11035=CARTESIAN_POINT('',(0.251574803149606,-0.172859948879305,0.38976377952756));
#11036=CARTESIAN_POINT('',(0.248622047244094,-0.172859948879305,0.38976377952756));
#11037=CARTESIAN_POINT('',(0.245669291338582,-0.172859948879305,0.38976377952756));
#11038=CARTESIAN_POINT('',(0.242716535433071,-0.172859948879305,0.38976377952756));
#11039=CARTESIAN_POINT('',(0.251574803149606,-0.165587401751717,0.389763779527559));
#11040=CARTESIAN_POINT('',(0.248622047244094,-0.165587401751717,0.389763779527559));
#11041=CARTESIAN_POINT('',(0.245669291338583,-0.165587401751717,0.389763779527559));
#11042=CARTESIAN_POINT('',(0.242716535433071,-0.165587401751717,0.389763779527559));
#11043=CARTESIAN_POINT('',(0.251574803149606,0.168069555197034,-0.389763779527559));
#11044=CARTESIAN_POINT('',(0.251574803149606,0.195288874939176,-0.389763779527559));
#11045=CARTESIAN_POINT('',(0.251574803149606,0.222193632509309,-0.403124343480765));
#11046=CARTESIAN_POINT('',(0.251574803149606,0.238644038900638,-0.424810179798165));
#11047=CARTESIAN_POINT('',(0.251574803149606,0.168027252018105,-0.389763978124509));
#11048=CARTESIAN_POINT('',(0.251574803149606,-0.168069555197034,-0.389763779527559));
#11049=CARTESIAN_POINT('',(0.251574803149606,-0.0560231850656779,-0.389763779527559));
#11050=CARTESIAN_POINT('',(0.251574803149606,0.0560231850656779,-0.389763779527559));
#11051=CARTESIAN_POINT('',(0.251574803149606,0.168069555197034,-0.389763779527559));
#11052=CARTESIAN_POINT('',(0.251574803149606,-0.168069993770969,-0.38974556800674));
#11053=CARTESIAN_POINT('',(0.251574803149606,-0.238644038900638,-0.424810179798165));
#11054=CARTESIAN_POINT('',(0.251574803149606,-0.222193632509309,-0.403124343480765));
#11055=CARTESIAN_POINT('',(0.251574803149606,-0.195288874939176,-0.389763779527559));
#11056=CARTESIAN_POINT('',(0.251574803149606,-0.168069555197034,-0.389763779527559));
#11057=CARTESIAN_POINT('',(0.251574803149606,-0.238647366017996,-0.424807470019395));
#11058=CARTESIAN_POINT('',(0.251574803149606,-0.424810181679399,-0.238644040327701));
#11059=CARTESIAN_POINT('',(0.251574803149606,-0.454931825825511,-0.261493668924626));
#11060=CARTESIAN_POINT('',(0.251574803149606,-0.4941214528457,-0.33424307912947));
#11061=CARTESIAN_POINT('',(0.251574803149606,-0.450601689471102,-0.450601691356498));
#11062=CARTESIAN_POINT('',(0.251574803149606,-0.334243076470699,-0.494121452663325));
#11063=CARTESIAN_POINT('',(0.251574803149606,-0.261493666962281,-0.45493182435033));
#11064=CARTESIAN_POINT('',(0.251574803149606,-0.238644038900638,-0.424810179798165));
#11065=CARTESIAN_POINT('',(0.251574803149606,-0.424799661925826,-0.238657078702777));
#11066=CARTESIAN_POINT('',(0.251574803149606,-0.389763779527559,-0.168069555197034));
#11067=CARTESIAN_POINT('',(0.251574803149606,-0.389763779527559,-0.195288875726263));
#11068=CARTESIAN_POINT('',(0.251574803149606,-0.403124344296419,-0.222193634038742));
#11069=CARTESIAN_POINT('',(0.251574803149606,-0.424810181679399,-0.238644040327701));
#11070=CARTESIAN_POINT('',(0.251574803149606,-0.389764090518903,-0.168049176476634));
#11071=CARTESIAN_POINT('',(0.251574803149606,-0.389763779527559,0.168069555197034));
#11072=CARTESIAN_POINT('',(0.251574803149606,-0.389763779527559,0.0560231850656779));
#11073=CARTESIAN_POINT('',(0.251574803149606,-0.389763779527559,-0.0560231850656779));
#11074=CARTESIAN_POINT('',(0.251574803149606,-0.389763779527559,-0.168069555197034));
#11075=CARTESIAN_POINT('',(0.251574803149606,-0.389745568053815,0.168069993690082));
#11076=CARTESIAN_POINT('',(0.251574803149606,-0.424810178115539,0.238644037624234));
#11077=CARTESIAN_POINT('',(0.251574803149606,-0.403124342751222,0.222193631141342));
#11078=CARTESIAN_POINT('',(0.251574803149606,-0.389763779527559,0.195288874235184));
#11079=CARTESIAN_POINT('',(0.251574803149606,-0.389763779527559,0.168069555197034));
#11080=CARTESIAN_POINT('',(0.251574803149606,-0.424671862460379,0.238544309412395));
#11081=CARTESIAN_POINT('',(0.251574803149606,-0.238644038900638,0.424810179798165));
#11082=CARTESIAN_POINT('',(0.251574803149606,-0.26149366718757,0.454931824647319));
#11083=CARTESIAN_POINT('',(0.251574803149606,-0.334243077703899,0.494121453104326));
#11084=CARTESIAN_POINT('',(0.251574803149606,-0.450601691511217,0.450601689824869));
#11085=CARTESIAN_POINT('',(0.251574803149606,-0.494121452941205,0.334243075325822));
#11086=CARTESIAN_POINT('',(0.251574803149606,-0.454931823327877,0.261493665432395));
#11087=CARTESIAN_POINT('',(0.251574803149606,-0.424810178115539,0.238644037624234));
#11088=CARTESIAN_POINT('',(0.251574803149606,-0.238657025898542,0.42479969974454));
#11089=CARTESIAN_POINT('',(0.251574803149606,-0.168069555197034,0.389763779527559));
#11090=CARTESIAN_POINT('',(0.251574803149606,-0.195288874939176,0.389763779527559));
#11091=CARTESIAN_POINT('',(0.251574803149606,-0.222193632509308,0.403124343480765));
#11092=CARTESIAN_POINT('',(0.251574803149606,-0.238644038900638,0.424810179798166));
#11093=CARTESIAN_POINT('',(0.251574803149606,-0.168036833286418,0.389763779921351));
#11094=CARTESIAN_POINT('',(0.251574803149606,0.168069555197034,0.389763779527559));
#11095=CARTESIAN_POINT('',(0.251574803149606,0.0560231850656779,0.389763779527559));
#11096=CARTESIAN_POINT('',(0.251574803149606,-0.0560231850656779,0.389763779527559));
#11097=CARTESIAN_POINT('',(0.251574803149606,-0.168069555197034,0.389763779527559));
#11098=CARTESIAN_POINT('',(0.251574803149606,0.168069985282742,0.389745567859705));
#11099=CARTESIAN_POINT('',(0.251574803149606,0.238644038900638,0.424810179798166));
#11100=CARTESIAN_POINT('',(0.251574803149606,0.222193632509308,0.403124343480765));
#11101=CARTESIAN_POINT('',(0.251574803149606,0.195288874939176,0.389763779527559));
#11102=CARTESIAN_POINT('',(0.251574803149606,0.168069555197034,0.389763779527559));
#11103=CARTESIAN_POINT('',(0.242716535433071,0.389763779527558,-0.168069555197034));
#11104=CARTESIAN_POINT('',(0.242716535433071,0.389763779527558,-0.195288875643168));
#11105=CARTESIAN_POINT('',(0.242716535433071,0.403124344210308,-0.222193633877276));
#11106=CARTESIAN_POINT('',(0.242716535433071,0.424810181480792,-0.238644040177043));
#11107=CARTESIAN_POINT('',(0.242716535433071,0.389745567837469,-0.168069994644379));
#11108=CARTESIAN_POINT('',(0.242716535433071,0.389763779527559,0.168069555197034));
#11109=CARTESIAN_POINT('',(0.242716535433071,0.389763779527559,0.056023185065678));
#11110=CARTESIAN_POINT('',(0.242716535433071,0.389763779527559,-0.0560231850656778));
#11111=CARTESIAN_POINT('',(0.242716535433071,0.389763779527559,-0.168069555197034));
#11112=CARTESIAN_POINT('',(0.242716535433071,0.389764010957333,0.168049249918505));
#11113=CARTESIAN_POINT('',(0.242716535433071,0.424810181679399,0.238644040327701));
#11114=CARTESIAN_POINT('',(0.242716535433071,0.403124344296419,0.222193634038742));
#11115=CARTESIAN_POINT('',(0.242716535433071,0.389763779527559,0.195288875726263));
#11116=CARTESIAN_POINT('',(0.242716535433071,0.389763779527559,0.168069555197034));
#11117=CARTESIAN_POINT('',(0.242716535433071,0.168069555197034,0.389763779527559));
#11118=CARTESIAN_POINT('',(0.242716535433071,0.195288874939176,0.389763779527559));
#11119=CARTESIAN_POINT('',(0.242716535433071,0.222193632509308,0.403124343480765));
#11120=CARTESIAN_POINT('',(0.242716535433071,0.238644038900638,0.424810179798166));
#11121=CARTESIAN_POINT('',(0.242716535433071,0.168069986120585,0.389745567692563));
#11122=CARTESIAN_POINT('',(0.242716535433071,-0.168069555197034,0.389763779527559));
#11123=CARTESIAN_POINT('',(0.242716535433071,-0.0560231850656779,0.389763779527559));
#11124=CARTESIAN_POINT('',(0.242716535433071,0.0560231850656779,0.389763779527559));
#11125=CARTESIAN_POINT('',(0.242716535433071,0.168069555197034,0.389763779527559));
#11126=CARTESIAN_POINT('',(0.242716535433071,-0.168033323230286,0.389763781429001));
#11127=CARTESIAN_POINT('',(0.242716535433071,-0.238644038900638,0.424810179798166));
#11128=CARTESIAN_POINT('',(0.242716535433071,-0.222193632509308,0.403124343480765));
#11129=CARTESIAN_POINT('',(0.242716535433071,-0.195288874939176,0.389763779527559));
#11130=CARTESIAN_POINT('',(0.242716535433071,-0.168069555197034,0.389763779527559));
#11131=CARTESIAN_POINT('',(0.242716535433071,-0.238657025857834,0.424799700301884));
#11132=CARTESIAN_POINT('',(0.242716535433071,-0.424810178115539,0.238644037624234));
#11133=CARTESIAN_POINT('',(0.242716535433071,-0.454931823327877,0.261493665432395));
#11134=CARTESIAN_POINT('',(0.242716535433071,-0.494121452941205,0.334243075325822));
#11135=CARTESIAN_POINT('',(0.242716535433071,-0.450601691511217,0.450601689824869));
#11136=CARTESIAN_POINT('',(0.242716535433071,-0.334243077703899,0.494121453104326));
#11137=CARTESIAN_POINT('',(0.242716535433071,-0.26149366718757,0.454931824647319));
#11138=CARTESIAN_POINT('',(0.242716535433071,-0.238644038900638,0.424810179798165));
#11139=CARTESIAN_POINT('',(0.242716535433071,-0.424807463417865,0.238647378774102));
#11140=CARTESIAN_POINT('',(0.242716535433071,-0.389763779527559,0.168069555197034));
#11141=CARTESIAN_POINT('',(0.242716535433071,-0.389763779527559,0.195288874235184));
#11142=CARTESIAN_POINT('',(0.242716535433071,-0.403124342751222,0.222193631141342));
#11143=CARTESIAN_POINT('',(0.242716535433071,-0.424810178115539,0.238644037624234));
#11144=CARTESIAN_POINT('',(0.242716535433071,-0.389741693966616,0.168069852400685));
#11145=CARTESIAN_POINT('',(0.242716535433071,-0.389763779527559,-0.168069555197034));
#11146=CARTESIAN_POINT('',(0.242716535433071,-0.389763779527559,-0.0560231850656779));
#11147=CARTESIAN_POINT('',(0.242716535433071,-0.389763779527559,0.0560231850656779));
#11148=CARTESIAN_POINT('',(0.242716535433071,-0.389763779527559,0.168069555197034));
#11149=CARTESIAN_POINT('',(0.242716535433071,-0.38976423690245,-0.168069544682698));
#11150=CARTESIAN_POINT('',(0.242716535433071,-0.424810181679399,-0.238644040327701));
#11151=CARTESIAN_POINT('',(0.242716535433071,-0.403124344296419,-0.222193634038742));
#11152=CARTESIAN_POINT('',(0.242716535433071,-0.389763779527559,-0.195288875726263));
#11153=CARTESIAN_POINT('',(0.242716535433071,-0.389763779527559,-0.168069555197034));
#11154=CARTESIAN_POINT('',(0.242716535433071,-0.424799662480645,-0.238657078662134));
#11155=CARTESIAN_POINT('',(0.242716535433071,-0.238644038900638,-0.424810179798165));
#11156=CARTESIAN_POINT('',(0.242716535433071,-0.261493666962281,-0.45493182435033));
#11157=CARTESIAN_POINT('',(0.242716535433071,-0.334243076470699,-0.494121452663325));
#11158=CARTESIAN_POINT('',(0.242716535433071,-0.450601689471102,-0.450601691356498));
#11159=CARTESIAN_POINT('',(0.242716535433071,-0.4941214528457,-0.33424307912947));
#11160=CARTESIAN_POINT('',(0.242716535433071,-0.454931825825511,-0.261493668924626));
#11161=CARTESIAN_POINT('',(0.242716535433071,-0.424810181679399,-0.238644040327701));
#11162=CARTESIAN_POINT('',(0.242716535433071,-0.238647380071263,-0.424807465083653));
#11163=CARTESIAN_POINT('',(0.242716535433071,-0.168069555197034,-0.389763779527559));
#11164=CARTESIAN_POINT('',(0.242716535433071,-0.195288874939176,-0.389763779527559));
#11165=CARTESIAN_POINT('',(0.242716535433071,-0.222193632509309,-0.403124343480765));
#11166=CARTESIAN_POINT('',(0.242716535433071,-0.238644038900638,-0.424810179798165));
#11167=CARTESIAN_POINT('',(0.242716535433071,-0.168069994644377,-0.38974556783756));
#11168=CARTESIAN_POINT('',(0.242716535433071,0.168069555197034,-0.389763779527559));
#11169=CARTESIAN_POINT('',(0.242716535433071,0.0560231850656779,-0.389763779527559));
#11170=CARTESIAN_POINT('',(0.242716535433071,-0.0560231850656779,-0.389763779527559));
#11171=CARTESIAN_POINT('',(0.242716535433071,-0.168069555197034,-0.389763779527559));
#11172=CARTESIAN_POINT('',(0.242716535433071,0.168049249919029,-0.38976401095733));
#11173=CARTESIAN_POINT('',(0.242716535433071,0.238644038900638,-0.424810179798165));
#11174=CARTESIAN_POINT('',(0.242716535433071,0.222193632509309,-0.403124343480765));
#11175=CARTESIAN_POINT('',(0.242716535433071,0.195288874939176,-0.389763779527559));
#11176=CARTESIAN_POINT('',(0.242716535433071,0.168069555197034,-0.389763779527559));
#11177=CARTESIAN_POINT('',(-0.251574803149606,-0.172859948879305,0.38976377952756));
#11178=CARTESIAN_POINT('',(-0.248622047244094,-0.172859948879305,0.38976377952756));
#11179=CARTESIAN_POINT('',(-0.245669291338582,-0.172859948879305,0.38976377952756));
#11180=CARTESIAN_POINT('',(-0.242716535433071,-0.172859948879305,0.38976377952756));
#11181=CARTESIAN_POINT('',(-0.251574803149606,-0.165587401751717,0.389763779527559));
#11182=CARTESIAN_POINT('',(-0.248622047244094,-0.165587401751717,0.389763779527559));
#11183=CARTESIAN_POINT('',(-0.245669291338583,-0.165587401751717,0.389763779527559));
#11184=CARTESIAN_POINT('',(-0.242716535433071,-0.165587401751717,0.389763779527559));
#11185=CARTESIAN_POINT('',(-0.251574803149606,-0.125871920212588,0.389764988697474));
#11186=CARTESIAN_POINT('',(-0.248622047244094,-0.125871920212588,0.389764988697474));
#11187=CARTESIAN_POINT('',(-0.245669291338583,-0.125871920212588,0.389764988697474));
#11188=CARTESIAN_POINT('',(-0.242716535433071,-0.125871920212588,0.389764988697474));
#11189=CARTESIAN_POINT('',(-0.251574803149606,-0.0464112657749581,0.389802385025219));
#11190=CARTESIAN_POINT('',(-0.248622047244094,-0.0464112657749581,0.389802385025219));
#11191=CARTESIAN_POINT('',(-0.245669291338583,-0.0464112657749581,0.389802385025219));
#11192=CARTESIAN_POINT('',(-0.242716535433071,-0.0464112657749581,0.389802385025219));
#11193=CARTESIAN_POINT('',(-0.251574803149606,0.0503898073088955,0.389798955379641));
#11194=CARTESIAN_POINT('',(-0.248622047244094,0.0503898073088955,0.389798955379641));
#11195=CARTESIAN_POINT('',(-0.245669291338583,0.0503898073088955,0.389798955379641));
#11196=CARTESIAN_POINT('',(-0.242716535433071,0.0503898073088955,0.389798955379641));
#11197=CARTESIAN_POINT('',(-0.251574803149606,0.119798659616287,0.389691229332639));
#11198=CARTESIAN_POINT('',(-0.248622047244094,0.119798659616287,0.389691229332639));
#11199=CARTESIAN_POINT('',(-0.245669291338583,0.119798659616287,0.389691229332639));
#11200=CARTESIAN_POINT('',(-0.242716535433071,0.119798659616287,0.389691229332639));
#11201=CARTESIAN_POINT('',(-0.251574803149606,0.154702769959345,0.389872604819939));
#11202=CARTESIAN_POINT('',(-0.248622047244094,0.154702769959345,0.389872604819939));
#11203=CARTESIAN_POINT('',(-0.245669291338583,0.154702769959345,0.389872604819939));
#11204=CARTESIAN_POINT('',(-0.242716535433071,0.154702769959345,0.389872604819939));
#11205=CARTESIAN_POINT('',(-0.251574803149606,0.174282865726364,0.3895461289428));
#11206=CARTESIAN_POINT('',(-0.248622047244094,0.174282865726364,0.3895461289428));
#11207=CARTESIAN_POINT('',(-0.245669291338582,0.174282865726364,0.3895461289428));
#11208=CARTESIAN_POINT('',(-0.24271653543307,0.174282865726364,0.3895461289428));
#11209=CARTESIAN_POINT('',(-0.251574803149606,0.193827681271037,0.392574885294875));
#11210=CARTESIAN_POINT('',(-0.248622047244094,0.193827681271037,0.392574885294875));
#11211=CARTESIAN_POINT('',(-0.245669291338582,0.193827681271037,0.392574885294875));
#11212=CARTESIAN_POINT('',(-0.242716535433071,0.193827681271037,0.392574885294875));
#11213=CARTESIAN_POINT('',(-0.251574803149606,0.212821661402949,0.400720634916034));
#11214=CARTESIAN_POINT('',(-0.248622047244094,0.212821661402949,0.400720634916034));
#11215=CARTESIAN_POINT('',(-0.245669291338582,0.212821661402949,0.400720634916034));
#11216=CARTESIAN_POINT('',(-0.24271653543307,0.212821661402949,0.400720634916034));
#11217=CARTESIAN_POINT('',(-0.251574803149606,0.227635099104453,0.412366158921094));
#11218=CARTESIAN_POINT('',(-0.248622047244094,0.227635099104453,0.412366158921094));
#11219=CARTESIAN_POINT('',(-0.245669291338582,0.227635099104453,0.412366158921094));
#11220=CARTESIAN_POINT('',(-0.242716535433071,0.227635099104453,0.412366158921094));
#11221=CARTESIAN_POINT('',(-0.251574803149606,0.234415521783281,0.419493889092154));
#11222=CARTESIAN_POINT('',(-0.248622047244094,0.234415521783281,0.419493889092154));
#11223=CARTESIAN_POINT('',(-0.245669291338583,0.234415521783281,0.419493889092154));
#11224=CARTESIAN_POINT('',(-0.242716535433071,0.234415521783281,0.419493889092154));
#11225=CARTESIAN_POINT('',(-0.251574803149606,0.238931269630491,0.425149328888687));
#11226=CARTESIAN_POINT('',(-0.248622047244094,0.238931269630491,0.425149328888687));
#11227=CARTESIAN_POINT('',(-0.245669291338583,0.238931269630491,0.425149328888687));
#11228=CARTESIAN_POINT('',(-0.242716535433071,0.238931269630491,0.425149328888687));
#11229=CARTESIAN_POINT('',(-0.251574803149606,0.242601096812588,0.429818348929499));
#11230=CARTESIAN_POINT('',(-0.248622047244094,0.242601096812588,0.429818348929499));
#11231=CARTESIAN_POINT('',(-0.245669291338583,0.242601096812588,0.429818348929499));
#11232=CARTESIAN_POINT('',(-0.242716535433071,0.242601096812588,0.429818348929499));
#11233=CARTESIAN_POINT('',(-0.251574803149606,0.24884595726236,0.436978005578084));
#11234=CARTESIAN_POINT('',(-0.248622047244094,0.24884595726236,0.436978005578084));
#11235=CARTESIAN_POINT('',(-0.245669291338583,0.24884595726236,0.436978005578084));
#11236=CARTESIAN_POINT('',(-0.242716535433071,0.24884595726236,0.436978005578084));
#11237=CARTESIAN_POINT('',(-0.251574803149606,0.261271206706295,0.448891464507441));
#11238=CARTESIAN_POINT('',(-0.248622047244094,0.261271206706295,0.448891464507441));
#11239=CARTESIAN_POINT('',(-0.245669291338583,0.261271206706295,0.448891464507441));
#11240=CARTESIAN_POINT('',(-0.242716535433071,0.261271206706295,0.448891464507441));
#11241=CARTESIAN_POINT('',(-0.251574803149606,0.28218562273019,0.46319667699413));
#11242=CARTESIAN_POINT('',(-0.248622047244095,0.28218562273019,0.46319667699413));
#11243=CARTESIAN_POINT('',(-0.245669291338583,0.28218562273019,0.46319667699413));
#11244=CARTESIAN_POINT('',(-0.242716535433071,0.28218562273019,0.46319667699413));
#11245=CARTESIAN_POINT('',(-0.251574803149606,0.311049855117253,0.474322675434274));
#11246=CARTESIAN_POINT('',(-0.248622047244095,0.311049855117253,0.474322675434274));
#11247=CARTESIAN_POINT('',(-0.245669291338583,0.311049855117253,0.474322675434274));
#11248=CARTESIAN_POINT('',(-0.242716535433071,0.311049855117253,0.474322675434274));
#11249=CARTESIAN_POINT('',(-0.251574803149606,0.341375240968897,0.478462700624878));
#11250=CARTESIAN_POINT('',(-0.248622047244094,0.341375240968897,0.478462700624878));
#11251=CARTESIAN_POINT('',(-0.245669291338583,0.341375240968897,0.478462700624878));
#11252=CARTESIAN_POINT('',(-0.242716535433071,0.341375240968897,0.478462700624878));
#11253=CARTESIAN_POINT('',(-0.251574803149606,0.370442374634424,0.475853259804329));
#11254=CARTESIAN_POINT('',(-0.248622047244095,0.370442374634424,0.475853259804329));
#11255=CARTESIAN_POINT('',(-0.245669291338583,0.370442374634424,0.475853259804329));
#11256=CARTESIAN_POINT('',(-0.242716535433071,0.370442374634424,0.475853259804329));
#11257=CARTESIAN_POINT('',(-0.251574803149606,0.397781902923147,0.467413055378661));
#11258=CARTESIAN_POINT('',(-0.248622047244094,0.397781902923147,0.467413055378661));
#11259=CARTESIAN_POINT('',(-0.245669291338583,0.397781902923147,0.467413055378661));
#11260=CARTESIAN_POINT('',(-0.242716535433071,0.397781902923147,0.467413055378661));
#11261=CARTESIAN_POINT('',(-0.251574803149606,0.424230813154143,0.452272732011863));
#11262=CARTESIAN_POINT('',(-0.248622047244094,0.424230813154143,0.452272732011863));
#11263=CARTESIAN_POINT('',(-0.245669291338583,0.424230813154143,0.452272732011863));
#11264=CARTESIAN_POINT('',(-0.242716535433071,0.424230813154143,0.452272732011863));
#11265=CARTESIAN_POINT('',(-0.251574803149606,0.45437567943843,0.424107336779785));
#11266=CARTESIAN_POINT('',(-0.248622047244095,0.45437567943843,0.424107336779785));
#11267=CARTESIAN_POINT('',(-0.245669291338583,0.45437567943843,0.424107336779785));
#11268=CARTESIAN_POINT('',(-0.242716535433071,0.45437567943843,0.424107336779785));
#11269=CARTESIAN_POINT('',(-0.251574803149606,0.472767693925442,0.387442162468417));
#11270=CARTESIAN_POINT('',(-0.248622047244095,0.472767693925442,0.387442162468417));
#11271=CARTESIAN_POINT('',(-0.245669291338583,0.472767693925442,0.387442162468417));
#11272=CARTESIAN_POINT('',(-0.242716535433071,0.472767693925442,0.387442162468417));
#11273=CARTESIAN_POINT('',(-0.251574803149606,0.478350832552109,0.349955166564708));
#11274=CARTESIAN_POINT('',(-0.248622047244094,0.478350832552109,0.349955166564708));
#11275=CARTESIAN_POINT('',(-0.245669291338583,0.478350832552109,0.349955166564708));
#11276=CARTESIAN_POINT('',(-0.242716535433071,0.478350832552109,0.349955166564708));
#11277=CARTESIAN_POINT('',(-0.251574803149606,0.47623533658495,0.319629899549411));
#11278=CARTESIAN_POINT('',(-0.248622047244095,0.47623533658495,0.319629899549411));
#11279=CARTESIAN_POINT('',(-0.245669291338583,0.47623533658495,0.319629899549411));
#11280=CARTESIAN_POINT('',(-0.242716535433071,0.47623533658495,0.319629899549411));
#11281=CARTESIAN_POINT('',(-0.251574803149606,0.467048921905751,0.290137952880143));
#11282=CARTESIAN_POINT('',(-0.248622047244094,0.467048921905751,0.290137952880143));
#11283=CARTESIAN_POINT('',(-0.245669291338583,0.467048921905751,0.290137952880143));
#11284=CARTESIAN_POINT('',(-0.242716535433071,0.467048921905751,0.290137952880143));
#11285=CARTESIAN_POINT('',(-0.251574803149606,0.451408440098255,0.263763660661368));
#11286=CARTESIAN_POINT('',(-0.248622047244094,0.451408440098255,0.263763660661368));
#11287=CARTESIAN_POINT('',(-0.245669291338583,0.451408440098255,0.263763660661368));
#11288=CARTESIAN_POINT('',(-0.242716535433071,0.451408440098255,0.263763660661368));
#11289=CARTESIAN_POINT('',(-0.251574803149606,0.434510310523074,0.245759665955067));
#11290=CARTESIAN_POINT('',(-0.248622047244094,0.434510310523074,0.245759665955067));
#11291=CARTESIAN_POINT('',(-0.245669291338583,0.434510310523074,0.245759665955067));
#11292=CARTESIAN_POINT('',(-0.242716535433071,0.434510310523074,0.245759665955067));
#11293=CARTESIAN_POINT('',(-0.251574803149606,0.419188207304805,0.234636633471476));
#11294=CARTESIAN_POINT('',(-0.248622047244094,0.419188207304805,0.234636633471476));
#11295=CARTESIAN_POINT('',(-0.245669291338583,0.419188207304805,0.234636633471476));
#11296=CARTESIAN_POINT('',(-0.242716535433071,0.419188207304805,0.234636633471476));
#11297=CARTESIAN_POINT('',(-0.251574803149606,0.405483510009879,0.220139917959762));
#11298=CARTESIAN_POINT('',(-0.248622047244094,0.405483510009879,0.220139917959762));
#11299=CARTESIAN_POINT('',(-0.245669291338582,0.405483510009879,0.220139917959762));
#11300=CARTESIAN_POINT('',(-0.242716535433071,0.405483510009879,0.220139917959762));
#11301=CARTESIAN_POINT('',(-0.251574803149606,0.395457511292521,0.202031211016889));
#11302=CARTESIAN_POINT('',(-0.248622047244094,0.395457511292521,0.202031211016889));
#11303=CARTESIAN_POINT('',(-0.245669291338583,0.395457511292521,0.202031211016889));
#11304=CARTESIAN_POINT('',(-0.242716535433071,0.395457511292521,0.202031211016889));
#11305=CARTESIAN_POINT('',(-0.251574803149606,0.390957199964845,0.184249629040494));
#11306=CARTESIAN_POINT('',(-0.248622047244094,0.390957199964845,0.184249629040494));
#11307=CARTESIAN_POINT('',(-0.245669291338583,0.390957199964845,0.184249629040494));
#11308=CARTESIAN_POINT('',(-0.242716535433071,0.390957199964845,0.184249629040494));
#11309=CARTESIAN_POINT('',(-0.251574803149606,0.389899388725254,0.174473885509239));
#11310=CARTESIAN_POINT('',(-0.248622047244094,0.389899388725254,0.174473885509239));
#11311=CARTESIAN_POINT('',(-0.245669291338583,0.389899388725254,0.174473885509239));
#11312=CARTESIAN_POINT('',(-0.242716535433071,0.389899388725254,0.174473885509239));
#11313=CARTESIAN_POINT('',(-0.251574803149606,0.389744653601016,0.168065526476882));
#11314=CARTESIAN_POINT('',(-0.248622047244094,0.389744653601016,0.168065526476882));
#11315=CARTESIAN_POINT('',(-0.245669291338583,0.389744653601016,0.168065526476882));
#11316=CARTESIAN_POINT('',(-0.242716535433071,0.389744653601016,0.168065526476882));
#11317=CARTESIAN_POINT('',(-0.251574803149606,0.389753788120917,0.161635657787493));
#11318=CARTESIAN_POINT('',(-0.248622047244094,0.389753788120917,0.161635657787493));
#11319=CARTESIAN_POINT('',(-0.245669291338583,0.389753788120917,0.161635657787493));
#11320=CARTESIAN_POINT('',(-0.242716535433071,0.389753788120917,0.161635657787493));
#11321=CARTESIAN_POINT('',(-0.251574803149606,0.389753140167552,0.151713875879893));
#11322=CARTESIAN_POINT('',(-0.248622047244094,0.389753140167552,0.151713875879893));
#11323=CARTESIAN_POINT('',(-0.245669291338583,0.389753140167552,0.151713875879893));
#11324=CARTESIAN_POINT('',(-0.242716535433071,0.389753140167552,0.151713875879893));
#11325=CARTESIAN_POINT('',(-0.251574803149606,0.38977171849395,0.13325330418347));
#11326=CARTESIAN_POINT('',(-0.248622047244094,0.38977171849395,0.13325330418347));
#11327=CARTESIAN_POINT('',(-0.245669291338583,0.38977171849395,0.13325330418347));
#11328=CARTESIAN_POINT('',(-0.242716535433071,0.38977171849395,0.13325330418347));
#11329=CARTESIAN_POINT('',(-0.251574803149606,0.38975889400978,0.0986099373614673));
#11330=CARTESIAN_POINT('',(-0.248622047244094,0.38975889400978,0.0986099373614673));
#11331=CARTESIAN_POINT('',(-0.245669291338583,0.38975889400978,0.0986099373614673));
#11332=CARTESIAN_POINT('',(-0.242716535433071,0.38975889400978,0.0986099373614673));
#11333=CARTESIAN_POINT('',(-0.251574803149606,0.389767036539412,0.0290418431704109));
#11334=CARTESIAN_POINT('',(-0.248622047244094,0.389767036539412,0.0290418431704109));
#11335=CARTESIAN_POINT('',(-0.245669291338583,0.389767036539412,0.0290418431704109));
#11336=CARTESIAN_POINT('',(-0.242716535433071,0.389767036539412,0.0290418431704109));
#11337=CARTESIAN_POINT('',(-0.251574803149606,0.389811603489006,-0.0503964847046623));
#11338=CARTESIAN_POINT('',(-0.248622047244094,0.389811603489006,-0.0503964847046623));
#11339=CARTESIAN_POINT('',(-0.245669291338583,0.389811603489006,-0.0503964847046623));
#11340=CARTESIAN_POINT('',(-0.242716535433071,0.389811603489006,-0.0503964847046623));
#11341=CARTESIAN_POINT('',(-0.251574803149606,0.389691229332425,-0.119798659616813));
#11342=CARTESIAN_POINT('',(-0.248622047244095,0.389691229332425,-0.119798659616813));
#11343=CARTESIAN_POINT('',(-0.245669291338583,0.389691229332425,-0.119798659616813));
#11344=CARTESIAN_POINT('',(-0.242716535433071,0.389691229332425,-0.119798659616813));
#11345=CARTESIAN_POINT('',(-0.251574803149606,0.38987260482026,-0.154702769958555));
#11346=CARTESIAN_POINT('',(-0.248622047244095,0.38987260482026,-0.154702769958555));
#11347=CARTESIAN_POINT('',(-0.245669291338583,0.38987260482026,-0.154702769958555));
#11348=CARTESIAN_POINT('',(-0.242716535433071,0.38987260482026,-0.154702769958555));
#11349=CARTESIAN_POINT('',(-0.251574803149606,0.389546128942156,-0.174282865727943));
#11350=CARTESIAN_POINT('',(-0.248622047244095,0.389546128942156,-0.174282865727943));
#11351=CARTESIAN_POINT('',(-0.245669291338583,0.389546128942156,-0.174282865727943));
#11352=CARTESIAN_POINT('',(-0.242716535433071,0.389546128942156,-0.174282865727943));
#11353=CARTESIAN_POINT('',(-0.251574803149607,0.392574885301029,-0.193827681306353));
#11354=CARTESIAN_POINT('',(-0.248622047244095,0.392574885301029,-0.193827681306353));
#11355=CARTESIAN_POINT('',(-0.245669291338583,0.392574885301029,-0.193827681306353));
#11356=CARTESIAN_POINT('',(-0.242716535433071,0.392574885301029,-0.193827681306353));
#11357=CARTESIAN_POINT('',(-0.251574803149606,0.400720634959307,-0.212821661495683));
#11358=CARTESIAN_POINT('',(-0.248622047244095,0.400720634959307,-0.212821661495683));
#11359=CARTESIAN_POINT('',(-0.245669291338583,0.400720634959307,-0.212821661495683));
#11360=CARTESIAN_POINT('',(-0.242716535433071,0.400720634959307,-0.212821661495683));
#11361=CARTESIAN_POINT('',(-0.251574803149607,0.412366159043491,-0.227635099244144));
#11362=CARTESIAN_POINT('',(-0.248622047244095,0.412366159043491,-0.227635099244144));
#11363=CARTESIAN_POINT('',(-0.245669291338583,0.412366159043491,-0.227635099244144));
#11364=CARTESIAN_POINT('',(-0.242716535433071,0.412366159043491,-0.227635099244144));
#11365=CARTESIAN_POINT('',(-0.251574803149606,0.419493889267792,-0.234415521940529));
#11366=CARTESIAN_POINT('',(-0.248622047244095,0.419493889267792,-0.234415521940529));
#11367=CARTESIAN_POINT('',(-0.245669291338583,0.419493889267792,-0.234415521940529));
#11368=CARTESIAN_POINT('',(-0.242716535433071,0.419493889267792,-0.234415521940529));
#11369=CARTESIAN_POINT('',(-0.251574803149606,0.425149329112559,-0.238931269796027));
#11370=CARTESIAN_POINT('',(-0.248622047244095,0.425149329112559,-0.238931269796027));
#11371=CARTESIAN_POINT('',(-0.245669291338583,0.425149329112559,-0.238931269796027));
#11372=CARTESIAN_POINT('',(-0.242716535433071,0.425149329112559,-0.238931269796027));
#11373=CARTESIAN_POINT('',(-0.251574803149606,0.429818349152153,-0.242601096981944));
#11374=CARTESIAN_POINT('',(-0.248622047244095,0.429818349152153,-0.242601096981944));
#11375=CARTESIAN_POINT('',(-0.245669291338583,0.429818349152153,-0.242601096981944));
#11376=CARTESIAN_POINT('',(-0.242716535433071,0.429818349152153,-0.242601096981944));
#11377=CARTESIAN_POINT('',(-0.251574803149607,0.43697800573445,-0.248845957428106));
#11378=CARTESIAN_POINT('',(-0.248622047244095,0.43697800573445,-0.248845957428106));
#11379=CARTESIAN_POINT('',(-0.245669291338583,0.43697800573445,-0.248845957428106));
#11380=CARTESIAN_POINT('',(-0.242716535433071,0.43697800573445,-0.248845957428106));
#11381=CARTESIAN_POINT('',(-0.251574803149606,0.448891464607613,-0.261271206830864));
#11382=CARTESIAN_POINT('',(-0.248622047244094,0.448891464607613,-0.261271206830864));
#11383=CARTESIAN_POINT('',(-0.245669291338583,0.448891464607613,-0.261271206830864));
#11384=CARTESIAN_POINT('',(-0.242716535433071,0.448891464607613,-0.261271206830864));
#11385=CARTESIAN_POINT('',(-0.251574803149606,0.463196677026517,-0.282185622807001));
#11386=CARTESIAN_POINT('',(-0.248622047244095,0.463196677026517,-0.282185622807001));
#11387=CARTESIAN_POINT('',(-0.245669291338583,0.463196677026517,-0.282185622807001));
#11388=CARTESIAN_POINT('',(-0.242716535433071,0.463196677026517,-0.282185622807001));
#11389=CARTESIAN_POINT('',(-0.251574803149606,0.474322675444783,-0.311049855160898));
#11390=CARTESIAN_POINT('',(-0.248622047244094,0.474322675444783,-0.311049855160898));
#11391=CARTESIAN_POINT('',(-0.245669291338583,0.474322675444783,-0.311049855160898));
#11392=CARTESIAN_POINT('',(-0.242716535433071,0.474322675444783,-0.311049855160898));
#11393=CARTESIAN_POINT('',(-0.251574803149606,0.478462700635128,-0.341375241015321));
#11394=CARTESIAN_POINT('',(-0.248622047244095,0.478462700635128,-0.341375241015321));
#11395=CARTESIAN_POINT('',(-0.245669291338583,0.478462700635128,-0.341375241015321));
#11396=CARTESIAN_POINT('',(-0.242716535433071,0.478462700635128,-0.341375241015321));
#11397=CARTESIAN_POINT('',(-0.251574803149606,0.47585325976366,-0.37044237483673));
#11398=CARTESIAN_POINT('',(-0.248622047244094,0.47585325976366,-0.37044237483673));
#11399=CARTESIAN_POINT('',(-0.245669291338583,0.47585325976366,-0.37044237483673));
#11400=CARTESIAN_POINT('',(-0.242716535433071,0.47585325976366,-0.37044237483673));
#11401=CARTESIAN_POINT('',(-0.251574803149606,0.467413055364427,-0.397781902919242));
#11402=CARTESIAN_POINT('',(-0.248622047244095,0.467413055364427,-0.397781902919242));
#11403=CARTESIAN_POINT('',(-0.245669291338583,0.467413055364427,-0.397781902919242));
#11404=CARTESIAN_POINT('',(-0.242716535433071,0.467413055364427,-0.397781902919242));
#11405=CARTESIAN_POINT('',(-0.251574803149606,0.452272732061503,-0.424230813077384));
#11406=CARTESIAN_POINT('',(-0.248622047244094,0.452272732061503,-0.424230813077384));
#11407=CARTESIAN_POINT('',(-0.245669291338583,0.452272732061503,-0.424230813077384));
#11408=CARTESIAN_POINT('',(-0.242716535433071,0.452272732061503,-0.424230813077384));
#11409=CARTESIAN_POINT('',(-0.251574803149606,0.424107336900799,-0.454375679347142));
#11410=CARTESIAN_POINT('',(-0.248622047244094,0.424107336900799,-0.454375679347142));
#11411=CARTESIAN_POINT('',(-0.245669291338583,0.424107336900799,-0.454375679347142));
#11412=CARTESIAN_POINT('',(-0.242716535433071,0.424107336900799,-0.454375679347142));
#11413=CARTESIAN_POINT('',(-0.251574803149606,0.387442162418765,-0.472767693937684));
#11414=CARTESIAN_POINT('',(-0.248622047244095,0.387442162418765,-0.472767693937684));
#11415=CARTESIAN_POINT('',(-0.245669291338583,0.387442162418765,-0.472767693937684));
#11416=CARTESIAN_POINT('',(-0.242716535433071,0.387442162418765,-0.472767693937684));
#11417=CARTESIAN_POINT('',(-0.251574803149606,0.34995516673262,-0.478350832528315));
#11418=CARTESIAN_POINT('',(-0.248622047244095,0.34995516673262,-0.478350832528315));
#11419=CARTESIAN_POINT('',(-0.245669291338583,0.34995516673262,-0.478350832528315));
#11420=CARTESIAN_POINT('',(-0.242716535433071,0.34995516673262,-0.478350832528315));
#11421=CARTESIAN_POINT('',(-0.251574803149606,0.31962989980536,-0.476235336629363));
#11422=CARTESIAN_POINT('',(-0.248622047244094,0.31962989980536,-0.476235336629363));
#11423=CARTESIAN_POINT('',(-0.245669291338583,0.31962989980536,-0.476235336629363));
#11424=CARTESIAN_POINT('',(-0.242716535433071,0.31962989980536,-0.476235336629363));
#11425=CARTESIAN_POINT('',(-0.251574803149606,0.290137953167913,-0.467048922032227));
#11426=CARTESIAN_POINT('',(-0.248622047244095,0.290137953167913,-0.467048922032227));
#11427=CARTESIAN_POINT('',(-0.245669291338583,0.290137953167913,-0.467048922032227));
#11428=CARTESIAN_POINT('',(-0.242716535433071,0.290137953167913,-0.467048922032227));
#11429=CARTESIAN_POINT('',(-0.251574803149606,0.263763660905823,-0.451408440289727));
#11430=CARTESIAN_POINT('',(-0.248622047244095,0.263763660905823,-0.451408440289727));
#11431=CARTESIAN_POINT('',(-0.245669291338583,0.263763660905823,-0.451408440289727));
#11432=CARTESIAN_POINT('',(-0.242716535433071,0.263763660905823,-0.451408440289727));
#11433=CARTESIAN_POINT('',(-0.251574803149607,0.245759666059554,-0.434510310654116));
#11434=CARTESIAN_POINT('',(-0.248622047244095,0.245759666059554,-0.434510310654116));
#11435=CARTESIAN_POINT('',(-0.245669291338583,0.245759666059554,-0.434510310654116));
#11436=CARTESIAN_POINT('',(-0.242716535433071,0.245759666059554,-0.434510310654116));
#11437=CARTESIAN_POINT('',(-0.251574803149607,0.234636633626081,-0.41918820748823));
#11438=CARTESIAN_POINT('',(-0.248622047244095,0.234636633626081,-0.41918820748823));
#11439=CARTESIAN_POINT('',(-0.245669291338583,0.234636633626081,-0.41918820748823));
#11440=CARTESIAN_POINT('',(-0.242716535433071,0.234636633626081,-0.41918820748823));
#11441=CARTESIAN_POINT('',(-0.251574803149607,0.220139918133315,-0.40548351012717));
#11442=CARTESIAN_POINT('',(-0.248622047244095,0.220139918133315,-0.40548351012717));
#11443=CARTESIAN_POINT('',(-0.245669291338583,0.220139918133315,-0.40548351012717));
#11444=CARTESIAN_POINT('',(-0.242716535433071,0.220139918133315,-0.40548351012717));
#11445=CARTESIAN_POINT('',(-0.251574803149607,0.202031211185197,-0.395457511347079));
#11446=CARTESIAN_POINT('',(-0.248622047244095,0.202031211185197,-0.395457511347079));
#11447=CARTESIAN_POINT('',(-0.245669291338583,0.202031211185197,-0.395457511347079));
#11448=CARTESIAN_POINT('',(-0.242716535433071,0.202031211185197,-0.395457511347079));
#11449=CARTESIAN_POINT('',(-0.251574803149607,0.184249629112168,-0.390957199978231));
#11450=CARTESIAN_POINT('',(-0.248622047244095,0.184249629112168,-0.390957199978231));
#11451=CARTESIAN_POINT('',(-0.245669291338583,0.184249629112168,-0.390957199978231));
#11452=CARTESIAN_POINT('',(-0.242716535433071,0.184249629112168,-0.390957199978231));
#11453=CARTESIAN_POINT('',(-0.251574803149606,0.174473885531837,-0.389899388726901));
#11454=CARTESIAN_POINT('',(-0.248622047244095,0.174473885531837,-0.389899388726901));
#11455=CARTESIAN_POINT('',(-0.245669291338583,0.174473885531837,-0.389899388726901));
#11456=CARTESIAN_POINT('',(-0.242716535433071,0.174473885531837,-0.389899388726901));
#11457=CARTESIAN_POINT('',(-0.251574803149606,0.168065526476867,-0.389744653600782));
#11458=CARTESIAN_POINT('',(-0.248622047244095,0.168065526476867,-0.389744653600782));
#11459=CARTESIAN_POINT('',(-0.245669291338583,0.168065526476867,-0.389744653600782));
#11460=CARTESIAN_POINT('',(-0.242716535433071,0.168065526476867,-0.389744653600782));
#11461=CARTESIAN_POINT('',(-0.251574803149606,0.161635657774005,-0.3897537881208));
#11462=CARTESIAN_POINT('',(-0.248622047244095,0.161635657774005,-0.3897537881208));
#11463=CARTESIAN_POINT('',(-0.245669291338583,0.161635657774005,-0.3897537881208));
#11464=CARTESIAN_POINT('',(-0.242716535433071,0.161635657774005,-0.3897537881208));
#11465=CARTESIAN_POINT('',(-0.251574803149606,0.151713875865284,-0.389753140167428));
#11466=CARTESIAN_POINT('',(-0.248622047244095,0.151713875865284,-0.389753140167428));
#11467=CARTESIAN_POINT('',(-0.245669291338583,0.151713875865284,-0.389753140167428));
#11468=CARTESIAN_POINT('',(-0.242716535433071,0.151713875865284,-0.389753140167428));
#11469=CARTESIAN_POINT('',(-0.251574803149607,0.13325330419437,-0.389771718494042));
#11470=CARTESIAN_POINT('',(-0.248622047244095,0.13325330419437,-0.389771718494042));
#11471=CARTESIAN_POINT('',(-0.245669291338583,0.13325330419437,-0.389771718494042));
#11472=CARTESIAN_POINT('',(-0.242716535433071,0.13325330419437,-0.389771718494042));
#11473=CARTESIAN_POINT('',(-0.251574803149606,0.0986099373547587,-0.389758894009723));
#11474=CARTESIAN_POINT('',(-0.248622047244095,0.0986099373547587,-0.389758894009723));
#11475=CARTESIAN_POINT('',(-0.245669291338583,0.0986099373547587,-0.389758894009723));
#11476=CARTESIAN_POINT('',(-0.242716535433071,0.0986099373547587,-0.389758894009723));
#11477=CARTESIAN_POINT('',(-0.251574803149606,0.029041843174883,-0.38976703653945));
#11478=CARTESIAN_POINT('',(-0.248622047244095,0.029041843174883,-0.38976703653945));
#11479=CARTESIAN_POINT('',(-0.245669291338583,0.029041843174883,-0.38976703653945));
#11480=CARTESIAN_POINT('',(-0.242716535433071,0.029041843174883,-0.38976703653945));
#11481=CARTESIAN_POINT('',(-0.251574803149606,-0.0503964847057585,-0.389811603488857));
#11482=CARTESIAN_POINT('',(-0.248622047244095,-0.0503964847057585,-0.389811603488857));
#11483=CARTESIAN_POINT('',(-0.245669291338583,-0.0503964847057585,-0.389811603488857));
#11484=CARTESIAN_POINT('',(-0.242716535433071,-0.0503964847057585,-0.389811603488857));
#11485=CARTESIAN_POINT('',(-0.251574803149606,-0.119798659616287,-0.389691229332639));
#11486=CARTESIAN_POINT('',(-0.248622047244095,-0.119798659616287,-0.389691229332639));
#11487=CARTESIAN_POINT('',(-0.245669291338583,-0.119798659616287,-0.389691229332639));
#11488=CARTESIAN_POINT('',(-0.242716535433071,-0.119798659616287,-0.389691229332639));
#11489=CARTESIAN_POINT('',(-0.251574803149607,-0.154702769959345,-0.389872604819939));
#11490=CARTESIAN_POINT('',(-0.248622047244095,-0.154702769959345,-0.389872604819939));
#11491=CARTESIAN_POINT('',(-0.245669291338583,-0.154702769959345,-0.389872604819939));
#11492=CARTESIAN_POINT('',(-0.242716535433071,-0.154702769959345,-0.389872604819939));
#11493=CARTESIAN_POINT('',(-0.251574803149607,-0.174282865726364,-0.3895461289428));
#11494=CARTESIAN_POINT('',(-0.248622047244095,-0.174282865726364,-0.3895461289428));
#11495=CARTESIAN_POINT('',(-0.245669291338583,-0.174282865726364,-0.3895461289428));
#11496=CARTESIAN_POINT('',(-0.242716535433071,-0.174282865726364,-0.3895461289428));
#11497=CARTESIAN_POINT('',(-0.251574803149607,-0.193827681271037,-0.392574885294874));
#11498=CARTESIAN_POINT('',(-0.248622047244095,-0.193827681271037,-0.392574885294874));
#11499=CARTESIAN_POINT('',(-0.245669291338583,-0.193827681271037,-0.392574885294874));
#11500=CARTESIAN_POINT('',(-0.242716535433071,-0.193827681271037,-0.392574885294874));
#11501=CARTESIAN_POINT('',(-0.251574803149607,-0.212821661402949,-0.400720634916033));
#11502=CARTESIAN_POINT('',(-0.248622047244095,-0.212821661402949,-0.400720634916033));
#11503=CARTESIAN_POINT('',(-0.245669291338583,-0.212821661402949,-0.400720634916033));
#11504=CARTESIAN_POINT('',(-0.242716535433071,-0.212821661402949,-0.400720634916033));
#11505=CARTESIAN_POINT('',(-0.251574803149607,-0.227635099104453,-0.412366158921093));
#11506=CARTESIAN_POINT('',(-0.248622047244095,-0.227635099104453,-0.412366158921093));
#11507=CARTESIAN_POINT('',(-0.245669291338583,-0.227635099104453,-0.412366158921093));
#11508=CARTESIAN_POINT('',(-0.242716535433071,-0.227635099104453,-0.412366158921093));
#11509=CARTESIAN_POINT('',(-0.251574803149607,-0.234415521783281,-0.419493889092154));
#11510=CARTESIAN_POINT('',(-0.248622047244095,-0.234415521783281,-0.419493889092154));
#11511=CARTESIAN_POINT('',(-0.245669291338583,-0.234415521783281,-0.419493889092154));
#11512=CARTESIAN_POINT('',(-0.242716535433071,-0.234415521783281,-0.419493889092154));
#11513=CARTESIAN_POINT('',(-0.251574803149607,-0.238931269630491,-0.425149328888687));
#11514=CARTESIAN_POINT('',(-0.248622047244095,-0.238931269630491,-0.425149328888687));
#11515=CARTESIAN_POINT('',(-0.245669291338583,-0.238931269630491,-0.425149328888687));
#11516=CARTESIAN_POINT('',(-0.242716535433071,-0.238931269630491,-0.425149328888687));
#11517=CARTESIAN_POINT('',(-0.251574803149607,-0.242601096812588,-0.429818348929498));
#11518=CARTESIAN_POINT('',(-0.248622047244095,-0.242601096812588,-0.429818348929498));
#11519=CARTESIAN_POINT('',(-0.245669291338583,-0.242601096812588,-0.429818348929498));
#11520=CARTESIAN_POINT('',(-0.242716535433071,-0.242601096812588,-0.429818348929498));
#11521=CARTESIAN_POINT('',(-0.251574803149607,-0.248845957262361,-0.436978005578084));
#11522=CARTESIAN_POINT('',(-0.248622047244095,-0.248845957262361,-0.436978005578084));
#11523=CARTESIAN_POINT('',(-0.245669291338583,-0.248845957262361,-0.436978005578084));
#11524=CARTESIAN_POINT('',(-0.242716535433071,-0.248845957262361,-0.436978005578084));
#11525=CARTESIAN_POINT('',(-0.251574803149606,-0.261271206706295,-0.448891464507441));
#11526=CARTESIAN_POINT('',(-0.248622047244095,-0.261271206706295,-0.448891464507441));
#11527=CARTESIAN_POINT('',(-0.245669291338583,-0.261271206706295,-0.448891464507441));
#11528=CARTESIAN_POINT('',(-0.242716535433071,-0.261271206706295,-0.448891464507441));
#11529=CARTESIAN_POINT('',(-0.251574803149606,-0.28218562273019,-0.463196676994129));
#11530=CARTESIAN_POINT('',(-0.248622047244094,-0.28218562273019,-0.463196676994129));
#11531=CARTESIAN_POINT('',(-0.245669291338583,-0.28218562273019,-0.463196676994129));
#11532=CARTESIAN_POINT('',(-0.242716535433071,-0.28218562273019,-0.463196676994129));
#11533=CARTESIAN_POINT('',(-0.251574803149606,-0.311049855117253,-0.474322675434274));
#11534=CARTESIAN_POINT('',(-0.248622047244095,-0.311049855117253,-0.474322675434274));
#11535=CARTESIAN_POINT('',(-0.245669291338583,-0.311049855117253,-0.474322675434274));
#11536=CARTESIAN_POINT('',(-0.242716535433071,-0.311049855117253,-0.474322675434274));
#11537=CARTESIAN_POINT('',(-0.251574803149606,-0.341375240968897,-0.478462700624878));
#11538=CARTESIAN_POINT('',(-0.248622047244094,-0.341375240968897,-0.478462700624878));
#11539=CARTESIAN_POINT('',(-0.245669291338583,-0.341375240968897,-0.478462700624878));
#11540=CARTESIAN_POINT('',(-0.242716535433071,-0.341375240968897,-0.478462700624878));
#11541=CARTESIAN_POINT('',(-0.251574803149606,-0.370442374634423,-0.475853259804328));
#11542=CARTESIAN_POINT('',(-0.248622047244094,-0.370442374634423,-0.475853259804328));
#11543=CARTESIAN_POINT('',(-0.245669291338583,-0.370442374634423,-0.475853259804328));
#11544=CARTESIAN_POINT('',(-0.242716535433071,-0.370442374634423,-0.475853259804328));
#11545=CARTESIAN_POINT('',(-0.251574803149606,-0.397781902923146,-0.467413055378661));
#11546=CARTESIAN_POINT('',(-0.248622047244095,-0.397781902923146,-0.467413055378661));
#11547=CARTESIAN_POINT('',(-0.245669291338583,-0.397781902923146,-0.467413055378661));
#11548=CARTESIAN_POINT('',(-0.242716535433071,-0.397781902923146,-0.467413055378661));
#11549=CARTESIAN_POINT('',(-0.251574803149606,-0.424230813154143,-0.452272732011863));
#11550=CARTESIAN_POINT('',(-0.248622047244094,-0.424230813154143,-0.452272732011863));
#11551=CARTESIAN_POINT('',(-0.245669291338583,-0.424230813154143,-0.452272732011863));
#11552=CARTESIAN_POINT('',(-0.242716535433071,-0.424230813154143,-0.452272732011863));
#11553=CARTESIAN_POINT('',(-0.251574803149606,-0.45437567943843,-0.424107336779785));
#11554=CARTESIAN_POINT('',(-0.248622047244095,-0.45437567943843,-0.424107336779785));
#11555=CARTESIAN_POINT('',(-0.245669291338583,-0.45437567943843,-0.424107336779785));
#11556=CARTESIAN_POINT('',(-0.242716535433071,-0.45437567943843,-0.424107336779785));
#11557=CARTESIAN_POINT('',(-0.251574803149606,-0.472767693925442,-0.387442162468417));
#11558=CARTESIAN_POINT('',(-0.248622047244094,-0.472767693925442,-0.387442162468417));
#11559=CARTESIAN_POINT('',(-0.245669291338583,-0.472767693925442,-0.387442162468417));
#11560=CARTESIAN_POINT('',(-0.242716535433071,-0.472767693925442,-0.387442162468417));
#11561=CARTESIAN_POINT('',(-0.251574803149606,-0.478350832552109,-0.349955166564708));
#11562=CARTESIAN_POINT('',(-0.248622047244094,-0.478350832552109,-0.349955166564708));
#11563=CARTESIAN_POINT('',(-0.245669291338583,-0.478350832552109,-0.349955166564708));
#11564=CARTESIAN_POINT('',(-0.242716535433071,-0.478350832552109,-0.349955166564708));
#11565=CARTESIAN_POINT('',(-0.251574803149606,-0.47623533658495,-0.319629899549411));
#11566=CARTESIAN_POINT('',(-0.248622047244095,-0.47623533658495,-0.319629899549411));
#11567=CARTESIAN_POINT('',(-0.245669291338583,-0.47623533658495,-0.319629899549411));
#11568=CARTESIAN_POINT('',(-0.242716535433071,-0.47623533658495,-0.319629899549411));
#11569=CARTESIAN_POINT('',(-0.251574803149606,-0.467048921905751,-0.290137952880143));
#11570=CARTESIAN_POINT('',(-0.248622047244094,-0.467048921905751,-0.290137952880143));
#11571=CARTESIAN_POINT('',(-0.245669291338583,-0.467048921905751,-0.290137952880143));
#11572=CARTESIAN_POINT('',(-0.242716535433071,-0.467048921905751,-0.290137952880143));
#11573=CARTESIAN_POINT('',(-0.251574803149606,-0.451408440098256,-0.263763660661368));
#11574=CARTESIAN_POINT('',(-0.248622047244095,-0.451408440098256,-0.263763660661368));
#11575=CARTESIAN_POINT('',(-0.245669291338583,-0.451408440098256,-0.263763660661368));
#11576=CARTESIAN_POINT('',(-0.242716535433071,-0.451408440098256,-0.263763660661368));
#11577=CARTESIAN_POINT('',(-0.251574803149607,-0.434510310523074,-0.245759665955067));
#11578=CARTESIAN_POINT('',(-0.248622047244095,-0.434510310523074,-0.245759665955067));
#11579=CARTESIAN_POINT('',(-0.245669291338583,-0.434510310523074,-0.245759665955067));
#11580=CARTESIAN_POINT('',(-0.242716535433071,-0.434510310523074,-0.245759665955067));
#11581=CARTESIAN_POINT('',(-0.251574803149607,-0.419188207304805,-0.234636633471475));
#11582=CARTESIAN_POINT('',(-0.248622047244095,-0.419188207304805,-0.234636633471475));
#11583=CARTESIAN_POINT('',(-0.245669291338583,-0.419188207304805,-0.234636633471475));
#11584=CARTESIAN_POINT('',(-0.242716535433071,-0.419188207304805,-0.234636633471475));
#11585=CARTESIAN_POINT('',(-0.251574803149606,-0.405483510009879,-0.220139917959762));
#11586=CARTESIAN_POINT('',(-0.248622047244095,-0.405483510009879,-0.220139917959762));
#11587=CARTESIAN_POINT('',(-0.245669291338583,-0.405483510009879,-0.220139917959762));
#11588=CARTESIAN_POINT('',(-0.242716535433071,-0.405483510009879,-0.220139917959762));
#11589=CARTESIAN_POINT('',(-0.251574803149607,-0.395457511292521,-0.202031211016889));
#11590=CARTESIAN_POINT('',(-0.248622047244095,-0.395457511292521,-0.202031211016889));
#11591=CARTESIAN_POINT('',(-0.245669291338583,-0.395457511292521,-0.202031211016889));
#11592=CARTESIAN_POINT('',(-0.242716535433071,-0.395457511292521,-0.202031211016889));
#11593=CARTESIAN_POINT('',(-0.251574803149607,-0.390957199964845,-0.184249629040494));
#11594=CARTESIAN_POINT('',(-0.248622047244095,-0.390957199964845,-0.184249629040494));
#11595=CARTESIAN_POINT('',(-0.245669291338583,-0.390957199964845,-0.184249629040494));
#11596=CARTESIAN_POINT('',(-0.242716535433071,-0.390957199964845,-0.184249629040494));
#11597=CARTESIAN_POINT('',(-0.251574803149606,-0.389899388725253,-0.174473885509239));
#11598=CARTESIAN_POINT('',(-0.248622047244095,-0.389899388725253,-0.174473885509239));
#11599=CARTESIAN_POINT('',(-0.245669291338583,-0.389899388725253,-0.174473885509239));
#11600=CARTESIAN_POINT('',(-0.242716535433071,-0.389899388725253,-0.174473885509239));
#11601=CARTESIAN_POINT('',(-0.251574803149606,-0.389744653601016,-0.168065526476882));
#11602=CARTESIAN_POINT('',(-0.248622047244095,-0.389744653601016,-0.168065526476882));
#11603=CARTESIAN_POINT('',(-0.245669291338583,-0.389744653601016,-0.168065526476882));
#11604=CARTESIAN_POINT('',(-0.242716535433071,-0.389744653601016,-0.168065526476882));
#11605=CARTESIAN_POINT('',(-0.251574803149606,-0.389753788120916,-0.161635657787493));
#11606=CARTESIAN_POINT('',(-0.248622047244095,-0.389753788120916,-0.161635657787493));
#11607=CARTESIAN_POINT('',(-0.245669291338583,-0.389753788120916,-0.161635657787493));
#11608=CARTESIAN_POINT('',(-0.242716535433071,-0.389753788120916,-0.161635657787493));
#11609=CARTESIAN_POINT('',(-0.251574803149606,-0.389753140167552,-0.151713875879893));
#11610=CARTESIAN_POINT('',(-0.248622047244095,-0.389753140167552,-0.151713875879893));
#11611=CARTESIAN_POINT('',(-0.245669291338583,-0.389753140167552,-0.151713875879893));
#11612=CARTESIAN_POINT('',(-0.242716535433071,-0.389753140167552,-0.151713875879893));
#11613=CARTESIAN_POINT('',(-0.251574803149606,-0.38977171849395,-0.13325330418347));
#11614=CARTESIAN_POINT('',(-0.248622047244095,-0.38977171849395,-0.13325330418347));
#11615=CARTESIAN_POINT('',(-0.245669291338583,-0.38977171849395,-0.13325330418347));
#11616=CARTESIAN_POINT('',(-0.242716535433071,-0.38977171849395,-0.13325330418347));
#11617=CARTESIAN_POINT('',(-0.251574803149606,-0.38975889400978,-0.0986099373614671));
#11618=CARTESIAN_POINT('',(-0.248622047244095,-0.38975889400978,-0.0986099373614671));
#11619=CARTESIAN_POINT('',(-0.245669291338583,-0.38975889400978,-0.0986099373614671));
#11620=CARTESIAN_POINT('',(-0.242716535433071,-0.38975889400978,-0.0986099373614671));
#11621=CARTESIAN_POINT('',(-0.251574803149606,-0.389767036539412,-0.0290418431704109));
#11622=CARTESIAN_POINT('',(-0.248622047244094,-0.389767036539412,-0.0290418431704109));
#11623=CARTESIAN_POINT('',(-0.245669291338583,-0.389767036539412,-0.0290418431704109));
#11624=CARTESIAN_POINT('',(-0.242716535433071,-0.389767036539412,-0.0290418431704109));
#11625=CARTESIAN_POINT('',(-0.251574803149606,-0.389811603489185,0.0503964847007445));
#11626=CARTESIAN_POINT('',(-0.248622047244094,-0.389811603489185,0.0503964847007445));
#11627=CARTESIAN_POINT('',(-0.245669291338583,-0.389811603489185,0.0503964847007445));
#11628=CARTESIAN_POINT('',(-0.242716535433071,-0.389811603489185,0.0503964847007445));
#11629=CARTESIAN_POINT('',(-0.251574803149606,-0.389691229332157,0.11979865962269));
#11630=CARTESIAN_POINT('',(-0.248622047244094,-0.389691229332157,0.11979865962269));
#11631=CARTESIAN_POINT('',(-0.245669291338583,-0.389691229332157,0.11979865962269));
#11632=CARTESIAN_POINT('',(-0.242716535433071,-0.389691229332157,0.11979865962269));
#11633=CARTESIAN_POINT('',(-0.251574803149606,-0.389872604820662,0.15470276994974));
#11634=CARTESIAN_POINT('',(-0.248622047244094,-0.389872604820662,0.15470276994974));
#11635=CARTESIAN_POINT('',(-0.245669291338583,-0.389872604820662,0.15470276994974));
#11636=CARTESIAN_POINT('',(-0.242716535433071,-0.389872604820662,0.15470276994974));
#11637=CARTESIAN_POINT('',(-0.251574803149606,-0.389546128941354,0.174282865745574));
#11638=CARTESIAN_POINT('',(-0.248622047244094,-0.389546128941354,0.174282865745574));
#11639=CARTESIAN_POINT('',(-0.245669291338582,-0.389546128941354,0.174282865745574));
#11640=CARTESIAN_POINT('',(-0.242716535433071,-0.389546128941354,0.174282865745574));
#11641=CARTESIAN_POINT('',(-0.251574803149606,-0.392574885315278,0.193827681361381));
#11642=CARTESIAN_POINT('',(-0.248622047244094,-0.392574885315278,0.193827681361381));
#11643=CARTESIAN_POINT('',(-0.245669291338583,-0.392574885315278,0.193827681361381));
#11644=CARTESIAN_POINT('',(-0.242716535433071,-0.392574885315278,0.193827681361381));
#11645=CARTESIAN_POINT('',(-0.251574803149606,-0.400720634976828,0.212821661509216));
#11646=CARTESIAN_POINT('',(-0.248622047244094,-0.400720634976828,0.212821661509216));
#11647=CARTESIAN_POINT('',(-0.245669291338582,-0.400720634976828,0.212821661509216));
#11648=CARTESIAN_POINT('',(-0.242716535433071,-0.400720634976828,0.212821661509216));
#11649=CARTESIAN_POINT('',(-0.251574803149606,-0.412366159000415,0.22763509919193));
#11650=CARTESIAN_POINT('',(-0.248622047244094,-0.412366159000415,0.22763509919193));
#11651=CARTESIAN_POINT('',(-0.245669291338582,-0.412366159000415,0.22763509919193));
#11652=CARTESIAN_POINT('',(-0.242716535433071,-0.412366159000415,0.22763509919193));
#11653=CARTESIAN_POINT('',(-0.251574803149606,-0.419493889172398,0.234415521854058));
#11654=CARTESIAN_POINT('',(-0.248622047244094,-0.419493889172398,0.234415521854058));
#11655=CARTESIAN_POINT('',(-0.245669291338583,-0.419493889172398,0.234415521854058));
#11656=CARTESIAN_POINT('',(-0.242716535433071,-0.419493889172398,0.234415521854058));
#11657=CARTESIAN_POINT('',(-0.251574803149606,-0.425149328965033,0.238931269686651));
#11658=CARTESIAN_POINT('',(-0.248622047244094,-0.425149328965033,0.238931269686651));
#11659=CARTESIAN_POINT('',(-0.245669291338583,-0.425149328965033,0.238931269686651));
#11660=CARTESIAN_POINT('',(-0.242716535433071,-0.425149328965033,0.238931269686651));
#11661=CARTESIAN_POINT('',(-0.251574803149606,-0.429818348997651,0.242601096863432));
#11662=CARTESIAN_POINT('',(-0.248622047244094,-0.429818348997651,0.242601096863432));
#11663=CARTESIAN_POINT('',(-0.245669291338583,-0.429818348997651,0.242601096863432));
#11664=CARTESIAN_POINT('',(-0.242716535433071,-0.429818348997651,0.242601096863432));
#11665=CARTESIAN_POINT('',(-0.251574803149606,-0.436978005635313,0.248845957321748));
#11666=CARTESIAN_POINT('',(-0.248622047244094,-0.436978005635313,0.248845957321748));
#11667=CARTESIAN_POINT('',(-0.245669291338583,-0.436978005635313,0.248845957321748));
#11668=CARTESIAN_POINT('',(-0.242716535433071,-0.436978005635313,0.248845957321748));
#11669=CARTESIAN_POINT('',(-0.251574803149606,-0.448891464591429,0.261271206803623));
#11670=CARTESIAN_POINT('',(-0.248622047244094,-0.448891464591429,0.261271206803623));
#11671=CARTESIAN_POINT('',(-0.245669291338583,-0.448891464591429,0.261271206803623));
#11672=CARTESIAN_POINT('',(-0.242716535433071,-0.448891464591429,0.261271206803623));
#11673=CARTESIAN_POINT('',(-0.251574803149606,-0.463196677060816,0.282185622858727));
#11674=CARTESIAN_POINT('',(-0.248622047244094,-0.463196677060816,0.282185622858727));
#11675=CARTESIAN_POINT('',(-0.245669291338583,-0.463196677060816,0.282185622858727));
#11676=CARTESIAN_POINT('',(-0.242716535433071,-0.463196677060816,0.282185622858727));
#11677=CARTESIAN_POINT('',(-0.251574803149606,-0.474322675464971,0.311049855246765));
#11678=CARTESIAN_POINT('',(-0.248622047244095,-0.474322675464971,0.311049855246765));
#11679=CARTESIAN_POINT('',(-0.245669291338583,-0.474322675464971,0.311049855246765));
#11680=CARTESIAN_POINT('',(-0.242716535433071,-0.474322675464971,0.311049855246765));
#11681=CARTESIAN_POINT('',(-0.251574803149606,-0.47846270061986,0.341375241054487));
#11682=CARTESIAN_POINT('',(-0.248622047244094,-0.47846270061986,0.341375241054487));
#11683=CARTESIAN_POINT('',(-0.245669291338583,-0.47846270061986,0.341375241054487));
#11684=CARTESIAN_POINT('',(-0.242716535433071,-0.47846270061986,0.341375241054487));
#11685=CARTESIAN_POINT('',(-0.251574803149606,-0.47585325980486,0.370442374606302));
#11686=CARTESIAN_POINT('',(-0.248622047244095,-0.47585325980486,0.370442374606302));
#11687=CARTESIAN_POINT('',(-0.245669291338583,-0.47585325980486,0.370442374606302));
#11688=CARTESIAN_POINT('',(-0.242716535433071,-0.47585325980486,0.370442374606302));
#11689=CARTESIAN_POINT('',(-0.251574803149606,-0.467413055393477,0.397781902888204));
#11690=CARTESIAN_POINT('',(-0.248622047244094,-0.467413055393477,0.397781902888204));
#11691=CARTESIAN_POINT('',(-0.245669291338583,-0.467413055393477,0.397781902888204));
#11692=CARTESIAN_POINT('',(-0.242716535433071,-0.467413055393477,0.397781902888204));
#11693=CARTESIAN_POINT('',(-0.251574803149606,-0.452272732047249,0.424230813103841));
#11694=CARTESIAN_POINT('',(-0.248622047244095,-0.452272732047249,0.424230813103841));
#11695=CARTESIAN_POINT('',(-0.245669291338583,-0.452272732047249,0.424230813103841));
#11696=CARTESIAN_POINT('',(-0.242716535433071,-0.452272732047249,0.424230813103841));
#11697=CARTESIAN_POINT('',(-0.251574803149606,-0.424107336846778,0.454375679386634));
#11698=CARTESIAN_POINT('',(-0.248622047244094,-0.424107336846778,0.454375679386634));
#11699=CARTESIAN_POINT('',(-0.245669291338583,-0.424107336846778,0.454375679386634));
#11700=CARTESIAN_POINT('',(-0.242716535433071,-0.424107336846778,0.454375679386634));
#11701=CARTESIAN_POINT('',(-0.251574803149606,-0.387442162506541,0.472767693902192));
#11702=CARTESIAN_POINT('',(-0.248622047244094,-0.387442162506541,0.472767693902192));
#11703=CARTESIAN_POINT('',(-0.245669291338583,-0.387442162506541,0.472767693902192));
#11704=CARTESIAN_POINT('',(-0.242716535433071,-0.387442162506541,0.472767693902192));
#11705=CARTESIAN_POINT('',(-0.251574803149606,-0.34995516676216,0.47835083253416));
#11706=CARTESIAN_POINT('',(-0.248622047244095,-0.34995516676216,0.47835083253416));
#11707=CARTESIAN_POINT('',(-0.245669291338583,-0.34995516676216,0.47835083253416));
#11708=CARTESIAN_POINT('',(-0.242716535433071,-0.34995516676216,0.47835083253416));
#11709=CARTESIAN_POINT('',(-0.251574803149606,-0.319629899808052,0.47623533663086));
#11710=CARTESIAN_POINT('',(-0.248622047244095,-0.319629899808052,0.47623533663086));
#11711=CARTESIAN_POINT('',(-0.245669291338583,-0.319629899808052,0.47623533663086));
#11712=CARTESIAN_POINT('',(-0.242716535433071,-0.319629899808052,0.47623533663086));
#11713=CARTESIAN_POINT('',(-0.251574803149606,-0.290137953147142,0.467048922024091));
#11714=CARTESIAN_POINT('',(-0.248622047244094,-0.290137953147142,0.467048922024091));
#11715=CARTESIAN_POINT('',(-0.245669291338583,-0.290137953147142,0.467048922024091));
#11716=CARTESIAN_POINT('',(-0.242716535433071,-0.290137953147142,0.467048922024091));
#11717=CARTESIAN_POINT('',(-0.251574803149606,-0.263763660885549,0.451408440273495));
#11718=CARTESIAN_POINT('',(-0.248622047244094,-0.263763660885549,0.451408440273495));
#11719=CARTESIAN_POINT('',(-0.245669291338583,-0.263763660885549,0.451408440273495));
#11720=CARTESIAN_POINT('',(-0.242716535433071,-0.263763660885549,0.451408440273495));
#11721=CARTESIAN_POINT('',(-0.251574803149606,-0.245759666054088,0.43451031064673));
#11722=CARTESIAN_POINT('',(-0.248622047244094,-0.245759666054088,0.43451031064673));
#11723=CARTESIAN_POINT('',(-0.245669291338582,-0.245759666054088,0.43451031064673));
#11724=CARTESIAN_POINT('',(-0.242716535433071,-0.245759666054088,0.43451031064673));
#11725=CARTESIAN_POINT('',(-0.251574803149606,-0.234636633626845,0.41918820748931));
#11726=CARTESIAN_POINT('',(-0.248622047244094,-0.234636633626845,0.41918820748931));
#11727=CARTESIAN_POINT('',(-0.245669291338582,-0.234636633626845,0.41918820748931));
#11728=CARTESIAN_POINT('',(-0.242716535433071,-0.234636633626845,0.41918820748931));
#11729=CARTESIAN_POINT('',(-0.251574803149606,-0.220129172312604,0.405482240951618));
#11730=CARTESIAN_POINT('',(-0.248622047244094,-0.220129172312604,0.405482240951618));
#11731=CARTESIAN_POINT('',(-0.245669291338582,-0.220129172312604,0.405482240951618));
#11732=CARTESIAN_POINT('',(-0.24271653543307,-0.220129172312604,0.405482240951618));
#11733=CARTESIAN_POINT('',(-0.251574803149606,-0.202097835271157,0.395465380232051));
#11734=CARTESIAN_POINT('',(-0.248622047244094,-0.202097835271157,0.395465380232051));
#11735=CARTESIAN_POINT('',(-0.245669291338582,-0.202097835271157,0.395465380232051));
#11736=CARTESIAN_POINT('',(-0.24271653543307,-0.202097835271157,0.395465380232051));
#11737=CARTESIAN_POINT('',(-0.251574803149606,-0.18263525717388,0.39056312590871));
#11738=CARTESIAN_POINT('',(-0.248622047244094,-0.18263525717388,0.39056312590871));
#11739=CARTESIAN_POINT('',(-0.245669291338582,-0.18263525717388,0.39056312590871));
#11740=CARTESIAN_POINT('',(-0.24271653543307,-0.18263525717388,0.39056312590871));
#11741=CARTESIAN_POINT('',(-0.251574803149606,-0.172859948879305,0.38976377952756));
#11742=CARTESIAN_POINT('',(-0.248622047244094,-0.172859948879305,0.38976377952756));
#11743=CARTESIAN_POINT('',(-0.245669291338582,-0.172859948879305,0.38976377952756));
#11744=CARTESIAN_POINT('',(-0.242716535433071,-0.172859948879305,0.38976377952756));
#11745=CARTESIAN_POINT('',(-0.251574803149606,-0.165587401751717,0.389763779527559));
#11746=CARTESIAN_POINT('',(-0.248622047244094,-0.165587401751717,0.389763779527559));
#11747=CARTESIAN_POINT('',(-0.245669291338583,-0.165587401751717,0.389763779527559));
#11748=CARTESIAN_POINT('',(-0.242716535433071,-0.165587401751717,0.389763779527559));
#11749=CARTESIAN_POINT('',(-0.242716535433071,0.424503442942896,-0.238410301312617));
#11750=CARTESIAN_POINT('',(-0.242716535433071,0.402991504408966,-0.221943777054136));
#11751=CARTESIAN_POINT('',(-0.242716535433071,0.389763779527559,-0.195160327069439));
#11752=CARTESIAN_POINT('',(-0.242716535433071,0.389763779527559,-0.168069555197034));
#11753=CARTESIAN_POINT('',(-0.242716535433071,0.168069555197034,-0.389763779527559));
#11754=CARTESIAN_POINT('',(-0.242716535433071,0.195288874939176,-0.389763779527559));
#11755=CARTESIAN_POINT('',(-0.242716535433071,0.222193632509309,-0.403124343480765));
#11756=CARTESIAN_POINT('',(-0.242716535433071,0.238644038900638,-0.424810179798165));
#11757=CARTESIAN_POINT('',(-0.242716535433071,0.168027252018105,-0.389763978124509));
#11758=CARTESIAN_POINT('',(-0.242716535433071,-0.168069555197034,-0.389763779527559));
#11759=CARTESIAN_POINT('',(-0.242716535433071,-0.0560231850656779,-0.389763779527559));
#11760=CARTESIAN_POINT('',(-0.242716535433071,0.0560231850656779,-0.389763779527559));
#11761=CARTESIAN_POINT('',(-0.242716535433071,0.168069555197034,-0.389763779527559));
#11762=CARTESIAN_POINT('',(-0.242716535433071,-0.168069993770969,-0.38974556800674));
#11763=CARTESIAN_POINT('',(-0.242716535433071,-0.238644038900638,-0.424810179798165));
#11764=CARTESIAN_POINT('',(-0.242716535433071,-0.222193632509309,-0.403124343480765));
#11765=CARTESIAN_POINT('',(-0.242716535433071,-0.195288874939176,-0.389763779527559));
#11766=CARTESIAN_POINT('',(-0.242716535433071,-0.168069555197034,-0.389763779527559));
#11767=CARTESIAN_POINT('',(-0.242716535433071,-0.238647366017996,-0.424807470019395));
#11768=CARTESIAN_POINT('',(-0.242716535433071,-0.424810181679399,-0.238644040327701));
#11769=CARTESIAN_POINT('',(-0.242716535433071,-0.454931825825511,-0.261493668924626));
#11770=CARTESIAN_POINT('',(-0.242716535433071,-0.4941214528457,-0.33424307912947));
#11771=CARTESIAN_POINT('',(-0.242716535433071,-0.450601689471102,-0.450601691356498));
#11772=CARTESIAN_POINT('',(-0.242716535433071,-0.334243076470699,-0.494121452663325));
#11773=CARTESIAN_POINT('',(-0.242716535433071,-0.261493666962281,-0.45493182435033));
#11774=CARTESIAN_POINT('',(-0.242716535433071,-0.238644038900638,-0.424810179798165));
#11775=CARTESIAN_POINT('',(-0.242716535433071,-0.424799661925826,-0.238657078702777));
#11776=CARTESIAN_POINT('',(-0.242716535433071,-0.389763779527559,-0.168069555197034));
#11777=CARTESIAN_POINT('',(-0.242716535433071,-0.389763779527559,-0.195288875726263));
#11778=CARTESIAN_POINT('',(-0.242716535433071,-0.403124344296419,-0.222193634038742));
#11779=CARTESIAN_POINT('',(-0.242716535433071,-0.424810181679399,-0.238644040327701));
#11780=CARTESIAN_POINT('',(-0.242716535433071,-0.389764090518903,-0.168049176476634));
#11781=CARTESIAN_POINT('',(-0.242716535433071,-0.389763779527559,0.168069555197034));
#11782=CARTESIAN_POINT('',(-0.242716535433071,-0.389763779527559,0.0560231850656779));
#11783=CARTESIAN_POINT('',(-0.242716535433071,-0.389763779527559,-0.0560231850656779));
#11784=CARTESIAN_POINT('',(-0.242716535433071,-0.389763779527559,-0.168069555197034));
#11785=CARTESIAN_POINT('',(-0.242716535433071,-0.389745568006564,0.168069993770973));
#11786=CARTESIAN_POINT('',(-0.242716535433071,-0.424810178115539,0.238644037624234));
#11787=CARTESIAN_POINT('',(-0.242716535433071,-0.403124342751222,0.222193631141342));
#11788=CARTESIAN_POINT('',(-0.242716535433071,-0.389763779527559,0.195288874235184));
#11789=CARTESIAN_POINT('',(-0.242716535433071,-0.389763779527559,0.168069555197034));
#11790=CARTESIAN_POINT('',(-0.242716535433071,-0.424671862460379,0.238544309412395));
#11791=CARTESIAN_POINT('',(-0.242716535433071,-0.238644038900638,0.424810179798165));
#11792=CARTESIAN_POINT('',(-0.242716535433071,-0.26149366718757,0.454931824647319));
#11793=CARTESIAN_POINT('',(-0.242716535433071,-0.334243077703899,0.494121453104326));
#11794=CARTESIAN_POINT('',(-0.242716535433071,-0.450601691511217,0.450601689824869));
#11795=CARTESIAN_POINT('',(-0.242716535433071,-0.494121452941205,0.334243075325822));
#11796=CARTESIAN_POINT('',(-0.242716535433071,-0.454931823327877,0.261493665432395));
#11797=CARTESIAN_POINT('',(-0.242716535433071,-0.424810178115539,0.238644037624234));
#11798=CARTESIAN_POINT('',(-0.242716535433071,-0.238657025898542,0.42479969974454));
#11799=CARTESIAN_POINT('',(-0.242716535433071,-0.168069555197034,0.389763779527559));
#11800=CARTESIAN_POINT('',(-0.242716535433071,-0.195288874939176,0.389763779527559));
#11801=CARTESIAN_POINT('',(-0.242716535433071,-0.222193632509308,0.403124343480765));
#11802=CARTESIAN_POINT('',(-0.242716535433071,-0.238644038900638,0.424810179798166));
#11803=CARTESIAN_POINT('',(-0.242716535433071,-0.168036833286418,0.389763779921351));
#11804=CARTESIAN_POINT('',(-0.242716535433071,0.168069555197034,0.389763779527559));
#11805=CARTESIAN_POINT('',(-0.242716535433071,0.0560231850656779,0.389763779527559));
#11806=CARTESIAN_POINT('',(-0.242716535433071,-0.0560231850656779,0.389763779527559));
#11807=CARTESIAN_POINT('',(-0.242716535433071,-0.168069555197034,0.389763779527559));
#11808=CARTESIAN_POINT('',(-0.242716535433071,0.168069985282742,0.389745567859705));
#11809=CARTESIAN_POINT('',(-0.242716535433071,0.238644038900638,0.424810179798166));
#11810=CARTESIAN_POINT('',(-0.242716535433071,0.222193632509308,0.403124343480765));
#11811=CARTESIAN_POINT('',(-0.242716535433071,0.195288874939176,0.389763779527559));
#11812=CARTESIAN_POINT('',(-0.242716535433071,0.168069555197034,0.389763779527559));
#11813=CARTESIAN_POINT('',(-0.242716535433071,0.389763779527559,0.168069555197034));
#11814=CARTESIAN_POINT('',(-0.242716535433071,0.389763779527559,0.195288875726263));
#11815=CARTESIAN_POINT('',(-0.242716535433071,0.403124344296419,0.222193634038742));
#11816=CARTESIAN_POINT('',(-0.242716535433071,0.424810181679399,0.238644040327701));
#11817=CARTESIAN_POINT('',(-0.251574803149606,0.168069555197034,0.389763779527559));
#11818=CARTESIAN_POINT('',(-0.251574803149606,0.195288874939176,0.389763779527559));
#11819=CARTESIAN_POINT('',(-0.251574803149606,0.222193632509308,0.403124343480765));
#11820=CARTESIAN_POINT('',(-0.251574803149606,0.238644038900638,0.424810179798166));
#11821=CARTESIAN_POINT('',(-0.251574803149606,0.168069986120585,0.389745567692563));
#11822=CARTESIAN_POINT('',(-0.251574803149606,-0.168069555197034,0.389763779527559));
#11823=CARTESIAN_POINT('',(-0.251574803149606,-0.0560231850656779,0.389763779527559));
#11824=CARTESIAN_POINT('',(-0.251574803149606,0.0560231850656779,0.389763779527559));
#11825=CARTESIAN_POINT('',(-0.251574803149606,0.168069555197034,0.389763779527559));
#11826=CARTESIAN_POINT('',(-0.251574803149606,-0.168033323230286,0.389763781429001));
#11827=CARTESIAN_POINT('',(-0.251574803149606,-0.238644038900638,0.424810179798166));
#11828=CARTESIAN_POINT('',(-0.251574803149606,-0.222193632509308,0.403124343480765));
#11829=CARTESIAN_POINT('',(-0.251574803149606,-0.195288874939176,0.389763779527559));
#11830=CARTESIAN_POINT('',(-0.251574803149606,-0.168069555197034,0.389763779527559));
#11831=CARTESIAN_POINT('',(-0.251574803149606,-0.238657025857834,0.424799700301884));
#11832=CARTESIAN_POINT('',(-0.251574803149606,-0.424810178115539,0.238644037624234));
#11833=CARTESIAN_POINT('',(-0.251574803149606,-0.454931823327877,0.261493665432395));
#11834=CARTESIAN_POINT('',(-0.251574803149606,-0.494121452941205,0.334243075325822));
#11835=CARTESIAN_POINT('',(-0.251574803149606,-0.450601691511217,0.450601689824869));
#11836=CARTESIAN_POINT('',(-0.251574803149606,-0.334243077703899,0.494121453104326));
#11837=CARTESIAN_POINT('',(-0.251574803149606,-0.26149366718757,0.454931824647319));
#11838=CARTESIAN_POINT('',(-0.251574803149606,-0.238644038900638,0.424810179798165));
#11839=CARTESIAN_POINT('',(-0.251574803149606,-0.424807463417865,0.238647378774102));
#11840=CARTESIAN_POINT('',(-0.251574803149606,-0.389763779527559,0.168069555197034));
#11841=CARTESIAN_POINT('',(-0.251574803149606,-0.389763779527559,0.195288874235184));
#11842=CARTESIAN_POINT('',(-0.251574803149606,-0.403124342751222,0.222193631141342));
#11843=CARTESIAN_POINT('',(-0.251574803149606,-0.424810178115539,0.238644037624234));
#11844=CARTESIAN_POINT('',(-0.251574803149606,-0.389741693966616,0.168069852400685));
#11845=CARTESIAN_POINT('',(-0.251574803149606,-0.389763779527559,-0.168069555197034));
#11846=CARTESIAN_POINT('',(-0.251574803149606,-0.389763779527559,-0.0560231850656779));
#11847=CARTESIAN_POINT('',(-0.251574803149606,-0.389763779527559,0.0560231850656779));
#11848=CARTESIAN_POINT('',(-0.251574803149606,-0.389763779527559,0.168069555197034));
#11849=CARTESIAN_POINT('',(-0.251574803149606,-0.38976423690245,-0.168069544682698));
#11850=CARTESIAN_POINT('',(-0.251574803149606,-0.424810181679399,-0.238644040327701));
#11851=CARTESIAN_POINT('',(-0.251574803149606,-0.403124344296419,-0.222193634038742));
#11852=CARTESIAN_POINT('',(-0.251574803149606,-0.389763779527559,-0.195288875726263));
#11853=CARTESIAN_POINT('',(-0.251574803149606,-0.389763779527559,-0.168069555197034));
#11854=CARTESIAN_POINT('',(-0.251574803149606,-0.424799662480645,-0.238657078662134));
#11855=CARTESIAN_POINT('',(-0.251574803149606,-0.238644038900638,-0.424810179798165));
#11856=CARTESIAN_POINT('',(-0.251574803149606,-0.261493666962281,-0.45493182435033));
#11857=CARTESIAN_POINT('',(-0.251574803149606,-0.334243076470699,-0.494121452663325));
#11858=CARTESIAN_POINT('',(-0.251574803149606,-0.450601689471102,-0.450601691356498));
#11859=CARTESIAN_POINT('',(-0.251574803149606,-0.4941214528457,-0.33424307912947));
#11860=CARTESIAN_POINT('',(-0.251574803149606,-0.454931825825511,-0.261493668924626));
#11861=CARTESIAN_POINT('',(-0.251574803149606,-0.424810181679399,-0.238644040327701));
#11862=CARTESIAN_POINT('',(-0.251574803149606,-0.238647380071263,-0.424807465083653));
#11863=CARTESIAN_POINT('',(-0.251574803149606,-0.168069555197034,-0.389763779527559));
#11864=CARTESIAN_POINT('',(-0.251574803149606,-0.195288874939176,-0.389763779527559));
#11865=CARTESIAN_POINT('',(-0.251574803149606,-0.222193632509309,-0.403124343480765));
#11866=CARTESIAN_POINT('',(-0.251574803149606,-0.238644038900638,-0.424810179798165));
#11867=CARTESIAN_POINT('',(-0.251574803149606,-0.16806999456298,-0.389745567884794));
#11868=CARTESIAN_POINT('',(-0.251574803149606,0.168069555197034,-0.389763779527559));
#11869=CARTESIAN_POINT('',(-0.251574803149606,0.0560231850656779,-0.389763779527559));
#11870=CARTESIAN_POINT('',(-0.251574803149606,-0.0560231850656779,-0.389763779527559));
#11871=CARTESIAN_POINT('',(-0.251574803149606,-0.168069555197034,-0.389763779527559));
#11872=CARTESIAN_POINT('',(-0.251574803149606,0.168049249919029,-0.38976401095733));
#11873=CARTESIAN_POINT('',(-0.251574803149606,0.238644038900638,-0.424810179798165));
#11874=CARTESIAN_POINT('',(-0.251574803149606,0.222193632509309,-0.403124343480765));
#11875=CARTESIAN_POINT('',(-0.251574803149606,0.195288874939176,-0.389763779527559));
#11876=CARTESIAN_POINT('',(-0.251574803149606,0.168069555197034,-0.389763779527559));
#11877=CARTESIAN_POINT('',(0.411023622047244,0.478346456692913,0.168069555197034));
#11878=CARTESIAN_POINT('',(0.411023622047244,0.389763779527559,0.168069555197034));
#11879=CARTESIAN_POINT('',(0.137308361017434,0.389763779527559,0.168069555197034));
#11880=CARTESIAN_POINT('',(0.0555314384865195,0.389763779527559,0.168069555197034));
#11881=CARTESIAN_POINT('',(0.0555314384865195,0.389763779527559,0.168069555197034));
#11882=CARTESIAN_POINT('',(0.0197997751523724,0.389763779527559,0.181914469331929));
#11883=CARTESIAN_POINT('',(-0.0197927506253342,0.389763779527558,0.181917191118843));
#11884=CARTESIAN_POINT('',(-0.0555314384865194,0.389763779527558,0.168069555197034));
#11885=CARTESIAN_POINT('',(0.411023622047244,0.389763779527559,0.168069555197034));
#11886=CARTESIAN_POINT('',(0.411023622047244,-0.478346456692913,0.168069555197034));
#11887=CARTESIAN_POINT('',(0.411023622047244,-0.424810178115539,0.238644037624234));
#11888=CARTESIAN_POINT('',(-0.379523622047244,-0.424810178115539,0.238644037624234));
#11889=CARTESIAN_POINT('',(-0.379523622047244,-0.478346456692913,0.168069555197034));
#11890=CARTESIAN_POINT('',(-0.379523622047244,-0.389763779527559,0.168069555197034));
#11891=CARTESIAN_POINT('',(0.411023622047244,-0.389763779527559,0.168069555197034));
#11892=CARTESIAN_POINT('',(0.411023622047244,-0.389763779527559,0.168069555197034));
#11893=CARTESIAN_POINT('',(-0.379523622047244,-0.389763779527559,0.168069555197034));
#11894=CARTESIAN_POINT('',(-0.379523622047244,-0.389763779527559,-0.168069555197034));
#11895=CARTESIAN_POINT('',(0.411023622047244,-0.389763779527559,-0.168069555197034));
#11896=CARTESIAN_POINT('',(0.411023622047244,-0.478346456692913,0.168069555197034));
#11897=CARTESIAN_POINT('',(0.411023622047244,-0.389763779527559,0.168069555197034));
#11898=CARTESIAN_POINT('',(0.411023622047244,-0.424810178115539,0.238644037624234));
#11899=CARTESIAN_POINT('',(-1.29685039370079,-1.91929395604876E-14,3.31304865431634E-14));
#11900=CARTESIAN_POINT('',(-1.29685039370079,0.150885322982504,0.234721946603847));
#11901=CARTESIAN_POINT('',(0.646469947362742,0.150885322982514,0.23472194660383));
#11902=CARTESIAN_POINT('',(0.441790157480315,0.150885322982504,0.234721946603847));
#11903=CARTESIAN_POINT('',(0.441790157480315,-1.91929395604876E-14,3.31304865431634E-14));
#11904=CARTESIAN_POINT('',(0.441790157480315,0.127832507093421,0.248031496062992));
#11905=CARTESIAN_POINT('',(-1.29685039370079,0.127832507093421,0.248031496062992));
#11906=CARTESIAN_POINT('',(0.646469947362735,0.127832507093419,0.248031496062992));
#11907=CARTESIAN_POINT('',(0.646469947362747,0.,0.));
#11908=CARTESIAN_POINT('',(-1.29685039370079,0.278717830075942,0.0133095494591044));
#11909=CARTESIAN_POINT('',(-1.29685039370079,0.27871783007588,0.0133095494592115));
#11910=CARTESIAN_POINT('',(0.646469947362742,0.278717830075909,0.0133095494591618));
#11911=CARTESIAN_POINT('',(0.441790157480315,0.27871783007588,0.0133095494592115));
#11912=CARTESIAN_POINT('',(0.441790157480315,0.278717830075942,0.0133095494591044));
#11913=CARTESIAN_POINT('',(0.664370078740158,0.214801576529211,0.124015748031496));
#11914=CARTESIAN_POINT('',(0.664370078740158,0.193078405389157,0.161641384147583));
#11915=CARTESIAN_POINT('',(0.657550981072558,0.171832666581818,0.198440083206233));
#11916=CARTESIAN_POINT('',(0.646469947362724,0.150885322982481,0.234721946603888));
#11917=CARTESIAN_POINT('',(0.664370078740158,0.214801576529211,0.124015748031496));
#11918=CARTESIAN_POINT('',(0.646469947362726,0.278717830075937,0.0133095494591121));
#11919=CARTESIAN_POINT('',(0.65755098107256,0.2577704864766,0.0495914128567678));
#11920=CARTESIAN_POINT('',(0.664370078740158,0.236524747669265,0.0863901119154092));
#11921=CARTESIAN_POINT('',(0.664370078740158,0.214801576529211,0.124015748031496));
#11922=CARTESIAN_POINT('',(-1.29685039370079,-1.91929395604876E-14,3.31304865431634E-14));
#11923=CARTESIAN_POINT('',(-1.29685039370079,0.278717830075876,-0.0133095494592179));
#11924=CARTESIAN_POINT('',(0.646469947362736,0.278717830075908,-0.0133095494591635));
#11925=CARTESIAN_POINT('',(0.441790157480315,0.278717830075876,-0.0133095494592179));
#11926=CARTESIAN_POINT('',(0.441790157480315,-1.91929395604876E-14,3.31304865431634E-14));
#11927=CARTESIAN_POINT('',(0.646469947362747,0.,0.));
#11928=CARTESIAN_POINT('',(0.635729868536264,0.,0.));
#11929=CARTESIAN_POINT('',(0.664370078740158,0.,0.));
#11930=CARTESIAN_POINT('',(0.664370078740158,0.,0.248031496062992));
#11931=CARTESIAN_POINT('',(0.664370078740158,0.,0.248031496062992));
#11932=CARTESIAN_POINT('',(0.664370078740158,0.0434463422801158,0.248031496062992));
#11933=CARTESIAN_POINT('',(0.65755098107256,0.0859378198947781,0.248031496062992));
#11934=CARTESIAN_POINT('',(0.646469947362724,0.127832507093461,0.248031496062992));
#11935=CARTESIAN_POINT('',(0.635729868536264,0.,0.));
#11936=CARTESIAN_POINT('',(0.664370078740158,0.,0.));
#11937=CARTESIAN_POINT('',(0.664370078740158,0.214801576529211,-0.124015748031496));
#11938=CARTESIAN_POINT('',(0.664370078740158,0.214801576529211,-0.124015748031496));
#11939=CARTESIAN_POINT('',(0.664370078740158,0.236524747669265,-0.0863901119154097));
#11940=CARTESIAN_POINT('',(0.657550981072559,0.257770486476602,-0.0495914128567643));
#11941=CARTESIAN_POINT('',(0.646469947362726,0.278717830075939,-0.013309549459109));
#11942=CARTESIAN_POINT('',(0.635729868536264,0.,0.));
#11943=CARTESIAN_POINT('',(0.646469947362747,0.,0.));
#11944=CARTESIAN_POINT('',(0.646469947362747,0.150885322982502,-0.234721946603851));
#11945=CARTESIAN_POINT('',(0.646469947362736,0.127832507093458,-0.248031496062992));
#11946=CARTESIAN_POINT('',(0.646469947362726,0.150885322982485,-0.23472194660388));
#11947=CARTESIAN_POINT('',(0.657550981072562,0.171832666581827,-0.198440083206218));
#11948=CARTESIAN_POINT('',(0.664370078740158,0.193078405389154,-0.16164138414759));
#11949=CARTESIAN_POINT('',(0.664370078740158,0.214801576529211,-0.124015748031496));
#11950=CARTESIAN_POINT('',(0.664370078740158,0.,0.));
#11951=CARTESIAN_POINT('',(0.664370078740158,5.1181209152023E-32,-0.248031496062992));
#11952=CARTESIAN_POINT('',(0.664370078740159,0.,-0.248031496062992));
#11953=CARTESIAN_POINT('',(0.664370078740159,0.043446342280129,-0.248031496062992));
#11954=CARTESIAN_POINT('',(0.657550981072565,0.0859378198947596,-0.248031496062992));
#11955=CARTESIAN_POINT('',(0.646469947362726,0.127832507093456,-0.248031496062992));
#11956=CARTESIAN_POINT('',(0.635729868536264,0.,0.));
#11957=CARTESIAN_POINT('',(0.646469947362747,0.,0.));
#11958=CARTESIAN_POINT('',(0.646469947362735,-0.127832507093419,-0.248031496062992));
#11959=CARTESIAN_POINT('',(0.646469947362735,-0.150885322982481,-0.234721946603888));
#11960=CARTESIAN_POINT('',(0.646469947362724,-0.127832507093462,-0.248031496062992));
#11961=CARTESIAN_POINT('',(0.65755098107256,-0.0859378198947784,-0.248031496062992));
#11962=CARTESIAN_POINT('',(0.664370078740158,-0.0434463422801159,-0.248031496062992));
#11963=CARTESIAN_POINT('',(0.664370078740158,5.10784037698942E-17,-0.248031496062992));
#11964=CARTESIAN_POINT('',(0.664370078740158,0.,0.));
#11965=CARTESIAN_POINT('',(0.664370078740158,-0.214801576529211,-0.124015748031496));
#11966=CARTESIAN_POINT('',(0.664370078740158,-0.214801576529211,-0.124015748031496));
#11967=CARTESIAN_POINT('',(0.664370078740158,-0.193078405389146,-0.161641384147603));
#11968=CARTESIAN_POINT('',(0.657550981072564,-0.171832666581829,-0.198440083206214));
#11969=CARTESIAN_POINT('',(0.646469947362724,-0.150885322982481,-0.234721946603888));
#11970=CARTESIAN_POINT('',(0.635729868536264,0.,0.));
#11971=CARTESIAN_POINT('',(0.646469947362747,0.,0.));
#11972=CARTESIAN_POINT('',(0.646469947362747,-0.27871783007592,-0.0133095494591412));
#11973=CARTESIAN_POINT('',(0.646469947362736,-0.27871783007594,0.0133095494591067));
#11974=CARTESIAN_POINT('',(0.646469947362726,-0.278717830075938,-0.0133095494591116));
#11975=CARTESIAN_POINT('',(0.657550981072562,-0.257770486476596,-0.0495914128567736));
#11976=CARTESIAN_POINT('',(0.664370078740158,-0.236524747669269,-0.0863901119154026));
#11977=CARTESIAN_POINT('',(0.664370078740158,-0.214801576529211,-0.124015748031496));
#11978=CARTESIAN_POINT('',(0.664370078740158,0.,0.));
#11979=CARTESIAN_POINT('',(0.664370078740158,-0.214801576529211,0.124015748031496));
#11980=CARTESIAN_POINT('',(0.664370078740158,-0.214801576529211,0.124015748031496));
#11981=CARTESIAN_POINT('',(0.664370078740158,-0.236524747669276,0.0863901119153907));
#11982=CARTESIAN_POINT('',(0.657550981072565,-0.257770486476591,0.0495914128567825));
#11983=CARTESIAN_POINT('',(0.646469947362726,-0.278717830075939,0.013309549459109));
#11984=CARTESIAN_POINT('',(0.664370078740158,0.248031496062992,0.));
#11985=CARTESIAN_POINT('',(0.664370078740158,0.,6.93889390390723E-16));
#11986=CARTESIAN_POINT('',(0.664370078740158,0.0346270659617812,-0.152364788592635));
#11987=CARTESIAN_POINT('',(0.664370078740158,-0.0345650871877901,-0.152378860895139));
#11988=CARTESIAN_POINT('',(0.664370078740158,-0.0345650871877903,-0.152378860895137));
#11989=CARTESIAN_POINT('',(0.664370078740158,-0.0864262133134294,-0.146265047819897));
#11990=CARTESIAN_POINT('',(0.664370078740157,-0.181840528225116,-0.0783681369392668));
#11991=CARTESIAN_POINT('',(0.664370078740158,-0.186461208585994,0.036434156298468));
#11992=CARTESIAN_POINT('',(0.664370078740158,-0.166922522421316,0.0853997746396634));
#11993=CARTESIAN_POINT('',(0.664370078740158,-0.166922522421316,0.0853997746396639));
#11994=CARTESIAN_POINT('',(0.664370078740158,0.,6.93889390390723E-16));
#11995=CARTESIAN_POINT('',(0.664370078740157,0.166922522421296,0.085399774639704));
#11996=CARTESIAN_POINT('',(0.664370078740157,0.166922522421296,0.0853997746397041));
#11997=CARTESIAN_POINT('',(0.664370078740157,0.186317947855288,0.036793179940302));
#11998=CARTESIAN_POINT('',(0.664370078740157,0.181840415394808,-0.078484371462943));
#11999=CARTESIAN_POINT('',(0.664370078740158,0.0866664450156333,-0.146184818204254));
#12000=CARTESIAN_POINT('',(0.664370078740158,0.0346270659617822,-0.152364788592635));
#12001=CARTESIAN_POINT('',(0.664370078740158,0.,0.));
#12002=CARTESIAN_POINT('',(-0.441385823765383,0.344505764456045,-0.344505764456045));
#12003=CARTESIAN_POINT('',(-0.411023623133445,0.316981221099769,-0.241831900820897));
#12004=CARTESIAN_POINT('',(-0.411027471217737,0.295224338792965,-0.247661639864824));
#12005=CARTESIAN_POINT('',(-0.421519213285153,0.275283887611555,-0.253004667655595));
#12006=CARTESIAN_POINT('',(-0.434508865880624,0.257712822068745,-0.257712820477945));
#12007=CARTESIAN_POINT('',(-0.411023623133445,0.316981221099769,-0.241831900820897));
#12008=CARTESIAN_POINT('',(-0.434508865916306,0.257712821255817,-0.25771282125554));
#12009=CARTESIAN_POINT('',(-0.434508866096776,0.25771282097667,-0.257712822283709));
#12010=CARTESIAN_POINT('',(-0.421518316529664,0.253004343056604,-0.275285101107712));
#12011=CARTESIAN_POINT('',(-0.411019774025485,0.247656653169629,-0.295242949392792));
#12012=CARTESIAN_POINT('',(-0.411023623133429,0.241825318590415,-0.317005786318354));
#12013=CARTESIAN_POINT('',(-0.411023623133429,0.241825318590415,-0.317005786318354));
#12014=CARTESIAN_POINT('',(-0.411023622047244,0.344505764456045,-0.344505764456045));
#12015=CARTESIAN_POINT('',(-0.441385823765383,0.344505764456045,0.344505764456045));
#12016=CARTESIAN_POINT('',(-0.411023623133443,0.316981221099769,0.447179628091191));
#12017=CARTESIAN_POINT('',(-0.411027471217735,0.295224338792964,0.441349889047264));
#12018=CARTESIAN_POINT('',(-0.421519213285151,0.275283887611554,0.436006861256493));
#12019=CARTESIAN_POINT('',(-0.434508865880623,0.257712822068745,0.431298708434143));
#12020=CARTESIAN_POINT('',(-0.411023623133443,0.316981221099769,0.447179628091191));
#12021=CARTESIAN_POINT('',(-0.434508865916305,0.257712821255816,0.431298707656548));
#12022=CARTESIAN_POINT('',(-0.434508866096775,0.25771282097667,0.431298706628381));
#12023=CARTESIAN_POINT('',(-0.421518316529663,0.253004343056604,0.413726427804377));
#12024=CARTESIAN_POINT('',(-0.411019774025484,0.247656653169629,0.393768579519296));
#12025=CARTESIAN_POINT('',(-0.411023623133428,0.241825318590415,0.372005742593734));
#12026=CARTESIAN_POINT('',(-0.411023623133428,0.241825318590415,0.372005742593734));
#12027=CARTESIAN_POINT('',(-0.411023622047244,0.344505764456045,0.344505764456045));
#12028=CARTESIAN_POINT('',(-0.411023622047244,0.25981638401172,0.408749296729742));
#12029=CARTESIAN_POINT('',(-0.411023622047244,0.344505764456045,0.344505764456045));
#12030=CARTESIAN_POINT('',(0.605905511811024,-0.257712820814121,0.257712820814121));
#12031=CARTESIAN_POINT('',(0.605905511811024,-0.225944398571946,0.376274186698219));
#12032=CARTESIAN_POINT('',(-0.434508866362134,-0.225944398733596,0.376274186094933));
#12033=CARTESIAN_POINT('',(-0.476121055343535,-0.225944399175175,0.376274186536789));
#12034=CARTESIAN_POINT('',(-0.411023623133429,-0.241825318590415,0.317005786318355));
#12035=CARTESIAN_POINT('',(-0.411027471188208,-0.235995579537779,0.338762668657659));
#12036=CARTESIAN_POINT('',(-0.42151921326621,-0.230652551737337,0.358703119875163));
#12037=CARTESIAN_POINT('',(-0.434508865880626,-0.22594439890812,0.376274185443598));
#12038=CARTESIAN_POINT('',(-0.411023623133429,-0.241825318590415,0.317005786318355));
#12039=CARTESIAN_POINT('',(-0.434508866096777,-0.25771282097667,0.257712822283709));
#12040=CARTESIAN_POINT('',(-0.421518316529664,-0.253004343056604,0.275285101107712));
#12041=CARTESIAN_POINT('',(-0.411019774025485,-0.247656653169629,0.295242949392792));
#12042=CARTESIAN_POINT('',(-0.411023623133429,-0.241825318590415,0.317005786318355));
#12043=CARTESIAN_POINT('',(-0.434508865916306,-0.257712821255817,0.25771282125554));
#12044=CARTESIAN_POINT('',(0.605905511811024,-0.257712820814121,0.257712820814121));
#12045=CARTESIAN_POINT('',(-0.476121055343536,-0.25771282125554,0.257712821255817));
#12046=CARTESIAN_POINT('',(-0.499606298126412,-0.241831900796153,0.316981221192113));
#12047=CARTESIAN_POINT('',(-0.499602450071046,-0.247661639848615,0.295224338853456));
#12048=CARTESIAN_POINT('',(-0.489110707993256,-0.253004667648865,0.275283887636671));
#12049=CARTESIAN_POINT('',(-0.476121055379218,-0.257712820477945,0.257712822068746));
#12050=CARTESIAN_POINT('',(-0.499606298126412,-0.241831900796153,0.316981221192113));
#12051=CARTESIAN_POINT('',(-0.476121055163063,-0.225944399447512,0.376274185506797));
#12052=CARTESIAN_POINT('',(-0.48911160473056,-0.230652877367717,0.358701906682275));
#12053=CARTESIAN_POINT('',(-0.499610147234943,-0.236000566216764,0.338744058118328));
#12054=CARTESIAN_POINT('',(-0.499606298126412,-0.241831900796153,0.316981221192113));
#12055=CARTESIAN_POINT('',(-0.499606299212598,-0.344505764456045,0.344505764456045));
#12056=CARTESIAN_POINT('',(-0.499606299212598,0.344505764456045,0.344505764456045));
#12057=CARTESIAN_POINT('',(-0.499606298112922,0.37200566654721,0.24182529821381));
#12058=CARTESIAN_POINT('',(-0.499606298126415,0.447179628115934,0.316981221192107));
#12059=CARTESIAN_POINT('',(-0.499606299212598,0.344505764456045,0.344505764456045));
#12060=CARTESIAN_POINT('',(-0.499606298126412,0.269331878935988,0.269349861849826));
#12061=CARTESIAN_POINT('',(-0.499606299212598,0.344505764456045,0.344505764456045));
#12062=CARTESIAN_POINT('',(-0.499606298126413,0.241831900796152,0.372030307719971));
#12063=CARTESIAN_POINT('',(-0.499606299212598,0.344505764456045,0.344505764456045));
#12064=CARTESIAN_POINT('',(-0.499606298112924,0.317005862362012,0.44718623069751));
#12065=CARTESIAN_POINT('',(-0.499606299212598,0.344505764456045,0.344505764456045));
#12066=CARTESIAN_POINT('',(-0.499606298126416,0.419679649976098,0.419661667062265));
#12067=CARTESIAN_POINT('',(-0.499606299212598,0.344505764456045,0.344505764456045));
#12068=CARTESIAN_POINT('',(-0.499606299212598,0.344505764456045,0.344505764456045));
#12069=CARTESIAN_POINT('',(-0.476121055163067,0.43129870662838,0.25771282097667));
#12070=CARTESIAN_POINT('',(-0.489111620296435,0.413726406747947,0.253004337414551));
#12071=CARTESIAN_POINT('',(-0.49961017105702,0.393768529901874,0.247656639874681));
#12072=CARTESIAN_POINT('',(-0.499606298112922,0.37200566654721,0.24182529821381));
#12073=CARTESIAN_POINT('',(-0.476121055343537,0.431298707656549,0.257712821255817));
#12074=CARTESIAN_POINT('',(-0.499606298126415,0.447179628115934,0.316981221192107));
#12075=CARTESIAN_POINT('',(-0.499602450071047,0.441349889063472,0.295224338853452));
#12076=CARTESIAN_POINT('',(-0.489110707993257,0.436006861263223,0.275283887636669));
#12077=CARTESIAN_POINT('',(-0.476121055379219,0.431298708434143,0.257712822068745));
#12078=CARTESIAN_POINT('',(-0.499606299212598,0.344505764456045,0.344505764456045));
#12079=CARTESIAN_POINT('',(-0.499606298126412,0.269331878935988,0.269349861849826));
#12080=CARTESIAN_POINT('',(-0.499602450072765,0.253404735648407,0.285277005137407));
#12081=CARTESIAN_POINT('',(-0.489110707994359,0.238807312230332,0.299874428555482));
#12082=CARTESIAN_POINT('',(-0.476121055379217,0.225944399490394,0.31273734129542));
#12083=CARTESIAN_POINT('',(-0.476121055343534,0.225944399175175,0.3127373423753));
#12084=CARTESIAN_POINT('',(-0.476121055163063,0.225944399447512,0.312737343405292));
#12085=CARTESIAN_POINT('',(-0.489111604730559,0.230652877367717,0.330309622229813));
#12086=CARTESIAN_POINT('',(-0.499610147234942,0.236000566216763,0.350267470793758));
#12087=CARTESIAN_POINT('',(-0.499606298126413,0.241831900796152,0.372030307719971));
#12088=CARTESIAN_POINT('',(-0.499606299212598,0.344505764456045,0.344505764456045));
#12089=CARTESIAN_POINT('',(-0.499606298126416,0.419679649976098,0.419661667062265));
#12090=CARTESIAN_POINT('',(-0.49960245007277,0.43560679326368,0.403734523774683));
#12091=CARTESIAN_POINT('',(-0.489110707994363,0.450204216681756,0.389137100356607));
#12092=CARTESIAN_POINT('',(-0.47612105537922,0.463067129421694,0.376274187616668));
#12093=CARTESIAN_POINT('',(-0.476121055343537,0.463067129736914,0.376274186536789));
#12094=CARTESIAN_POINT('',(-0.476121055163065,0.463067129464577,0.376274185506799));
#12095=CARTESIAN_POINT('',(-0.489111604730563,0.458358651544371,0.358701906682274));
#12096=CARTESIAN_POINT('',(-0.499610147234948,0.453010962695324,0.338744058118324));
#12097=CARTESIAN_POINT('',(-0.499606298126415,0.447179628115934,0.316981221192107));
#12098=CARTESIAN_POINT('',(0.605905511811024,0.257712820814121,0.431298708097968));
#12099=CARTESIAN_POINT('',(0.605905511811024,0.225944398571945,0.312737342213869));
#12100=CARTESIAN_POINT('',(-0.434508866362295,0.225944399013423,0.312737341772391));
#12101=CARTESIAN_POINT('',(-0.411023623133428,0.241825318590415,0.372005742593734));
#12102=CARTESIAN_POINT('',(-0.411027471188208,0.235995579537779,0.350248860254429));
#12103=CARTESIAN_POINT('',(-0.421519213266211,0.230652551737337,0.330308409036925));
#12104=CARTESIAN_POINT('',(-0.434508865880627,0.22594439890812,0.31273734346849));
#12105=CARTESIAN_POINT('',(0.605905511811024,0.257712820814121,0.431298708097967));
#12106=CARTESIAN_POINT('',(-0.476121055343537,0.25771282125554,0.431298707656271));
#12107=CARTESIAN_POINT('',(-0.499606298126413,0.241831900796152,0.372030307719971));
#12108=CARTESIAN_POINT('',(-0.499602450071049,0.247661639848614,0.393787190058629));
#12109=CARTESIAN_POINT('',(-0.489110707993258,0.253004667648865,0.413727641275417));
#12110=CARTESIAN_POINT('',(-0.476121055379219,0.257712820477945,0.431298706843343));
#12111=CARTESIAN_POINT('',(0.605905511811024,0.225944398571946,0.312737342213868));
#12112=CARTESIAN_POINT('',(0.605905511811024,0.312737342213869,0.225944398571945));
#12113=CARTESIAN_POINT('',(-0.434508866362296,0.312737342816938,0.225944398733537));
#12114=CARTESIAN_POINT('',(-0.476121054897545,0.312737341772392,0.225944399013422));
#12115=CARTESIAN_POINT('',(-0.41102362313343,0.269349861852443,0.269331878933371));
#12116=CARTESIAN_POINT('',(-0.411027471188197,0.285277005139115,0.253404735646699));
#12117=CARTESIAN_POINT('',(-0.421519213266194,0.299874428556183,0.238807312229631));
#12118=CARTESIAN_POINT('',(-0.43450886588061,0.312737341295406,0.225944399490408));
#12119=CARTESIAN_POINT('',(-0.41102362313343,0.269349861852443,0.269331878933371));
#12120=CARTESIAN_POINT('',(-0.434508866096777,0.22594439992592,0.312737341619846));
#12121=CARTESIAN_POINT('',(-0.421518316529673,0.238808200829849,0.299873540715918));
#12122=CARTESIAN_POINT('',(-0.411019774025499,0.253418359506106,0.285263381279708));
#12123=CARTESIAN_POINT('',(-0.41102362313343,0.269349861852443,0.269331878933371));
#12124=CARTESIAN_POINT('',(-0.476121055163114,0.312737341619767,0.225944399925786));
#12125=CARTESIAN_POINT('',(-0.489111604729486,0.299873540716555,0.238808200828999));
#12126=CARTESIAN_POINT('',(-0.499610147233223,0.285263381281416,0.253418359504398));
#12127=CARTESIAN_POINT('',(-0.499606298126412,0.269331878935988,0.269349861849826));
#12128=CARTESIAN_POINT('',(0.605905511811024,0.463067130340143,0.37627418669822));
#12129=CARTESIAN_POINT('',(0.605905511811024,0.37627418669822,0.463067130340143));
#12130=CARTESIAN_POINT('',(-0.434508866362124,0.376274187139864,0.463067129898499));
#12131=CARTESIAN_POINT('',(-0.476121055343412,0.376274186536579,0.463067129737061));
#12132=CARTESIAN_POINT('',(-0.411023623133426,0.419661667059646,0.419679649978717));
#12133=CARTESIAN_POINT('',(-0.411027471188193,0.403734523772973,0.435606793265389));
#12134=CARTESIAN_POINT('',(-0.421519213266191,0.389137100355905,0.450204216682458));
#12135=CARTESIAN_POINT('',(-0.434508865880608,0.376274187616682,0.46306712942168));
#12136=CARTESIAN_POINT('',(-0.411023623133426,0.419661667059646,0.419679649978717));
#12137=CARTESIAN_POINT('',(-0.434508866096775,0.463067128986169,0.376274187292241));
#12138=CARTESIAN_POINT('',(-0.42151831652967,0.45020332808224,0.38913798819617));
#12139=CARTESIAN_POINT('',(-0.411019774025496,0.435593169405983,0.40374814763238));
#12140=CARTESIAN_POINT('',(-0.411023623133426,0.419661667059646,0.419679649978717));
#12141=CARTESIAN_POINT('',(-0.434508865916305,0.463067129737016,0.376274186536411));
#12142=CARTESIAN_POINT('',(0.605905511811024,0.463067130340143,0.37627418669822));
#12143=CARTESIAN_POINT('',(-0.476121055163116,0.37627418729232,0.463067128986303));
#12144=CARTESIAN_POINT('',(-0.489111604729489,0.389137988195532,0.450203328083091));
#12145=CARTESIAN_POINT('',(-0.499610147233226,0.403748147630671,0.435593169407692));
#12146=CARTESIAN_POINT('',(-0.499606298126416,0.419679649976098,0.419661667062265));
#12147=CARTESIAN_POINT('',(-0.499606299212598,-0.344505764456045,0.344505764456045));
#12148=CARTESIAN_POINT('',(-0.499606299212598,0.344505764456045,-0.344505764456045));
#12149=CARTESIAN_POINT('',(-0.499606298112925,0.372005666547216,-0.447186230698276));
#12150=CARTESIAN_POINT('',(-0.499606298126415,0.447179628115933,-0.372030307719982));
#12151=CARTESIAN_POINT('',(-0.499606299212598,0.344505764456045,-0.344505764456045));
#12152=CARTESIAN_POINT('',(-0.499606298126414,0.26933187893599,-0.419661667062264));
#12153=CARTESIAN_POINT('',(-0.499606299212598,0.344505764456045,-0.344505764456045));
#12154=CARTESIAN_POINT('',(-0.499606298126412,0.241831900796153,-0.316981221192114));
#12155=CARTESIAN_POINT('',(-0.499606299212598,0.344505764456045,-0.344505764456045));
#12156=CARTESIAN_POINT('',(-0.499606298112922,0.317005862364875,-0.241825298213811));
#12157=CARTESIAN_POINT('',(-0.499606299212598,0.344505764456045,-0.344505764456045));
#12158=CARTESIAN_POINT('',(-0.499606298126414,0.419679649976101,-0.269349861849827));
#12159=CARTESIAN_POINT('',(-0.499606299212598,0.344505764456045,-0.344505764456045));
#12160=CARTESIAN_POINT('',(-0.499606299212598,0.344505764456045,-0.344505764456045));
#12161=CARTESIAN_POINT('',(-0.476121055163068,0.431298706628381,-0.431298707935418));
#12162=CARTESIAN_POINT('',(-0.489111620296436,0.41372640674795,-0.436007191497537));
#12163=CARTESIAN_POINT('',(-0.499610171057021,0.393768529901879,-0.441354889037405));
#12164=CARTESIAN_POINT('',(-0.499606298112925,0.372005666547216,-0.447186230698276));
#12165=CARTESIAN_POINT('',(-0.476121055343539,0.431298707656549,-0.431298707656272));
#12166=CARTESIAN_POINT('',(-0.499606298126415,0.447179628115933,-0.372030307719982));
#12167=CARTESIAN_POINT('',(-0.499602450071047,0.441349889063472,-0.393787190058637));
#12168=CARTESIAN_POINT('',(-0.489110707993258,0.436006861263223,-0.41372764127542));
#12169=CARTESIAN_POINT('',(-0.476121055379221,0.431298708434143,-0.431298706843344));
#12170=CARTESIAN_POINT('',(-0.499606299212598,0.344505764456045,-0.344505764456045));
#12171=CARTESIAN_POINT('',(-0.499606298126414,0.26933187893599,-0.419661667062265));
#12172=CARTESIAN_POINT('',(-0.499602450072768,0.253404735648408,-0.403734523774683));
#12173=CARTESIAN_POINT('',(-0.489110707994361,0.238807312230333,-0.389137100356607));
#12174=CARTESIAN_POINT('',(-0.476121055379218,0.225944399490394,-0.376274187616669));
#12175=CARTESIAN_POINT('',(-0.476121055343535,0.225944399175175,-0.376274186536789));
#12176=CARTESIAN_POINT('',(-0.476121055163063,0.225944399447511,-0.376274185506797));
#12177=CARTESIAN_POINT('',(-0.48911160473056,0.230652877367717,-0.358701906682275));
#12178=CARTESIAN_POINT('',(-0.499610147234943,0.236000566216764,-0.338744058118328));
#12179=CARTESIAN_POINT('',(-0.499606298126412,0.241831900796153,-0.316981221192114));
#12180=CARTESIAN_POINT('',(-0.499606299212598,0.344505764456045,-0.344505764456045));
#12181=CARTESIAN_POINT('',(-0.499606298126414,0.419679649976101,-0.269349861849827));
#12182=CARTESIAN_POINT('',(-0.499602450072767,0.435606793263682,-0.285277005137408));
#12183=CARTESIAN_POINT('',(-0.489110707994361,0.450204216681757,-0.299874428555482));
#12184=CARTESIAN_POINT('',(-0.476121055379219,0.463067129421695,-0.31273734129542));
#12185=CARTESIAN_POINT('',(-0.476121055343536,0.463067129736914,-0.312737342375299));
#12186=CARTESIAN_POINT('',(-0.476121055163064,0.463067129464577,-0.312737343405291));
#12187=CARTESIAN_POINT('',(-0.489111604730563,0.458358651544371,-0.330309622229815));
#12188=CARTESIAN_POINT('',(-0.499610147234948,0.453010962695323,-0.350267470793765));
#12189=CARTESIAN_POINT('',(-0.499606298126415,0.447179628115933,-0.372030307719982));
#12190=CARTESIAN_POINT('',(0.605905511811024,0.257712820814121,-0.257712820814121));
#12191=CARTESIAN_POINT('',(0.605905511811024,0.225944398571945,-0.37627418669822));
#12192=CARTESIAN_POINT('',(-0.434508866362295,0.225944399013423,-0.376274187139697));
#12193=CARTESIAN_POINT('',(-0.411023623133429,0.241825318590415,-0.317005786318354));
#12194=CARTESIAN_POINT('',(-0.411027471188208,0.235995579537779,-0.338762668657659));
#12195=CARTESIAN_POINT('',(-0.42151921326621,0.230652551737337,-0.358703119875163));
#12196=CARTESIAN_POINT('',(-0.434508865880626,0.22594439890812,-0.376274185443598));
#12197=CARTESIAN_POINT('',(0.605905511811024,0.257712820814121,-0.257712820814121));
#12198=CARTESIAN_POINT('',(-0.476121055343536,0.25771282125554,-0.257712821255817));
#12199=CARTESIAN_POINT('',(-0.499606298126412,0.241831900796153,-0.316981221192115));
#12200=CARTESIAN_POINT('',(-0.499602450071047,0.247661639848615,-0.295224338853457));
#12201=CARTESIAN_POINT('',(-0.489110707993257,0.253004667648865,-0.275283887636671));
#12202=CARTESIAN_POINT('',(-0.476121055379218,0.257712820477945,-0.257712822068746));
#12203=CARTESIAN_POINT('',(0.605905511811024,0.225944398571946,-0.37627418669822));
#12204=CARTESIAN_POINT('',(0.605905511811024,0.312737342213868,-0.463067130340143));
#12205=CARTESIAN_POINT('',(-0.434508866362294,0.312737342816936,-0.463067130178551));
#12206=CARTESIAN_POINT('',(-0.476121054897548,0.312737341772392,-0.463067129898666));
#12207=CARTESIAN_POINT('',(-0.411023623133428,0.269349861852443,-0.419679649978717));
#12208=CARTESIAN_POINT('',(-0.411027471188194,0.285277005139115,-0.43560679326539));
#12209=CARTESIAN_POINT('',(-0.421519213266192,0.299874428556183,-0.450204216682458));
#12210=CARTESIAN_POINT('',(-0.434508865880608,0.312737341295406,-0.46306712942168));
#12211=CARTESIAN_POINT('',(-0.411023623133428,0.269349861852443,-0.419679649978717));
#12212=CARTESIAN_POINT('',(-0.434508866096776,0.22594439992592,-0.376274187292242));
#12213=CARTESIAN_POINT('',(-0.421518316529672,0.238808200829849,-0.38913798819617));
#12214=CARTESIAN_POINT('',(-0.411019774025498,0.253418359506106,-0.40374814763238));
#12215=CARTESIAN_POINT('',(-0.411023623133428,0.269349861852443,-0.419679649978717));
#12216=CARTESIAN_POINT('',(-0.476121055163116,0.312737341619768,-0.463067128986302));
#12217=CARTESIAN_POINT('',(-0.489111604729488,0.299873540716556,-0.45020332808309));
#12218=CARTESIAN_POINT('',(-0.499610147233224,0.285263381281417,-0.435593169407692));
#12219=CARTESIAN_POINT('',(-0.499606298126414,0.26933187893599,-0.419661667062264));
#12220=CARTESIAN_POINT('',(0.605905511811024,0.312737342213868,-0.463067130340143));
#12221=CARTESIAN_POINT('',(-0.411023622047244,0.431298708097968,-0.431298708097967));
#12222=CARTESIAN_POINT('',(-0.434508866362131,0.431298707494681,-0.431298708259618));
#12223=CARTESIAN_POINT('',(-0.411023623133442,0.372030307812319,-0.447179628091191));
#12224=CARTESIAN_POINT('',(-0.411027471217733,0.393787190119124,-0.441349889047264));
#12225=CARTESIAN_POINT('',(-0.42151921328515,0.413727641300535,-0.436006861256493));
#12226=CARTESIAN_POINT('',(-0.434508865880622,0.431298706843344,-0.431298708434143));
#12227=CARTESIAN_POINT('',(-0.411023623133442,0.372030307812319,-0.447179628091191));
#12228=CARTESIAN_POINT('',(-0.43450886609678,0.31273734340529,-0.463067129464568));
#12229=CARTESIAN_POINT('',(-0.421513208811776,0.33031653142451,-0.458356800231223));
#12230=CARTESIAN_POINT('',(-0.41101977334606,0.350263796310818,-0.453011947270061));
#12231=CARTESIAN_POINT('',(-0.411023623133442,0.372030307812319,-0.447179628091191));
#12232=CARTESIAN_POINT('',(-0.499606298112925,0.372005666547216,-0.447186230698276));
#12233=CARTESIAN_POINT('',(-0.499602426032582,0.350247656803043,-0.453016271838136));
#12234=CARTESIAN_POINT('',(-0.489111746164126,0.330309813366935,-0.458358600885659));
#12235=CARTESIAN_POINT('',(-0.476121055378502,0.312737343467521,-0.463067130004227));
#12236=CARTESIAN_POINT('',(0.605905511811024,0.463067130340143,-0.312737342213868));
#12237=CARTESIAN_POINT('',(0.605905511811024,0.37627418669822,-0.225944398571946));
#12238=CARTESIAN_POINT('',(-0.434508866362126,0.376274187139864,-0.22594439901359));
#12239=CARTESIAN_POINT('',(-0.47612105534341,0.376274186536578,-0.225944399175028));
#12240=CARTESIAN_POINT('',(-0.411023623133428,0.419661667059646,-0.269331878933371));
#12241=CARTESIAN_POINT('',(-0.411027471188195,0.403734523772973,-0.253404735646699));
#12242=CARTESIAN_POINT('',(-0.421519213266193,0.389137100355905,-0.238807312229631));
#12243=CARTESIAN_POINT('',(-0.43450886588061,0.376274187616683,-0.225944399490409));
#12244=CARTESIAN_POINT('',(-0.411023623133428,0.419661667059646,-0.269331878933371));
#12245=CARTESIAN_POINT('',(-0.434508866096775,0.463067128986169,-0.312737341619848));
#12246=CARTESIAN_POINT('',(-0.421518316529671,0.45020332808224,-0.299873540715919));
#12247=CARTESIAN_POINT('',(-0.411019774025497,0.435593169405983,-0.285263381279709));
#12248=CARTESIAN_POINT('',(-0.411023623133428,0.419661667059646,-0.269331878933371));
#12249=CARTESIAN_POINT('',(-0.434508865916306,0.463067129737016,-0.312737342375677));
#12250=CARTESIAN_POINT('',(0.605905511811024,0.463067130340143,-0.312737342213869));
#12251=CARTESIAN_POINT('',(-0.476121055163115,0.376274187292321,-0.225944399925787));
#12252=CARTESIAN_POINT('',(-0.489111604729488,0.389137988195534,-0.238808200828999));
#12253=CARTESIAN_POINT('',(-0.499610147233225,0.403748147630673,-0.253418359504399));
#12254=CARTESIAN_POINT('',(-0.499606298126414,0.419679649976101,-0.269349861849827));
#12255=CARTESIAN_POINT('',(-0.499606299212598,-0.344505764456045,0.344505764456045));
#12256=CARTESIAN_POINT('',(-0.499606299212598,-0.344505764456045,-0.344505764456045));
#12257=CARTESIAN_POINT('',(-0.499606298112924,-0.317005862364873,-0.447186230698276));
#12258=CARTESIAN_POINT('',(-0.499606298126413,-0.24183190079615,-0.372030307719965));
#12259=CARTESIAN_POINT('',(-0.499606299212598,-0.344505764456045,-0.344505764456045));
#12260=CARTESIAN_POINT('',(-0.499606298126416,-0.419679649976099,-0.419661667062264));
#12261=CARTESIAN_POINT('',(-0.499606299212598,-0.344505764456045,-0.344505764456045));
#12262=CARTESIAN_POINT('',(-0.499606298126415,-0.447179628115936,-0.316981221192117));
#12263=CARTESIAN_POINT('',(-0.499606299212598,-0.344505764456045,-0.344505764456045));
#12264=CARTESIAN_POINT('',(-0.499606298112922,-0.372005666547209,-0.24182529821381));
#12265=CARTESIAN_POINT('',(-0.499606299212598,-0.344505764456045,-0.344505764456045));
#12266=CARTESIAN_POINT('',(-0.499606298126411,-0.269331878932002,-0.269349861853812));
#12267=CARTESIAN_POINT('',(-0.499606299212598,-0.344505764456045,-0.344505764456045));
#12268=CARTESIAN_POINT('',(-0.499606299212598,-0.344505764456045,-0.344505764456045));
#12269=CARTESIAN_POINT('',(-0.476121055163067,-0.257712822283708,-0.431298707935418));
#12270=CARTESIAN_POINT('',(-0.489111620296435,-0.275285122164139,-0.436007191497537));
#12271=CARTESIAN_POINT('',(-0.49961017105702,-0.29524299901021,-0.441354889037405));
#12272=CARTESIAN_POINT('',(-0.499606298112924,-0.317005862364873,-0.447186230698276));
#12273=CARTESIAN_POINT('',(-0.476121055343537,-0.25771282125554,-0.431298707656271));
#12274=CARTESIAN_POINT('',(-0.499606298126413,-0.241831900796151,-0.372030307719965));
#12275=CARTESIAN_POINT('',(-0.49960245007105,-0.247661639848614,-0.393787190058626));
#12276=CARTESIAN_POINT('',(-0.48911070799326,-0.253004667648864,-0.413727641275415));
#12277=CARTESIAN_POINT('',(-0.476121055379219,-0.257712820477945,-0.431298706843343));
#12278=CARTESIAN_POINT('',(-0.499606299212598,-0.344505764456045,-0.344505764456045));
#12279=CARTESIAN_POINT('',(-0.499606298126416,-0.419679649976099,-0.419661667062264));
#12280=CARTESIAN_POINT('',(-0.49960245007277,-0.435606793263681,-0.403734523774682));
#12281=CARTESIAN_POINT('',(-0.489110707994362,-0.450204216681756,-0.389137100356607));
#12282=CARTESIAN_POINT('',(-0.47612105537922,-0.463067129421695,-0.376274187616668));
#12283=CARTESIAN_POINT('',(-0.476121055343536,-0.463067129736914,-0.376274186536789));
#12284=CARTESIAN_POINT('',(-0.476121055163065,-0.463067129464577,-0.376274185506799));
#12285=CARTESIAN_POINT('',(-0.489111604730561,-0.458358651544372,-0.358701906682277));
#12286=CARTESIAN_POINT('',(-0.499610147234945,-0.453010962695326,-0.338744058118331));
#12287=CARTESIAN_POINT('',(-0.499606298126415,-0.447179628115936,-0.316981221192117));
#12288=CARTESIAN_POINT('',(-0.499606299212598,-0.344505764456045,-0.344505764456045));
#12289=CARTESIAN_POINT('',(-0.499606298126411,-0.269331878932002,-0.269349861853812));
#12290=CARTESIAN_POINT('',(-0.499602450071059,-0.253404735645796,-0.285277005140018));
#12291=CARTESIAN_POINT('',(-0.489110707993264,-0.238807312229248,-0.299874428556566));
#12292=CARTESIAN_POINT('',(-0.476121055379218,-0.225944399490395,-0.312737341295419));
#12293=CARTESIAN_POINT('',(-0.476121055343535,-0.225944399175175,-0.3127373423753));
#12294=CARTESIAN_POINT('',(-0.476121055163063,-0.225944399447512,-0.312737343405292));
#12295=CARTESIAN_POINT('',(-0.489111604730558,-0.230652877367717,-0.330309622229811));
#12296=CARTESIAN_POINT('',(-0.49961014723494,-0.236000566216762,-0.350267470793754));
#12297=CARTESIAN_POINT('',(-0.499606298126413,-0.241831900796151,-0.372030307719965));
#12298=CARTESIAN_POINT('',(0.605905511811024,-0.431298708097968,-0.257712820814121));
#12299=CARTESIAN_POINT('',(0.605905511811024,-0.463067130340143,-0.37627418669822));
#12300=CARTESIAN_POINT('',(-0.434508866362293,-0.463067129898666,-0.376274187139697));
#12301=CARTESIAN_POINT('',(-0.411023623133427,-0.447186210321674,-0.317005786318354));
#12302=CARTESIAN_POINT('',(-0.411027471188206,-0.453015949374309,-0.33876266865766));
#12303=CARTESIAN_POINT('',(-0.421519213266208,-0.458358977174752,-0.358703119875164));
#12304=CARTESIAN_POINT('',(-0.434508865880625,-0.463067130003968,-0.3762741854436));
#12305=CARTESIAN_POINT('',(-0.411023623133427,-0.447186210321674,-0.317005786318354));
#12306=CARTESIAN_POINT('',(-0.434508866096775,-0.431298707935418,-0.257712822283708));
#12307=CARTESIAN_POINT('',(-0.421518316529662,-0.436007185855484,-0.275285101107711));
#12308=CARTESIAN_POINT('',(-0.411019774025483,-0.441354875742459,-0.295242949392792));
#12309=CARTESIAN_POINT('',(-0.411023623133427,-0.447186210321674,-0.317005786318354));
#12310=CARTESIAN_POINT('',(-0.434508865916305,-0.431298707656272,-0.25771282125554));
#12311=CARTESIAN_POINT('',(0.605905511811024,-0.431298708097968,-0.257712820814121));
#12312=CARTESIAN_POINT('',(-0.476121055343537,-0.431298707656549,-0.257712821255817));
#12313=CARTESIAN_POINT('',(-0.499606298126415,-0.447179628115936,-0.316981221192117));
#12314=CARTESIAN_POINT('',(-0.49960245007105,-0.441349889063474,-0.295224338853459));
#12315=CARTESIAN_POINT('',(-0.489110707993259,-0.436006861263224,-0.275283887636671));
#12316=CARTESIAN_POINT('',(-0.476121055379219,-0.431298708434143,-0.257712822068745));
#12317=CARTESIAN_POINT('',(0.605905511811024,-0.463067130340143,-0.37627418669822));
#12318=CARTESIAN_POINT('',(0.605905511811024,-0.37627418669822,-0.463067130340143));
#12319=CARTESIAN_POINT('',(-0.434508866362294,-0.376274186095152,-0.463067130178551));
#12320=CARTESIAN_POINT('',(-0.476121054897548,-0.376274187139696,-0.463067129898666));
#12321=CARTESIAN_POINT('',(-0.411023623133426,-0.419661667059646,-0.419679649978717));
#12322=CARTESIAN_POINT('',(-0.411027471188193,-0.403734523772973,-0.43560679326539));
#12323=CARTESIAN_POINT('',(-0.421519213266191,-0.389137100355905,-0.450204216682458));
#12324=CARTESIAN_POINT('',(-0.434508865880608,-0.376274187616682,-0.46306712942168));
#12325=CARTESIAN_POINT('',(-0.411023623133426,-0.419661667059646,-0.419679649978717));
#12326=CARTESIAN_POINT('',(-0.434508866096775,-0.463067128986169,-0.376274187292241));
#12327=CARTESIAN_POINT('',(-0.42151831652967,-0.45020332808224,-0.38913798819617));
#12328=CARTESIAN_POINT('',(-0.411019774025495,-0.435593169405983,-0.40374814763238));
#12329=CARTESIAN_POINT('',(-0.411023623133426,-0.419661667059646,-0.419679649978717));
#12330=CARTESIAN_POINT('',(-0.476121055163116,-0.37627418729232,-0.463067128986303));
#12331=CARTESIAN_POINT('',(-0.489111604729489,-0.389137988195532,-0.450203328083091));
#12332=CARTESIAN_POINT('',(-0.499610147233226,-0.403748147630671,-0.435593169407692));
#12333=CARTESIAN_POINT('',(-0.499606298126416,-0.419679649976099,-0.419661667062264));
#12334=CARTESIAN_POINT('',(0.605905511811024,-0.37627418669822,-0.463067130340143));
#12335=CARTESIAN_POINT('',(-0.411023622047244,-0.257712820814121,-0.431298708097967));
#12336=CARTESIAN_POINT('',(-0.434508866362132,-0.257712821417408,-0.431298708259618));
#12337=CARTESIAN_POINT('',(-0.411023623133443,-0.316981221099769,-0.447179628091191));
#12338=CARTESIAN_POINT('',(-0.411027471217735,-0.295224338792964,-0.441349889047264));
#12339=CARTESIAN_POINT('',(-0.421519213285151,-0.275283887611554,-0.436006861256493));
#12340=CARTESIAN_POINT('',(-0.434508865880623,-0.257712822068745,-0.431298708434143));
#12341=CARTESIAN_POINT('',(-0.411023623133443,-0.316981221099769,-0.447179628091191));
#12342=CARTESIAN_POINT('',(-0.43450886609678,-0.376274185506799,-0.463067129464568));
#12343=CARTESIAN_POINT('',(-0.421513208811775,-0.358694997487579,-0.458356800231223));
#12344=CARTESIAN_POINT('',(-0.41101977334606,-0.33874773260127,-0.453011947270061));
#12345=CARTESIAN_POINT('',(-0.411023623133443,-0.316981221099769,-0.447179628091191));
#12346=CARTESIAN_POINT('',(-0.499606298112924,-0.317005862364873,-0.447186230698276));
#12347=CARTESIAN_POINT('',(-0.499602426032582,-0.338763872109045,-0.453016271838136));
#12348=CARTESIAN_POINT('',(-0.489111746164126,-0.358701715545154,-0.458358600885659));
#12349=CARTESIAN_POINT('',(-0.476121055378502,-0.376274185444567,-0.463067130004228));
#12350=CARTESIAN_POINT('',(0.605905511811024,-0.225944398571946,-0.312737342213868));
#12351=CARTESIAN_POINT('',(0.605905511811024,-0.312737342213868,-0.225944398571946));
#12352=CARTESIAN_POINT('',(-0.434508866362127,-0.312737341772224,-0.22594439901359));
#12353=CARTESIAN_POINT('',(-0.47612105534341,-0.31273734237551,-0.225944399175028));
#12354=CARTESIAN_POINT('',(-0.41102362313343,-0.269349861852443,-0.269331878933371));
#12355=CARTESIAN_POINT('',(-0.411027471188197,-0.285277005139115,-0.253404735646699));
#12356=CARTESIAN_POINT('',(-0.421519213266194,-0.299874428556183,-0.238807312229631));
#12357=CARTESIAN_POINT('',(-0.43450886588061,-0.312737341295405,-0.225944399490409));
#12358=CARTESIAN_POINT('',(-0.41102362313343,-0.269349861852443,-0.269331878933371));
#12359=CARTESIAN_POINT('',(-0.434508866096777,-0.22594439992592,-0.312737341619847));
#12360=CARTESIAN_POINT('',(-0.421518316529673,-0.238808200829849,-0.299873540715918));
#12361=CARTESIAN_POINT('',(-0.411019774025499,-0.253418359506106,-0.285263381279708));
#12362=CARTESIAN_POINT('',(-0.41102362313343,-0.269349861852443,-0.269331878933371));
#12363=CARTESIAN_POINT('',(-0.434508865916307,-0.225944399175073,-0.312737342375677));
#12364=CARTESIAN_POINT('',(0.605905511811024,-0.225944398571946,-0.312737342213869));
#12365=CARTESIAN_POINT('',(-0.476121055163114,-0.312737341619767,-0.225944399925787));
#12366=CARTESIAN_POINT('',(-0.489111604730601,-0.299873540715451,-0.238808200830102));
#12367=CARTESIAN_POINT('',(-0.499610147234929,-0.285263381278815,-0.253418359506999));
#12368=CARTESIAN_POINT('',(-0.499606298126411,-0.269331878932002,-0.269349861853812));
#12369=CARTESIAN_POINT('',(-0.441385823765383,-0.344505764456045,-0.344505764456045));
#12370=CARTESIAN_POINT('',(-0.411023623133445,-0.372030307812319,-0.241831900820897));
#12371=CARTESIAN_POINT('',(-0.411027471217736,-0.393787190119124,-0.247661639864824));
#12372=CARTESIAN_POINT('',(-0.421519213285151,-0.413727641300535,-0.253004667655595));
#12373=CARTESIAN_POINT('',(-0.434508865880623,-0.431298706843344,-0.257712820477946));
#12374=CARTESIAN_POINT('',(-0.411023623133445,-0.372030307812319,-0.241831900820897));
#12375=CARTESIAN_POINT('',(-0.411023622047244,-0.344505764456045,-0.344505764456045));
#12376=CARTESIAN_POINT('',(-0.411023622047244,-0.408749299175345,-0.259816385866902));
#12377=CARTESIAN_POINT('',(-0.411023622047244,-0.344505764456045,-0.344505764456045));
#12378=CARTESIAN_POINT('',(-0.499606299212598,-0.344505764456045,0.344505764456045));
#12379=CARTESIAN_POINT('',(-0.499606299212598,-0.344505764456045,0.344505764456045));
#12380=CARTESIAN_POINT('',(-0.499606298126415,-0.269331878935987,0.419661667062261));
#12381=CARTESIAN_POINT('',(-0.499606298126415,-0.269331878935987,0.419661667062261));
#12382=CARTESIAN_POINT('',(-0.499602450072767,-0.253404735648407,0.40373452377468));
#12383=CARTESIAN_POINT('',(-0.489110707994361,-0.238807312230333,0.389137100356606));
#12384=CARTESIAN_POINT('',(-0.476121055379219,-0.225944399490395,0.376274187616668));
#12385=CARTESIAN_POINT('',(-0.499606299212598,-0.344505764456045,0.344505764456045));
#12386=CARTESIAN_POINT('',(-0.499606299212598,-0.344505764456045,0.344505764456045));
#12387=CARTESIAN_POINT('',(-0.499606299212599,-0.447182919219056,0.372018025155919));
#12388=CARTESIAN_POINT('',(-0.499606298126414,-0.419679649976099,0.269349861849825));
#12389=CARTESIAN_POINT('',(-0.499606298126414,-0.419679649976099,0.269349861849825));
#12390=CARTESIAN_POINT('',(-0.499602450072768,-0.435606793263681,0.285277005137406));
#12391=CARTESIAN_POINT('',(-0.489110707994361,-0.450204216681756,0.299874428555482));
#12392=CARTESIAN_POINT('',(-0.476121055379219,-0.463067129421695,0.31273734129542));
#12393=CARTESIAN_POINT('',(-0.476121055343536,-0.463067129736914,0.3127373423753));
#12394=CARTESIAN_POINT('',(-0.476121055163065,-0.463067129464577,0.312737343405291));
#12395=CARTESIAN_POINT('',(-0.489109090598524,-0.458359562801831,0.330306221370677));
#12396=CARTESIAN_POINT('',(-0.4996062992126,-0.453013109945947,0.350259457145344));
#12397=CARTESIAN_POINT('',(-0.4996062992126,-0.447182919219055,0.372018025155919));
#12398=CARTESIAN_POINT('',(-0.499606299212598,-0.344505764456045,0.344505764456045));
#12399=CARTESIAN_POINT('',(-0.476121055163066,-0.257712822283709,0.25771282097667));
#12400=CARTESIAN_POINT('',(-0.489109090598523,-0.275281700249094,0.253005254313924));
#12401=CARTESIAN_POINT('',(-0.499606299212597,-0.295234935745597,0.247658800419924));
#12402=CARTESIAN_POINT('',(-0.499606299212598,-0.31699350375617,0.241828609693034));
#12403=CARTESIAN_POINT('',(-0.499606299212598,-0.31699350375617,0.241828609693033));
#12404=CARTESIAN_POINT('',(-0.499606299212598,-0.344505764456045,0.344505764456045));
#12405=CARTESIAN_POINT('',(-0.499606299212598,-0.344505764456045,0.344505764456045));
#12406=CARTESIAN_POINT('',(-0.499606299212598,-0.344505764456045,0.344505764456045));
#12407=CARTESIAN_POINT('',(-0.499606299212598,-0.344505764456045,0.344505764456045));
#12408=CARTESIAN_POINT('',(-0.499606298112925,-0.372005666550076,0.44718623069751));
#12409=CARTESIAN_POINT('',(-0.499606299212598,-0.344505764456045,0.344505764456045));
#12410=CARTESIAN_POINT('',(-0.441385823765383,-0.344505764456045,0.344505764456045));
#12411=CARTESIAN_POINT('',(-0.411023622047244,-0.344505764456045,0.344505764456045));
#12412=CARTESIAN_POINT('',(-0.411023622047244,-0.31699350375617,0.241828609693034));
#12413=CARTESIAN_POINT('',(-0.411023622047244,-0.31699350375617,0.241828609693033));
#12414=CARTESIAN_POINT('',(-0.411023622047244,-0.295232384917147,0.247659483912347));
#12415=CARTESIAN_POINT('',(-0.421516743672202,-0.275287228249866,0.253003772534257));
#12416=CARTESIAN_POINT('',(-0.434508865880601,-0.257712822068777,0.257712820477937));
#12417=CARTESIAN_POINT('',(-0.441385823765383,-0.344505764456045,0.344505764456045));
#12418=CARTESIAN_POINT('',(-0.411023622047244,-0.344505764456045,0.344505764456045));
#12419=CARTESIAN_POINT('',(-0.411023622047244,-0.259816384011719,0.408749296729741));
#12420=CARTESIAN_POINT('',(-0.434508866096776,-0.22594439992592,0.376274187292241));
#12421=CARTESIAN_POINT('',(-0.421518316529671,-0.238808200829849,0.38913798819617));
#12422=CARTESIAN_POINT('',(-0.411019774025497,-0.253418359506106,0.403748147632379));
#12423=CARTESIAN_POINT('',(-0.411023623133427,-0.269349861852443,0.419679649978716));
#12424=CARTESIAN_POINT('',(-0.411023623133427,-0.269349861852443,0.419679649978716));
#12425=CARTESIAN_POINT('',(-0.411023622047244,-0.344505764456045,0.344505764456045));
#12426=CARTESIAN_POINT('',(-0.441385823765383,-0.344505764456045,0.344505764456045));
#12427=CARTESIAN_POINT('',(-0.411023622047242,-0.447182919219055,0.372018025155919));
#12428=CARTESIAN_POINT('',(-0.411023622047242,-0.45301379343837,0.350256906316894));
#12429=CARTESIAN_POINT('',(-0.421516743672201,-0.45835808206028,0.330311749649611));
#12430=CARTESIAN_POINT('',(-0.434508865880602,-0.46306713000396,0.312737343468521));
#12431=CARTESIAN_POINT('',(-0.411023622047243,-0.447182919219056,0.372018025155919));
#12432=CARTESIAN_POINT('',(-0.434508865916306,-0.463067129737016,0.312737342375677));
#12433=CARTESIAN_POINT('',(-0.434508866096775,-0.463067128986169,0.312737341619848));
#12434=CARTESIAN_POINT('',(-0.421518316529671,-0.45020332808224,0.299873540715919));
#12435=CARTESIAN_POINT('',(-0.411019774025497,-0.435593169405983,0.285263381279709));
#12436=CARTESIAN_POINT('',(-0.411023623133428,-0.419661667059646,0.269331878933371));
#12437=CARTESIAN_POINT('',(-0.411023623133428,-0.419661667059646,0.269331878933371));
#12438=CARTESIAN_POINT('',(-0.411023622047244,-0.344505764456045,0.344505764456045));
#12439=CARTESIAN_POINT('',(-0.441385823765383,0.344505764456045,0.344505764456045));
#12440=CARTESIAN_POINT('',(-0.434508866096775,0.431298707935418,0.257712822283708));
#12441=CARTESIAN_POINT('',(-0.421520830661317,0.436006274598164,0.275281700249093));
#12442=CARTESIAN_POINT('',(-0.411023622047243,0.441352728492164,0.295234935745596));
#12443=CARTESIAN_POINT('',(-0.411023622047242,0.447182919219055,0.31699350375617));
#12444=CARTESIAN_POINT('',(-0.434508866362132,0.43129870749468,0.25771282065247));
#12445=CARTESIAN_POINT('',(-0.411023622047243,0.447182919219056,0.31699350375617));
#12446=CARTESIAN_POINT('',(-0.411023622047244,0.344505764456045,0.344505764456045));
#12447=CARTESIAN_POINT('',(-0.411023622047244,0.408749299175345,0.259816385866902));
#12448=CARTESIAN_POINT('',(-0.411023622047244,0.344505764456045,0.344505764456045));
#12449=CARTESIAN_POINT('',(-0.411023623133445,0.37203030781232,0.241831900820897));
#12450=CARTESIAN_POINT('',(-0.411023623133445,0.37203030781232,0.241831900820897));
#12451=CARTESIAN_POINT('',(-0.411027471217736,0.393787190119124,0.247661639864824));
#12452=CARTESIAN_POINT('',(-0.421519213285152,0.413727641300534,0.253004667655595));
#12453=CARTESIAN_POINT('',(-0.434508865880623,0.431298706843344,0.257712820477945));
#12454=CARTESIAN_POINT('',(-0.441385823765383,0.344505764456045,0.344505764456045));
#12455=CARTESIAN_POINT('',(-0.411023622047244,0.344505764456045,0.344505764456045));
#12456=CARTESIAN_POINT('',(-0.411023622047242,0.447182919219055,0.31699350375617));
#12457=CARTESIAN_POINT('',(-0.411023622047242,0.45301379343837,0.338754622595194));
#12458=CARTESIAN_POINT('',(-0.421516743672201,0.45835808206028,0.358699779262477));
#12459=CARTESIAN_POINT('',(-0.434508865880601,0.46306713000396,0.376274185443568));
#12460=CARTESIAN_POINT('',(-0.441385823765383,0.344505764456045,0.344505764456045));
#12461=CARTESIAN_POINT('',(-0.411023622047244,0.344505764456045,0.344505764456045));
#12462=CARTESIAN_POINT('',(-0.441385823765383,0.344505764456045,-0.344505764456045));
#12463=CARTESIAN_POINT('',(-0.434508866096774,0.431298707935418,-0.431298706628381));
#12464=CARTESIAN_POINT('',(-0.421520830661316,0.436006274598164,-0.413729828662996));
#12465=CARTESIAN_POINT('',(-0.411023622047241,0.441352728492164,-0.393776593166492));
#12466=CARTESIAN_POINT('',(-0.411023622047242,0.447182919219055,-0.372018025155919));
#12467=CARTESIAN_POINT('',(-0.411023622047243,0.447182919219056,-0.372018025155919));
#12468=CARTESIAN_POINT('',(-0.411023622047244,0.344505764456045,-0.344505764456045));
#12469=CARTESIAN_POINT('',(-0.441385823765383,0.344505764456045,-0.344505764456045));
#12470=CARTESIAN_POINT('',(-0.411023622047244,0.344505764456045,-0.344505764456045));
#12471=CARTESIAN_POINT('',(-0.411023622047242,0.447182919219055,-0.372018025155919));
#12472=CARTESIAN_POINT('',(-0.411023622047242,0.45301379343837,-0.350256906316894));
#12473=CARTESIAN_POINT('',(-0.421516743672201,0.45835808206028,-0.330311749649611));
#12474=CARTESIAN_POINT('',(-0.434508865880602,0.46306713000396,-0.312737343468521));
#12475=CARTESIAN_POINT('',(-0.441385823765383,0.344505764456045,-0.344505764456045));
#12476=CARTESIAN_POINT('',(-0.411023622047244,0.344505764456045,-0.344505764456045));
#12477=CARTESIAN_POINT('',(-0.411023622047244,0.259816384011719,-0.408749296729741));
#12478=CARTESIAN_POINT('',(-0.411023622047244,0.344505764456045,-0.344505764456045));
#12479=CARTESIAN_POINT('',(-0.441385823765383,-0.344505764456045,-0.344505764456045));
#12480=CARTESIAN_POINT('',(-0.434508866096775,-0.25771282097667,-0.431298706628381));
#12481=CARTESIAN_POINT('',(-0.421520830661318,-0.253005254313924,-0.413729828662995));
#12482=CARTESIAN_POINT('',(-0.411023622047244,-0.247658800419924,-0.393776593166492));
#12483=CARTESIAN_POINT('',(-0.411023622047244,-0.241828609693033,-0.372018025155919));
#12484=CARTESIAN_POINT('',(-0.411023622047244,-0.241828609693033,-0.372018025155919));
#12485=CARTESIAN_POINT('',(-0.411023622047244,-0.344505764456045,-0.344505764456045));
#12486=CARTESIAN_POINT('',(-0.411023622047244,-0.25981638401172,-0.408749296729742));
#12487=CARTESIAN_POINT('',(-0.411023622047244,-0.344505764456045,-0.344505764456045));
#12488=CARTESIAN_POINT('',(-0.441385823765383,-0.344505764456045,-0.344505764456045));
#12489=CARTESIAN_POINT('',(-0.411023622047244,-0.344505764456045,-0.344505764456045));
#12490=CARTESIAN_POINT('',(-0.411023622047244,-0.241828609693033,-0.372018025155919));
#12491=CARTESIAN_POINT('',(-0.411023622047244,-0.235997735473719,-0.350256906316894));
#12492=CARTESIAN_POINT('',(-0.421516743672203,-0.230653446851809,-0.330311749649612));
#12493=CARTESIAN_POINT('',(-0.434508865880603,-0.225944398908129,-0.312737343468522));
#12494=CARTESIAN_POINT('',(-0.441385823765383,-0.344505764456045,-0.344505764456045));
#12495=CARTESIAN_POINT('',(-0.411023622047244,-0.344505764456045,-0.344505764456045));
#12496=CARTESIAN_POINT('',(-0.441385823765383,-0.344505764456045,0.344505764456045));
#12497=CARTESIAN_POINT('',(-0.411023623133442,-0.372030307812319,0.447179628091191));
#12498=CARTESIAN_POINT('',(-0.411027471217733,-0.393787190119124,0.441349889047264));
#12499=CARTESIAN_POINT('',(-0.42151921328515,-0.413727641300535,0.436006861256493));
#12500=CARTESIAN_POINT('',(-0.434508865880622,-0.431298706843345,0.431298708434143));
#12501=CARTESIAN_POINT('',(-0.411023623133442,-0.372030307812319,0.447179628091191));
#12502=CARTESIAN_POINT('',(-0.434508865916304,-0.431298707656272,0.431298707656549));
#12503=CARTESIAN_POINT('',(-0.434508866096774,-0.431298707935418,0.431298706628381));
#12504=CARTESIAN_POINT('',(-0.421520830661316,-0.436006274598164,0.413729828662995));
#12505=CARTESIAN_POINT('',(-0.411023622047241,-0.441352728492164,0.393776593166492));
#12506=CARTESIAN_POINT('',(-0.411023622047242,-0.447182919219055,0.372018025155919));
#12507=CARTESIAN_POINT('',(-0.411023622047244,-0.344505764456045,0.344505764456045));
#12508=CARTESIAN_POINT('',(-1.29685039370079,-1.91929395604876E-14,3.31304865431634E-14));
#12509=CARTESIAN_POINT('',(-1.29685039370079,-0.278717830075918,-0.0133095494591451));
#12510=CARTESIAN_POINT('',(-0.646469947362741,-0.278717830075909,-0.0133095494591617));
#12511=CARTESIAN_POINT('',(-0.424073622047244,-0.278717830075918,-0.0133095494591451));
#12512=CARTESIAN_POINT('',(-0.424073622047244,-1.91929395604876E-14,3.31304865431634E-14));
#12513=CARTESIAN_POINT('',(-0.424073622047244,-0.278717830075922,0.0133095494591393));
#12514=CARTESIAN_POINT('',(-1.29685039370079,-0.278717830075922,0.0133095494591393));
#12515=CARTESIAN_POINT('',(-0.64646994736274,-0.27871783007591,0.013309549459159));
#12516=CARTESIAN_POINT('',(-0.646469947362746,0.,0.));
#12517=CARTESIAN_POINT('',(-1.29685039370079,-1.91929395604876E-14,3.31304865431634E-14));
#12518=CARTESIAN_POINT('',(-1.29685039370079,0.27871783007588,0.0133095494592115));
#12519=CARTESIAN_POINT('',(-0.646469947362751,0.27871783007589,0.0133095494591949));
#12520=CARTESIAN_POINT('',(-0.424073622047244,0.27871783007588,0.0133095494592115));
#12521=CARTESIAN_POINT('',(-0.424073622047244,-1.91929395604876E-14,3.31304865431634E-14));
#12522=CARTESIAN_POINT('',(-0.424073622047244,0.278717830075876,-0.0133095494592179));
#12523=CARTESIAN_POINT('',(-1.29685039370079,0.278717830075876,-0.0133095494592179));
#12524=CARTESIAN_POINT('',(-0.646469947362752,0.278717830075888,-0.0133095494591982));
#12525=CARTESIAN_POINT('',(-0.646469947362746,0.,0.));
#12526=CARTESIAN_POINT('',(-0.664370078740158,0.,0.));
#12527=CARTESIAN_POINT('',(-0.646469947362723,-0.127832507093462,-0.248031496062992));
#12528=CARTESIAN_POINT('',(-0.657550981072563,-0.0859378198947642,-0.248031496062992));
#12529=CARTESIAN_POINT('',(-0.664370078740158,-0.0434463422801305,-0.248031496062992));
#12530=CARTESIAN_POINT('',(-0.664370078740158,-2.14024005489774E-17,-0.248031496062992));
#12531=CARTESIAN_POINT('',(-0.646469947362724,-0.127832507093461,-0.248031496062992));
#12532=CARTESIAN_POINT('',(-0.664370078740158,-1.27458387778686E-17,-0.248031496062992));
#12533=CARTESIAN_POINT('',(-0.646469947362746,0.,0.));
#12534=CARTESIAN_POINT('',(-0.646469947362735,-0.150885322982481,-0.234721946603888));
#12535=CARTESIAN_POINT('',(-0.664370078740157,-0.214801576529211,-0.124015748031496));
#12536=CARTESIAN_POINT('',(-0.664370078740157,-0.193078405389146,-0.161641384147603));
#12537=CARTESIAN_POINT('',(-0.657550981072563,-0.171832666581829,-0.198440083206214));
#12538=CARTESIAN_POINT('',(-0.646469947362723,-0.150885322982481,-0.234721946603888));
#12539=CARTESIAN_POINT('',(-0.664370078740158,-0.214801576529211,-0.124015748031496));
#12540=CARTESIAN_POINT('',(-0.664370078740158,0.,0.));
#12541=CARTESIAN_POINT('',(-0.664370078740158,0.,0.));
#12542=CARTESIAN_POINT('',(-0.646469947362726,-0.278717830075938,-0.0133095494591117));
#12543=CARTESIAN_POINT('',(-0.657550981072559,-0.2577704864766,-0.0495914128567674));
#12544=CARTESIAN_POINT('',(-0.664370078740158,-0.236524747669265,-0.0863901119154092));
#12545=CARTESIAN_POINT('',(-0.664370078740158,-0.214801576529211,-0.124015748031496));
#12546=CARTESIAN_POINT('',(-0.664370078740157,-0.214801576529211,0.124015748031496));
#12547=CARTESIAN_POINT('',(-0.664370078740157,-0.236524747669266,0.0863901119154082));
#12548=CARTESIAN_POINT('',(-0.657550981072559,-0.257770486476601,0.0495914128567658));
#12549=CARTESIAN_POINT('',(-0.646469947362725,-0.278717830075939,0.0133095494591092));
#12550=CARTESIAN_POINT('',(-0.664370078740158,-0.214801576529211,0.124015748031496));
#12551=CARTESIAN_POINT('',(-0.664370078740158,0.,0.));
#12552=CARTESIAN_POINT('',(-0.664370078740158,0.,0.));
#12553=CARTESIAN_POINT('',(-0.664370078740158,0.214801576529211,0.124015748031496));
#12554=CARTESIAN_POINT('',(-0.664370078740158,0.193078405389146,0.161641384147603));
#12555=CARTESIAN_POINT('',(-0.657550981072564,0.171832666581829,0.198440083206213));
#12556=CARTESIAN_POINT('',(-0.646469947362723,0.150885322982481,0.234721946603888));
#12557=CARTESIAN_POINT('',(-0.664370078740158,0.214801576529211,0.124015748031496));
#12558=CARTESIAN_POINT('',(-0.646469947362724,0.150885322982481,0.234721946603888));
#12559=CARTESIAN_POINT('',(-0.664370078740158,0.,0.));
#12560=CARTESIAN_POINT('',(-0.664370078740158,-1.19397384865232E-19,0.248031496062992));
#12561=CARTESIAN_POINT('',(-0.664370078740158,-2.38794769730463E-19,0.248031496062992));
#12562=CARTESIAN_POINT('',(-0.664370078740158,0.0434463422801305,0.248031496062992));
#12563=CARTESIAN_POINT('',(-0.657550981072564,0.0859378198947634,0.248031496062992));
#12564=CARTESIAN_POINT('',(-0.646469947362723,0.127832507093461,0.248031496062992));
#12565=CARTESIAN_POINT('',(-0.646469947362724,0.127832507093461,0.248031496062992));
#12566=CARTESIAN_POINT('',(-0.646469947362746,0.,0.));
#12567=CARTESIAN_POINT('',(-0.664370078740158,0.,0.));
#12568=CARTESIAN_POINT('',(-0.64646994736273,-0.127832507093438,0.248031496062992));
#12569=CARTESIAN_POINT('',(-0.657550981072565,-0.0859378198947513,0.248031496062992));
#12570=CARTESIAN_POINT('',(-0.664370078740158,-0.043446342280119,0.248031496062992));
#12571=CARTESIAN_POINT('',(-0.664370078740158,2.87622219106842E-18,0.248031496062992));
#12572=CARTESIAN_POINT('',(-0.646469947362737,-0.127832507093449,0.248031496062992));
#12573=CARTESIAN_POINT('',(-0.664370078740158,0.,0.));
#12574=CARTESIAN_POINT('',(-0.646469947362725,-0.150885322982484,0.234721946603883));
#12575=CARTESIAN_POINT('',(-0.657550981072561,-0.171832666581825,0.198440083206221));
#12576=CARTESIAN_POINT('',(-0.664370078740157,-0.193078405389153,0.16164138414759));
#12577=CARTESIAN_POINT('',(-0.664370078740157,-0.214801576529211,0.124015748031496));
#12578=CARTESIAN_POINT('',(-0.646469947362734,-0.150885322982502,0.234721946603851));
#12579=CARTESIAN_POINT('',(-0.646469947362746,0.,0.));
#12580=CARTESIAN_POINT('',(-0.664370078740158,0.,0.));
#12581=CARTESIAN_POINT('',(-0.646469947362726,0.150885322982485,-0.23472194660388));
#12582=CARTESIAN_POINT('',(-0.657550981072561,0.171832666581827,-0.198440083206218));
#12583=CARTESIAN_POINT('',(-0.664370078740158,0.193078405389154,-0.16164138414759));
#12584=CARTESIAN_POINT('',(-0.664370078740158,0.214801576529212,-0.124015748031496));
#12585=CARTESIAN_POINT('',(-0.646469947362734,0.150885322982502,-0.234721946603851));
#12586=CARTESIAN_POINT('',(-0.664370078740158,0.214801576529211,-0.124015748031496));
#12587=CARTESIAN_POINT('',(-0.646469947362746,0.,0.));
#12588=CARTESIAN_POINT('',(-0.646469947362735,0.127832507093458,-0.248031496062992));
#12589=CARTESIAN_POINT('',(-0.664370078740158,-2.54916775557372E-17,-0.248031496062992));
#12590=CARTESIAN_POINT('',(-0.664370078740158,0.043446342280129,-0.248031496062992));
#12591=CARTESIAN_POINT('',(-0.657550981072564,0.0859378198947594,-0.248031496062992));
#12592=CARTESIAN_POINT('',(-0.646469947362725,0.127832507093455,-0.248031496062992));
#12593=CARTESIAN_POINT('',(-0.664370078740158,0.,0.));
#12594=CARTESIAN_POINT('',(-0.664370078740158,0.,0.));
#12595=CARTESIAN_POINT('',(-0.664370078740158,0.214801576529212,-0.124015748031496));
#12596=CARTESIAN_POINT('',(-0.664370078740157,0.236524747669258,-0.0863901119154214));
#12597=CARTESIAN_POINT('',(-0.657550981072555,0.257770486476609,-0.0495914128567525));
#12598=CARTESIAN_POINT('',(-0.646469947362725,0.278717830075939,-0.0133095494591092));
#12599=CARTESIAN_POINT('',(-0.664370078740158,0.,0.));
#12600=CARTESIAN_POINT('',(-0.646469947362726,0.278717830075937,0.0133095494591123));
#12601=CARTESIAN_POINT('',(-0.657550981072556,0.257770486476606,0.0495914128567569));
#12602=CARTESIAN_POINT('',(-0.664370078740158,0.236524747669258,0.0863901119154207));
#12603=CARTESIAN_POINT('',(-0.664370078740158,0.214801576529211,0.124015748031496));
#12604=CARTESIAN_POINT('',(-0.664370078740158,0.,0.));
#12605=CARTESIAN_POINT('',(-0.664370078740158,0.,6.93889390390723E-16));
#12606=CARTESIAN_POINT('',(-0.664370078740158,0.166922522421316,0.0853997746396646));
#12607=CARTESIAN_POINT('',(-0.664370078740157,-0.166922522421296,0.0853997746397021));
#12608=CARTESIAN_POINT('',(-0.664370078740157,-0.166922522421296,0.0853997746397022));
#12609=CARTESIAN_POINT('',(-0.664370078740157,-0.186317947855289,0.0367931799402974));
#12610=CARTESIAN_POINT('',(-0.664370078740159,-0.181840415394804,-0.0784843714629557));
#12611=CARTESIAN_POINT('',(-0.664370078740157,-0.0866664450156177,-0.146184818204263));
#12612=CARTESIAN_POINT('',(-0.664370078740157,-0.0346270659617621,-0.152364788592637));
#12613=CARTESIAN_POINT('',(-0.664370078740156,-0.0346270659617614,-0.152364788592639));
#12614=CARTESIAN_POINT('',(-0.664370078740156,0.,6.93889390390723E-16));
#12615=CARTESIAN_POINT('',(-0.664370078740156,0.0345650871878285,-0.152378860895131));
#12616=CARTESIAN_POINT('',(-0.664370078740158,0.0345650871878288,-0.152378860895133));
#12617=CARTESIAN_POINT('',(-0.664370078740158,0.0864262133134609,-0.146265047819881));
#12618=CARTESIAN_POINT('',(-0.664370078740157,0.181840528225121,-0.0783681369392435));
#12619=CARTESIAN_POINT('',(-0.664370078740158,0.186461208585992,0.0364341562984766));
#12620=CARTESIAN_POINT('',(-0.664370078740158,0.166922522421315,0.0853997746396657));
#12621=CARTESIAN_POINT('',(0.411023622047244,-0.389763779527559,0.168069555197034));
#12622=CARTESIAN_POINT('',(0.411023622047244,-0.389763779527559,-0.168069555197034));
#12623=CARTESIAN_POINT('',(0.411023622047244,-0.478346456692913,-0.168069555197034));
#12624=CARTESIAN_POINT('',(0.411023622047244,-0.424810181679399,-0.238644040327701));
#12625=CARTESIAN_POINT('',(0.411023622047244,-0.478346456692913,-0.168069555197034));
#12626=CARTESIAN_POINT('',(-0.379523622047244,-0.478346456692913,-0.168069555197034));
#12627=CARTESIAN_POINT('',(-0.379523622047244,-0.424810181679399,-0.238644040327701));
#12628=CARTESIAN_POINT('',(0.411023622047244,-0.424810181679399,-0.238644040327701));
#12629=CARTESIAN_POINT('',(0.411023622047244,-0.168069555197034,-0.389763779527559));
#12630=CARTESIAN_POINT('',(0.411023622047244,-0.168069555197034,-0.389763779527559));
#12631=CARTESIAN_POINT('',(-0.379523622047244,-0.168069555197034,-0.389763779527559));
#12632=CARTESIAN_POINT('',(-0.379523622047244,-0.168069555197034,-0.389763779527559));
#12633=CARTESIAN_POINT('',(-0.379523622047244,0.168069555197034,-0.389763779527559));
#12634=CARTESIAN_POINT('',(0.411023622047244,0.168069555197034,-0.389763779527559));
#12635=CARTESIAN_POINT('',(0.411023622047244,-0.168069555197034,-0.478346456692913));
#12636=CARTESIAN_POINT('',(0.411023622047244,-0.238644038900638,-0.424810179798165));
#12637=CARTESIAN_POINT('',(-0.379523622047244,-0.238644038900638,-0.424810179798165));
#12638=CARTESIAN_POINT('',(-0.379523622047244,-0.168069555197034,-0.478346456692913));
#12639=CARTESIAN_POINT('',(0.411023622047244,-0.168069555197034,-0.478346456692913));
#12640=CARTESIAN_POINT('',(0.411023622047244,-0.168069555197034,-0.389763779527559));
#12641=CARTESIAN_POINT('',(0.411023622047244,-0.238644038900638,-0.424810179798165));
#12642=CARTESIAN_POINT('',(0.411023622047244,-0.168069555197034,-0.478346456692913));
#12643=CARTESIAN_POINT('',(0.411023622047244,-0.168069555197034,-0.389763779527559));
#12644=CARTESIAN_POINT('',(0.397240157480315,-0.168069555197034,-0.389763779527559));
#12645=CARTESIAN_POINT('',(0.397240157480315,-0.168069555197034,-0.478346456692913));
#12646=CARTESIAN_POINT('',(0.397240157480315,-0.238644038900638,-0.424810179798165));
#12647=CARTESIAN_POINT('',(0.411023622047244,-0.238644038900638,-0.424810179798165));
#12648=CARTESIAN_POINT('',(0.411023622047244,-0.478346456692913,-0.168069555197034));
#12649=CARTESIAN_POINT('',(0.411023622047244,-0.424810181679399,-0.238644040327701));
#12650=CARTESIAN_POINT('',(0.397240157480315,-0.424810181679399,-0.238644040327701));
#12651=CARTESIAN_POINT('',(0.397240157480315,-0.478346456692913,-0.168069555197034));
#12652=CARTESIAN_POINT('',(0.397240157480315,-0.389763779527559,-0.168069555197034));
#12653=CARTESIAN_POINT('',(0.411023622047244,-0.389763779527559,-0.168069555197034));
#12654=CARTESIAN_POINT('',(0.411023622047244,-0.389763779527559,0.168069555197034));
#12655=CARTESIAN_POINT('',(0.397240157480315,-0.389763779527559,0.168069555197034));
#12656=CARTESIAN_POINT('',(0.397240157480315,-0.389763779527559,0.168069555197034));
#12657=CARTESIAN_POINT('',(0.411023622047244,-0.389763779527559,0.168069555197034));
#12658=CARTESIAN_POINT('',(0.411023622047244,-0.478346456692913,0.168069555197034));
#12659=CARTESIAN_POINT('',(0.397240157480315,-0.478346456692913,0.168069555197034));
#12660=CARTESIAN_POINT('',(0.397240157480315,-0.424810178115539,0.238644037624234));
#12661=CARTESIAN_POINT('',(0.411023622047244,-0.424810178115539,0.238644037624234));
#12662=CARTESIAN_POINT('',(0.411023622047244,0.168069555197034,0.478346456692913));
#12663=CARTESIAN_POINT('',(0.411023622047244,0.168069555197034,0.389763779527559));
#12664=CARTESIAN_POINT('',(0.397240157480315,0.168069555197034,0.389763779527559));
#12665=CARTESIAN_POINT('',(0.397240157480315,0.168069555197034,0.478346456692913));
#12666=CARTESIAN_POINT('',(0.411023622047244,-0.168069555197034,-0.389763779527559));
#12667=CARTESIAN_POINT('',(0.411023622047244,0.168069555197034,-0.389763779527559));
#12668=CARTESIAN_POINT('',(0.397240157480315,0.168069555197034,-0.389763779527559));
#12669=CARTESIAN_POINT('',(0.397240157480315,-0.168069555197034,-0.389763779527559));
#12670=CARTESIAN_POINT('',(0.411023622047244,0.168069555197034,-0.478346456692913));
#12671=CARTESIAN_POINT('',(0.397240157480315,0.168069555197034,-0.478346456692913));
#12672=CARTESIAN_POINT('',(0.411023622047244,-0.168069555197034,-0.389763779527559));
#12673=CARTESIAN_POINT('',(0.411023622047244,0.168069555197034,-0.389763779527559));
#12674=CARTESIAN_POINT('',(0.411023622047244,0.168069555197034,-0.478346456692913));
#12675=CARTESIAN_POINT('',(0.411023622047244,0.168069555197034,-0.478346456692913));
#12676=CARTESIAN_POINT('',(-0.379523622047244,0.168069555197034,-0.478346456692913));
#12677=CARTESIAN_POINT('',(0.411023622047244,-0.168069555197034,0.478346456692913));
#12678=CARTESIAN_POINT('',(0.411023622047244,-0.168069555197034,0.389763779527559));
#12679=CARTESIAN_POINT('',(-0.379523622047244,-0.168069555197034,0.389763779527559));
#12680=CARTESIAN_POINT('',(-0.379523622047244,-0.168069555197034,0.478346456692913));
#12681=CARTESIAN_POINT('',(-0.379523622047244,-0.238644038900638,0.424810179798165));
#12682=CARTESIAN_POINT('',(0.411023622047244,-0.238644038900638,0.424810179798165));
#12683=CARTESIAN_POINT('',(0.411023622047244,0.478346456692913,-0.168069555197034));
#12684=CARTESIAN_POINT('',(-0.0555940984377841,0.389763779527559,-0.168069555197034));
#12685=CARTESIAN_POINT('',(-0.0198252157513713,0.389763779527559,-0.181946239354386));
#12686=CARTESIAN_POINT('',(0.0198183077534347,0.389763779527557,-0.181948919340405));
#12687=CARTESIAN_POINT('',(0.0555940984377843,0.389763779527557,-0.168069555197034));
#12688=CARTESIAN_POINT('',(0.0555940984377842,0.389763779527559,-0.168069555197034));
#12689=CARTESIAN_POINT('',(0.411023622047244,0.389763779527559,-0.168069555197034));
#12690=CARTESIAN_POINT('',(0.137308360303926,0.389763779527559,-0.168069555197034));
#12691=CARTESIAN_POINT('',(0.411023622047244,0.389763779527559,-0.168069555197034));
#12692=CARTESIAN_POINT('',(0.411023622047244,-0.168069555197034,0.478346456692913));
#12693=CARTESIAN_POINT('',(0.411023622047244,-0.238644038900638,0.424810179798165));
#12694=CARTESIAN_POINT('',(0.411023622047244,-0.168069555197034,0.389763779527559));
#12695=CARTESIAN_POINT('',(0.411023622047244,0.168069555197034,0.389763779527559));
#12696=CARTESIAN_POINT('',(0.411023622047244,0.168069555197034,0.389763779527559));
#12697=CARTESIAN_POINT('',(0.411023622047244,0.168069555197034,0.389763779527559));
#12698=CARTESIAN_POINT('',(0.411023622047244,-0.168069555197034,0.389763779527559));
#12699=CARTESIAN_POINT('',(0.397240157480315,-0.168069555197034,0.389763779527559));
#12700=CARTESIAN_POINT('',(0.397240157480315,0.168069555197034,0.389763779527559));
#12701=CARTESIAN_POINT('',(0.411023622047244,0.168069555197034,0.389763779527559));
#12702=CARTESIAN_POINT('',(0.411023622047244,0.168069555197034,0.389763779527559));
#12703=CARTESIAN_POINT('',(-0.379523622047244,0.168069555197034,0.389763779527559));
#12704=CARTESIAN_POINT('',(-0.379523622047244,0.168069555197034,0.389763779527559));
#12705=CARTESIAN_POINT('',(0.605905511811024,0.225944398571946,-0.37627418669822));
#12706=CARTESIAN_POINT('',(-0.411023622047244,-0.37627418669822,0.225944398571946));
#12707=CARTESIAN_POINT('',(-0.434508866362296,-0.376274186095152,0.225944398733537));
#12708=CARTESIAN_POINT('',(-0.476121054897546,-0.376274187139697,0.225944399013423));
#12709=CARTESIAN_POINT('',(-0.411023623133428,-0.419661667059646,0.269331878933371));
#12710=CARTESIAN_POINT('',(-0.411027471188195,-0.403734523772973,0.253404735646699));
#12711=CARTESIAN_POINT('',(-0.421519213266193,-0.389137100355906,0.238807312229631));
#12712=CARTESIAN_POINT('',(-0.434508865880609,-0.376274187616683,0.225944399490409));
#12713=CARTESIAN_POINT('',(0.605905511811024,-0.463067130340143,0.312737342213869));
#12714=CARTESIAN_POINT('',(-0.476121055163115,-0.376274187292321,0.225944399925787));
#12715=CARTESIAN_POINT('',(-0.489111604729487,-0.389137988195533,0.238808200828998));
#12716=CARTESIAN_POINT('',(-0.499610147233224,-0.403748147630672,0.253418359504397));
#12717=CARTESIAN_POINT('',(-0.499606298126414,-0.419679649976099,0.269349861849825));
#12718=CARTESIAN_POINT('',(-0.411023622047244,-0.431298708097968,0.431298708097968));
#12719=CARTESIAN_POINT('',(-0.411023622047244,-0.431298708097968,0.431298708097967));
#12720=CARTESIAN_POINT('',(-0.47612105489755,-0.431298707494899,0.431298708259559));
#12721=CARTESIAN_POINT('',(-0.4996062992126,-0.447182919219055,0.372018025155919));
#12722=CARTESIAN_POINT('',(-0.4996062992126,-0.441352044999741,0.393779143994941));
#12723=CARTESIAN_POINT('',(-0.489113177587643,-0.436007756377831,0.413724300662223));
#12724=CARTESIAN_POINT('',(-0.476121055379244,-0.431298708434152,0.431298706843312));
#12725=CARTESIAN_POINT('',(0.605905511811024,-0.312737342213868,0.463067130340143));
#12726=CARTESIAN_POINT('',(-0.43450886609678,-0.31273734340529,0.463067129464567));
#12727=CARTESIAN_POINT('',(-0.421513208811776,-0.33031653142451,0.458356800231222));
#12728=CARTESIAN_POINT('',(-0.41101977334606,-0.350263796310818,0.453011947270061));
#12729=CARTESIAN_POINT('',(-0.411023623133442,-0.37203030781232,0.447179628091191));
#12730=CARTESIAN_POINT('',(-0.434508865916298,-0.312737342375292,0.463067129736907));
#12731=CARTESIAN_POINT('',(0.605905511811024,-0.312737342213869,0.463067130340142));
#12732=CARTESIAN_POINT('',(-0.476121055343411,-0.31273734237551,0.463067129737061));
#12733=CARTESIAN_POINT('',(-0.499606298112925,-0.372005666550076,0.44718623069751));
#12734=CARTESIAN_POINT('',(-0.499602426033479,-0.350247656804912,0.453016271837635));
#12735=CARTESIAN_POINT('',(-0.489111746164707,-0.330309813367721,0.458358600885449));
#12736=CARTESIAN_POINT('',(-0.476121055378502,-0.312737343467521,0.463067130004227));
#12737=CARTESIAN_POINT('',(-0.476121055163068,-0.431298706628381,0.431298707935418));
#12738=CARTESIAN_POINT('',(-0.48911162029585,-0.413726406748742,0.436007191497324));
#12739=CARTESIAN_POINT('',(-0.499610171056125,-0.393768529903745,0.441354889036905));
#12740=CARTESIAN_POINT('',(-0.499606298112925,-0.372005666550076,0.44718623069751));
#12741=CARTESIAN_POINT('',(0.605905511811024,0.31273734221387,0.225944398571946));
#12742=CARTESIAN_POINT('',(-0.411023622047244,0.431298708097968,0.257712820814121));
#12743=CARTESIAN_POINT('',(-0.434508866096782,0.312737343405292,0.225944399447521));
#12744=CARTESIAN_POINT('',(-0.421513208811778,0.330316531424511,0.230654728680865));
#12745=CARTESIAN_POINT('',(-0.411019773346063,0.350263796310819,0.235999581642027));
#12746=CARTESIAN_POINT('',(-0.411023623133445,0.37203030781232,0.241831900820897));
#12747=CARTESIAN_POINT('',(-0.499606298112922,0.37200566654721,0.24182529821381));
#12748=CARTESIAN_POINT('',(-0.499602426032577,0.350247656803041,0.235995257073951));
#12749=CARTESIAN_POINT('',(-0.489111746164121,0.330309813366934,0.230652928026428));
#12750=CARTESIAN_POINT('',(-0.4761210553785,0.312737343467523,0.225944398907861));
#12751=CARTESIAN_POINT('',(-0.411023622047244,0.431298708097968,0.257712820814121));
#12752=CARTESIAN_POINT('',(-0.499606299212598,0.344505764456045,0.344505764456045));
#12753=CARTESIAN_POINT('',(-0.476121055163067,0.257712822283708,0.431298707935418));
#12754=CARTESIAN_POINT('',(-0.489111620295849,0.275285122163347,0.436007191497325));
#12755=CARTESIAN_POINT('',(-0.499610171056124,0.295242999008343,0.441354889036906));
#12756=CARTESIAN_POINT('',(-0.499606298112924,0.317005862362012,0.44718623069751));
#12757=CARTESIAN_POINT('',(0.605905511811024,0.37627418669822,0.463067130340143));
#12758=CARTESIAN_POINT('',(-0.43450886609678,0.376274185506799,0.463067129464568));
#12759=CARTESIAN_POINT('',(-0.421513208811776,0.35869499748758,0.458356800231223));
#12760=CARTESIAN_POINT('',(-0.41101977334606,0.33874773260127,0.453011947270061));
#12761=CARTESIAN_POINT('',(-0.411023623133443,0.316981221099769,0.447179628091191));
#12762=CARTESIAN_POINT('',(-0.499606298112924,0.317005862362012,0.44718623069751));
#12763=CARTESIAN_POINT('',(-0.499602426033479,0.338763872107187,0.453016271837638));
#12764=CARTESIAN_POINT('',(-0.489111746164716,0.358701715544357,0.458358600885446));
#12765=CARTESIAN_POINT('',(-0.476121055378502,0.376274185444567,0.463067130004228));
#12766=CARTESIAN_POINT('',(-0.411023622047244,0.431298708097968,-0.431298708097968));
#12767=CARTESIAN_POINT('',(-0.499606299212598,0.344505764456045,-0.344505764456045));
#12768=CARTESIAN_POINT('',(-0.476121055163066,0.257712822283709,-0.25771282097667));
#12769=CARTESIAN_POINT('',(-0.489111620296434,0.27528512216414,-0.253004337414551));
#12770=CARTESIAN_POINT('',(-0.499610171057018,0.295242999010212,-0.247656639874682));
#12771=CARTESIAN_POINT('',(-0.499606298112922,0.317005862364875,-0.241825298213811));
#12772=CARTESIAN_POINT('',(0.605905511811024,0.37627418669822,-0.225944398571946));
#12773=CARTESIAN_POINT('',(-0.434508866096781,0.376274185506798,-0.225944399447521));
#12774=CARTESIAN_POINT('',(-0.421513208811778,0.358694997487579,-0.230654728680866));
#12775=CARTESIAN_POINT('',(-0.411019773346063,0.338747732601269,-0.235999581642027));
#12776=CARTESIAN_POINT('',(-0.411023623133445,0.316981221099769,-0.241831900820897));
#12777=CARTESIAN_POINT('',(-0.499606298112922,0.317005862364875,-0.241825298213811));
#12778=CARTESIAN_POINT('',(-0.499602426032579,0.338763872109035,-0.235995257073955));
#12779=CARTESIAN_POINT('',(-0.489111746164114,0.358701715545166,-0.230652928026426));
#12780=CARTESIAN_POINT('',(-0.4761210553785,0.376274185444566,-0.225944398907861));
#12781=CARTESIAN_POINT('',(-0.411023622047244,-0.257712820814121,-0.431298708097968));
#12782=CARTESIAN_POINT('',(-0.499606299212598,-0.344505764456045,-0.344505764456045));
#12783=CARTESIAN_POINT('',(-0.476121055163067,-0.431298706628381,-0.257712820976671));
#12784=CARTESIAN_POINT('',(-0.489111620296436,-0.413726406747948,-0.253004337414551));
#12785=CARTESIAN_POINT('',(-0.499610171057021,-0.393768529901874,-0.247656639874682));
#12786=CARTESIAN_POINT('',(-0.499606298112922,-0.372005666547209,-0.24182529821381));
#12787=CARTESIAN_POINT('',(0.605905511811024,-0.312737342213868,-0.225944398571946));
#12788=CARTESIAN_POINT('',(-0.434508866096782,-0.312737343405291,-0.225944399447521));
#12789=CARTESIAN_POINT('',(-0.421513208811778,-0.330316531424511,-0.230654728680866));
#12790=CARTESIAN_POINT('',(-0.411019773346062,-0.350263796310819,-0.235999581642027));
#12791=CARTESIAN_POINT('',(-0.411023623133445,-0.372030307812319,-0.241831900820897));
#12792=CARTESIAN_POINT('',(-0.499606298112922,-0.372005666547209,-0.24182529821381));
#12793=CARTESIAN_POINT('',(-0.499602426032578,-0.350247656803039,-0.235995257073951));
#12794=CARTESIAN_POINT('',(-0.489111746164122,-0.330309813366934,-0.230652928026429));
#12795=CARTESIAN_POINT('',(-0.4761210553785,-0.312737343467522,-0.225944398907861));
#12796=CARTESIAN_POINT('',(0.411023622047244,0.168069555197034,0.478346456692913));
#12797=CARTESIAN_POINT('',(-0.411023622047244,-0.168069555197034,0.478346456692913));
#12798=CARTESIAN_POINT('',(-0.411023622047244,0.391215910902508,0.155442842286498));
#12799=CARTESIAN_POINT('',(-0.411023622047244,0.160623530618001,-0.243954876204511));
#12800=CARTESIAN_POINT('',(-0.411023622047244,0.291582885479214,-0.0171266198584482));
#12801=CARTESIAN_POINT('',(-0.411023622047244,-1.91929395604876E-14,3.31304865431634E-14));
#12802=CARTESIAN_POINT('',(-0.411023622047244,0.291582885479219,0.0171266198584403));
#12803=CARTESIAN_POINT('',(-0.411023622047244,-0.0230442724038281,0.562076842752872));
#12804=CARTESIAN_POINT('',(-0.411023622047244,0.16062353061794,0.243954876204618));
#12805=CARTESIAN_POINT('',(-0.411023622047244,-1.91929395604876E-14,3.31304865431634E-14));
#12806=CARTESIAN_POINT('',(-0.411023622047244,0.130959354861326,0.261081496062992));
#12807=CARTESIAN_POINT('',(-0.411023622047244,-0.168069555197034,0.261081496062992));
#12808=CARTESIAN_POINT('',(-0.411023622047244,-0.130959354861365,0.261081496062992));
#12809=CARTESIAN_POINT('',(-0.411023622047244,-1.91929395604876E-14,3.31304865431634E-14));
#12810=CARTESIAN_POINT('',(-0.411023622047244,-0.160623530617916,0.243954876204659));
#12811=CARTESIAN_POINT('',(-0.411023622047244,-0.0609905051946889,0.41652433834949));
#12812=CARTESIAN_POINT('',(-0.411023622047244,-0.291582885479261,0.0171266198583668));
#12813=CARTESIAN_POINT('',(-0.411023622047244,-1.91929395604876E-14,3.31304865431634E-14));
#12814=CARTESIAN_POINT('',(-0.411023622047244,-0.291582885479257,-0.0171266198583741));
#12815=CARTESIAN_POINT('',(-0.411023622047244,-0.475250688501025,0.30099534668988));
#12816=CARTESIAN_POINT('',(-0.411023622047244,-0.160623530617978,-0.243954876204552));
#12817=CARTESIAN_POINT('',(-0.411023622047244,-1.91929395604876E-14,3.31304865431634E-14));
#12818=CARTESIAN_POINT('',(-0.411023622047244,-0.130959354861233,-0.261081496062992));
#12819=CARTESIAN_POINT('',(-0.411023622047244,-0.168069555197034,-0.261081496062992));
#12820=CARTESIAN_POINT('',(-0.411023622047244,0.130959354861194,-0.261081496062992));
#12821=CARTESIAN_POINT('',(-0.411023622047244,-1.91929395604876E-14,3.31304865431634E-14));
#12822=CARTESIAN_POINT('',(-0.411023622047244,-0.168069555197034,-0.363188976377953));
#12823=CARTESIAN_POINT('',(-0.411023622047244,0.168069555197034,-0.363188976377953));
#12824=CARTESIAN_POINT('',(-0.411023622047244,-0.168069555197034,-0.363188976377953));
#12825=CARTESIAN_POINT('',(-0.411023622047244,-0.168069555197034,-0.478346456692913));
#12826=CARTESIAN_POINT('',(-0.411023622047244,-0.344505764456045,-0.344505764456045));
#12827=CARTESIAN_POINT('',(-0.411023622047244,-0.478346456692913,-0.168069555197034));
#12828=CARTESIAN_POINT('',(-0.411023622047244,-0.363188976377953,-0.168069555197034));
#12829=CARTESIAN_POINT('',(-0.411023622047244,-0.363188976377953,0.478346456692913));
#12830=CARTESIAN_POINT('',(-0.411023622047244,-0.363188976377953,0.168069555197034));
#12831=CARTESIAN_POINT('',(-0.411023622047244,-0.478346456692913,0.168069555197034));
#12832=CARTESIAN_POINT('',(-0.411023622047244,-0.408749296729742,0.25981638401172));
#12833=CARTESIAN_POINT('',(-0.411023622047244,-0.344505764456045,0.344505764456045));
#12834=CARTESIAN_POINT('',(-0.411023622047244,-0.168069555197034,0.478346456692913));
#12835=CARTESIAN_POINT('',(-0.411023622047244,-0.168069555197034,0.363188976377953));
#12836=CARTESIAN_POINT('',(-0.411023622047244,-0.168069555197034,0.363188976377953));
#12837=CARTESIAN_POINT('',(-0.411023622047244,0.168069555197034,0.363188976377953));
#12838=CARTESIAN_POINT('',(-0.411023622047244,0.168069555197034,0.478346456692913));
#12839=CARTESIAN_POINT('',(-0.411023622047244,0.344505764456045,0.344505764456045));
#12840=CARTESIAN_POINT('',(-0.411023622047244,0.478346456692913,0.168069555197034));
#12841=CARTESIAN_POINT('',(-0.411023622047244,0.363188976377953,0.168069555197034));
#12842=CARTESIAN_POINT('',(-0.411023622047244,0.363188976377953,0.478346456692913));
#12843=CARTESIAN_POINT('',(-0.411023622047244,0.363188976377953,-0.168069555197034));
#12844=CARTESIAN_POINT('',(-0.411023622047244,0.478346456692913,-0.168069555197034));
#12845=CARTESIAN_POINT('',(-0.411023622047244,0.408749296729742,-0.25981638401172));
#12846=CARTESIAN_POINT('',(-0.411023622047244,0.344505764456045,-0.344505764456045));
#12847=CARTESIAN_POINT('',(-0.411023622047244,0.168069555197034,-0.478346456692913));
#12848=CARTESIAN_POINT('',(0.411023622047244,0.168069555197034,0.478346456692913));
#12849=CARTESIAN_POINT('',(-0.379523622047244,0.168069555197034,0.478346456692913));
#12850=CARTESIAN_POINT('',(1.29685039370079,-0.278717830075942,-0.0133095494591044));
#12851=CARTESIAN_POINT('',(-1.29685039370079,-0.150885322982543,-0.234721946603781));
#12852=CARTESIAN_POINT('',(-0.424073622047244,-0.150885322982543,-0.234721946603781));
#12853=CARTESIAN_POINT('',(-0.424073622047244,-0.278717830075942,-0.0133095494591044));
#12854=CARTESIAN_POINT('',(-1.29685039370079,-1.91929395604876E-14,3.31304865431634E-14));
#12855=CARTESIAN_POINT('',(-1.29685039370079,-0.127832507093331,-0.248031496062992));
#12856=CARTESIAN_POINT('',(-0.424073622047244,-0.127832507093331,-0.248031496062992));
#12857=CARTESIAN_POINT('',(-0.424073622047244,-1.91929395604876E-14,3.31304865431634E-14));
#12858=CARTESIAN_POINT('',(1.29685039370079,-0.127832507093461,-0.248031496062992));
#12859=CARTESIAN_POINT('',(-1.29685039370079,0.127832507093292,-0.248031496062992));
#12860=CARTESIAN_POINT('',(-0.424073622047244,0.127832507093292,-0.248031496062992));
#12861=CARTESIAN_POINT('',(-0.424073622047244,-0.127832507093461,-0.248031496062992));
#12862=CARTESIAN_POINT('',(-1.29685039370079,-1.91929395604876E-14,3.31304865431634E-14));
#12863=CARTESIAN_POINT('',(-1.29685039370079,0.150885322982566,-0.234721946603741));
#12864=CARTESIAN_POINT('',(-0.424073622047244,0.150885322982566,-0.234721946603741));
#12865=CARTESIAN_POINT('',(-0.424073622047244,-1.91929395604876E-14,3.31304865431634E-14));
#12866=CARTESIAN_POINT('',(1.29685039370079,0.150885322982481,-0.234721946603888));
#12867=CARTESIAN_POINT('',(-0.424073622047244,0.150885322982481,-0.234721946603888));
#12868=CARTESIAN_POINT('',(-1.29685039370079,0.278717830075942,0.0133095494591044));
#12869=CARTESIAN_POINT('',(-1.29685039370079,0.150885322982504,0.234721946603847));
#12870=CARTESIAN_POINT('',(-0.424073622047244,0.150885322982504,0.234721946603847));
#12871=CARTESIAN_POINT('',(-0.424073622047244,0.278717830075942,0.0133095494591044));
#12872=CARTESIAN_POINT('',(-1.29685039370079,-1.91929395604876E-14,3.31304865431634E-14));
#12873=CARTESIAN_POINT('',(-1.29685039370079,0.127832507093421,0.248031496062992));
#12874=CARTESIAN_POINT('',(-0.424073622047244,0.127832507093421,0.248031496062992));
#12875=CARTESIAN_POINT('',(-0.424073622047244,-1.91929395604876E-14,3.31304865431634E-14));
#12876=CARTESIAN_POINT('',(1.29685039370079,0.127832507093461,0.248031496062992));
#12877=CARTESIAN_POINT('',(-1.29685039370079,-0.127832507093459,0.248031496062992));
#12878=CARTESIAN_POINT('',(-0.424073622047244,-0.127832507093459,0.248031496062992));
#12879=CARTESIAN_POINT('',(-0.424073622047244,0.127832507093461,0.248031496062992));
#12880=CARTESIAN_POINT('',(-1.29685039370079,-1.91929395604876E-14,3.31304865431634E-14));
#12881=CARTESIAN_POINT('',(-1.29685039370079,-0.127832507093459,0.248031496062992));
#12882=CARTESIAN_POINT('',(0.646469947362747,-0.127832507093418,0.248031496062992));
#12883=CARTESIAN_POINT('',(0.441790157480315,-0.127832507093459,0.248031496062992));
#12884=CARTESIAN_POINT('',(0.441790157480315,-1.91929395604876E-14,3.31304865431634E-14));
#12885=CARTESIAN_POINT('',(0.441790157480315,-0.150885322982482,0.234721946603886));
#12886=CARTESIAN_POINT('',(-1.29685039370079,-0.150885322982482,0.234721946603886));
#12887=CARTESIAN_POINT('',(0.646469947362738,-0.150885322982486,0.23472194660388));
#12888=CARTESIAN_POINT('',(0.646469947362747,0.,0.));
#12889=CARTESIAN_POINT('',(-1.29685039370079,-0.150885322982481,0.234721946603888));
#12890=CARTESIAN_POINT('',(0.441790157480315,-0.150885322982481,0.234721946603888));
#12891=CARTESIAN_POINT('',(0.441790157480315,-0.278717830075922,0.0133095494591393));
#12892=CARTESIAN_POINT('',(-1.29685039370079,-0.278717830075922,0.0133095494591393));
#12893=CARTESIAN_POINT('',(0.646469947362728,-0.150885322982489,0.234721946603873));
#12894=CARTESIAN_POINT('',(0.657550981072565,-0.171832666581834,0.198440083206205));
#12895=CARTESIAN_POINT('',(0.664370078740158,-0.19307840538915,0.161641384147597));
#12896=CARTESIAN_POINT('',(0.664370078740158,-0.214801576529211,0.124015748031496));
#12897=CARTESIAN_POINT('',(-1.29685039370079,-1.91929395604876E-14,3.31304865431634E-14));
#12898=CARTESIAN_POINT('',(0.441790157480315,-1.91929395604876E-14,3.31304865431634E-14));
#12899=CARTESIAN_POINT('',(0.441790157480315,-0.278717830075918,-0.0133095494591451));
#12900=CARTESIAN_POINT('',(-1.29685039370079,-0.278717830075918,-0.0133095494591451));
#12901=CARTESIAN_POINT('',(1.29685039370079,-0.278717830075942,-0.0133095494591044));
#12902=CARTESIAN_POINT('',(0.441790157480315,-0.278717830075942,-0.0133095494591044));
#12903=CARTESIAN_POINT('',(0.441790157480315,-0.150885322982543,-0.234721946603781));
#12904=CARTESIAN_POINT('',(-1.29685039370079,-0.150885322982543,-0.234721946603781));
#12905=CARTESIAN_POINT('',(-1.29685039370079,-1.91929395604876E-14,3.31304865431634E-14));
#12906=CARTESIAN_POINT('',(0.441790157480315,-1.91929395604876E-14,3.31304865431634E-14));
#12907=CARTESIAN_POINT('',(0.441790157480315,-0.127832507093331,-0.248031496062992));
#12908=CARTESIAN_POINT('',(-1.29685039370079,-0.127832507093331,-0.248031496062992));
#12909=CARTESIAN_POINT('',(1.29685039370079,-0.127832507093461,-0.248031496062992));
#12910=CARTESIAN_POINT('',(0.441790157480315,-0.127832507093461,-0.248031496062992));
#12911=CARTESIAN_POINT('',(0.441790157480315,0.127832507093292,-0.248031496062992));
#12912=CARTESIAN_POINT('',(-1.29685039370079,0.127832507093292,-0.248031496062992));
#12913=CARTESIAN_POINT('',(-1.29685039370079,-1.91929395604876E-14,3.31304865431634E-14));
#12914=CARTESIAN_POINT('',(0.441790157480315,-1.91929395604876E-14,3.31304865431634E-14));
#12915=CARTESIAN_POINT('',(0.441790157480315,0.150885322982566,-0.234721946603741));
#12916=CARTESIAN_POINT('',(-1.29685039370079,0.150885322982566,-0.234721946603741));
#12917=CARTESIAN_POINT('',(1.29685039370079,0.150885322982481,-0.234721946603888));
#12918=CARTESIAN_POINT('',(0.441790157480315,0.150885322982481,-0.234721946603888));
#12919=CARTESIAN_POINT('',(0.635729868536264,0.,0.));
#12920=CARTESIAN_POINT('',(0.646469947362727,-0.127832507093449,0.248031496062992));
#12921=CARTESIAN_POINT('',(0.657550981072563,-0.0859378198947665,0.248031496062992));
#12922=CARTESIAN_POINT('',(0.664370078740158,-0.0434463422801149,0.248031496062992));
#12923=CARTESIAN_POINT('',(0.664370078740158,3.29411851906941E-17,0.248031496062992));
#12924=CARTESIAN_POINT('',(1.29685039370079,0.127832507093461,0.248031496062992));
#12925=CARTESIAN_POINT('',(0.441790157480315,0.127832507093461,0.248031496062992));
#12926=CARTESIAN_POINT('',(-1.29685039370079,-1.91929395604876E-14,3.31304865431634E-14));
#12927=CARTESIAN_POINT('',(-1.29685039370079,-0.150885322982481,0.234721946603888));
#12928=CARTESIAN_POINT('',(-0.424073622047244,-0.150885322982481,0.234721946603888));
#12929=CARTESIAN_POINT('',(-0.424073622047244,-1.91929395604876E-14,3.31304865431634E-14));
#12930=CARTESIAN_POINT('',(-1.29685039370079,-0.150885322982481,0.234721946603888));
#12931=CARTESIAN_POINT('',(-0.424073622047244,-0.150885322982481,0.234721946603888));
#12932=CARTESIAN_POINT('',(0.411023622047244,0.389763779527559,-0.168069555197034));
#12933=CARTESIAN_POINT('',(4.99603542457036E-17,0.389763779527559,-1.03574985957172E-5));
#12934=CARTESIAN_POINT('',(0.411023622047244,-0.168069555197034,0.478346456692913));
#12935=CARTESIAN_POINT('',(0.411023622047244,-0.238644038900638,0.424810179798165));
#12936=CARTESIAN_POINT('',(0.397240157480315,-0.238644038900638,0.424810179798165));
#12937=CARTESIAN_POINT('',(0.397240157480315,-0.168069555197034,0.478346456692913));
#12938=CARTESIAN_POINT('',(-0.411023622047244,-0.37627418669822,0.225944398571946));
#12939=CARTESIAN_POINT('',(-0.434508866096782,-0.376274185506798,0.225944399447521));
#12940=CARTESIAN_POINT('',(-0.421515683900706,-0.358698345533213,0.230653831574742));
#12941=CARTESIAN_POINT('',(-0.411023622047244,-0.338755778321502,0.235997425797788));
#12942=CARTESIAN_POINT('',(-0.411023622047244,-0.31699350375617,0.241828609693033));
#12943=CARTESIAN_POINT('',(-0.499606299212598,-0.31699350375617,0.241828609693033));
#12944=CARTESIAN_POINT('',(-0.499606299212598,-0.338755778395165,0.23599742577805));
#12945=CARTESIAN_POINT('',(-0.4891142376381,-0.358698345335496,0.230653831071385));
#12946=CARTESIAN_POINT('',(-0.476121055378521,-0.376274185444539,0.225944398907869));
#12947=CARTESIAN_POINT('',(-0.499606299212598,-0.344505764456045,0.344505764456045));
#12948=CARTESIAN_POINT('',(0.605905511811024,0.463067130340143,-0.312737342213868));
#12949=CARTESIAN_POINT('',(-0.411023623133427,-0.269349861852443,0.419679649978716));
#12950=CARTESIAN_POINT('',(-0.411027471188193,-0.285277005139116,0.435606793265389));
#12951=CARTESIAN_POINT('',(-0.421519213266191,-0.299874428556184,0.450204216682457));
#12952=CARTESIAN_POINT('',(-0.434508865880608,-0.312737341295407,0.46306712942168));
#12953=CARTESIAN_POINT('',(-0.476121055163117,-0.312737341619769,0.463067128986303));
#12954=CARTESIAN_POINT('',(-0.48911160472949,-0.299873540716556,0.45020332808309));
#12955=CARTESIAN_POINT('',(-0.499610147233227,-0.285263381281416,0.435593169407689));
#12956=CARTESIAN_POINT('',(-0.499606298126415,-0.269331878935987,0.419661667062261));
#12957=CARTESIAN_POINT('',(0.411023622047244,-0.344505764456045,0.344505764456045));
#12958=CARTESIAN_POINT('',(0.411023622047244,-0.344505764456045,0.344505764456045));
#12959=CARTESIAN_POINT('',(-0.379523622047244,-0.344505764456045,0.344505764456045));
#12960=CARTESIAN_POINT('',(0.411023622047244,-0.344505764456045,0.344505764456045));
#12961=CARTESIAN_POINT('',(0.397240157480315,-0.344505764456045,0.344505764456045));
#12962=CARTESIAN_POINT('',(0.411023622047244,-0.344505764456045,-0.344505764456045));
#12963=CARTESIAN_POINT('',(0.397240157480315,-0.344505764456045,-0.344505764456045));
#12964=CARTESIAN_POINT('',(0.411023622047244,-0.344505764456045,-0.344505764456045));
#12965=CARTESIAN_POINT('',(-0.379523622047244,-0.344505764456045,-0.344505764456045));
#12966=CARTESIAN_POINT('',(0.411023622047244,-0.344505764456045,-0.344505764456045));
#12967=CARTESIAN_POINT('',(-0.441385823765383,-0.344505764456045,-0.344505764456045));
#12968=CARTESIAN_POINT('',(-0.441385823765383,-0.344505764456045,-0.344505764456045));
#12969=CARTESIAN_POINT('',(-0.411023622047244,-0.344505764456045,-0.344505764456045));
#12970=CARTESIAN_POINT('',(-0.441385823765383,0.344505764456045,-0.344505764456045));
#12971=CARTESIAN_POINT('',(-0.411023622047244,0.344505764456045,-0.344505764456045));
#12972=CARTESIAN_POINT('',(-0.441385823765383,0.344505764456045,-0.344505764456045));
#12973=CARTESIAN_POINT('',(-0.411023622047244,0.344505764456045,-0.344505764456045));
#12974=CARTESIAN_POINT('',(-0.441385823765383,0.344505764456045,0.344505764456045));
#12975=CARTESIAN_POINT('',(-0.411023622047244,0.344505764456045,0.344505764456045));
#12976=CARTESIAN_POINT('',(-0.441385823765383,0.344505764456045,0.344505764456045));
#12977=CARTESIAN_POINT('',(-0.441385823765383,-0.344505764456045,0.344505764456045));
#12978=CARTESIAN_POINT('',(-0.411023622047244,-0.344505764456045,0.344505764456045));
#12979=CARTESIAN_POINT('',(-0.441385823765383,-0.344505764456045,0.344505764456045));
#12980=CARTESIAN_POINT('',(-0.411023622047244,-0.344505764456045,0.344505764456045));
#12981=CARTESIAN_POINT('',(-0.499606299212598,-0.344505764456045,0.344505764456045));
#12982=CARTESIAN_POINT('',(-0.499606299212598,-0.344505764456045,0.344505764456045));
#12983=CARTESIAN_POINT('',(-0.499606299212598,-0.344505764456045,-0.344505764456045));
#12984=CARTESIAN_POINT('',(-0.499606299212598,-0.344505764456045,-0.344505764456045));
#12985=CARTESIAN_POINT('',(-0.499606299212598,0.344505764456045,-0.344505764456045));
#12986=CARTESIAN_POINT('',(-0.499606299212598,0.344505764456045,-0.344505764456045));
#12987=CARTESIAN_POINT('',(-0.499606299212598,0.344505764456045,0.344505764456045));
#12988=CARTESIAN_POINT('',(-0.499606299212598,0.344505764456045,0.344505764456045));
#12989=CARTESIAN_POINT('',(0.428740157480315,-0.281868352736763,0.281868352736763));
#12990=CARTESIAN_POINT('',(0.428740157480315,-0.174517719236334,0.219889435587614));
#12991=CARTESIAN_POINT('',(0.428740157480315,-0.291582885479261,0.0171266198583667));
#12992=CARTESIAN_POINT('',(0.428740157480315,-0.160623530617916,0.243954876204659));
#12993=CARTESIAN_POINT('',(0.428740157480315,-1.91929395604876E-14,3.31304865431634E-14));
#12994=CARTESIAN_POINT('',(0.428740157480315,-0.130959354861365,0.261081496062992));
#12995=CARTESIAN_POINT('',(0.428740157480315,-0.281868352736763,0.261081496062992));
#12996=CARTESIAN_POINT('',(0.428740157480315,0.130959354861326,0.261081496062992));
#12997=CARTESIAN_POINT('',(0.428740157480315,-1.91929395604876E-14,3.31304865431634E-14));
#12998=CARTESIAN_POINT('',(0.428740157480315,0.16062353061794,0.243954876204618));
#12999=CARTESIAN_POINT('',(0.428740157480315,0.0335835428679525,0.463994589580524));
#13000=CARTESIAN_POINT('',(0.428740157480315,0.291582885479219,0.0171266198584405));
#13001=CARTESIAN_POINT('',(0.428740157480315,-1.91929395604876E-14,3.31304865431634E-14));
#13002=CARTESIAN_POINT('',(0.428740157480315,0.291582885479214,-0.0171266198584482));
#13003=CARTESIAN_POINT('',(0.428740157480315,0.277688696860863,-0.0411920604753786));
#13004=CARTESIAN_POINT('',(0.428740157480315,0.160623530618002,-0.243954876204511));
#13005=CARTESIAN_POINT('',(0.428740157480315,-1.91929395604876E-14,3.31304865431634E-14));
#13006=CARTESIAN_POINT('',(0.428740157480315,0.130959354861194,-0.261081496062992));
#13007=CARTESIAN_POINT('',(0.428740157480315,-0.281868352736763,-0.261081496062992));
#13008=CARTESIAN_POINT('',(0.428740157480315,-0.130959354861233,-0.261081496062992));
#13009=CARTESIAN_POINT('',(0.428740157480315,-1.91929395604876E-14,3.31304865431634E-14));
#13010=CARTESIAN_POINT('',(0.428740157480315,-0.160623530617978,-0.243954876204552));
#13011=CARTESIAN_POINT('',(0.428740157480315,-0.418622873229244,0.202913093517531));
#13012=CARTESIAN_POINT('',(0.428740157480315,-0.291582885479257,-0.017126619858374));
#13013=CARTESIAN_POINT('',(0.428740157480315,-1.91929395604876E-14,3.31304865431634E-14));
#13014=CARTESIAN_POINT('',(0.428740157480315,-0.344505764456045,-0.344505764456045));
#13015=CARTESIAN_POINT('',(0.428740157480315,-0.25981638401172,-0.408749296729742));
#13016=CARTESIAN_POINT('',(0.428740157480315,-0.241831901532229,-0.372030307528487));
#13017=CARTESIAN_POINT('',(0.428740157480315,-0.168069555197034,-0.478346456692913));
#13018=CARTESIAN_POINT('',(0.428740157480315,-0.168069555197034,-0.363188976377953));
#13019=CARTESIAN_POINT('',(0.428740157480315,0.168069555197034,-0.363188976377953));
#13020=CARTESIAN_POINT('',(0.428740157480315,0.168069555197034,-0.363188976377953));
#13021=CARTESIAN_POINT('',(0.428740157480315,0.168069555197034,-0.478346456692913));
#13022=CARTESIAN_POINT('',(0.428740157480315,0.259816384011719,-0.408749296729741));
#13023=CARTESIAN_POINT('',(0.428740157480315,0.344505764456045,-0.344505764456045));
#13024=CARTESIAN_POINT('',(0.428740157480315,0.241831901532232,-0.316981221383594));
#13025=CARTESIAN_POINT('',(0.428740157480315,0.344505764456045,-0.344505764456045));
#13026=CARTESIAN_POINT('',(0.428740158579992,0.317005862364875,-0.241825298213811));
#13027=CARTESIAN_POINT('',(0.428740157480315,0.344505764456045,-0.344505764456045));
#13028=CARTESIAN_POINT('',(0.428740157480315,0.408749296729742,-0.25981638401172));
#13029=CARTESIAN_POINT('',(0.428740157480315,0.478346456692913,-0.168069555197034));
#13030=CARTESIAN_POINT('',(0.428740157480315,0.363188976377953,-0.168069555197034));
#13031=CARTESIAN_POINT('',(0.428740157480315,0.363188976377953,0.168069555197034));
#13032=CARTESIAN_POINT('',(0.428740157480315,0.363188976377953,0.168069555197034));
#13033=CARTESIAN_POINT('',(0.428740157480315,0.478346456692913,0.168069555197034));
#13034=CARTESIAN_POINT('',(0.428740157480315,0.408749299175345,0.259816385866902));
#13035=CARTESIAN_POINT('',(0.428740157480315,0.344505764456045,0.344505764456045));
#13036=CARTESIAN_POINT('',(0.428740158579992,0.372005666547213,0.241825298213811));
#13037=CARTESIAN_POINT('',(0.428740157480315,0.344505764456045,0.344505764456045));
#13038=CARTESIAN_POINT('',(0.428740158566501,0.269331878935977,0.269349861849837));
#13039=CARTESIAN_POINT('',(0.428740157480315,0.344505764456045,0.344505764456045));
#13040=CARTESIAN_POINT('',(0.428740157480315,0.241831901532232,0.372030307528495));
#13041=CARTESIAN_POINT('',(0.428740157480315,0.344505764456045,0.344505764456045));
#13042=CARTESIAN_POINT('',(0.428740157480315,0.25981638401172,0.408749296729742));
#13043=CARTESIAN_POINT('',(0.428740157480315,0.168069555197034,0.478346456692913));
#13044=CARTESIAN_POINT('',(0.428740157480315,0.168069555197034,0.363188976377953));
#13045=CARTESIAN_POINT('',(0.428740157480315,-0.168069555197034,0.363188976377953));
#13046=CARTESIAN_POINT('',(0.428740157480315,-0.168069555197034,0.363188976377953));
#13047=CARTESIAN_POINT('',(0.428740157480315,-0.168069555197034,0.478346456692913));
#13048=CARTESIAN_POINT('',(0.428740157480315,-0.259816384011719,0.408749296729741));
#13049=CARTESIAN_POINT('',(0.428740157480315,-0.344505764456045,0.344505764456045));
#13050=CARTESIAN_POINT('',(0.428740157480315,-0.241828609693034,0.31699350375617));
#13051=CARTESIAN_POINT('',(0.428740157480315,-0.344505764456045,0.344505764456045));
#13052=CARTESIAN_POINT('',(0.428740158579992,-0.317005862364883,0.241825298213809));
#13053=CARTESIAN_POINT('',(0.428740157480315,-0.344505764456045,0.344505764456045));
#13054=CARTESIAN_POINT('',(0.428740157480315,-0.408749296729742,0.25981638401172));
#13055=CARTESIAN_POINT('',(0.428740157480315,-0.478346456692913,0.168069555197034));
#13056=CARTESIAN_POINT('',(0.428740157480315,-0.363188976377953,0.168069555197034));
#13057=CARTESIAN_POINT('',(0.428740157480315,-0.363188976377953,-0.168069555197033));
#13058=CARTESIAN_POINT('',(0.428740157480315,-0.363188976377953,-0.168069555197034));
#13059=CARTESIAN_POINT('',(0.428740157480315,-0.478346456692913,-0.168069555197034));
#13060=CARTESIAN_POINT('',(0.428740157480315,-0.408749299175345,-0.259816385866901));
#13061=CARTESIAN_POINT('',(0.428740157480315,-0.344505764456045,-0.344505764456045));
#13062=CARTESIAN_POINT('',(0.428740158579991,-0.372005666547204,-0.241825298213809));
#13063=CARTESIAN_POINT('',(0.428740157480315,-0.344505764456045,-0.344505764456045));
#13064=CARTESIAN_POINT('',(0.428740157480315,-0.269331879473847,-0.269349862387555));
#13065=CARTESIAN_POINT('',(0.428740157480315,-0.344505764456045,-0.344505764456045));
#13066=CARTESIAN_POINT('',(0.563385826771654,-0.306923317424476,0.306923317424476));
#13067=CARTESIAN_POINT('',(0.563385826771654,0.344505764456045,0.344505764456045));
#13068=CARTESIAN_POINT('',(0.563385826771654,0.344505764456045,0.397655370755258));
#13069=CARTESIAN_POINT('',(0.545669291338583,0.344505764456045,0.344505764456045));
#13070=CARTESIAN_POINT('',(0.545669291338583,0.344505764456045,0.344505764456045));
#13071=CARTESIAN_POINT('',(0.545669291338583,0.344505764456045,0.273639622723762));
#13072=CARTESIAN_POINT('',(0.563385826771654,0.344505764456045,0.344505764456045));
#13073=CARTESIAN_POINT('',(0.530372834645669,0.344505764456045,0.344505764456045));
#13074=CARTESIAN_POINT('',(0.530372834645669,0.344505764456045,0.415371906188329));
#13075=CARTESIAN_POINT('',(0.517322834645669,-0.269340870392908,0.269340870392908));
#13076=CARTESIAN_POINT('',(0.517322834645669,0.344505764456045,0.344505764456045));
#13077=CARTESIAN_POINT('',(0.517322834645669,0.344505764456045,0.428421906188329));
#13078=CARTESIAN_POINT('',(0.517322834645669,0.344505764456045,0.344505764456045));
#13079=CARTESIAN_POINT('',(0.517322833559483,0.269349861853812,0.269331878932002));
#13080=CARTESIAN_POINT('',(0.517322833559468,0.372030307812584,0.241831900820967));
#13081=CARTESIAN_POINT('',(0.517322834645669,0.344505764456045,0.344505764456045));
#13082=CARTESIAN_POINT('',(0.517322834102579,0.447184564769885,0.316999645035473));
#13083=CARTESIAN_POINT('',(0.517322834645669,0.344505764456045,0.344505764456045));
#13084=CARTESIAN_POINT('',(0.517322833559487,0.419661667058279,0.419679649980084));
#13085=CARTESIAN_POINT('',(0.517322834645669,0.344505764456045,0.344505764456045));
#13086=CARTESIAN_POINT('',(0.51732283355947,0.316981221099506,0.447179628091121));
#13087=CARTESIAN_POINT('',(0.517322834645669,0.344505764456045,0.344505764456045));
#13088=CARTESIAN_POINT('',(0.517322833559486,0.241825318591374,0.372005742597314));
#13089=CARTESIAN_POINT('',(0.517322834645669,0.344505764456045,0.344505764456045));
#13090=CARTESIAN_POINT('',(0.486960632927531,0.344505764456045,0.344505764456045));
#13091=CARTESIAN_POINT('',(0.517322833559486,0.241825318591374,0.372005742597314));
#13092=CARTESIAN_POINT('',(0.517318985505734,0.235995579397149,0.35024885972959));
#13093=CARTESIAN_POINT('',(0.506827242945346,0.230652551488134,0.330308408106889));
#13094=CARTESIAN_POINT('',(0.49383758988479,0.225944398571945,0.312737342213869));
#13095=CARTESIAN_POINT('',(0.49383758988479,0.225944398571946,0.312737342213868));
#13096=CARTESIAN_POINT('',(0.49383758988479,0.225944398571946,0.312737342213868));
#13097=CARTESIAN_POINT('',(0.506828139882615,0.238808199734627,0.299873541051187));
#13098=CARTESIAN_POINT('',(0.51732668266809,0.253418359136696,0.285263381649118));
#13099=CARTESIAN_POINT('',(0.517322833559483,0.269349861853812,0.269331878932002));
#13100=CARTESIAN_POINT('',(0.486960632927531,0.344505764456045,0.344505764456045));
#13101=CARTESIAN_POINT('',(0.493837589884791,0.31273734221387,0.225944398571946));
#13102=CARTESIAN_POINT('',(0.506833295046273,0.3303165947662,0.230654745096885));
#13103=CARTESIAN_POINT('',(0.517326683356831,0.350263740347436,0.235999566646684));
#13104=CARTESIAN_POINT('',(0.517322833559468,0.372030307812584,0.241831900820967));
#13105=CARTESIAN_POINT('',(0.493837589884791,0.31273734221387,0.225944398571946));
#13106=CARTESIAN_POINT('',(0.517322833559483,0.269349861853812,0.269331878932002));
#13107=CARTESIAN_POINT('',(0.517318985504037,0.285277005525945,0.253404735259869));
#13108=CARTESIAN_POINT('',(0.506827242944258,0.299874429238114,0.2388073115477));
#13109=CARTESIAN_POINT('',(0.49383758988479,0.312737342213869,0.225944398571945));
#13110=CARTESIAN_POINT('',(0.486960632927531,0.344505764456045,0.344505764456045));
#13111=CARTESIAN_POINT('',(0.517322833559468,0.372030307812584,0.241831900820967));
#13112=CARTESIAN_POINT('',(0.517318985475094,0.393787190119297,0.24766163986487));
#13113=CARTESIAN_POINT('',(0.506827243407708,0.413727641300606,0.253004667655614));
#13114=CARTESIAN_POINT('',(0.493837590812291,0.431298706843343,0.257712820477945));
#13115=CARTESIAN_POINT('',(0.493837590776609,0.431298707656272,0.25771282125554));
#13116=CARTESIAN_POINT('',(0.493837590596138,0.431298707935418,0.257712822283708));
#13117=CARTESIAN_POINT('',(0.50682691821403,0.436006742954982,0.275283448180535));
#13118=CARTESIAN_POINT('',(0.517324758717615,0.441353867022667,0.295239184799278));
#13119=CARTESIAN_POINT('',(0.517322834374378,0.447184564769879,0.316999645035452));
#13120=CARTESIAN_POINT('',(0.486960632927531,0.344505764456045,0.344505764456045));
#13121=CARTESIAN_POINT('',(0.517322833559487,0.447186210320714,0.317005786314774));
#13122=CARTESIAN_POINT('',(0.51731898550583,0.453015949373681,0.338762668655314));
#13123=CARTESIAN_POINT('',(0.506827243427425,0.458358977174491,0.35870311987419));
#13124=CARTESIAN_POINT('',(0.493837590812289,0.463067130003968,0.376274185443599));
#13125=CARTESIAN_POINT('',(0.493837590776608,0.463067129737016,0.376274186536411));
#13126=CARTESIAN_POINT('',(0.493837590596139,0.463067128986169,0.376274187292241));
#13127=CARTESIAN_POINT('',(0.506828140163625,0.450203328081861,0.389137988196548));
#13128=CARTESIAN_POINT('',(0.517326682668003,0.435593169405091,0.403748147633271));
#13129=CARTESIAN_POINT('',(0.517322833559487,0.419661667058279,0.419679649980084));
#13130=CARTESIAN_POINT('',(0.486960632927531,0.344505764456045,0.344505764456045));
#13131=CARTESIAN_POINT('',(0.517322833559487,0.419661667058279,0.419679649980084));
#13132=CARTESIAN_POINT('',(0.517318985504042,0.403734523386145,0.435606793652218));
#13133=CARTESIAN_POINT('',(0.506827242944262,0.389137099673974,0.450204217364389));
#13134=CARTESIAN_POINT('',(0.493837589884793,0.376274186698219,0.463067130340144));
#13135=CARTESIAN_POINT('',(0.493837589884793,0.37627418669822,0.463067130340143));
#13136=CARTESIAN_POINT('',(0.493837589884793,0.376274186698221,0.463067130340143));
#13137=CARTESIAN_POINT('',(0.506833295046275,0.358694934145891,0.458356783815203));
#13138=CARTESIAN_POINT('',(0.517326683356834,0.338747788564654,0.453011962265405));
#13139=CARTESIAN_POINT('',(0.51732283355947,0.316981221099506,0.447179628091121));
#13140=CARTESIAN_POINT('',(0.486960632927531,0.344505764456045,0.344505764456045));
#13141=CARTESIAN_POINT('',(0.51732283355947,0.316981221099506,0.447179628091121));
#13142=CARTESIAN_POINT('',(0.517318985475003,0.295224338265606,0.441349888905959));
#13143=CARTESIAN_POINT('',(0.506827242925632,0.27528388668047,0.43600686100701));
#13144=CARTESIAN_POINT('',(0.493837589884792,0.25771282081412,0.431298708097967));
#13145=CARTESIAN_POINT('',(0.493837589884792,0.257712820814121,0.431298708097968));
#13146=CARTESIAN_POINT('',(0.493837589884792,0.257712820814121,0.431298708097968));
#13147=CARTESIAN_POINT('',(0.50682813988151,0.253004342799749,0.413726428922011));
#13148=CARTESIAN_POINT('',(0.517326682666397,0.247656653305796,0.393768580027475));
#13149=CARTESIAN_POINT('',(0.517322833559486,0.241825318591374,0.372005742597314));
#13150=CARTESIAN_POINT('',(-0.411023622047244,0.431298708097968,0.257712820814121));
#13151=CARTESIAN_POINT('',(-0.411023622047244,0.431298708097968,0.257712820814121));
#13152=CARTESIAN_POINT('',(0.452225401795204,0.431298708259618,0.257712821417409));
#13153=CARTESIAN_POINT('',(0.4287401585665,0.447179628114481,0.316981221186685));
#13154=CARTESIAN_POINT('',(0.428744006623566,0.44134988906252,0.2952243388499));
#13155=CARTESIAN_POINT('',(0.439235748700747,0.436006861262828,0.275283887635194));
#13156=CARTESIAN_POINT('',(0.452225401313694,0.431298708434143,0.257712822068745));
#13157=CARTESIAN_POINT('',(0.428740157480315,0.447179627379865,0.316981221383619));
#13158=CARTESIAN_POINT('',(0.452225401529849,0.463067129464577,0.376274185506799));
#13159=CARTESIAN_POINT('',(0.43923485196124,0.458358651543968,0.358701906680773));
#13160=CARTESIAN_POINT('',(0.428736309456267,0.453010962694376,0.338744058114786));
#13161=CARTESIAN_POINT('',(0.4287401585665,0.447179628114481,0.316981221186685));
#13162=CARTESIAN_POINT('',(0.452225401349377,0.463067129736914,0.376274186536789));
#13163=CARTESIAN_POINT('',(0.605905511811024,0.463067130340143,0.37627418669822));
#13164=CARTESIAN_POINT('',(0.428740157480315,0.344505764456045,0.344505764456045));
#13165=CARTESIAN_POINT('',(0.428740157480315,0.344505764456045,0.344505764456045));
#13166=CARTESIAN_POINT('',(0.428740157480315,0.419679649438247,0.419661666524531));
#13167=CARTESIAN_POINT('',(0.428740158566497,0.419679649976104,0.419661667062259));
#13168=CARTESIAN_POINT('',(0.428744006620146,0.435606793263684,0.403734523774679));
#13169=CARTESIAN_POINT('',(0.439235748698552,0.450204216681757,0.389137100356605));
#13170=CARTESIAN_POINT('',(0.452225401313694,0.463067129421694,0.376274187616668));
#13171=CARTESIAN_POINT('',(0.605905511811024,0.463067130340143,0.37627418669822));
#13172=CARTESIAN_POINT('',(0.452225402241192,0.376274186698219,0.463067130340143));
#13173=CARTESIAN_POINT('',(0.43923485224448,0.389137987859798,0.450203329178565));
#13174=CARTESIAN_POINT('',(0.428736309459596,0.403748147260372,0.43559316977799));
#13175=CARTESIAN_POINT('',(0.428740158566497,0.419679649976104,0.419661667062259));
#13176=CARTESIAN_POINT('',(0.452225402241192,0.376274186698221,0.463067130340143));
#13177=CARTESIAN_POINT('',(0.605905511811024,0.37627418669822,0.463067130340143));
#13178=CARTESIAN_POINT('',(0.428740157480315,0.344505764456045,0.344505764456045));
#13179=CARTESIAN_POINT('',(0.428740157480315,0.344505764456045,0.344505764456045));
#13180=CARTESIAN_POINT('',(0.42874015857999,0.317005862364875,0.447186230698277));
#13181=CARTESIAN_POINT('',(0.428740158566501,0.241831900797615,0.372030307725429));
#13182=CARTESIAN_POINT('',(0.428744006623669,0.247661639990832,0.393787190589391));
#13183=CARTESIAN_POINT('',(0.439235749182831,0.253004667898727,0.413727642207914));
#13184=CARTESIAN_POINT('',(0.452225402241193,0.257712820814121,0.431298708097968));
#13185=CARTESIAN_POINT('',(0.452225402241193,0.257712820814121,0.431298708097968));
#13186=CARTESIAN_POINT('',(0.452225402241193,0.25771282081412,0.431298708097967));
#13187=CARTESIAN_POINT('',(0.439234836677486,0.275285121047497,0.436007191754658));
#13188=CARTESIAN_POINT('',(0.428736285635803,0.295242998504368,0.441354888901866));
#13189=CARTESIAN_POINT('',(0.42874015857999,0.317005862364875,0.447186230698277));
#13190=CARTESIAN_POINT('',(0.605905511811024,0.37627418669822,0.463067130340143));
#13191=CARTESIAN_POINT('',(0.42874015857999,0.317005862364875,0.447186230698277));
#13192=CARTESIAN_POINT('',(0.42874403065072,0.33876381809927,0.45301625736626));
#13193=CARTESIAN_POINT('',(0.439234757604414,0.358701779502931,0.458358618023094));
#13194=CARTESIAN_POINT('',(0.452225402241192,0.376274186698221,0.463067130340143));
#13195=CARTESIAN_POINT('',(0.605905511811024,0.257712820814121,0.431298708097967));
#13196=CARTESIAN_POINT('',(0.428740157480315,0.344505764456045,0.344505764456045));
#13197=CARTESIAN_POINT('',(0.428740157480315,0.344505764456045,0.344505764456045));
#13198=CARTESIAN_POINT('',(0.605905511811024,0.257712820814121,0.431298708097968));
#13199=CARTESIAN_POINT('',(0.452225402241195,0.225944398571946,0.312737342213869));
#13200=CARTESIAN_POINT('',(0.439234852242244,0.230652876587127,0.330309621392846));
#13201=CARTESIAN_POINT('',(0.428736309456172,0.236000566082177,0.350267470291478));
#13202=CARTESIAN_POINT('',(0.428740158566501,0.241831900797615,0.372030307725429));
#13203=CARTESIAN_POINT('',(0.452225402241194,0.225944398571946,0.312737342213869));
#13204=CARTESIAN_POINT('',(0.605905511811024,0.225944398571945,0.312737342213869));
#13205=CARTESIAN_POINT('',(0.428740157480315,0.344505764456045,0.344505764456045));
#13206=CARTESIAN_POINT('',(0.428740158566501,0.269331878935977,0.269349861849837));
#13207=CARTESIAN_POINT('',(0.428744006620246,0.253404735262473,0.285277005523341));
#13208=CARTESIAN_POINT('',(0.439235749180635,0.238807311548781,0.299874429237033));
#13209=CARTESIAN_POINT('',(0.452225402241194,0.225944398571946,0.312737342213868));
#13210=CARTESIAN_POINT('',(0.605905511811024,0.225944398571946,0.312737342213868));
#13211=CARTESIAN_POINT('',(0.452225402241195,0.312737342213869,0.225944398571945));
#13212=CARTESIAN_POINT('',(0.439234852244481,0.299873541052288,0.238808199733526));
#13213=CARTESIAN_POINT('',(0.428736309459596,0.285263381651711,0.253418359134103));
#13214=CARTESIAN_POINT('',(0.428740158566501,0.269331878935977,0.269349861849837));
#13215=CARTESIAN_POINT('',(0.452225402241194,0.312737342213869,0.225944398571946));
#13216=CARTESIAN_POINT('',(0.605905511811024,0.312737342213869,0.225944398571945));
#13217=CARTESIAN_POINT('',(0.428740157480315,0.344505764456045,0.344505764456045));
#13218=CARTESIAN_POINT('',(0.452225401529847,0.43129870662838,0.25771282097667));
#13219=CARTESIAN_POINT('',(0.439234836396479,0.413726406747948,0.253004337414551));
#13220=CARTESIAN_POINT('',(0.428736285635894,0.393768529901877,0.247656639874682));
#13221=CARTESIAN_POINT('',(0.428740158579992,0.372005666547213,0.241825298213811));
#13222=CARTESIAN_POINT('',(0.428740157480315,0.344505764456045,0.344505764456045));
#13223=CARTESIAN_POINT('',(0.605905511811024,0.31273734221387,0.225944398571946));
#13224=CARTESIAN_POINT('',(0.428740158579992,0.372005666547213,0.241825298213811));
#13225=CARTESIAN_POINT('',(0.428744030650724,0.350247710812819,0.235995271545828));
#13226=CARTESIAN_POINT('',(0.439234757604417,0.330309749409159,0.230652910888994));
#13227=CARTESIAN_POINT('',(0.452225402241194,0.31273734221387,0.225944398571946));
#13228=CARTESIAN_POINT('',(0.428740157480315,0.344505764456045,0.344505764456045));
#13229=CARTESIAN_POINT('',(0.563385826771654,-0.306923317424476,0.306923317424476));
#13230=CARTESIAN_POINT('',(0.563385826771654,0.344505764456045,-0.344505764456045));
#13231=CARTESIAN_POINT('',(0.563385826771654,0.344505764456045,-0.291356158156832));
#13232=CARTESIAN_POINT('',(0.545669291338583,0.344505764456045,-0.344505764456045));
#13233=CARTESIAN_POINT('',(0.545669291338583,0.344505764456045,-0.344505764456045));
#13234=CARTESIAN_POINT('',(0.545669291338583,0.344505764456045,-0.415371906188329));
#13235=CARTESIAN_POINT('',(0.563385826771654,0.344505764456045,-0.344505764456045));
#13236=CARTESIAN_POINT('',(0.530372834645669,0.344505764456045,-0.344505764456045));
#13237=CARTESIAN_POINT('',(0.530372834645669,0.344505764456045,-0.273639622723762));
#13238=CARTESIAN_POINT('',(0.517322834645669,-0.269340870392908,0.269340870392908));
#13239=CARTESIAN_POINT('',(0.517322834645669,0.344505764456045,-0.344505764456045));
#13240=CARTESIAN_POINT('',(0.517322834645669,0.344505764456045,-0.260589622723762));
#13241=CARTESIAN_POINT('',(0.517322834645669,0.344505764456045,-0.344505764456045));
#13242=CARTESIAN_POINT('',(0.517322833559485,0.269349861853807,-0.419679649980082));
#13243=CARTESIAN_POINT('',(0.517322833559471,0.372030307812584,-0.447179628091121));
#13244=CARTESIAN_POINT('',(0.517322834645669,0.344505764456045,-0.344505764456045));
#13245=CARTESIAN_POINT('',(0.51732283410258,0.447184564769884,-0.372011883876619));
#13246=CARTESIAN_POINT('',(0.517322834645669,0.344505764456045,-0.344505764456045));
#13247=CARTESIAN_POINT('',(0.517322833559485,0.419661667058276,-0.269331878932001));
#13248=CARTESIAN_POINT('',(0.517322834645669,0.344505764456045,-0.344505764456045));
#13249=CARTESIAN_POINT('',(0.517322833559468,0.316981221099505,-0.241831900820968));
#13250=CARTESIAN_POINT('',(0.517322834645669,0.344505764456045,-0.344505764456045));
#13251=CARTESIAN_POINT('',(0.517322834102577,0.241826964142204,-0.316999645035472));
#13252=CARTESIAN_POINT('',(0.517322834645669,0.344505764456045,-0.344505764456045));
#13253=CARTESIAN_POINT('',(0.486960632927531,0.344505764456045,-0.344505764456045));
#13254=CARTESIAN_POINT('',(0.517322833559485,0.241825318591374,-0.317005786314774));
#13255=CARTESIAN_POINT('',(0.517318985505734,0.235995579397149,-0.338762669182498));
#13256=CARTESIAN_POINT('',(0.506827242945347,0.230652551488134,-0.3587031208052));
#13257=CARTESIAN_POINT('',(0.493837589884791,0.225944398571945,-0.37627418669822));
#13258=CARTESIAN_POINT('',(0.493837589884791,0.225944398571945,-0.37627418669822));
#13259=CARTESIAN_POINT('',(0.493837589884791,0.225944398571946,-0.37627418669822));
#13260=CARTESIAN_POINT('',(0.506828139882615,0.238808199734626,-0.3891379878609));
#13261=CARTESIAN_POINT('',(0.517326682668089,0.253418359136693,-0.403748147262968));
#13262=CARTESIAN_POINT('',(0.517322833559485,0.269349861853807,-0.419679649980082));
#13263=CARTESIAN_POINT('',(0.486960632927531,0.344505764456045,-0.344505764456045));
#13264=CARTESIAN_POINT('',(0.493837589884792,0.312737342213867,-0.463067130340143));
#13265=CARTESIAN_POINT('',(0.506833295046275,0.330316594766198,-0.458356783815203));
#13266=CARTESIAN_POINT('',(0.517326683356834,0.350263740347435,-0.453011962265405));
#13267=CARTESIAN_POINT('',(0.517322833559471,0.372030307812584,-0.447179628091121));
#13268=CARTESIAN_POINT('',(0.493837589884792,0.312737342213868,-0.463067130340143));
#13269=CARTESIAN_POINT('',(0.517322833559485,0.269349861853807,-0.419679649980082));
#13270=CARTESIAN_POINT('',(0.517318985504041,0.285277005525942,-0.435606793652216));
#13271=CARTESIAN_POINT('',(0.506827242944261,0.299874429238114,-0.450204217364388));
#13272=CARTESIAN_POINT('',(0.493837589884792,0.312737342213869,-0.463067130340144));
#13273=CARTESIAN_POINT('',(0.486960632927531,0.344505764456045,-0.344505764456045));
#13274=CARTESIAN_POINT('',(0.517322833559471,0.372030307812584,-0.447179628091121));
#13275=CARTESIAN_POINT('',(0.517318985475097,0.393787190119297,-0.441349889047218));
#13276=CARTESIAN_POINT('',(0.506827243407711,0.413727641300607,-0.436006861256474));
#13277=CARTESIAN_POINT('',(0.493837590812292,0.431298706843344,-0.431298708434143));
#13278=CARTESIAN_POINT('',(0.49383759077661,0.431298707656272,-0.431298707656549));
#13279=CARTESIAN_POINT('',(0.493837590596139,0.431298707935418,-0.431298706628381));
#13280=CARTESIAN_POINT('',(0.506826918214031,0.436006742954982,-0.413728080731555));
#13281=CARTESIAN_POINT('',(0.517324758717615,0.441353867022666,-0.393772344112812));
#13282=CARTESIAN_POINT('',(0.517322834374379,0.447184564769879,-0.37201188387664));
#13283=CARTESIAN_POINT('',(0.486960632927531,0.344505764456045,-0.344505764456045));
#13284=CARTESIAN_POINT('',(0.517322834374126,0.44718456476989,-0.372011883876596));
#13285=CARTESIAN_POINT('',(0.517320910196789,0.453014759805925,-0.350253299784079));
#13286=CARTESIAN_POINT('',(0.506828465626395,0.458358534183465,-0.330310062302915));
#13287=CARTESIAN_POINT('',(0.493837590812289,0.463067130003968,-0.31273734346849));
#13288=CARTESIAN_POINT('',(0.493837590776608,0.463067129737015,-0.312737342375677));
#13289=CARTESIAN_POINT('',(0.493837590596138,0.463067128986169,-0.312737341619848));
#13290=CARTESIAN_POINT('',(0.506828140163626,0.45020332808186,-0.299873540715539));
#13291=CARTESIAN_POINT('',(0.517326682668003,0.435593169405089,-0.285263381278815));
#13292=CARTESIAN_POINT('',(0.517322833559485,0.419661667058276,-0.269331878932001));
#13293=CARTESIAN_POINT('',(0.486960632927531,0.344505764456045,-0.344505764456045));
#13294=CARTESIAN_POINT('',(0.517322833559485,0.419661667058276,-0.269331878932001));
#13295=CARTESIAN_POINT('',(0.517318985504038,0.403734523386143,-0.253404735259869));
#13296=CARTESIAN_POINT('',(0.506827242944259,0.389137099673974,-0.2388073115477));
#13297=CARTESIAN_POINT('',(0.493837589884791,0.37627418669822,-0.225944398571946));
#13298=CARTESIAN_POINT('',(0.493837589884791,0.37627418669822,-0.225944398571946));
#13299=CARTESIAN_POINT('',(0.493837589884791,0.37627418669822,-0.225944398571946));
#13300=CARTESIAN_POINT('',(0.506833295046273,0.358694934145889,-0.230654745096885));
#13301=CARTESIAN_POINT('',(0.517326683356832,0.338747788564653,-0.235999566646684));
#13302=CARTESIAN_POINT('',(0.517322833559468,0.316981221099505,-0.241831900820968));
#13303=CARTESIAN_POINT('',(0.486960632927531,0.344505764456045,-0.344505764456045));
#13304=CARTESIAN_POINT('',(0.517322833559468,0.316981221099505,-0.241831900820968));
#13305=CARTESIAN_POINT('',(0.517318985475001,0.295224338265606,-0.24766164000613));
#13306=CARTESIAN_POINT('',(0.50682724292563,0.27528388668047,-0.253004667905079));
#13307=CARTESIAN_POINT('',(0.493837589884791,0.257712820814121,-0.257712820814121));
#13308=CARTESIAN_POINT('',(0.49383758988479,0.257712820814121,-0.257712820814121));
#13309=CARTESIAN_POINT('',(0.49383758988479,0.257712820814121,-0.257712820814121));
#13310=CARTESIAN_POINT('',(0.506826917933008,0.253004785699984,-0.275283447063897));
#13311=CARTESIAN_POINT('',(0.517324758717657,0.247657662024955,-0.295239184293458));
#13312=CARTESIAN_POINT('',(0.517322834374376,0.241826964142209,-0.316999645035451));
#13313=CARTESIAN_POINT('',(-0.411023622047244,0.431298708097968,-0.431298708097968));
#13314=CARTESIAN_POINT('',(-0.411023622047244,0.431298708097968,-0.431298708097967));
#13315=CARTESIAN_POINT('',(0.452225401795202,0.431298708259618,-0.43129870749468));
#13316=CARTESIAN_POINT('',(0.428740158566499,0.447179628114481,-0.372030307725404));
#13317=CARTESIAN_POINT('',(0.428744006623565,0.44134988906252,-0.393787190062189));
#13318=CARTESIAN_POINT('',(0.439235748700746,0.436006861262828,-0.413727641276895));
#13319=CARTESIAN_POINT('',(0.452225401313693,0.431298708434143,-0.431298706843344));
#13320=CARTESIAN_POINT('',(0.428740157480315,0.447179627379865,-0.37203030752847));
#13321=CARTESIAN_POINT('',(0.452225401529849,0.463067129464577,-0.312737343405291));
#13322=CARTESIAN_POINT('',(0.43923485196124,0.458358651543968,-0.330309622231317));
#13323=CARTESIAN_POINT('',(0.428736309456267,0.453010962694376,-0.350267470797303));
#13324=CARTESIAN_POINT('',(0.428740158566499,0.447179628114481,-0.372030307725404));
#13325=CARTESIAN_POINT('',(0.452225401349377,0.463067129736914,-0.312737342375299));
#13326=CARTESIAN_POINT('',(0.605905511811024,0.463067130340143,-0.312737342213869));
#13327=CARTESIAN_POINT('',(0.428740157480315,0.344505764456045,-0.344505764456045));
#13328=CARTESIAN_POINT('',(0.428740157480315,0.344505764456045,-0.344505764456045));
#13329=CARTESIAN_POINT('',(0.428740157480315,0.41967964943824,-0.269349862387552));
#13330=CARTESIAN_POINT('',(0.428740158566499,0.419679649976097,-0.269349861849823));
#13331=CARTESIAN_POINT('',(0.428744006620144,0.435606793263679,-0.285277005137405));
#13332=CARTESIAN_POINT('',(0.439235748698551,0.450204216681755,-0.299874428555481));
#13333=CARTESIAN_POINT('',(0.452225401313694,0.463067129421694,-0.31273734129542));
#13334=CARTESIAN_POINT('',(0.605905511811024,0.463067130340143,-0.312737342213868));
#13335=CARTESIAN_POINT('',(0.452225402241194,0.37627418669822,-0.225944398571946));
#13336=CARTESIAN_POINT('',(0.439234852244484,0.389137987859797,-0.238808199733522));
#13337=CARTESIAN_POINT('',(0.428736309459601,0.403748147260368,-0.253418359134093));
#13338=CARTESIAN_POINT('',(0.428740158566499,0.419679649976097,-0.269349861849823));
#13339=CARTESIAN_POINT('',(0.452225402241194,0.37627418669822,-0.225944398571946));
#13340=CARTESIAN_POINT('',(0.605905511811024,0.37627418669822,-0.225944398571946));
#13341=CARTESIAN_POINT('',(0.428740157480315,0.344505764456045,-0.344505764456045));
#13342=CARTESIAN_POINT('',(0.428740158566502,0.241831900797614,-0.316981221186659));
#13343=CARTESIAN_POINT('',(0.42874400662367,0.247661639990832,-0.295224338322697));
#13344=CARTESIAN_POINT('',(0.439235749182832,0.253004667898727,-0.275283886704175));
#13345=CARTESIAN_POINT('',(0.452225402241194,0.257712820814121,-0.257712820814121));
#13346=CARTESIAN_POINT('',(0.452225402241194,0.257712820814121,-0.257712820814121));
#13347=CARTESIAN_POINT('',(0.452225402241194,0.257712820814121,-0.257712820814121));
#13348=CARTESIAN_POINT('',(0.439234836677488,0.275285121047497,-0.253004337157431));
#13349=CARTESIAN_POINT('',(0.428736285635805,0.295242998504368,-0.247656640010223));
#13350=CARTESIAN_POINT('',(0.428740158579992,0.317005862364875,-0.241825298213811));
#13351=CARTESIAN_POINT('',(0.605905511811024,0.37627418669822,-0.225944398571946));
#13352=CARTESIAN_POINT('',(0.428740158579992,0.317005862364875,-0.241825298213811));
#13353=CARTESIAN_POINT('',(0.428744030650723,0.33876381809927,-0.235995271545828));
#13354=CARTESIAN_POINT('',(0.439234757604416,0.35870177950293,-0.230652910888994));
#13355=CARTESIAN_POINT('',(0.452225402241194,0.37627418669822,-0.225944398571946));
#13356=CARTESIAN_POINT('',(0.605905511811024,0.257712820814121,-0.257712820814121));
#13357=CARTESIAN_POINT('',(0.428740157480315,0.344505764456045,-0.344505764456045));
#13358=CARTESIAN_POINT('',(0.428740157480315,0.344505764456045,-0.344505764456045));
#13359=CARTESIAN_POINT('',(0.605905511811024,0.257712820814121,-0.257712820814121));
#13360=CARTESIAN_POINT('',(0.452225402241194,0.225944398571945,-0.37627418669822));
#13361=CARTESIAN_POINT('',(0.439234852242244,0.230652876587127,-0.358701907519243));
#13362=CARTESIAN_POINT('',(0.428736309456172,0.236000566082177,-0.338744058620611));
#13363=CARTESIAN_POINT('',(0.428740158566502,0.241831900797614,-0.316981221186659));
#13364=CARTESIAN_POINT('',(0.452225402241194,0.225944398571946,-0.37627418669822));
#13365=CARTESIAN_POINT('',(0.605905511811024,0.225944398571945,-0.37627418669822));
#13366=CARTESIAN_POINT('',(0.428740157480315,0.344505764456045,-0.344505764456045));
#13367=CARTESIAN_POINT('',(0.428740157480315,0.344505764456045,-0.344505764456045));
#13368=CARTESIAN_POINT('',(0.428740158566499,0.269331878935983,-0.419661667062257));
#13369=CARTESIAN_POINT('',(0.428740158566499,0.269331878935983,-0.419661667062257));
#13370=CARTESIAN_POINT('',(0.428744006620242,0.253404735262477,-0.403734523388751));
#13371=CARTESIAN_POINT('',(0.439235749180632,0.238807311548783,-0.389137099675057));
#13372=CARTESIAN_POINT('',(0.452225402241194,0.225944398571946,-0.37627418669822));
#13373=CARTESIAN_POINT('',(0.605905511811024,0.225944398571946,-0.37627418669822));
#13374=CARTESIAN_POINT('',(0.452225402241193,0.312737342213869,-0.463067130340143));
#13375=CARTESIAN_POINT('',(0.439234852244481,0.29987354105229,-0.450203329178564));
#13376=CARTESIAN_POINT('',(0.428736309459597,0.285263381651715,-0.43559316977799));
#13377=CARTESIAN_POINT('',(0.428740158566499,0.269331878935983,-0.419661667062257));
#13378=CARTESIAN_POINT('',(0.452225402241192,0.312737342213869,-0.463067130340143));
#13379=CARTESIAN_POINT('',(0.605905511811024,0.312737342213868,-0.463067130340143));
#13380=CARTESIAN_POINT('',(0.428740157480315,0.344505764456045,-0.344505764456045));
#13381=CARTESIAN_POINT('',(0.452225401529845,0.431298706628381,-0.431298707935417));
#13382=CARTESIAN_POINT('',(0.439234836396477,0.413726406747949,-0.436007191497537));
#13383=CARTESIAN_POINT('',(0.428736285635892,0.393768529901877,-0.441354889037406));
#13384=CARTESIAN_POINT('',(0.428740158579989,0.372005666547213,-0.447186230698277));
#13385=CARTESIAN_POINT('',(0.428740158579989,0.372005666547213,-0.447186230698277));
#13386=CARTESIAN_POINT('',(0.428740157480315,0.344505764456045,-0.344505764456045));
#13387=CARTESIAN_POINT('',(0.605905511811024,0.312737342213868,-0.463067130340143));
#13388=CARTESIAN_POINT('',(0.428740158579989,0.372005666547213,-0.447186230698277));
#13389=CARTESIAN_POINT('',(0.42874403065072,0.350247710812818,-0.45301625736626));
#13390=CARTESIAN_POINT('',(0.439234757604415,0.330309749409157,-0.458358618023094));
#13391=CARTESIAN_POINT('',(0.452225402241193,0.312737342213868,-0.463067130340143));
#13392=CARTESIAN_POINT('',(0.428740157480315,0.344505764456045,-0.344505764456045));
#13393=CARTESIAN_POINT('',(0.428740157480315,0.344505764456045,-0.344505764456045));
#13394=CARTESIAN_POINT('',(0.563385826771654,-0.306923317424476,0.306923317424476));
#13395=CARTESIAN_POINT('',(0.563385826771654,-0.344505764456045,-0.344505764456045));
#13396=CARTESIAN_POINT('',(0.563385826771654,-0.344505764456045,-0.291356158156832));
#13397=CARTESIAN_POINT('',(0.545669291338583,-0.344505764456045,-0.344505764456045));
#13398=CARTESIAN_POINT('',(0.545669291338583,-0.344505764456045,-0.344505764456045));
#13399=CARTESIAN_POINT('',(0.545669291338583,-0.344505764456045,-0.415371906188329));
#13400=CARTESIAN_POINT('',(0.563385826771654,-0.344505764456045,-0.344505764456045));
#13401=CARTESIAN_POINT('',(0.530372834645669,-0.344505764456045,-0.344505764456045));
#13402=CARTESIAN_POINT('',(0.530372834645669,-0.344505764456045,-0.273639622723762));
#13403=CARTESIAN_POINT('',(0.517322834645669,-0.269340870392908,0.269340870392908));
#13404=CARTESIAN_POINT('',(0.517322834645669,-0.344505764456045,-0.344505764456045));
#13405=CARTESIAN_POINT('',(0.517322834645669,-0.344505764456045,-0.260589622723762));
#13406=CARTESIAN_POINT('',(0.517322834645669,-0.344505764456045,-0.344505764456045));
#13407=CARTESIAN_POINT('',(0.517322833559487,-0.419661667058277,-0.419679649980085));
#13408=CARTESIAN_POINT('',(0.51732283355947,-0.316981221099506,-0.447179628091121));
#13409=CARTESIAN_POINT('',(0.517322834645669,-0.344505764456045,-0.344505764456045));
#13410=CARTESIAN_POINT('',(0.517322834102578,-0.241826964142203,-0.372011883876612));
#13411=CARTESIAN_POINT('',(0.517322834645669,-0.344505764456045,-0.344505764456045));
#13412=CARTESIAN_POINT('',(0.517322833559483,-0.269349861853812,-0.269331878932002));
#13413=CARTESIAN_POINT('',(0.517322834645669,-0.344505764456045,-0.344505764456045));
#13414=CARTESIAN_POINT('',(0.517322833559469,-0.372030307812584,-0.241831900820968));
#13415=CARTESIAN_POINT('',(0.517322834645669,-0.344505764456045,-0.344505764456045));
#13416=CARTESIAN_POINT('',(0.517322834102579,-0.447184564769886,-0.316999645035475));
#13417=CARTESIAN_POINT('',(0.517322834645669,-0.344505764456045,-0.344505764456045));
#13418=CARTESIAN_POINT('',(0.486960632927531,-0.344505764456045,-0.344505764456045));
#13419=CARTESIAN_POINT('',(0.517322834374125,-0.447184564769892,-0.316999645035498));
#13420=CARTESIAN_POINT('',(0.51732091019674,-0.453014759947182,-0.338758229655189));
#13421=CARTESIAN_POINT('',(0.50682846514433,-0.458358534432931,-0.358701467540195));
#13422=CARTESIAN_POINT('',(0.493837589884792,-0.463067130340143,-0.376274186698221));
#13423=CARTESIAN_POINT('',(0.493837589884792,-0.463067130340144,-0.37627418669822));
#13424=CARTESIAN_POINT('',(0.493837589884793,-0.463067130340144,-0.376274186698219));
#13425=CARTESIAN_POINT('',(0.506828139882618,-0.450203329177463,-0.3891379878609));
#13426=CARTESIAN_POINT('',(0.517326682668093,-0.435593169775393,-0.40374814726297));
#13427=CARTESIAN_POINT('',(0.517322833559487,-0.419661667058277,-0.419679649980085));
#13428=CARTESIAN_POINT('',(0.486960632927531,-0.344505764456045,-0.344505764456045));
#13429=CARTESIAN_POINT('',(0.493837589884793,-0.376274186698221,-0.463067130340143));
#13430=CARTESIAN_POINT('',(0.506833295046275,-0.358694934145891,-0.458356783815203));
#13431=CARTESIAN_POINT('',(0.517326683356834,-0.338747788564654,-0.453011962265405));
#13432=CARTESIAN_POINT('',(0.51732283355947,-0.316981221099506,-0.447179628091121));
#13433=CARTESIAN_POINT('',(0.493837589884793,-0.376274186698221,-0.463067130340143));
#13434=CARTESIAN_POINT('',(0.517322833559487,-0.419661667058277,-0.419679649980085));
#13435=CARTESIAN_POINT('',(0.517318985504041,-0.403734523386144,-0.435606793652218));
#13436=CARTESIAN_POINT('',(0.506827242944261,-0.389137099673974,-0.450204217364389));
#13437=CARTESIAN_POINT('',(0.493837589884793,-0.376274186698219,-0.463067130340144));
#13438=CARTESIAN_POINT('',(0.486960632927531,-0.344505764456045,-0.344505764456045));
#13439=CARTESIAN_POINT('',(0.51732283355947,-0.316981221099506,-0.447179628091121));
#13440=CARTESIAN_POINT('',(0.517318985475096,-0.295224338792792,-0.441349889047218));
#13441=CARTESIAN_POINT('',(0.50682724340771,-0.275283887611483,-0.436006861256474));
#13442=CARTESIAN_POINT('',(0.493837590812291,-0.257712822068745,-0.431298708434143));
#13443=CARTESIAN_POINT('',(0.493837590776609,-0.257712821255817,-0.431298707656548));
#13444=CARTESIAN_POINT('',(0.493837590596138,-0.25771282097667,-0.43129870662838));
#13445=CARTESIAN_POINT('',(0.50682691821403,-0.253004785957106,-0.413728080731553));
#13446=CARTESIAN_POINT('',(0.517324758717615,-0.247657661889421,-0.393772344112807));
#13447=CARTESIAN_POINT('',(0.517322834374377,-0.241826964142208,-0.372011883876633));
#13448=CARTESIAN_POINT('',(0.486960632927531,-0.344505764456045,-0.344505764456045));
#13449=CARTESIAN_POINT('',(0.517322833559486,-0.241825318591372,-0.372005742597305));
#13450=CARTESIAN_POINT('',(0.517318985505824,-0.235995579538406,-0.350248860256769));
#13451=CARTESIAN_POINT('',(0.506827243427421,-0.230652551737597,-0.330308409037897));
#13452=CARTESIAN_POINT('',(0.493837590812287,-0.225944398908121,-0.312737343468491));
#13453=CARTESIAN_POINT('',(0.493837590776606,-0.225944399175073,-0.312737342375677));
#13454=CARTESIAN_POINT('',(0.493837590596137,-0.22594439992592,-0.312737341619847));
#13455=CARTESIAN_POINT('',(0.506828140163623,-0.238808200830228,-0.299873540715539));
#13456=CARTESIAN_POINT('',(0.517326682668001,-0.253418359506999,-0.285263381278815));
#13457=CARTESIAN_POINT('',(0.517322833559483,-0.269349861853812,-0.269331878932002));
#13458=CARTESIAN_POINT('',(0.486960632927531,-0.344505764456045,-0.344505764456045));
#13459=CARTESIAN_POINT('',(0.517322833559483,-0.269349861853812,-0.269331878932002));
#13460=CARTESIAN_POINT('',(0.517318985504037,-0.285277005525945,-0.253404735259869));
#13461=CARTESIAN_POINT('',(0.506827242944258,-0.299874429238114,-0.2388073115477));
#13462=CARTESIAN_POINT('',(0.493837589884791,-0.312737342213868,-0.225944398571946));
#13463=CARTESIAN_POINT('',(0.49383758988479,-0.312737342213868,-0.225944398571946));
#13464=CARTESIAN_POINT('',(0.493837589884791,-0.312737342213868,-0.225944398571946));
#13465=CARTESIAN_POINT('',(0.506833295046273,-0.330316594766199,-0.230654745096886));
#13466=CARTESIAN_POINT('',(0.517326683356832,-0.350263740347436,-0.235999566646684));
#13467=CARTESIAN_POINT('',(0.517322833559469,-0.372030307812584,-0.241831900820968));
#13468=CARTESIAN_POINT('',(0.486960632927531,-0.344505764456045,-0.344505764456045));
#13469=CARTESIAN_POINT('',(0.517322833559469,-0.372030307812584,-0.241831900820968));
#13470=CARTESIAN_POINT('',(0.517318985475001,-0.393787190646483,-0.24766164000613));
#13471=CARTESIAN_POINT('',(0.506827242925631,-0.413727642231619,-0.253004667905079));
#13472=CARTESIAN_POINT('',(0.493837589884792,-0.431298708097969,-0.257712820814121));
#13473=CARTESIAN_POINT('',(0.493837589884792,-0.431298708097968,-0.25771282081412));
#13474=CARTESIAN_POINT('',(0.493837589884792,-0.431298708097968,-0.25771282081412));
#13475=CARTESIAN_POINT('',(0.50682691793301,-0.436006743212105,-0.275283447063898));
#13476=CARTESIAN_POINT('',(0.517324758717661,-0.441353866887134,-0.29523918429346));
#13477=CARTESIAN_POINT('',(0.517322834374378,-0.44718456476988,-0.316999645035454));
#13478=CARTESIAN_POINT('',(-0.411023622047244,-0.257712820814121,-0.431298708097968));
#13479=CARTESIAN_POINT('',(-0.411023622047244,-0.257712820814121,-0.431298708097967));
#13480=CARTESIAN_POINT('',(0.452225401795204,-0.25771282065247,-0.431298707494679));
#13481=CARTESIAN_POINT('',(0.428740158566501,-0.241831900797612,-0.372030307725421));
#13482=CARTESIAN_POINT('',(0.428744006623573,-0.247661639849571,-0.3937871900622));
#13483=CARTESIAN_POINT('',(0.439235748700751,-0.253004667649262,-0.413727641276899));
#13484=CARTESIAN_POINT('',(0.452225401313694,-0.257712820477945,-0.431298706843343));
#13485=CARTESIAN_POINT('',(0.45222540152985,-0.225944399447512,-0.312737343405292));
#13486=CARTESIAN_POINT('',(0.439234851961239,-0.230652877368121,-0.330309622231322));
#13487=CARTESIAN_POINT('',(0.428736309456264,-0.236000566217716,-0.350267470797314));
#13488=CARTESIAN_POINT('',(0.428740158566501,-0.241831900797612,-0.372030307725421));
#13489=CARTESIAN_POINT('',(0.452225401349379,-0.225944399175175,-0.3127373423753));
#13490=CARTESIAN_POINT('',(0.605905511811024,-0.225944398571946,-0.312737342213869));
#13491=CARTESIAN_POINT('',(0.428740157480315,-0.344505764456045,-0.344505764456045));
#13492=CARTESIAN_POINT('',(0.428740157480315,-0.344505764456045,-0.344505764456045));
#13493=CARTESIAN_POINT('',(0.428740157480315,-0.447179627379863,-0.31698122138361));
#13494=CARTESIAN_POINT('',(0.428740157480315,-0.41967964943824,-0.419661666524538));
#13495=CARTESIAN_POINT('',(0.428740158566497,-0.419679649976097,-0.419661667062266));
#13496=CARTESIAN_POINT('',(0.428744006620236,-0.435606793649606,-0.403734523388757));
#13497=CARTESIAN_POINT('',(0.439235749180628,-0.450204217363304,-0.389137099675059));
#13498=CARTESIAN_POINT('',(0.452225402241192,-0.463067130340144,-0.376274186698219));
#13499=CARTESIAN_POINT('',(0.452225402241192,-0.463067130340143,-0.37627418669822));
#13500=CARTESIAN_POINT('',(0.452225402241192,-0.463067130340143,-0.376274186698221));
#13501=CARTESIAN_POINT('',(0.439234852242245,-0.458358652324963,-0.358701907519248));
#13502=CARTESIAN_POINT('',(0.428736309456175,-0.453010962829914,-0.338744058620622));
#13503=CARTESIAN_POINT('',(0.4287401585665,-0.447179628114478,-0.316981221186676));
#13504=CARTESIAN_POINT('',(0.605905511811024,-0.463067130340143,-0.37627418669822));
#13505=CARTESIAN_POINT('',(0.605905511811024,-0.463067130340143,-0.37627418669822));
#13506=CARTESIAN_POINT('',(0.452225402241192,-0.376274186698219,-0.463067130340144));
#13507=CARTESIAN_POINT('',(0.439234852244482,-0.389137987859796,-0.450203329178567));
#13508=CARTESIAN_POINT('',(0.428736309459599,-0.403748147260368,-0.435593169777995));
#13509=CARTESIAN_POINT('',(0.428740158566497,-0.419679649976097,-0.419661667062266));
#13510=CARTESIAN_POINT('',(0.452225402241192,-0.37627418669822,-0.463067130340143));
#13511=CARTESIAN_POINT('',(0.605905511811024,-0.37627418669822,-0.463067130340143));
#13512=CARTESIAN_POINT('',(0.428740157480315,-0.344505764456045,-0.344505764456045));
#13513=CARTESIAN_POINT('',(0.452225401529846,-0.257712822283708,-0.431298707935418));
#13514=CARTESIAN_POINT('',(0.439234836396478,-0.27528512216414,-0.436007191497537));
#13515=CARTESIAN_POINT('',(0.428736285635893,-0.295242999010211,-0.441354889037406));
#13516=CARTESIAN_POINT('',(0.42874015857999,-0.317005862364875,-0.447186230698277));
#13517=CARTESIAN_POINT('',(0.42874015857999,-0.317005862364875,-0.447186230698277));
#13518=CARTESIAN_POINT('',(0.428740157480315,-0.344505764456045,-0.344505764456045));
#13519=CARTESIAN_POINT('',(0.605905511811024,-0.37627418669822,-0.463067130340143));
#13520=CARTESIAN_POINT('',(0.42874015857999,-0.317005862364875,-0.447186230698277));
#13521=CARTESIAN_POINT('',(0.428744030650721,-0.33876381809927,-0.45301625736626));
#13522=CARTESIAN_POINT('',(0.439234757604415,-0.358701779502932,-0.458358618023094));
#13523=CARTESIAN_POINT('',(0.452225402241192,-0.376274186698221,-0.463067130340143));
#13524=CARTESIAN_POINT('',(0.428740157480315,-0.344505764456045,-0.344505764456045));
#13525=CARTESIAN_POINT('',(0.428740157480315,-0.344505764456045,-0.344505764456045));
#13526=CARTESIAN_POINT('',(0.605905511811024,-0.431298708097968,-0.257712820814121));
#13527=CARTESIAN_POINT('',(0.605905511811024,-0.431298708097968,-0.257712820814121));
#13528=CARTESIAN_POINT('',(0.452225402241193,-0.431298708097968,-0.25771282081412));
#13529=CARTESIAN_POINT('',(0.4287401585665,-0.447179628114478,-0.316981221186676));
#13530=CARTESIAN_POINT('',(0.428744006623662,-0.44134988892126,-0.295224338322708));
#13531=CARTESIAN_POINT('',(0.439235749182827,-0.436006861013363,-0.275283886704179));
#13532=CARTESIAN_POINT('',(0.452225402241193,-0.431298708097968,-0.25771282081412));
#13533=CARTESIAN_POINT('',(0.428740157480315,-0.344505764456045,-0.344505764456045));
#13534=CARTESIAN_POINT('',(0.428740158566501,-0.269331878935989,-0.269349861849825));
#13535=CARTESIAN_POINT('',(0.428744006620148,-0.253404735648408,-0.285277005137406));
#13536=CARTESIAN_POINT('',(0.439235748698554,-0.238807312230333,-0.299874428555481));
#13537=CARTESIAN_POINT('',(0.452225401313696,-0.225944399490395,-0.312737341295419));
#13538=CARTESIAN_POINT('',(0.605905511811024,-0.225944398571946,-0.312737342213868));
#13539=CARTESIAN_POINT('',(0.452225402241194,-0.312737342213868,-0.225944398571946));
#13540=CARTESIAN_POINT('',(0.439234852244484,-0.299873541052291,-0.238808199733523));
#13541=CARTESIAN_POINT('',(0.428736309459601,-0.285263381651719,-0.253418359134095));
#13542=CARTESIAN_POINT('',(0.428740158566501,-0.269331878935989,-0.269349861849825));
#13543=CARTESIAN_POINT('',(0.452225402241194,-0.312737342213869,-0.225944398571946));
#13544=CARTESIAN_POINT('',(0.605905511811024,-0.312737342213868,-0.225944398571946));
#13545=CARTESIAN_POINT('',(0.428740157480315,-0.344505764456045,-0.344505764456045));
#13546=CARTESIAN_POINT('',(0.428740157480315,-0.344505764456045,-0.344505764456045));
#13547=CARTESIAN_POINT('',(0.452225402241193,-0.431298708097968,-0.257712820814121));
#13548=CARTESIAN_POINT('',(0.439234836677485,-0.413726407864589,-0.25300433715743));
#13549=CARTESIAN_POINT('',(0.428736285635801,-0.393768530407714,-0.247656640010221));
#13550=CARTESIAN_POINT('',(0.428740158579991,-0.372005666547204,-0.241825298213809));
#13551=CARTESIAN_POINT('',(0.605905511811024,-0.312737342213868,-0.225944398571946));
#13552=CARTESIAN_POINT('',(0.428740158579991,-0.372005666547205,-0.241825298213809));
#13553=CARTESIAN_POINT('',(0.428744030650726,-0.350247710812813,-0.235995271545827));
#13554=CARTESIAN_POINT('',(0.439234757604419,-0.330309749409156,-0.230652910888994));
#13555=CARTESIAN_POINT('',(0.452225402241194,-0.312737342213869,-0.225944398571946));
#13556=CARTESIAN_POINT('',(0.428740157480315,-0.344505764456045,-0.344505764456045));
#13557=CARTESIAN_POINT('',(0.563385826771654,-0.306923317424476,0.306923317424476));
#13558=CARTESIAN_POINT('',(0.563385826771654,-0.344505764456045,0.344505764456045));
#13559=CARTESIAN_POINT('',(0.563385826771654,-0.344505764456045,0.291356158156832));
#13560=CARTESIAN_POINT('',(0.545669291338583,-0.344505764456045,0.344505764456045));
#13561=CARTESIAN_POINT('',(0.545669291338583,-0.344505764456045,0.344505764456045));
#13562=CARTESIAN_POINT('',(0.545669291338583,-0.344505764456045,0.273639622723762));
#13563=CARTESIAN_POINT('',(0.563385826771654,-0.344505764456045,0.344505764456045));
#13564=CARTESIAN_POINT('',(0.530372834645669,-0.344505764456045,0.344505764456045));
#13565=CARTESIAN_POINT('',(0.530372834645669,-0.344505764456045,0.415371906188329));
#13566=CARTESIAN_POINT('',(0.517322834645669,-0.269340870392908,0.269340870392908));
#13567=CARTESIAN_POINT('',(0.517322834645669,-0.344505764456045,0.344505764456045));
#13568=CARTESIAN_POINT('',(0.517322834645669,-0.344505764456045,0.428421906188329));
#13569=CARTESIAN_POINT('',(0.517322834645669,-0.344505764456045,0.344505764456045));
#13570=CARTESIAN_POINT('',(0.517322833559485,-0.419661667058278,0.269331878932003));
#13571=CARTESIAN_POINT('',(0.517322833559468,-0.316981221099505,0.241831900820968));
#13572=CARTESIAN_POINT('',(0.517322834645669,-0.344505764456045,0.344505764456045));
#13573=CARTESIAN_POINT('',(0.517322834645669,-0.241828609693034,0.31699350375617));
#13574=CARTESIAN_POINT('',(0.517322834645669,-0.344505764456045,0.344505764456045));
#13575=CARTESIAN_POINT('',(0.517322833559486,-0.269349861853816,0.419679649980089));
#13576=CARTESIAN_POINT('',(0.517322834645669,-0.344505764456045,0.344505764456045));
#13577=CARTESIAN_POINT('',(0.517322834645671,-0.372018025155919,0.447182919219056));
#13578=CARTESIAN_POINT('',(0.517322834645669,-0.344505764456045,0.344505764456045));
#13579=CARTESIAN_POINT('',(0.517322833559488,-0.447186210320715,0.372005742597313));
#13580=CARTESIAN_POINT('',(0.517322834645669,-0.344505764456045,0.344505764456045));
#13581=CARTESIAN_POINT('',(0.486960632927531,-0.344505764456045,0.344505764456045));
#13582=CARTESIAN_POINT('',(0.517322833559488,-0.447186210320715,0.372005742597313));
#13583=CARTESIAN_POINT('',(0.517318985505829,-0.453015949373681,0.350248860256773));
#13584=CARTESIAN_POINT('',(0.506827243427425,-0.458358977174491,0.330308409037898));
#13585=CARTESIAN_POINT('',(0.493837590812289,-0.463067130003968,0.31273734346849));
#13586=CARTESIAN_POINT('',(0.493837590776607,-0.463067129737016,0.312737342375677));
#13587=CARTESIAN_POINT('',(0.493837590596138,-0.463067128986169,0.312737341619848));
#13588=CARTESIAN_POINT('',(0.506828140163625,-0.450203328081861,0.29987354071554));
#13589=CARTESIAN_POINT('',(0.517326682668002,-0.43559316940509,0.285263381278816));
#13590=CARTESIAN_POINT('',(0.517322833559485,-0.419661667058278,0.269331878932003));
#13591=CARTESIAN_POINT('',(0.486960632927531,-0.344505764456045,0.344505764456045));
#13592=CARTESIAN_POINT('',(0.493837590596132,-0.376274185506798,0.225944399447521));
#13593=CARTESIAN_POINT('',(0.5068332478812,-0.358694997487492,0.230654728680889));
#13594=CARTESIAN_POINT('',(0.517326683346934,-0.338747732601109,0.23599958164207));
#13595=CARTESIAN_POINT('',(0.517322833559468,-0.316981221099505,0.241831900820968));
#13596=CARTESIAN_POINT('',(0.493837590330618,-0.376274186095152,0.225944398733537));
#13597=CARTESIAN_POINT('',(0.517322833559485,-0.419661667058278,0.269331878932003));
#13598=CARTESIAN_POINT('',(0.517318985504132,-0.403734523772077,0.253404735645803));
#13599=CARTESIAN_POINT('',(0.506827243426345,-0.389137100355534,0.238807312229259));
#13600=CARTESIAN_POINT('',(0.493837590812304,-0.376274187616683,0.225944399490409));
#13601=CARTESIAN_POINT('',(0.486960632927531,-0.344505764456045,0.344505764456045));
#13602=CARTESIAN_POINT('',(0.517322833559468,-0.316981221099505,0.241831900820968));
#13603=CARTESIAN_POINT('',(0.517318985475094,-0.295224338792792,0.24766163986487));
#13604=CARTESIAN_POINT('',(0.506827243407708,-0.275283887611483,0.253004667655614));
#13605=CARTESIAN_POINT('',(0.49383759081229,-0.257712822068746,0.257712820477945));
#13606=CARTESIAN_POINT('',(0.493837590776608,-0.257712821255817,0.25771282125554));
#13607=CARTESIAN_POINT('',(0.493837590596137,-0.25771282097667,0.257712822283709));
#13608=CARTESIAN_POINT('',(0.506825626031595,-0.253005254313924,0.275281700249094));
#13609=CARTESIAN_POINT('',(0.517322834645669,-0.247658800419924,0.295234935745597));
#13610=CARTESIAN_POINT('',(0.517322834645669,-0.241828609693033,0.31699350375617));
#13611=CARTESIAN_POINT('',(0.486960632927531,-0.344505764456045,0.344505764456045));
#13612=CARTESIAN_POINT('',(0.517322834645669,-0.241828609693033,0.31699350375617));
#13613=CARTESIAN_POINT('',(0.517322834645669,-0.235997735473719,0.338754622595194));
#13614=CARTESIAN_POINT('',(0.506829713020711,-0.230653446851808,0.358699779262477));
#13615=CARTESIAN_POINT('',(0.493837590812311,-0.225944398908129,0.376274185443567));
#13616=CARTESIAN_POINT('',(0.493837590776607,-0.225944399175073,0.376274186536411));
#13617=CARTESIAN_POINT('',(0.493837590596138,-0.22594439992592,0.376274187292241));
#13618=CARTESIAN_POINT('',(0.506828140163626,-0.238808200830229,0.38913798819655));
#13619=CARTESIAN_POINT('',(0.517326682668004,-0.253418359507001,0.403748147633275));
#13620=CARTESIAN_POINT('',(0.517322833559486,-0.269349861853816,0.419679649980089));
#13621=CARTESIAN_POINT('',(0.486960632927531,-0.344505764456045,0.344505764456045));
#13622=CARTESIAN_POINT('',(0.517322833559486,-0.269349861853816,0.419679649980089));
#13623=CARTESIAN_POINT('',(0.517318985504133,-0.285277005140015,0.435606793266288));
#13624=CARTESIAN_POINT('',(0.506827243426345,-0.299874428556557,0.45020421668283));
#13625=CARTESIAN_POINT('',(0.493837590812306,-0.312737341295407,0.46306712942168));
#13626=CARTESIAN_POINT('',(0.493837590776615,-0.312737342375293,0.463067129736907));
#13627=CARTESIAN_POINT('',(0.493837590596133,-0.31273734340529,0.463067129464567));
#13628=CARTESIAN_POINT('',(0.506830772792209,-0.330313183378875,0.458357697337346));
#13629=CARTESIAN_POINT('',(0.517322834645672,-0.350255750590586,0.4530141031143));
#13630=CARTESIAN_POINT('',(0.517322834645672,-0.372018025155919,0.447182919219055));
#13631=CARTESIAN_POINT('',(0.486960632927531,-0.344505764456045,0.344505764456045));
#13632=CARTESIAN_POINT('',(0.517322834645672,-0.372018025155919,0.447182919219055));
#13633=CARTESIAN_POINT('',(0.517322834645672,-0.393779143994942,0.441352044999741));
#13634=CARTESIAN_POINT('',(0.506829713020714,-0.413724300662223,0.436007756377831));
#13635=CARTESIAN_POINT('',(0.493837590812315,-0.431298706843313,0.431298708434151));
#13636=CARTESIAN_POINT('',(0.49383759077661,-0.431298707656272,0.431298707656549));
#13637=CARTESIAN_POINT('',(0.493837590596139,-0.431298707935418,0.431298706628381));
#13638=CARTESIAN_POINT('',(0.50682814016252,-0.436007185855218,0.413726427805368));
#13639=CARTESIAN_POINT('',(0.517326682666311,-0.441354875741833,0.393768579521632));
#13640=CARTESIAN_POINT('',(0.517322833559488,-0.447186210320715,0.372005742597313));
#13641=CARTESIAN_POINT('',(0.605905511811024,-0.257712820814121,0.257712820814121));
#13642=CARTESIAN_POINT('',(0.605905511811024,-0.257712820814121,0.257712820814121));
#13643=CARTESIAN_POINT('',(0.452225401349377,-0.25771282125554,0.257712821255817));
#13644=CARTESIAN_POINT('',(0.428740157480316,-0.241828609693033,0.31699350375617));
#13645=CARTESIAN_POINT('',(0.428740157480317,-0.247659483912347,0.295232384917148));
#13646=CARTESIAN_POINT('',(0.439233279105274,-0.253003772534257,0.275287228249867));
#13647=CARTESIAN_POINT('',(0.452225401313672,-0.257712820477936,0.257712822068778));
#13648=CARTESIAN_POINT('',(0.45222540152985,-0.225944399447512,0.376274185506797));
#13649=CARTESIAN_POINT('',(0.439237366094392,-0.230651966110258,0.358705307541411));
#13650=CARTESIAN_POINT('',(0.428740157480316,-0.235998418966142,0.338752071766745));
#13651=CARTESIAN_POINT('',(0.428740157480316,-0.241828609693033,0.31699350375617));
#13652=CARTESIAN_POINT('',(0.452225401349378,-0.225944399175175,0.376274186536789));
#13653=CARTESIAN_POINT('',(0.605905511811024,-0.225944398571946,0.376274186698219));
#13654=CARTESIAN_POINT('',(0.428740157480315,-0.344505764456045,0.344505764456045));
#13655=CARTESIAN_POINT('',(0.428740157480315,-0.344505764456045,0.344505764456045));
#13656=CARTESIAN_POINT('',(0.428740157480315,-0.447179627379861,0.372030307528487));
#13657=CARTESIAN_POINT('',(0.428740157480315,-0.419679649438249,0.269349862387561));
#13658=CARTESIAN_POINT('',(0.428740158566499,-0.419679649976106,0.269349861849832));
#13659=CARTESIAN_POINT('',(0.428744006620148,-0.435606793263685,0.285277005137411));
#13660=CARTESIAN_POINT('',(0.439235748698554,-0.450204216681758,0.299874428555484));
#13661=CARTESIAN_POINT('',(0.452225401313695,-0.463067129421695,0.31273734129542));
#13662=CARTESIAN_POINT('',(0.452225401349377,-0.463067129736914,0.3127373423753));
#13663=CARTESIAN_POINT('',(0.452225401529849,-0.463067129464577,0.312737343405291));
#13664=CARTESIAN_POINT('',(0.439234851961237,-0.458358651543967,0.330309622231321));
#13665=CARTESIAN_POINT('',(0.428736309456261,-0.453010962694373,0.350267470797314));
#13666=CARTESIAN_POINT('',(0.428740158566499,-0.447179628114476,0.372030307725421));
#13667=CARTESIAN_POINT('',(0.605905511811024,0.225944398571946,-0.37627418669822));
#13668=CARTESIAN_POINT('',(0.605905511811024,-0.463067130340143,0.312737342213869));
#13669=CARTESIAN_POINT('',(0.452225401529799,-0.376274187292321,0.225944399925786));
#13670=CARTESIAN_POINT('',(0.439234851963424,-0.389137988195535,0.238808200829));
#13671=CARTESIAN_POINT('',(0.428736309459686,-0.403748147630676,0.253418359504402));
#13672=CARTESIAN_POINT('',(0.428740158566499,-0.419679649976106,0.269349861849832));
#13673=CARTESIAN_POINT('',(0.452225401795367,-0.376274187139697,0.225944399013423));
#13674=CARTESIAN_POINT('',(-0.411023622047244,-0.37627418669822,0.225944398571946));
#13675=CARTESIAN_POINT('',(0.428740157480315,-0.344505764456045,0.344505764456045));
#13676=CARTESIAN_POINT('',(0.452225401529848,-0.257712822283709,0.25771282097667));
#13677=CARTESIAN_POINT('',(0.439234836396478,-0.275285122164142,0.25300433741455));
#13678=CARTESIAN_POINT('',(0.428736285635893,-0.295242999010217,0.247656639874681));
#13679=CARTESIAN_POINT('',(0.428740158579992,-0.317005862364883,0.241825298213809));
#13680=CARTESIAN_POINT('',(-0.411023622047244,-0.37627418669822,0.225944398571946));
#13681=CARTESIAN_POINT('',(0.428740158579992,-0.317005862364883,0.241825298213809));
#13682=CARTESIAN_POINT('',(0.428744030660337,-0.338763872109065,0.235995257073947));
#13683=CARTESIAN_POINT('',(0.439234710528779,-0.358701715545139,0.230652928026433));
#13684=CARTESIAN_POINT('',(0.452225401314413,-0.376274185444566,0.225944398907861));
#13685=CARTESIAN_POINT('',(0.428740157480315,-0.344505764456045,0.344505764456045));
#13686=CARTESIAN_POINT('',(0.428740157480315,-0.344505764456045,0.344505764456045));
#13687=CARTESIAN_POINT('',(-0.411023622047244,-0.431298708097968,0.431298708097968));
#13688=CARTESIAN_POINT('',(-0.411023622047244,-0.431298708097968,0.431298708097967));
#13689=CARTESIAN_POINT('',(0.452225401795202,-0.431298708259618,0.43129870749468));
#13690=CARTESIAN_POINT('',(0.428740158566499,-0.447179628114476,0.372030307725421));
#13691=CARTESIAN_POINT('',(0.428744006623571,-0.441349889062517,0.3937871900622));
#13692=CARTESIAN_POINT('',(0.439235748700749,-0.436006861262826,0.4137276412769));
#13693=CARTESIAN_POINT('',(0.452225401313693,-0.431298708434143,0.431298706843344));
#13694=CARTESIAN_POINT('',(0.428740157480315,-0.344505764456045,0.344505764456045));
#13695=CARTESIAN_POINT('',(0.428740157480315,-0.344505764456045,0.344505764456045));
#13696=CARTESIAN_POINT('',(0.428740157480315,-0.269331879473849,0.419661666524537));
#13697=CARTESIAN_POINT('',(0.428740158566498,-0.269331878935992,0.419661667062265));
#13698=CARTESIAN_POINT('',(0.428744006620144,-0.253404735648409,0.403734523774683));
#13699=CARTESIAN_POINT('',(0.439235748698552,-0.238807312230333,0.389137100356607));
#13700=CARTESIAN_POINT('',(0.452225401313695,-0.225944399490395,0.376274187616668));
#13701=CARTESIAN_POINT('',(0.605905511811024,0.463067130340143,-0.312737342213868));
#13702=CARTESIAN_POINT('',(0.452225401529797,-0.312737341619769,0.463067128986302));
#13703=CARTESIAN_POINT('',(0.439234851963425,-0.299873540716557,0.450203328083091));
#13704=CARTESIAN_POINT('',(0.428736309459688,-0.285263381281419,0.435593169407692));
#13705=CARTESIAN_POINT('',(0.428740158566498,-0.269331878935992,0.419661667062265));
#13706=CARTESIAN_POINT('',(0.452225401349502,-0.31273734237551,0.463067129737061));
#13707=CARTESIAN_POINT('',(0.605905511811024,-0.312737342213869,0.463067130340142));
#13708=CARTESIAN_POINT('',(0.428740157480315,-0.344505764456045,0.344505764456045));
#13709=CARTESIAN_POINT('',(0.428740157480315,-0.344505764456045,0.344505764456045));
#13710=CARTESIAN_POINT('',(0.428740157480314,-0.372018025155919,0.447182919219056));
#13711=CARTESIAN_POINT('',(0.452225401529845,-0.431298706628381,0.431298707935418));
#13712=CARTESIAN_POINT('',(0.439237366094387,-0.413729828662995,0.436006274598164));
#13713=CARTESIAN_POINT('',(0.428740157480313,-0.393776593166492,0.441352728492164));
#13714=CARTESIAN_POINT('',(0.428740157480313,-0.372018025155919,0.447182919219055));
#13715=CARTESIAN_POINT('',(0.605905511811024,-0.312737342213868,0.463067130340143));
#13716=CARTESIAN_POINT('',(0.428740157480313,-0.372018025155919,0.447182919219055));
#13717=CARTESIAN_POINT('',(0.428740157480313,-0.350255750516923,0.453014103134038));
#13718=CARTESIAN_POINT('',(0.439232219054811,-0.330313183576592,0.458357697840704));
#13719=CARTESIAN_POINT('',(0.452225401314391,-0.312737343467549,0.46306713000422));
#13720=CARTESIAN_POINT('',(0.428740157480315,-0.344505764456045,0.344505764456045));
#13721=CARTESIAN_POINT('',(0.428740157480315,-0.344505764456045,0.344505764456045));
#13722=CARTESIAN_POINT('',(-0.0967322834645668,0.947834645669291,-3.0733289928723E-17));
#13723=CARTESIAN_POINT('',(-0.336607630843918,0.947834645669291,-0.168307086614173));
#13724=CARTESIAN_POINT('',(-0.336607630843918,0.783719291338583,-0.168307086614173));
#13725=CARTESIAN_POINT('',(-0.336607630843918,0.803682283464567,-0.168307086614173));
#13726=CARTESIAN_POINT('',(-0.0967322834645668,0.783719291338583,-3.0733289928723E-17));
#13727=CARTESIAN_POINT('',(-0.336607630843918,0.783719291338583,0.168307086614173));
#13728=CARTESIAN_POINT('',(-0.336607630843918,0.947834645669291,0.168307086614173));
#13729=CARTESIAN_POINT('',(-0.336607630843918,0.803682283464567,0.168307086614173));
#13730=CARTESIAN_POINT('',(-0.0967322834645668,0.803682283464567,-3.0733289928723E-17));
#13731=CARTESIAN_POINT('',(-0.40748031496063,0.770669291338583,0.168307086614173));
#13732=CARTESIAN_POINT('',(-0.336607630843918,0.770669291338583,0.155257086614173));
#13733=CARTESIAN_POINT('',(-0.0850095201188716,0.770669291338583,0.155257086614173));
#13734=CARTESIAN_POINT('',(-0.329723431780872,0.770669291338583,0.155257086614173));
#13735=CARTESIAN_POINT('',(-0.0967322834645668,0.770669291338583,-3.0733289928723E-17));
#13736=CARTESIAN_POINT('',(-0.329723431780872,0.770669291338583,-0.155257086614173));
#13737=CARTESIAN_POINT('',(-0.40748031496063,0.770669291338583,-0.155257086614173));
#13738=CARTESIAN_POINT('',(-0.0850473445268408,0.770669291338583,-0.155257086614173));
#13739=CARTESIAN_POINT('',(4.99603542457036E-17,0.770669291338583,-1.03574985957172E-5));
#13740=CARTESIAN_POINT('',(0.250334645669291,0.816732283464567,0.168307086614173));
#13741=CARTESIAN_POINT('',(-0.0967322834645668,0.816732283464567,-3.0733289928723E-17));
#13742=CARTESIAN_POINT('',(-0.329723431780872,0.816732283464567,-0.155257086614173));
#13743=CARTESIAN_POINT('',(-0.329723431780872,0.816732283464567,0.155257086614173));
#13744=CARTESIAN_POINT('',(0.250334645669291,0.816732283464567,0.155257086614173));
#13745=CARTESIAN_POINT('',(0.250334645669291,0.816732283464567,0.155257086614174));
#13746=CARTESIAN_POINT('',(0.250334645669291,0.816732283464567,3.16417322834646));
#13747=CARTESIAN_POINT('',(0.250334645669291,0.816732283464567,-0.155257086614172));
#13748=CARTESIAN_POINT('',(0.250334645669291,0.816732283464567,-0.155257086614173));
#13749=CARTESIAN_POINT('',(1.05395669291339,1.23129921259843,3.16417322834646));
#13750=CARTESIAN_POINT('',(0.6975,1.23129921259843,3.16417322834646));
#13751=CARTESIAN_POINT('',(0.6975,1.23129921259843,0.155257086614174));
#13752=CARTESIAN_POINT('',(0.6975,1.23129921259843,-0.155257086614172));
#13753=CARTESIAN_POINT('',(1.05395669291339,1.23129921259843,0.155257086614173));
#13754=CARTESIAN_POINT('',(1.05395669291339,1.23129921259843,0.155257086614174));
#13755=CARTESIAN_POINT('',(1.05395669291339,1.23129921259843,3.16417322834646));
#13756=CARTESIAN_POINT('',(1.05395669291339,1.23129921259843,-0.155257086614172));
#13757=CARTESIAN_POINT('',(1.05395669291339,1.23129921259843,-0.155257086614173));
#13758=CARTESIAN_POINT('',(0.6975,1.08956692913386,3.16417322834646));
#13759=CARTESIAN_POINT('',(0.588952995672428,1.1807019280508,3.16417322834646));
#13760=CARTESIAN_POINT('',(0.588952995672428,1.1807019280508,0.155257086614174));
#13761=CARTESIAN_POINT('',(0.588952995672428,1.1807019280508,-0.155257086614172));
#13762=CARTESIAN_POINT('',(0.6975,1.08956692913386,0.155257086614173));
#13763=CARTESIAN_POINT('',(0.6975,1.08956692913386,-0.155257086614173));
#13764=CARTESIAN_POINT('',(0.588952995672428,1.1807019280508,3.16417322834646));
#13765=CARTESIAN_POINT('',(0.304608147833077,0.842030925738381,3.16417322834646));
#13766=CARTESIAN_POINT('',(0.304608147833077,0.842030925738381,0.155257086614174));
#13767=CARTESIAN_POINT('',(0.304608147833077,0.842030925738381,-0.155257086614172));
#13768=CARTESIAN_POINT('',(0.588952995672428,1.1807019280508,0.155257086614173));
#13769=CARTESIAN_POINT('',(0.588952995672428,1.1807019280508,-0.155257086614173));
#13770=CARTESIAN_POINT('',(0.250334645669291,0.88759842519685,3.16417322834646));
#13771=CARTESIAN_POINT('',(0.250334645669291,0.88759842519685,0.155257086614173));
#13772=CARTESIAN_POINT('',(0.250334645669291,0.88759842519685,-0.155257086614173));
#13773=CARTESIAN_POINT('',(0.238818897637795,0.91240157480315,3.16417322834646));
#13774=CARTESIAN_POINT('',(0.347393869142177,0.821299896778521,3.16417322834646));
#13775=CARTESIAN_POINT('',(0.347393869142177,0.821299896778521,0.155257086614174));
#13776=CARTESIAN_POINT('',(0.347393869142177,0.821299896778521,-0.155257086614172));
#13777=CARTESIAN_POINT('',(0.238818897637795,0.91240157480315,0.155257086614173));
#13778=CARTESIAN_POINT('',(0.238818897637795,0.91240157480315,-0.155257086614173));
#13779=CARTESIAN_POINT('',(0.347393869142177,0.821299896778522,3.16417322834646));
#13780=CARTESIAN_POINT('',(0.631519600861982,1.15992091775247,3.16417322834646));
#13781=CARTESIAN_POINT('',(0.631519600861982,1.15992091775247,0.155257086614174));
#13782=CARTESIAN_POINT('',(0.631519600861982,1.15992091775247,-0.155257086614172));
#13783=CARTESIAN_POINT('',(0.347393869142177,0.821299896778521,0.155257086614173));
#13784=CARTESIAN_POINT('',(0.347393869142177,0.821299896778522,-0.155257086614173));
#13785=CARTESIAN_POINT('',(0.685807086614173,1.11437007874016,3.16417322834646));
#13786=CARTESIAN_POINT('',(0.685807086614173,1.18523622047244,3.16417322834646));
#13787=CARTESIAN_POINT('',(0.685807086614173,1.18523622047244,0.155257086614174));
#13788=CARTESIAN_POINT('',(0.685807086614173,1.18523622047244,-0.155257086614172));
#13789=CARTESIAN_POINT('',(0.685807086614173,1.11437007874016,0.155257086614173));
#13790=CARTESIAN_POINT('',(0.685807086614173,1.11437007874016,-0.155257086614173));
#13791=CARTESIAN_POINT('',(0.685807086614173,1.18523622047244,3.16417322834646));
#13792=CARTESIAN_POINT('',(1.05395669291339,1.18523622047244,3.16417322834646));
#13793=CARTESIAN_POINT('',(1.05395669291339,1.18523622047244,0.155257086614174));
#13794=CARTESIAN_POINT('',(1.05395669291339,1.18523622047244,-0.155257086614172));
#13795=CARTESIAN_POINT('',(0.685807086614173,1.18523622047244,0.155257086614173));
#13796=CARTESIAN_POINT('',(0.685807086614173,1.18523622047244,-0.155257086614173));
#13797=CARTESIAN_POINT('',(0.6975,1.08956692913386,-0.168307086614173));
#13798=CARTESIAN_POINT('',(0.6975,1.08956692913386,-0.168307086614173));
#13799=CARTESIAN_POINT('',(0.598947461095889,1.17231067302552,-0.168307086614173));
#13800=CARTESIAN_POINT('',(0.6975,1.21824921259843,-0.168307086614173));
#13801=CARTESIAN_POINT('',(0.6975,1.21824921259843,-0.168307086614173));
#13802=CARTESIAN_POINT('',(1.05395669291339,1.21824921259843,-0.168307086614173));
#13803=CARTESIAN_POINT('',(1.05395669291339,1.18523622047244,-0.168307086614173));
#13804=CARTESIAN_POINT('',(1.05395669291339,1.19828622047244,-0.168307086614173));
#13805=CARTESIAN_POINT('',(0.6975,1.19828622047244,-0.168307086614173));
#13806=CARTESIAN_POINT('',(0.685807086614173,1.19828622047244,-0.168307086614173));
#13807=CARTESIAN_POINT('',(0.685807086614173,1.11437007874016,-0.168307086614173));
#13808=CARTESIAN_POINT('',(0.621522560360716,1.16830910475659,-0.168307086614173));
#13809=CARTESIAN_POINT('',(0.614140485559678,1.15951114868657,-0.168307086614173));
#13810=CARTESIAN_POINT('',(0.337396828640911,0.829688083782639,-0.168307086614173));
#13811=CARTESIAN_POINT('',(0.238818897637795,0.91240157480315,-0.168307086614173));
#13812=CARTESIAN_POINT('',(0.238818897637795,0.783719291338582,-0.168307086614173));
#13813=CARTESIAN_POINT('',(0.6975,0.783719291338583,-0.168307086614173));
#13814=CARTESIAN_POINT('',(0.6975,0.803682283464567,-0.168307086614173));
#13815=CARTESIAN_POINT('',(0.250334645669291,0.803682283464567,-0.168307086614173));
#13816=CARTESIAN_POINT('',(0.250334645669291,0.88759842519685,-0.168307086614173));
#13817=CARTESIAN_POINT('',(0.314602613256538,0.833639670713104,-0.168307086614173));
#13818=CARTESIAN_POINT('',(0.598947461095889,1.17231067302552,-0.168307086614173));
#13819=CARTESIAN_POINT('',(0.448991013670953,1.02156604695435,0.168307086614173));
#13820=CARTESIAN_POINT('',(1.05395669291339,1.18523622047244,0.168307086614173));
#13821=CARTESIAN_POINT('',(1.05395669291339,1.19828622047244,0.168307086614173));
#13822=CARTESIAN_POINT('',(1.05395669291339,1.21824921259843,0.168307086614173));
#13823=CARTESIAN_POINT('',(0.6975,1.21824921259843,0.168307086614173));
#13824=CARTESIAN_POINT('',(0.6975,1.21824921259843,0.168307086614173));
#13825=CARTESIAN_POINT('',(0.6975,1.08956692913386,0.168307086614173));
#13826=CARTESIAN_POINT('',(0.598947461095889,1.17231067302552,0.168307086614173));
#13827=CARTESIAN_POINT('',(0.314602613256538,0.833639670713104,0.168307086614173));
#13828=CARTESIAN_POINT('',(0.314602613256538,0.833639670713104,0.168307086614173));
#13829=CARTESIAN_POINT('',(0.250334645669291,0.88759842519685,0.168307086614173));
#13830=CARTESIAN_POINT('',(0.250334645669291,0.803682283464567,0.168307086614173));
#13831=CARTESIAN_POINT('',(-0.336607630843918,0.803682283464567,0.168307086614173));
#13832=CARTESIAN_POINT('',(0.238818897637795,0.783719291338583,0.168307086614173));
#13833=CARTESIAN_POINT('',(0.238818897637795,0.783719291338582,0.168307086614173));
#13834=CARTESIAN_POINT('',(0.238818897637795,0.91240157480315,0.168307086614173));
#13835=CARTESIAN_POINT('',(0.337396828640911,0.829688083782639,0.168307086614173));
#13836=CARTESIAN_POINT('',(0.621522560360716,1.16830910475659,0.168307086614173));
#13837=CARTESIAN_POINT('',(0.621522560360716,1.16830910475659,0.168307086614173));
#13838=CARTESIAN_POINT('',(0.685807086614173,1.11437007874016,0.168307086614173));
#13839=CARTESIAN_POINT('',(0.685807086614173,1.19828622047244,0.168307086614173));
#13840=CARTESIAN_POINT('',(1.05395669291339,1.19828622047244,0.168307086614173));
#13841=CARTESIAN_POINT('',(2.56764566493785,1.25787401574803,-0.159448818897638));
#13842=CARTESIAN_POINT('',(2.56764566493785,1.25787401574803,-0.19488188976378));
#13843=CARTESIAN_POINT('',(2.56764566493785,1.24482401574803,-0.19488188976378));
#13844=CARTESIAN_POINT('',(2.56764566493785,1.17171141732283,-0.19488188976378));
#13845=CARTESIAN_POINT('',(2.56764566493785,1.24482401574803,-0.159448818897638));
#13846=CARTESIAN_POINT('',(2.59773327671478,1.24482401574803,-0.178163469002994));
#13847=CARTESIAN_POINT('',(2.59773327671478,1.25787401574803,-0.178163469002994));
#13848=CARTESIAN_POINT('',(2.59773327671478,1.17171141732283,-0.178163469002994));
#13849=CARTESIAN_POINT('',(2.56764566493785,1.17171141732283,-0.159448818897638));
#13850=CARTESIAN_POINT('',(2.31129921259843,1.25787401574803,3.99532769073399E-16));
#13851=CARTESIAN_POINT('',(2.31129921259843,1.24482401574803,3.99532769073399E-16));
#13852=CARTESIAN_POINT('',(2.59773327843385,1.24482401574803,0.178163466239238));
#13853=CARTESIAN_POINT('',(2.59773327843385,1.25787401574803,0.178163466239238));
#13854=CARTESIAN_POINT('',(2.59773327843385,1.17171141732283,0.178163466239238));
#13855=CARTESIAN_POINT('',(2.31129921259843,1.17171141732283,3.99532769073399E-16));
#13856=CARTESIAN_POINT('',(2.56764566493785,1.25787401574803,0.159448818897637));
#13857=CARTESIAN_POINT('',(2.56764566493785,1.24482401574803,0.159448818897637));
#13858=CARTESIAN_POINT('',(2.56764566493785,1.24482401574803,0.19488188976378));
#13859=CARTESIAN_POINT('',(2.56764566493785,1.25787401574803,0.19488188976378));
#13860=CARTESIAN_POINT('',(2.56764566493785,1.17171141732283,0.19488188976378));
#13861=CARTESIAN_POINT('',(2.56764566493785,1.17171141732283,0.159448818897637));
#13862=CARTESIAN_POINT('',(0.499100943046378,0.971456117578921,0.19488188976378));
#13863=CARTESIAN_POINT('',(1.13495669291339,1.24482401574803,0.19488188976378));
#13864=CARTESIAN_POINT('',(1.13495669291339,1.24482401574803,0.19488188976378));
#13865=CARTESIAN_POINT('',(1.13495669291339,0.971456117578921,0.19488188976378));
#13866=CARTESIAN_POINT('',(1.13495669291339,1.17171141732283,0.19488188976378));
#13867=CARTESIAN_POINT('',(0.499100943046378,1.17171141732283,0.19488188976378));
#13868=CARTESIAN_POINT('',(0.455254754842881,1.01530230578242,-0.19488188976378));
#13869=CARTESIAN_POINT('',(1.13495669291339,1.01530230578242,-0.19488188976378));
#13870=CARTESIAN_POINT('',(1.13495669291339,1.17171141732283,-0.19488188976378));
#13871=CARTESIAN_POINT('',(1.13495669291339,1.24482401574803,-0.19488188976378));
#13872=CARTESIAN_POINT('',(2.56764566493785,1.24482401574803,-0.19488188976378));
#13873=CARTESIAN_POINT('',(0.455254754842881,1.17171141732283,-0.19488188976378));
#13874=CARTESIAN_POINT('',(2.56764566493785,1.15866141732283,0.159448818897637));
#13875=CARTESIAN_POINT('',(2.56764566493785,1.15866141732283,0.159448818897637));
#13876=CARTESIAN_POINT('',(2.58665201038327,1.15866141732283,0.171270861623325));
#13877=CARTESIAN_POINT('',(2.56764566493785,1.15866141732283,0.18183188976378));
#13878=CARTESIAN_POINT('',(2.56764566493785,1.15866141732283,0.18183188976378));
#13879=CARTESIAN_POINT('',(1.13495669291339,1.15866141732283,0.18183188976378));
#13880=CARTESIAN_POINT('',(1.13495669291339,1.15866141732283,0.159448818897637));
#13881=CARTESIAN_POINT('',(1.13495669291339,1.15866141732283,-0.18183188976378));
#13882=CARTESIAN_POINT('',(2.56764566493785,1.15866141732283,-0.18183188976378));
#13883=CARTESIAN_POINT('',(2.56764566493785,1.15866141732283,-0.18183188976378));
#13884=CARTESIAN_POINT('',(2.56764566493785,1.15866141732283,-0.159448818897638));
#13885=CARTESIAN_POINT('',(2.58665200929733,1.15866141732283,-0.171270863369189));
#13886=CARTESIAN_POINT('',(2.31129921259843,1.15866141732283,3.99532769073399E-16));
#13887=CARTESIAN_POINT('',(2.56764566493785,1.25787401574803,0.159448818897637));
#13888=CARTESIAN_POINT('',(1.13495669291339,1.25787401574803,0.19488188976378));
#13889=CARTESIAN_POINT('',(1.13495669291339,1.25787401574803,-0.18183188976378));
#13890=CARTESIAN_POINT('',(1.13495669291339,1.25787401574803,0.18183188976378));
#13891=CARTESIAN_POINT('',(2.56764566493785,1.25787401574803,0.18183188976378));
#13892=CARTESIAN_POINT('',(2.56764566493785,1.25787401574803,0.18183188976378));
#13893=CARTESIAN_POINT('',(2.56764566493785,1.25787401574803,0.159448818897637));
#13894=CARTESIAN_POINT('',(2.58665201038327,1.25787401574803,0.171270861623325));
#13895=CARTESIAN_POINT('',(2.31129921259843,1.25787401574803,3.99532769073399E-16));
#13896=CARTESIAN_POINT('',(2.58665200929733,1.25787401574803,-0.17127086336919));
#13897=CARTESIAN_POINT('',(2.56764566493785,1.25787401574803,-0.159448818897638));
#13898=CARTESIAN_POINT('',(2.56764566493785,1.25787401574803,-0.18183188976378));
#13899=CARTESIAN_POINT('',(1.13495669291339,1.25787401574803,-0.18183188976378));
#13900=CARTESIAN_POINT('',(4.99603542457036E-17,4.1607283464567,-1.03574985957172E-5));
#13901=CARTESIAN_POINT('',(0.0787424289208205,0.757619291338583,0.143810424746392));
#13902=CARTESIAN_POINT('',(0.0541599257306511,0.757619291338583,0.157269439361196));
#13903=CARTESIAN_POINT('',(0.000268955047083508,0.78095953968442,0.170634832366825));
#13904=CARTESIAN_POINT('',(-0.054136119199371,0.757619291338578,0.157282473528219));
#13905=CARTESIAN_POINT('',(-0.0787424289208195,0.757619291338578,0.143810424746393));
#13906=CARTESIAN_POINT('',(0.0787424289208205,0.757619291338583,0.143810424746392));
#13907=CARTESIAN_POINT('',(-0.0787424289208204,0.757619291338583,0.143810424746392));
#13908=CARTESIAN_POINT('',(4.99603542457036E-17,0.757619291338583,-1.03574985957172E-5));
#13909=CARTESIAN_POINT('',(-0.0787774648291731,0.757619291338583,-0.143811951902132));
#13910=CARTESIAN_POINT('',(-0.0787774648291731,0.757619291338583,-0.143811951902132));
#13911=CARTESIAN_POINT('',(-0.0541903358997779,0.757619291338583,-0.157281285761188));
#13912=CARTESIAN_POINT('',(-0.000270996309556541,0.78102207241874,-0.17066285021447));
#13913=CARTESIAN_POINT('',(0.0541608422612674,0.757619291338578,-0.157297442981698));
#13914=CARTESIAN_POINT('',(0.0787774648291723,0.757619291338578,-0.143811951902133));
#13915=CARTESIAN_POINT('',(0.0787774648291731,0.757619291338583,-0.143811951902132));
#13916=CARTESIAN_POINT('',(4.99603542457036E-17,0.757619291338583,-1.03574985957172E-5));
#13917=CARTESIAN_POINT('',(4.99603542457036E-17,0.402813779527559,-1.03574985957172E-5));
#13918=CARTESIAN_POINT('',(-0.0514955776545138,0.402813779527559,-0.155679856758851));
#13919=CARTESIAN_POINT('',(-0.0514375371344433,0.402813779527559,0.155678329603112));
#13920=CARTESIAN_POINT('',(-0.0514375371344433,0.402813779527559,0.155678329603112));
#13921=CARTESIAN_POINT('',(-0.0180269710257967,0.402813779527559,0.166716750357303));
#13922=CARTESIAN_POINT('',(0.0180285008444039,0.402813779527559,0.166716244924938));
#13923=CARTESIAN_POINT('',(0.0514375371344434,0.402813779527559,0.155678329603112));
#13924=CARTESIAN_POINT('',(0.0514375371344434,0.402813779527559,0.155678329603112));
#13925=CARTESIAN_POINT('',(4.99603542457036E-17,0.402813779527559,-1.03574985957172E-5));
#13926=CARTESIAN_POINT('',(0.051495577654514,0.402813779527559,-0.155679856758851));
#13927=CARTESIAN_POINT('',(0.051495577654514,0.402813779527559,-0.155679856758851));
#13928=CARTESIAN_POINT('',(0.0180495265504078,0.402813779527559,-0.166743833517644));
#13929=CARTESIAN_POINT('',(-0.0180510338073828,0.402813779527558,-0.166743334915997));
#13930=CARTESIAN_POINT('',(-0.0514955776545139,0.402813779527558,-0.155679856758851));
#13931=CARTESIAN_POINT('',(1.05395669291339,1.18523622047244,-0.19488188976378));
#13932=CARTESIAN_POINT('',(1.09518029291339,1.17171141732283,0.18183188976378));
#13933=CARTESIAN_POINT('',(1.13490959895031,1.15867686809812,0.182466733452082));
#13934=CARTESIAN_POINT('',(0.959255460995714,1.21630617845068,0.124837423099524));
#13935=CARTESIAN_POINT('',(1.05390959895031,1.18525167124773,0.155891930302476));
#13936=CARTESIAN_POINT('',(1.01418029291338,1.19828622047244,0.155257086614173));
#13937=CARTESIAN_POINT('',(1.01418029291338,1.19828622047244,-0.155257086614173));
#13938=CARTESIAN_POINT('',(1.05390959895031,1.18525167124773,-0.155891930302476));
#13939=CARTESIAN_POINT('',(1.06447849130562,1.18178418687919,-0.159359414671014));
#13940=CARTESIAN_POINT('',(1.13490959895031,1.15867686809812,-0.182466733452082));
#13941=CARTESIAN_POINT('',(1.09518029291339,1.17171141732283,-0.18183188976378));
#13942=CARTESIAN_POINT('',(1.05395669291339,1.25787401574803,-0.168307086614173));
#13943=CARTESIAN_POINT('',(1.06447849130562,1.22235154065527,-0.171759120207424));
#13944=CARTESIAN_POINT('',(1.05390959895031,1.21888405628673,-0.168291635838887));
#13945=CARTESIAN_POINT('',(1.13490959895031,1.24545885943633,-0.194866438988493));
#13946=CARTESIAN_POINT('',(1.09518029291339,1.24482401574803,-0.18183188976378));
#13947=CARTESIAN_POINT('',(1.09518029291339,1.17171141732283,-0.18183188976378));
#13948=CARTESIAN_POINT('',(1.13490959895031,1.17107657363453,-0.194866438988493));
#13949=CARTESIAN_POINT('',(1.03769444722673,1.20297130845198,-0.162971704171045));
#13950=CARTESIAN_POINT('',(1.05390959895031,1.19765137678414,-0.168291635838887));
#13951=CARTESIAN_POINT('',(1.01418029291338,1.19828622047244,-0.155257086614173));
#13952=CARTESIAN_POINT('',(1.01418029291339,1.21824921259843,-0.155257086614173));
#13953=CARTESIAN_POINT('',(1.13495669291339,0.971456117578921,0.19488188976378));
#13954=CARTESIAN_POINT('',(1.09518029291339,1.24482401574803,0.18183188976378));
#13955=CARTESIAN_POINT('',(1.13490959895031,1.24545885943633,0.194866438988493));
#13956=CARTESIAN_POINT('',(1.06098105406925,1.22120408749373,0.170611667045889));
#13957=CARTESIAN_POINT('',(1.05390959895031,1.21888405628673,0.168291635838887));
#13958=CARTESIAN_POINT('',(1.01418029291338,1.21824921259843,0.155257086614173));
#13959=CARTESIAN_POINT('',(1.01418029291338,1.19828622047244,0.155257086614173));
#13960=CARTESIAN_POINT('',(1.05390959895031,1.19765137678414,0.168291635838887));
#13961=CARTESIAN_POINT('',(1.18884328942083,1.15338179329643,0.21256121932659));
#13962=CARTESIAN_POINT('',(1.13490959895031,1.17107657363453,0.194866438988493));
#13963=CARTESIAN_POINT('',(1.09518029291339,1.17171141732283,0.18183188976378));
#13964=CARTESIAN_POINT('',(1.13495669291339,1.25787401574803,0.159448818897637));
#13965=CARTESIAN_POINT('',(1.09518029291339,1.24482401574803,-0.18183188976378));
#13966=CARTESIAN_POINT('',(1.13490959895031,1.25785856497274,-0.182466733452082));
#13967=CARTESIAN_POINT('',(1.04264689350276,1.22758864848733,-0.152196816966664));
#13968=CARTESIAN_POINT('',(1.05390959895031,1.23128376182314,-0.155891930302476));
#13969=CARTESIAN_POINT('',(1.01418029291339,1.21824921259843,-0.155257086614173));
#13970=CARTESIAN_POINT('',(1.01418029291339,1.21824921259843,0.155257086614173));
#13971=CARTESIAN_POINT('',(1.05390959895031,1.23128376182314,0.155891930302476));
#13972=CARTESIAN_POINT('',(1.12873846375631,1.25583391431855,0.180442082797883));
#13973=CARTESIAN_POINT('',(1.13490959895031,1.25785856497274,0.182466733452082));
#13974=CARTESIAN_POINT('',(1.09518029291339,1.24482401574803,0.18183188976378));
#13975=CARTESIAN_POINT('',(0.397240157480315,0.389763779527559,-0.168069555197034));
#13976=CARTESIAN_POINT('',(0.428740157480315,0.363188976377953,0.168069555197034));
#13977=CARTESIAN_POINT('',(0.397240157480315,0.389763779527559,-0.168069555197034));
#13978=CARTESIAN_POINT('',(0.397240157480315,0.478346456692913,-0.168069555197034));
#13979=CARTESIAN_POINT('',(0.397240157480315,0.424810181480793,-0.238644040177043));
#13980=CARTESIAN_POINT('',(0.397240157480315,0.478346456692913,0.168069555197034));
#13981=CARTESIAN_POINT('',(0.428740157480315,0.408749299175345,0.259816385866901));
#13982=CARTESIAN_POINT('',(0.397240157480315,0.344505764456043,-0.344505764456045));
#13983=CARTESIAN_POINT('',(0.397240157480315,0.238644038900637,-0.424810179798166));
#13984=CARTESIAN_POINT('',(0.397240157480315,0.344505764456045,0.344505764456045));
#13985=CARTESIAN_POINT('',(0.428740157480315,0.259816384011719,0.408749296729741));
#13986=CARTESIAN_POINT('',(0.397240157480315,0.168069555197034,-0.478346456692913));
#13987=CARTESIAN_POINT('',(0.397240157480315,0.168069555197034,-0.389763779527559));
#13988=CARTESIAN_POINT('',(0.397240157480315,0.168069555197034,0.478346456692913));
#13989=CARTESIAN_POINT('',(0.428740157480315,0.168069555197034,0.363188976377953));
#13990=CARTESIAN_POINT('',(0.397240157480315,-0.168069555197034,-0.389763779527559));
#13991=CARTESIAN_POINT('',(0.397240157480315,-0.168069555197034,-0.389763779527559));
#13992=CARTESIAN_POINT('',(0.397240157480315,0.168069555197034,0.389763779527559));
#13993=CARTESIAN_POINT('',(0.428740157480315,-0.168069555197034,0.363188976377953));
#13994=CARTESIAN_POINT('',(0.397240157480315,-0.168069555197034,-0.478346456692913));
#13995=CARTESIAN_POINT('',(0.397240157480315,-0.238644038900638,-0.424810179798165));
#13996=CARTESIAN_POINT('',(0.397240157480315,-0.168069555197034,0.478346456692913));
#13997=CARTESIAN_POINT('',(0.428740157480315,-0.259816384011719,0.408749296729741));
#13998=CARTESIAN_POINT('',(0.397240157480315,-0.344505764456045,-0.344505764456045));
#13999=CARTESIAN_POINT('',(0.397240157480315,-0.424810181679399,-0.238644040327701));
#14000=CARTESIAN_POINT('',(0.397240157480315,-0.344505764456045,0.344505764456045));
#14001=CARTESIAN_POINT('',(0.428740157480315,-0.40874929538364,0.259816382990596));
#14002=CARTESIAN_POINT('',(0.397240157480315,-0.478346456692913,-0.168069555197034));
#14003=CARTESIAN_POINT('',(0.397240157480315,-0.389763779527559,-0.168069555197034));
#14004=CARTESIAN_POINT('',(0.397240157480315,-0.478346456692913,0.168069555197034));
#14005=CARTESIAN_POINT('',(0.428740157480315,-0.363188976377953,0.168069555197034));
#14006=CARTESIAN_POINT('',(0.397240157480315,-0.389763779527559,0.168069555197034));
#14007=CARTESIAN_POINT('',(-0.379523622047244,0.389763779527559,-0.168069555197034));
#14008=CARTESIAN_POINT('',(-0.411023622047244,0.363188976377953,-0.168069555197034));
#14009=CARTESIAN_POINT('',(-0.379523622047244,0.389763779527559,0.168069555197034));
#14010=CARTESIAN_POINT('',(-0.411023622047244,0.478346456692913,0.168069555197034));
#14011=CARTESIAN_POINT('',(-0.379523622047244,0.424810181679399,0.238644040327701));
#14012=CARTESIAN_POINT('',(-0.411023622047244,0.478346456692913,-0.168069555197034));
#14013=CARTESIAN_POINT('',(-0.411023622047244,0.408749298075843,-0.259816385032843));
#14014=CARTESIAN_POINT('',(-0.379523622047244,0.344505764456045,0.344505764456045));
#14015=CARTESIAN_POINT('',(-0.379523622047244,0.238644038900638,0.424810179798165));
#14016=CARTESIAN_POINT('',(-0.379523622047244,0.344505764456043,-0.344505764456045));
#14017=CARTESIAN_POINT('',(-0.411023622047244,0.259816384011718,-0.408749296729742));
#14018=CARTESIAN_POINT('',(-0.411023622047244,0.168069555197034,0.478346456692913));
#14019=CARTESIAN_POINT('',(-0.379523622047244,0.168069555197034,0.389763779527559));
#14020=CARTESIAN_POINT('',(-0.411023622047244,0.168069555197034,-0.478346456692913));
#14021=CARTESIAN_POINT('',(-0.411023622047244,0.168069555197034,-0.363188976377953));
#14022=CARTESIAN_POINT('',(-0.379523622047244,0.168069555197034,0.389763779527559));
#14023=CARTESIAN_POINT('',(-0.379523622047244,-0.168069555197034,0.389763779527559));
#14024=CARTESIAN_POINT('',(-0.379523622047244,-0.168069555197034,-0.389763779527559));
#14025=CARTESIAN_POINT('',(-0.411023622047244,-0.168069555197034,-0.363188976377953));
#14026=CARTESIAN_POINT('',(-0.411023622047244,-0.168069555197034,0.478346456692913));
#14027=CARTESIAN_POINT('',(-0.379523622047244,-0.238644038900638,0.424810179798166));
#14028=CARTESIAN_POINT('',(-0.411023622047244,-0.168069555197034,-0.478346456692913));
#14029=CARTESIAN_POINT('',(-0.411023622047244,-0.259816384011719,-0.408749296729741));
#14030=CARTESIAN_POINT('',(-0.379523622047244,-0.344505764456045,0.344505764456045));
#14031=CARTESIAN_POINT('',(-0.379523622047244,-0.424810178115539,0.238644037624234));
#14032=CARTESIAN_POINT('',(-0.379523622047244,-0.344505764456045,-0.344505764456045));
#14033=CARTESIAN_POINT('',(-0.411023622047244,-0.408749299175345,-0.259816385866902));
#14034=CARTESIAN_POINT('',(-0.411023622047244,-0.478346456692913,0.168069555197034));
#14035=CARTESIAN_POINT('',(-0.379523622047244,-0.389763779527559,0.168069555197034));
#14036=CARTESIAN_POINT('',(-0.411023622047244,-0.478346456692913,-0.168069555197034));
#14037=CARTESIAN_POINT('',(-0.411023622047244,-0.363188976377952,-0.168069555197034));
#14038=CARTESIAN_POINT('',(-0.379523622047244,-0.389763779527559,0.168069555197034));
#14039=CARTESIAN_POINT('',(0.250334645669291,0.88759842519685,-0.155257086614173));
#14040=CARTESIAN_POINT('',(0.314602613256538,0.833639670713104,-0.155257086614173));
#14041=CARTESIAN_POINT('',(0.250334645669291,0.803682283464567,-0.155257086614173));
#14042=CARTESIAN_POINT('',(0.250334645669291,0.803682283464567,-0.155257086614173));
#14043=CARTESIAN_POINT('',(-0.336607630843918,0.803682283464567,-0.168307086614173));
#14044=CARTESIAN_POINT('',(-0.336607630843918,0.811042031758195,-0.168307086614173));
#14045=CARTESIAN_POINT('',(-0.333144571994081,0.816732283464567,-0.161648622065389));
#14046=CARTESIAN_POINT('',(-0.329723431780872,0.816732283464567,-0.155257086614173));
#14047=CARTESIAN_POINT('',(0.598947461095889,1.17231067302552,-0.155257086614173));
#14048=CARTESIAN_POINT('',(0.598947461095889,1.17231067302552,-0.155257086614173));
#14049=CARTESIAN_POINT('',(-0.0967322834645668,0.803682283464567,-3.0733289928723E-17));
#14050=CARTESIAN_POINT('',(-0.336607630843918,0.803682283464567,0.168307086614173));
#14051=CARTESIAN_POINT('',(-0.336607630843918,0.811042031758195,0.168307086614173));
#14052=CARTESIAN_POINT('',(-0.333144571994076,0.816732283464567,0.161648622065391));
#14053=CARTESIAN_POINT('',(-0.329723431780872,0.816732283464567,0.155257086614173));
#14054=CARTESIAN_POINT('',(0.6975,1.08956692913386,-0.155257086614173));
#14055=CARTESIAN_POINT('',(0.6975,1.21824921259843,-0.155257086614173));
#14056=CARTESIAN_POINT('',(0.448991013670953,0.803682283464567,0.155257086614173));
#14057=CARTESIAN_POINT('',(0.250334645669291,0.803682283464567,0.155257086614173));
#14058=CARTESIAN_POINT('',(1.05395669291339,1.21824921259843,-0.155257086614173));
#14059=CARTESIAN_POINT('',(1.05604274024939,1.21824921259843,-0.155257086614173));
#14060=CARTESIAN_POINT('',(0.250334645669291,0.88759842519685,0.155257086614173));
#14061=CARTESIAN_POINT('',(0.314602613256538,0.833639670713104,0.155257086614173));
#14062=CARTESIAN_POINT('',(1.04671503836379,1.21518894295092,-0.152196816966664));
#14063=CARTESIAN_POINT('',(1.13704274024939,1.24482401574803,-0.18183188976378));
#14064=CARTESIAN_POINT('',(0.462711806407862,1.01004620410871,0.155257086614173));
#14065=CARTESIAN_POINT('',(0.598947461095889,1.17231067302552,0.155257086614173));
#14066=CARTESIAN_POINT('',(2.56764566493785,1.24482401574803,-0.18183188976378));
#14067=CARTESIAN_POINT('',(2.56764566493785,1.24482401574803,-0.18183188976378));
#14068=CARTESIAN_POINT('',(0.6975,1.08956692913386,0.155257086614173));
#14069=CARTESIAN_POINT('',(0.6975,1.21824921259843,0.155257086614173));
#14070=CARTESIAN_POINT('',(2.56764566493785,1.24482401574803,-0.159448818897638));
#14071=CARTESIAN_POINT('',(2.58665200929733,1.24482401574803,-0.17127086336919));
#14072=CARTESIAN_POINT('',(0.448991013670953,1.21824921259843,0.155257086614173));
#14073=CARTESIAN_POINT('',(1.05604274024939,1.21824921259843,0.155257086614173));
#14074=CARTESIAN_POINT('',(2.31129921259843,1.24482401574803,3.99532769073399E-16));
#14075=CARTESIAN_POINT('',(2.5866520109499,1.24482401574803,0.171270860712354));
#14076=CARTESIAN_POINT('',(1.13280660861734,1.24343420878213,0.180442082797883));
#14077=CARTESIAN_POINT('',(1.13704274024939,1.24482401574803,0.18183188976378));
#14078=CARTESIAN_POINT('',(2.56764566493785,1.24482401574803,0.159448818897637));
#14079=CARTESIAN_POINT('',(2.56764566493785,1.24482401574803,0.18183188976378));
#14080=CARTESIAN_POINT('',(2.56764566493785,1.24482401574803,0.18183188976378));
#14081=CARTESIAN_POINT('',(0.477983569913606,0.997239349122125,0.155257086614173));
#14082=CARTESIAN_POINT('',(0.337396828640911,0.829688083782639,0.155257086614173));
#14083=CARTESIAN_POINT('',(0.621522560360716,1.16830910475659,0.155257086614173));
#14084=CARTESIAN_POINT('',(0.685807086614173,1.11437007874016,0.155257086614173));
#14085=CARTESIAN_POINT('',(0.685807086614173,1.19828622047244,0.155257086614173));
#14086=CARTESIAN_POINT('',(0.238818897637795,0.91240157480315,0.155257086614173));
#14087=CARTESIAN_POINT('',(0.238818897637795,0.783719291338582,0.155257086614173));
#14088=CARTESIAN_POINT('',(-0.0850095201188716,0.770669291338583,0.155257086614173));
#14089=CARTESIAN_POINT('',(-0.0787424289208204,0.770669291338583,0.143810424746392));
#14090=CARTESIAN_POINT('',(-0.0787424289208204,0.757619291338583,0.143810424746392));
#14091=CARTESIAN_POINT('',(-0.0585165516796363,0.770669291338583,0.162509587179179));
#14092=CARTESIAN_POINT('',(-0.0614679505886693,0.765554490380101,0.153268270603372));
#14093=CARTESIAN_POINT('',(-0.0542025813371996,0.757619296318391,0.157246085253296));
#14094=CARTESIAN_POINT('',(0.000247293526615947,0.78233943699883,0.169758532723305));
#14095=CARTESIAN_POINT('',(0.000236482149698618,0.779735852221413,0.173035629761594));
#14096=CARTESIAN_POINT('',(0.000229062689572267,0.780959578358638,0.170675159119852));
#14097=CARTESIAN_POINT('',(0.0585576813198698,0.770669291338582,0.16249832835513));
#14098=CARTESIAN_POINT('',(0.0614895222094369,0.765560875731168,0.153256460608683));
#14099=CARTESIAN_POINT('',(0.0542406784234674,0.757619294959652,0.157225226952704));
#14100=CARTESIAN_POINT('',(0.0850095201188728,0.770669291338583,0.155257086614173));
#14101=CARTESIAN_POINT('',(0.0787424289208214,0.770669291338583,0.143810424746392));
#14102=CARTESIAN_POINT('',(0.0787424289208216,0.757619291338583,0.143810424746392));
#14103=CARTESIAN_POINT('',(0.0850095201188717,0.757619291338583,0.155257086614173));
#14104=CARTESIAN_POINT('',(-0.0850095201188716,0.770669291338583,0.155257086614173));
#14105=CARTESIAN_POINT('',(-0.0572026314191582,0.770669291338583,0.16286927562736));
#14106=CARTESIAN_POINT('',(6.42872945397004E-5,0.782339508991716,0.169393202231677));
#14107=CARTESIAN_POINT('',(0.0572021901579958,0.770669291338583,0.162869396423448));
#14108=CARTESIAN_POINT('',(0.0850095201188717,0.770669291338583,0.155257086614173));
#14109=CARTESIAN_POINT('',(-0.0850095201188716,0.757619291338583,0.155257086614173));
#14110=CARTESIAN_POINT('',(0.448991013670953,1.19828622047244,0.155257086614173));
#14111=CARTESIAN_POINT('',(1.05604274024939,1.19828622047244,0.155257086614173));
#14112=CARTESIAN_POINT('',(0.448991013670953,0.783719291338583,0.155257086614173));
#14113=CARTESIAN_POINT('',(-0.336607630843918,0.783719291338583,0.168307086614173));
#14114=CARTESIAN_POINT('',(-0.336607630843918,0.776359543044955,0.168307086614173));
#14115=CARTESIAN_POINT('',(-0.333144571994076,0.770669291338583,0.161648622065391));
#14116=CARTESIAN_POINT('',(-0.329723431780872,0.770669291338583,0.155257086614173));
#14117=CARTESIAN_POINT('',(4.99603542457036E-17,0.757619291338583,-1.03574985957172E-5));
#14118=CARTESIAN_POINT('',(-0.0850473445268408,0.757619291338583,-0.155257086614173));
#14119=CARTESIAN_POINT('',(4.99603542457036E-17,0.757619291338583,-1.03574985957172E-5));
#14120=CARTESIAN_POINT('',(0.0850473445268409,0.757619291338583,-0.155257086614173));
#14121=CARTESIAN_POINT('',(1.19291143428186,1.15338179329643,0.20016151379018));
#14122=CARTESIAN_POINT('',(1.13704274024939,1.17171141732283,0.18183188976378));
#14123=CARTESIAN_POINT('',(-0.0967322834645668,0.783719291338583,-3.0733289928723E-17));
#14124=CARTESIAN_POINT('',(-0.336607630843918,0.783719291338583,-0.168307086614173));
#14125=CARTESIAN_POINT('',(-0.336607630843918,0.776359543044955,-0.168307086614173));
#14126=CARTESIAN_POINT('',(-0.333144571994081,0.770669291338583,-0.161648622065389));
#14127=CARTESIAN_POINT('',(-0.329723431780872,0.770669291338583,-0.155257086614173));
#14128=CARTESIAN_POINT('',(0.0850473445268409,0.770669291338583,-0.155257086614173));
#14129=CARTESIAN_POINT('',(0.0787774648291731,0.770669291338583,-0.143811951902132));
#14130=CARTESIAN_POINT('',(0.0787774648291731,0.757619291338583,-0.143811951902132));
#14131=CARTESIAN_POINT('',(0.0585435733366501,0.770669291338583,-0.16251674126569));
#14132=CARTESIAN_POINT('',(0.0615010174592615,0.765550983515743,-0.153276347191473));
#14133=CARTESIAN_POINT('',(0.0542276108978289,0.757619296323813,-0.157260865752215));
#14134=CARTESIAN_POINT('',(-0.00024320560437027,0.782370704322708,-0.169774428242281));
#14135=CARTESIAN_POINT('',(-0.000239906391154167,0.779775257214198,-0.173067262681329));
#14136=CARTESIAN_POINT('',(-0.000225276136129897,0.781022112995943,-0.170706133603196));
#14137=CARTESIAN_POINT('',(-0.0586017380374465,0.770669291338582,-0.16250080984592));
#14138=CARTESIAN_POINT('',(-0.0615315123709218,0.765560016143302,-0.15325964199573));
#14139=CARTESIAN_POINT('',(-0.0542814871859085,0.757619294975131,-0.157231351215838));
#14140=CARTESIAN_POINT('',(-0.0850473445268488,0.770669291338583,-0.155257086614171));
#14141=CARTESIAN_POINT('',(-0.0787774648291795,0.770669291338585,-0.143811951902128));
#14142=CARTESIAN_POINT('',(-0.0787774648291805,0.757619291338583,-0.143811951902128));
#14143=CARTESIAN_POINT('',(0.0850473445268409,0.770669291338583,-0.155257086614173));
#14144=CARTESIAN_POINT('',(0.0572282258946014,0.770669291338583,-0.162877028690337));
#14145=CARTESIAN_POINT('',(-6.69089178873361E-5,0.782370778732207,-0.169406157937594));
#14146=CARTESIAN_POINT('',(-0.0572277411641025,0.770669291338583,-0.162877161462995));
#14147=CARTESIAN_POINT('',(-0.0850473445268408,0.770669291338583,-0.155257086614173));
#14148=CARTESIAN_POINT('',(0.499100943046378,1.17171141732283,0.18183188976378));
#14149=CARTESIAN_POINT('',(2.56764566493785,1.17171141732283,0.18183188976378));
#14150=CARTESIAN_POINT('',(-0.40748031496063,0.783719291338583,-0.155257086614173));
#14151=CARTESIAN_POINT('',(0.238818897637795,0.783719291338583,-0.155257086614173));
#14152=CARTESIAN_POINT('',(2.56764566493785,1.17171141732283,0.159448818897637));
#14153=CARTESIAN_POINT('',(2.58665201038327,1.17171141732283,0.171270861623325));
#14154=CARTESIAN_POINT('',(0.238818897637795,0.91240157480315,-0.155257086614173));
#14155=CARTESIAN_POINT('',(0.337396828640911,0.829688083782639,-0.155257086614173));
#14156=CARTESIAN_POINT('',(2.31129921259843,1.17171141732283,3.99532769073399E-16));
#14157=CARTESIAN_POINT('',(2.58665200929733,1.17171141732283,-0.171270863369189));
#14158=CARTESIAN_POINT('',(0.337396828640911,0.829688083782639,-0.155257086614173));
#14159=CARTESIAN_POINT('',(0.621522560360716,1.16830910475659,-0.155257086614173));
#14160=CARTESIAN_POINT('',(2.56764566493785,1.17171141732283,-0.159448818897638));
#14161=CARTESIAN_POINT('',(2.56764566493785,1.17171141732283,-0.18183188976378));
#14162=CARTESIAN_POINT('',(0.685807086614173,1.11437007874016,-0.155257086614173));
#14163=CARTESIAN_POINT('',(0.685807086614173,1.19828622047244,-0.155257086614173));
#14164=CARTESIAN_POINT('',(0.455254754842881,1.17171141732283,-0.18183188976378));
#14165=CARTESIAN_POINT('',(1.13704274024939,1.17171141732283,-0.18183188976378));
#14166=CARTESIAN_POINT('',(0.685807086614173,1.19828622047244,-0.155257086614173));
#14167=CARTESIAN_POINT('',(1.05604274024939,1.19828622047244,-0.155257086614173));
#14168=CARTESIAN_POINT('',(1.04176259208776,1.20297130845198,-0.150571998634634));
#14169=CARTESIAN_POINT('',(0.530372834645669,0.344505764456045,0.344505764456045));
#14170=CARTESIAN_POINT('',(0.530372834645669,-0.344505764456045,0.344505764456045));
#14171=CARTESIAN_POINT('',(0.530372834645669,-0.344505764456045,-0.344505764456045));
#14172=CARTESIAN_POINT('',(0.530372834645669,0.344505764456045,-0.344505764456045));
#14173=CARTESIAN_POINT('',(0.441790157480315,-1.91929395604876E-14,3.31304865431634E-14));
#14174=CARTESIAN_POINT('',(0.441790157480315,0.127832507093421,0.248031496062992));
#14175=CARTESIAN_POINT('',(0.434798118375777,0.127832507093421,0.248031496062992));
#14176=CARTESIAN_POINT('',(0.428740157480315,0.129371481191179,0.254375230345904));
#14177=CARTESIAN_POINT('',(0.428740157480315,0.130959354861326,0.261081496062992));
#14178=CARTESIAN_POINT('',(0.441790157480315,0.150885322982504,0.234721946603847));
#14179=CARTESIAN_POINT('',(0.434798118375777,0.150885322982504,0.234721946603847));
#14180=CARTESIAN_POINT('',(0.428740157480315,0.155609670977475,0.239226604409738));
#14181=CARTESIAN_POINT('',(0.428740157480315,0.16062353061794,0.243954876204618));
#14182=CARTESIAN_POINT('',(0.441790157480315,0.0335835428679525,0.463994589580524));
#14183=CARTESIAN_POINT('',(0.441790157480315,0.27871783007588,0.0133095494592115));
#14184=CARTESIAN_POINT('',(0.434798118375777,0.27871783007588,0.0133095494592114));
#14185=CARTESIAN_POINT('',(0.428740157480315,0.284981152168621,0.0151486259362342));
#14186=CARTESIAN_POINT('',(0.428740157480315,0.291582885479218,0.0171266198584405));
#14187=CARTESIAN_POINT('',(0.441790157480315,-0.281868352736763,0.261081496062992));
#14188=CARTESIAN_POINT('',(0.441790157480315,-0.127832507093459,0.248031496062992));
#14189=CARTESIAN_POINT('',(0.434798118375777,-0.127832507093459,0.248031496062992));
#14190=CARTESIAN_POINT('',(0.428740157480315,-0.12937148119122,0.254375230345904));
#14191=CARTESIAN_POINT('',(0.428740157480315,-0.130959354861365,0.261081496062992));
#14192=CARTESIAN_POINT('',(0.441790157480315,-1.91929395604876E-14,3.31304865431634E-14));
#14193=CARTESIAN_POINT('',(0.441790157480315,0.278717830075876,-0.0133095494592179));
#14194=CARTESIAN_POINT('',(0.434798118375777,0.278717830075876,-0.0133095494592178));
#14195=CARTESIAN_POINT('',(0.428740157480315,0.284981152168618,-0.0151486259362409));
#14196=CARTESIAN_POINT('',(0.428740157480315,0.291582885479214,-0.0171266198584481));
#14197=CARTESIAN_POINT('',(0.441790157480315,-1.91929395604876E-14,3.31304865431634E-14));
#14198=CARTESIAN_POINT('',(0.441790157480315,-0.150885322982482,0.234721946603886));
#14199=CARTESIAN_POINT('',(0.434798118375777,-0.150885322982482,0.234721946603886));
#14200=CARTESIAN_POINT('',(0.428740157480315,-0.155609670977452,0.239226604409779));
#14201=CARTESIAN_POINT('',(0.428740157480315,-0.160623530617916,0.243954876204659));
#14202=CARTESIAN_POINT('',(0.441790157480315,0.277688696860863,-0.0411920604753786));
#14203=CARTESIAN_POINT('',(0.441790157480315,0.150885322982566,-0.234721946603741));
#14204=CARTESIAN_POINT('',(0.434798118375777,0.150885322982565,-0.234721946603741));
#14205=CARTESIAN_POINT('',(0.428740157480315,0.15560967097754,-0.239226604409628));
#14206=CARTESIAN_POINT('',(0.428740157480315,0.160623530618001,-0.243954876204511));
#14207=CARTESIAN_POINT('',(0.441790157480315,-0.174517719236334,0.219889435587614));
#14208=CARTESIAN_POINT('',(0.441790157480315,-0.278717830075922,0.0133095494591393));
#14209=CARTESIAN_POINT('',(0.434798118375777,-0.278717830075922,0.0133095494591393));
#14210=CARTESIAN_POINT('',(0.428740157480315,-0.284981152168665,0.0151486259361582));
#14211=CARTESIAN_POINT('',(0.428740157480315,-0.291582885479261,0.0171266198583667));
#14212=CARTESIAN_POINT('',(0.441790157480315,-1.91929395604876E-14,3.31304865431634E-14));
#14213=CARTESIAN_POINT('',(0.441790157480315,0.127832507093292,-0.248031496062992));
#14214=CARTESIAN_POINT('',(0.434798118375777,0.127832507093292,-0.248031496062992));
#14215=CARTESIAN_POINT('',(0.428740157480315,0.129371481191066,-0.2543752303459));
#14216=CARTESIAN_POINT('',(0.428740157480315,0.130959354861194,-0.261081496062992));
#14217=CARTESIAN_POINT('',(0.441790157480315,-1.91929395604876E-14,3.31304865431634E-14));
#14218=CARTESIAN_POINT('',(0.441790157480315,-0.278717830075918,-0.0133095494591451));
#14219=CARTESIAN_POINT('',(0.434798118375777,-0.278717830075918,-0.013309549459145));
#14220=CARTESIAN_POINT('',(0.428740157480315,-0.284981152168656,-0.0151486259361802));
#14221=CARTESIAN_POINT('',(0.428740157480315,-0.291582885479257,-0.0171266198583741));
#14222=CARTESIAN_POINT('',(0.441790157480315,-0.281868352736763,-0.261081496062992));
#14223=CARTESIAN_POINT('',(0.441790157480315,-0.127832507093331,-0.248031496062992));
#14224=CARTESIAN_POINT('',(0.434798118375777,-0.127832507093331,-0.248031496062992));
#14225=CARTESIAN_POINT('',(0.428740157480315,-0.129371481191093,-0.254375230345903));
#14226=CARTESIAN_POINT('',(0.428740157480315,-0.130959354861232,-0.261081496062992));
#14227=CARTESIAN_POINT('',(0.441790157480315,-0.418622873229244,0.202913093517531));
#14228=CARTESIAN_POINT('',(0.441790157480315,-0.150885322982543,-0.234721946603781));
#14229=CARTESIAN_POINT('',(0.434798118375777,-0.150885322982543,-0.234721946603781));
#14230=CARTESIAN_POINT('',(0.428740157480315,-0.155609670977519,-0.239226604409666));
#14231=CARTESIAN_POINT('',(0.428740157480315,-0.160623530617978,-0.243954876204552));
#14232=CARTESIAN_POINT('',(0.441790157480315,-1.91929395604876E-14,3.31304865431634E-14));
#14233=CARTESIAN_POINT('',(-0.0555940984377841,0.389763779527558,-0.168069555197034));
#14234=CARTESIAN_POINT('',(-0.0514955776545139,0.389763779527558,-0.155679856758851));
#14235=CARTESIAN_POINT('',(-0.0514955776545139,0.402813779527558,-0.155679856758851));
#14236=CARTESIAN_POINT('',(-0.0194881324931449,0.389763779527558,-0.18207701178231));
#14237=CARTESIAN_POINT('',(-0.0146720051129764,0.387645617648758,-0.167861118585635));
#14238=CARTESIAN_POINT('',(-0.0180514240462365,0.402813780916003,-0.166743205824716));
#14239=CARTESIAN_POINT('',(0.0194867363763453,0.389763779527558,-0.182077553451473));
#14240=CARTESIAN_POINT('',(0.0146704656568041,0.3876455290844,-0.167861627874078));
#14241=CARTESIAN_POINT('',(0.0180501308448643,0.402813780908536,-0.166743633616621));
#14242=CARTESIAN_POINT('',(0.0555940984377842,0.389763779527558,-0.168069555197034));
#14243=CARTESIAN_POINT('',(0.051495577654514,0.389763779527558,-0.155679856758851));
#14244=CARTESIAN_POINT('',(0.051495577654514,0.402813779527558,-0.155679856758851));
#14245=CARTESIAN_POINT('',(0.0555940984377842,0.402813779527559,-0.168069555197034));
#14246=CARTESIAN_POINT('',(-0.0555940984377841,0.402813779527558,-0.168069555197034));
#14247=CARTESIAN_POINT('',(4.99603542457036E-17,0.402813779527559,-1.03574985957172E-5));
#14248=CARTESIAN_POINT('',(-0.0555314384865194,0.402813779527559,0.168069555197034));
#14249=CARTESIAN_POINT('',(4.99603542457036E-17,0.402813779527559,-1.03574985957172E-5));
#14250=CARTESIAN_POINT('',(0.0555314384865195,0.402813779527559,0.168069555197034));
#14251=CARTESIAN_POINT('',(0.0555314384865195,0.389763779527559,0.168069555197034));
#14252=CARTESIAN_POINT('',(0.0514375371344434,0.389763779527559,0.155678329603112));
#14253=CARTESIAN_POINT('',(0.0514375371344434,0.402813779527559,0.155678329603112));
#14254=CARTESIAN_POINT('',(0.0194638001823717,0.389763779527559,0.182044648840444));
#14255=CARTESIAN_POINT('',(0.0146610797883969,0.387650626117023,0.167828796124948));
#14256=CARTESIAN_POINT('',(0.0180288855673711,0.402813780912712,0.166716117817424));
#14257=CARTESIAN_POINT('',(-0.019462383167463,0.389763779527559,0.182045197930701));
#14258=CARTESIAN_POINT('',(-0.0146595179064314,0.387650536360482,0.167829312186735));
#14259=CARTESIAN_POINT('',(-0.0180275730083541,0.402813780905221,0.166716551470019));
#14260=CARTESIAN_POINT('',(-0.0555314384865194,0.389763779527559,0.168069555197034));
#14261=CARTESIAN_POINT('',(-0.0514375371344433,0.389763779527559,0.155678329603112));
#14262=CARTESIAN_POINT('',(-0.0514375371344433,0.402813779527559,0.155678329603112));
#14263=CARTESIAN_POINT('',(-0.424073622047244,-1.91929395604876E-14,3.31304865431634E-14));
#14264=CARTESIAN_POINT('',(-0.424073622047244,-0.278717830075922,0.0133095494591393));
#14265=CARTESIAN_POINT('',(-0.417081582942706,-0.278717830075922,0.0133095494591393));
#14266=CARTESIAN_POINT('',(-0.411023622047244,-0.284981152168662,0.0151486259361659));
#14267=CARTESIAN_POINT('',(-0.411023622047244,-0.291582885479261,0.0171266198583668));
#14268=CARTESIAN_POINT('',(-0.424073622047244,-0.278717830075918,-0.0133095494591451));
#14269=CARTESIAN_POINT('',(-0.417081582942706,-0.278717830075918,-0.013309549459145));
#14270=CARTESIAN_POINT('',(-0.411023622047244,-0.284981152168659,-0.0151486259361713));
#14271=CARTESIAN_POINT('',(-0.411023622047244,-0.291582885479257,-0.0171266198583742));
#14272=CARTESIAN_POINT('',(-0.424073622047244,-0.475250688501025,0.30099534668988));
#14273=CARTESIAN_POINT('',(-0.424073622047244,-0.150885322982543,-0.234721946603781));
#14274=CARTESIAN_POINT('',(-0.417081582942706,-0.150885322982543,-0.234721946603781));
#14275=CARTESIAN_POINT('',(-0.411023622047244,-0.155609670977516,-0.239226604409669));
#14276=CARTESIAN_POINT('',(-0.411023622047244,-0.160623530617978,-0.243954876204551));
#14277=CARTESIAN_POINT('',(-0.424073622047244,-0.0609905051946889,0.41652433834949));
#14278=CARTESIAN_POINT('',(-0.424073622047244,-0.150885322982481,0.234721946603888));
#14279=CARTESIAN_POINT('',(-0.417081582942706,-0.150885322982481,0.234721946603888));
#14280=CARTESIAN_POINT('',(-0.411023622047244,-0.155609670977455,0.239226604409776));
#14281=CARTESIAN_POINT('',(-0.411023622047244,-0.160623530617916,0.243954876204659));
#14282=CARTESIAN_POINT('',(-0.424073622047244,-1.91929395604876E-14,3.31304865431634E-14));
#14283=CARTESIAN_POINT('',(-0.424073622047244,-0.127832507093331,-0.248031496062992));
#14284=CARTESIAN_POINT('',(-0.417081582942706,-0.127832507093331,-0.248031496062992));
#14285=CARTESIAN_POINT('',(-0.411023622047244,-0.129371481191103,-0.2543752303459));
#14286=CARTESIAN_POINT('',(-0.411023622047244,-0.130959354861233,-0.261081496062992));
#14287=CARTESIAN_POINT('',(-0.424073622047244,-1.91929395604876E-14,3.31304865431634E-14));
#14288=CARTESIAN_POINT('',(-0.424073622047244,-0.127832507093459,0.248031496062992));
#14289=CARTESIAN_POINT('',(-0.417081582942706,-0.127832507093459,0.248031496062992));
#14290=CARTESIAN_POINT('',(-0.411023622047244,-0.129371481191215,0.254375230345905));
#14291=CARTESIAN_POINT('',(-0.411023622047244,-0.130959354861365,0.261081496062992));
#14292=CARTESIAN_POINT('',(-0.424073622047244,-0.168069555197034,-0.261081496062992));
#14293=CARTESIAN_POINT('',(-0.424073622047244,0.127832507093292,-0.248031496062992));
#14294=CARTESIAN_POINT('',(-0.417081582942706,0.127832507093292,-0.248031496062992));
#14295=CARTESIAN_POINT('',(-0.411023622047244,0.129371481191065,-0.2543752303459));
#14296=CARTESIAN_POINT('',(-0.411023622047244,0.130959354861194,-0.261081496062992));
#14297=CARTESIAN_POINT('',(-0.424073622047244,-0.168069555197034,0.261081496062992));
#14298=CARTESIAN_POINT('',(-0.424073622047244,0.127832507093421,0.248031496062992));
#14299=CARTESIAN_POINT('',(-0.417081582942706,0.127832507093421,0.248031496062992));
#14300=CARTESIAN_POINT('',(-0.411023622047244,0.129371481191178,0.254375230345905));
#14301=CARTESIAN_POINT('',(-0.411023622047244,0.130959354861326,0.261081496062992));
#14302=CARTESIAN_POINT('',(-0.424073622047244,-1.91929395604876E-14,3.31304865431634E-14));
#14303=CARTESIAN_POINT('',(-0.424073622047244,0.150885322982566,-0.234721946603741));
#14304=CARTESIAN_POINT('',(-0.417081582942706,0.150885322982565,-0.234721946603741));
#14305=CARTESIAN_POINT('',(-0.411023622047244,0.155609670977546,-0.239226604409622));
#14306=CARTESIAN_POINT('',(-0.411023622047244,0.160623530618001,-0.243954876204511));
#14307=CARTESIAN_POINT('',(-0.424073622047244,-1.91929395604876E-14,3.31304865431634E-14));
#14308=CARTESIAN_POINT('',(-0.424073622047244,0.150885322982504,0.234721946603847));
#14309=CARTESIAN_POINT('',(-0.417081582942706,0.150885322982504,0.234721946603847));
#14310=CARTESIAN_POINT('',(-0.411023622047244,0.155609670977481,0.239226604409732));
#14311=CARTESIAN_POINT('',(-0.411023622047244,0.16062353061794,0.243954876204618));
#14312=CARTESIAN_POINT('',(-0.424073622047244,0.391215910902508,0.155442842286498));
#14313=CARTESIAN_POINT('',(-0.424073622047244,0.278717830075876,-0.0133095494592179));
#14314=CARTESIAN_POINT('',(-0.417081582942706,0.278717830075876,-0.0133095494592178));
#14315=CARTESIAN_POINT('',(-0.411023622047244,0.284981152168618,-0.0151486259362395));
#14316=CARTESIAN_POINT('',(-0.411023622047244,0.291582885479214,-0.0171266198584482));
#14317=CARTESIAN_POINT('',(-0.424073622047244,-0.0230442724038281,0.562076842752872));
#14318=CARTESIAN_POINT('',(-0.424073622047244,0.27871783007588,0.0133095494592115));
#14319=CARTESIAN_POINT('',(-0.417081582942706,0.27871783007588,0.0133095494592114));
#14320=CARTESIAN_POINT('',(-0.411023622047244,0.284981152168622,0.0151486259362317));
#14321=CARTESIAN_POINT('',(-0.411023622047244,0.291582885479218,0.0171266198584405));
#14322=CARTESIAN_POINT('',(-0.424073622047244,-1.91929395604876E-14,3.31304865431634E-14));
#14323=CARTESIAN_POINT('',(-12.490157480315,0.,6.93889390390723E-16));
#14324=CARTESIAN_POINT('',(-0.420053459859155,-0.111000717232714,-0.109967737422494));
#14325=CARTESIAN_POINT('',(-0.422593695329648,-0.139112696045336,-0.0815916892817274));
#14326=CARTESIAN_POINT('',(-0.42774767975278,-0.172380654159675,-0.00205702873806132));
#14327=CARTESIAN_POINT('',(-0.435311680069531,-0.125429439110791,0.118194315518519));
#14328=CARTESIAN_POINT('',(-0.44300387643065,-0.0082778997661347,0.172139643345694));
#14329=CARTESIAN_POINT('',(-0.450569929089938,0.113590348322454,0.12966885661819));
#14330=CARTESIAN_POINT('',(-0.458271185675144,0.171792902725057,0.0142629464029271));
#14331=CARTESIAN_POINT('',(-0.465839126526476,0.133508612097622,-0.10897265470077));
#14332=CARTESIAN_POINT('',(-0.473519259851452,0.0204971687329667,-0.171127708736806));
#14333=CARTESIAN_POINT('',(-0.481095990837339,-0.104142705101047,-0.137379769420448));
#14334=CARTESIAN_POINT('',(-0.488783368967495,-0.170336466286949,-0.0264046363593813));
#14335=CARTESIAN_POINT('',(-0.496358967414093,-0.140917128657287,0.0991973029205054));
#14336=CARTESIAN_POINT('',(-0.504026989747771,-0.0326062908957704,0.16925735033825));
#14337=CARTESIAN_POINT('',(-0.511622135435651,0.0941923567889833,0.144384044289414));
#14338=CARTESIAN_POINT('',(-0.519290780115687,0.168012340354741,0.0384341663320057));
#14339=CARTESIAN_POINT('',(-0.526881254354739,0.147620531566569,-0.0889269275944903));
#14340=CARTESIAN_POINT('',(-0.534537914061544,0.0445278699539597,-0.166525357318713));
#14341=CARTESIAN_POINT('',(-0.542151071175498,-0.0837412504401892,-0.150701581698771));
#14342=CARTESIAN_POINT('',(-0.549810710164033,-0.164891701014312,-0.0501693250385769));
#14343=CARTESIAN_POINT('',(-0.557418714853516,-0.153546829551148,0.0783265664294647));
#14344=CARTESIAN_POINT('',(-0.565074964598901,-0.0559432634310315,0.163060240773266));
#14345=CARTESIAN_POINT('',(-0.57269778519901,0.072935920117373,0.156143614521741));
#14346=CARTESIAN_POINT('',(-0.580330654061178,0.160882048143673,0.0618058651682606));
#14347=CARTESIAN_POINT('',(-0.587966733759354,0.158721221320201,-0.067276490486072));
#14348=CARTESIAN_POINT('',(-0.595606232804997,0.0673491647478733,-0.158673742556424));
#14349=CARTESIAN_POINT('',(-0.603248242604841,-0.0616383933088935,-0.160930060671845));
#14350=CARTESIAN_POINT('',(-0.610866718412881,-0.156098182843602,-0.0730935487888138));
#14351=CARTESIAN_POINT('',(-0.618529502419394,-0.163075353520045,0.0559071764806318));
#14352=CARTESIAN_POINT('',(-0.626149304900019,-0.0784402763298261,0.153473542096301));
#14353=CARTESIAN_POINT('',(-0.633812467566711,0.0500308629183048,0.164910122223536));
#14354=CARTESIAN_POINT('',(-0.641413508981604,0.150532051272124,0.0839952825264161));
#14355=CARTESIAN_POINT('',(-0.649116726053807,0.166608261777659,-0.0442444416783131));
#14356=CARTESIAN_POINT('',(-0.656651987305795,0.0891669009203541,-0.147498387898534));
#14357=CARTESIAN_POINT('',(-0.66193735277952,0.00422410886798984,-0.161194270823724));
#14358=CARTESIAN_POINT('',(-0.664370078740156,-0.0346270659617622,-0.152364788592639));
#14359=CARTESIAN_POINT('',(-0.420053459859154,-0.111000717232711,-0.109967737422499));
#14360=CARTESIAN_POINT('',(-12.490157480315,-0.111000717232711,-0.109967737422498));
#14361=CARTESIAN_POINT('',(-0.361904713521957,-0.111000717232711,-0.109967737422499));
#14362=CARTESIAN_POINT('',(-0.361904713521957,-0.111000717232711,-0.109967737422499));
#14363=CARTESIAN_POINT('',(-0.365107421307056,-0.14580976991044,-0.0748317065830697));
#14364=CARTESIAN_POINT('',(-0.371359243803423,-0.178911395226792,0.0306502831004427));
#14365=CARTESIAN_POINT('',(-0.38092405403607,-0.0790991391675487,0.163475367987673));
#14366=CARTESIAN_POINT('',(-0.390363873476941,0.0870162778083016,0.159370136399651));
#14367=CARTESIAN_POINT('',(-0.399699003007467,0.180214927628587,0.0219309372929159));
#14368=CARTESIAN_POINT('',(-0.409160451011896,0.12274895885018,-0.13376490560781));
#14369=CARTESIAN_POINT('',(-0.418653902619827,-0.0374248321921904,-0.177683622129668));
#14370=CARTESIAN_POINT('',(-0.428168352253113,-0.166331473955991,-0.072860065860954));
#14371=CARTESIAN_POINT('',(-0.437605711568341,-0.155979075414004,0.0929731515574523));
#14372=CARTESIAN_POINT('',(-0.446930372564136,-0.0150768251475588,0.180924267491449));
#14373=CARTESIAN_POINT('',(-0.456427165423614,0.138319359376695,0.117582096813832));
#14374=CARTESIAN_POINT('',(-0.465924670863848,0.176137087321559,-0.044105307873896));
#14375=CARTESIAN_POINT('',(-0.47541422098311,0.0665347841804783,-0.168961997910229));
#14376=CARTESIAN_POINT('',(-0.484842035823488,-0.0988022507586019,-0.15236079510702));
#14377=CARTESIAN_POINT('',(-0.494167948305226,-0.181356539889701,-0.00821726930438977));
#14378=CARTESIAN_POINT('',(-0.503694483079608,-0.112306225554717,0.142696052699812));
#14379=CARTESIAN_POINT('',(-0.513208327237013,0.0509779793127372,0.174295376659007));
#14380=CARTESIAN_POINT('',(-0.522660495863481,0.171353214519605,0.0599884660489279));
#14381=CARTESIAN_POINT('',(-0.532081378901137,0.148477789923385,-0.104549769763019));
#14382=CARTESIAN_POINT('',(-0.541417065206309,0.00123849052277211,-0.181585282082789));
#14383=CARTESIAN_POINT('',(-0.550982870016935,-0.146986797217592,-0.106586948341473));
#14384=CARTESIAN_POINT('',(-0.560470099234083,-0.172193610534069,0.0575027569032079));
#14385=CARTESIAN_POINT('',(-0.569900127706237,-0.0534736215550804,0.173506236028785));
#14386=CARTESIAN_POINT('',(-0.579312528348696,0.11007823345087,0.144421407669852));
#14387=CARTESIAN_POINT('',(-0.588672243047229,0.181502629905542,-0.0056090833845099));
#14388=CARTESIAN_POINT('',(-0.598251109110021,0.100964746614339,-0.150915831530139));
#14389=CARTESIAN_POINT('',(-0.607732188687224,-0.0640028427485991,-0.169888215254287));
#14390=CARTESIAN_POINT('',(-0.617135383932506,-0.175399314597637,-0.0468634745440295));
#14391=CARTESIAN_POINT('',(-0.626545117046055,-0.140155738478988,0.115448316491245));
#14392=CARTESIAN_POINT('',(-0.635934172194706,0.0124297433504563,0.181157540710871));
#14393=CARTESIAN_POINT('',(-0.645526331725225,0.154693865214332,0.0952168083054731));
#14394=CARTESIAN_POINT('',(-0.654951046644417,0.167088213004794,-0.0704620922378729));
#14395=CARTESIAN_POINT('',(-0.661317209400693,0.0831201647989304,-0.14136479712552));
#14396=CARTESIAN_POINT('',(-0.664370078740157,0.0345650871878299,-0.15237886089513));
#14397=CARTESIAN_POINT('',(-12.490157480315,0.111000717232711,-0.109967737422498));
#14398=CARTESIAN_POINT('',(0.361904713521957,0.111000717232711,-0.109967737422499));
#14399=CARTESIAN_POINT('',(0.420053459859154,0.111000717232711,-0.109967737422499));
#14400=CARTESIAN_POINT('',(0.361904713521957,0.111000717232711,-0.109967737422499));
#14401=CARTESIAN_POINT('',(0.365107421307056,0.145809769910441,-0.0748317065830694));
#14402=CARTESIAN_POINT('',(0.371359243803423,0.178911395226793,0.0306502831004453));
#14403=CARTESIAN_POINT('',(0.380924054036071,0.0790991391675445,0.163475367987676));
#14404=CARTESIAN_POINT('',(0.390363873476942,-0.0870162778083073,0.159370136399648));
#14405=CARTESIAN_POINT('',(0.399699003007467,-0.180214927628588,0.0219309372929123));
#14406=CARTESIAN_POINT('',(0.409160451011896,-0.122748958850173,-0.133764905607817));
#14407=CARTESIAN_POINT('',(0.418653902619828,0.0374248321921985,-0.177683622129666));
#14408=CARTESIAN_POINT('',(0.428168352253114,0.166331473955997,-0.072860065860944));
#14409=CARTESIAN_POINT('',(0.437605711568342,0.155979075413996,0.0929731515574635));
#14410=CARTESIAN_POINT('',(0.446930372564137,0.0150768251475487,0.180924267491451));
#14411=CARTESIAN_POINT('',(0.456427165423614,-0.138319359376707,0.117582096813817));
#14412=CARTESIAN_POINT('',(0.465924670863849,-0.176137087321558,-0.0441053078739074));
#14413=CARTESIAN_POINT('',(0.475414220983112,-0.0665347841804551,-0.168961997910239));
#14414=CARTESIAN_POINT('',(0.484842035823488,0.0988022507586145,-0.152360795107012));
#14415=CARTESIAN_POINT('',(0.494167948305227,0.181356539889703,-0.00821726930436596));
#14416=CARTESIAN_POINT('',(0.50369448307961,0.1123062255547,0.142696052699825));
#14417=CARTESIAN_POINT('',(0.513208327237014,-0.0509779793127592,0.174295376659001));
#14418=CARTESIAN_POINT('',(0.522660495863482,-0.171353214519614,0.0599884660489069));
#14419=CARTESIAN_POINT('',(0.532081378901138,-0.148477789923368,-0.104549769763044));
#14420=CARTESIAN_POINT('',(0.54141706520631,-0.00123849052274882,-0.181585282082791));
#14421=CARTESIAN_POINT('',(0.550982870016937,0.146986797217614,-0.106586948341444));
#14422=CARTESIAN_POINT('',(0.560470099234084,0.17219361053406,0.0575027569032344));
#14423=CARTESIAN_POINT('',(0.569900127706239,0.0534736215550468,0.173506236028796));
#14424=CARTESIAN_POINT('',(0.579312528348698,-0.110078233450895,0.144421407669832));
#14425=CARTESIAN_POINT('',(0.58867224304723,-0.181502629905541,-0.0056090833845436));
#14426=CARTESIAN_POINT('',(0.598251109110023,-0.100964746614311,-0.150915831530159));
#14427=CARTESIAN_POINT('',(0.607732188687225,0.0640028427486314,-0.169888215254274));
#14428=CARTESIAN_POINT('',(0.617135383932508,0.175399314597649,-0.046863474543995));
#14429=CARTESIAN_POINT('',(0.626545117046057,0.140155738478958,0.115448316491282));
#14430=CARTESIAN_POINT('',(0.635934172194708,-0.0124297433504928,0.181157540710867));
#14431=CARTESIAN_POINT('',(0.645526331725227,-0.154693865214353,0.0952168083054417));
#14432=CARTESIAN_POINT('',(0.654951046644418,-0.167088213004778,-0.0704620922379135));
#14433=CARTESIAN_POINT('',(0.661317209400695,-0.083120164798896,-0.141364797125541));
#14434=CARTESIAN_POINT('',(0.664370078740159,-0.0345650871877905,-0.152378860895139));
#14435=CARTESIAN_POINT('',(0.420053459859155,0.111000717232714,-0.109967737422494));
#14436=CARTESIAN_POINT('',(0.422593695329648,0.139112696045336,-0.0815916892817272));
#14437=CARTESIAN_POINT('',(0.42774767975278,0.172380654159675,-0.00205702873806013));
#14438=CARTESIAN_POINT('',(0.435311680069531,0.12542943911079,0.118194315518521));
#14439=CARTESIAN_POINT('',(0.44300387643065,0.00827789976613214,0.172139643345694));
#14440=CARTESIAN_POINT('',(0.450569929089938,-0.113590348322456,0.129668856618188));
#14441=CARTESIAN_POINT('',(0.458271185675144,-0.171792902725058,0.0142629464029236));
#14442=CARTESIAN_POINT('',(0.465839126526477,-0.13350861209762,-0.108972654700773));
#14443=CARTESIAN_POINT('',(0.473519259851453,-0.020497168732962,-0.171127708736807));
#14444=CARTESIAN_POINT('',(0.481095990837339,0.104142705101052,-0.137379769420444));
#14445=CARTESIAN_POINT('',(0.488783368967495,0.170336466286951,-0.0264046363593762));
#14446=CARTESIAN_POINT('',(0.496358967414094,0.140917128657281,0.099197302920512));
#14447=CARTESIAN_POINT('',(0.504026989747771,0.0326062908957714,0.16925735033825));
#14448=CARTESIAN_POINT('',(0.511622135435652,-0.0941923567889926,0.14438404428941));
#14449=CARTESIAN_POINT('',(0.519290780115688,-0.168012340354742,0.0384341663319981));
#14450=CARTESIAN_POINT('',(0.52688125435474,-0.147620531566563,-0.0889269275944992));
#14451=CARTESIAN_POINT('',(0.534537914061543,-0.044527869953958,-0.166525357318713));
#14452=CARTESIAN_POINT('',(0.542151071175499,0.0837412504402005,-0.150701581698766));
#14453=CARTESIAN_POINT('',(0.549810710164034,0.164891701014315,-0.0501693250385671));
#14454=CARTESIAN_POINT('',(0.557418714853517,0.153546829551141,0.0783265664294755));
#14455=CARTESIAN_POINT('',(0.565074964598901,0.0559432634310274,0.163060240773269));
#14456=CARTESIAN_POINT('',(0.572697785199011,-0.07293592011739,0.156143614521733));
#14457=CARTESIAN_POINT('',(0.580330654061178,-0.160882048143673,0.0618058651682567));
#14458=CARTESIAN_POINT('',(0.587966733759355,-0.158721221320197,-0.067276490486088));
#14459=CARTESIAN_POINT('',(0.595606232804998,-0.0673491647478584,-0.158673742556429));
#14460=CARTESIAN_POINT('',(0.603248242604842,0.0616383933089016,-0.160930060671841));
#14461=CARTESIAN_POINT('',(0.610866718412881,0.156098182843609,-0.0730935487888053));
#14462=CARTESIAN_POINT('',(0.618529502419396,0.163075353520038,0.0559071764806511));
#14463=CARTESIAN_POINT('',(0.626149304900019,0.0784402763298174,0.153473542096306));
#14464=CARTESIAN_POINT('',(0.633812467566712,-0.0500308629183275,0.164910122223529));
#14465=CARTESIAN_POINT('',(0.641413508981605,-0.150532051272129,0.0839952825264064));
#14466=CARTESIAN_POINT('',(0.649116726053809,-0.166608261777655,-0.044244441678336));
#14467=CARTESIAN_POINT('',(0.656651987305796,-0.0891669009203367,-0.147498387898544));
#14468=CARTESIAN_POINT('',(0.661937352779521,-0.00422410886796757,-0.161194270823725));
#14469=CARTESIAN_POINT('',(0.664370078740158,0.0346270659617842,-0.152364788592634));
#14470=CARTESIAN_POINT('',(0.390979167611489,0.103871088857071,-0.102904457826847));
#14471=CARTESIAN_POINT('',(0.402004639103262,0.133200860679253,-0.131961284906998));
#14472=CARTESIAN_POINT('',(0.408020779860264,0.125800758364285,-0.124630048419886));
#14473=CARTESIAN_POINT('',(0.414037016719053,0.118400695478271,-0.1172988509948));
#14474=CARTESIAN_POINT('',(0.420053459859154,0.111000717232711,-0.109967737422499));
#14475=CARTESIAN_POINT('',(0.402004639103262,0.133200860679253,-0.131961284906998));
#14476=CARTESIAN_POINT('',(0.695620078740156,0.133200860679253,-0.131961284906998));
#14477=CARTESIAN_POINT('',(0.379953586188113,0.133200860679253,-0.131961284906998));
#14478=CARTESIAN_POINT('',(0.361904713521957,0.111000717232711,-0.109967737422499));
#14479=CARTESIAN_POINT('',(0.367921178890741,0.118400693457426,-0.117298848992762));
#14480=CARTESIAN_POINT('',(0.3739374318107,0.125800756852854,-0.124630046922522));
#14481=CARTESIAN_POINT('',(0.379953586188113,0.133200860679253,-0.131961284906998));
#14482=CARTESIAN_POINT('',(0.695620078740156,0.,6.93889390390723E-16));
#14483=CARTESIAN_POINT('',(0.379953586188113,0.133200860679253,-0.131961284906998));
#14484=CARTESIAN_POINT('',(0.382989492286806,0.172863421172942,-0.0919261549200056));
#14485=CARTESIAN_POINT('',(0.388782497561536,0.212562607985146,0.023697991862979));
#14486=CARTESIAN_POINT('',(0.397830318489669,0.11465625175861,0.180957093899906));
#14487=CARTESIAN_POINT('',(0.40670480703164,-0.0689133439983416,0.202679243163769));
#14488=CARTESIAN_POINT('',(0.415593630215526,-0.201186888725219,0.0734305014364516));
#14489=CARTESIAN_POINT('',(0.424481085827305,-0.183201430712203,-0.110827629158007));
#14490=CARTESIAN_POINT('',(0.433244868359449,-0.0287426610143595,-0.212155889980512));
#14491=CARTESIAN_POINT('',(0.4421572435925,0.1473909890202,-0.155398605367704));
#14492=CARTESIAN_POINT('',(0.451000703254956,0.213379458897557,0.0175161584280818));
#14493=CARTESIAN_POINT('',(0.459986283234545,0.120343616804921,0.177083427349248));
#14494=CARTESIAN_POINT('',(0.468891041667526,-0.0626791235633986,0.204798531935289));
#14495=CARTESIAN_POINT('',(0.477798201444776,-0.198782538004686,0.0794927328789809));
#14496=CARTESIAN_POINT('',(0.486668933166388,-0.186690751210868,-0.104864337819326));
#14497=CARTESIAN_POINT('',(0.495463363218367,-0.0351587445072483,-0.211255937062667));
#14498=CARTESIAN_POINT('',(0.504357752989131,0.14244542987794,-0.159816502957122));
#14499=CARTESIAN_POINT('',(0.513164710912537,0.213881750297947,0.0106614389254327));
#14500=CARTESIAN_POINT('',(0.522176469905725,0.125620551967675,0.173418489157591));
#14501=CARTESIAN_POINT('',(0.531061757600351,-0.0561729390629915,0.20658327166551));
#14502=CARTESIAN_POINT('',(0.539986026887163,-0.196230474978586,0.0857998592697114));
#14503=CARTESIAN_POINT('',(0.548879382992733,-0.189739951678555,-0.0992223527725457));
#14504=CARTESIAN_POINT('',(0.557664164162413,-0.0418729745388823,-0.209957339613165));
#14505=CARTESIAN_POINT('',(0.566558073932152,0.137436731305342,-0.164268326601953));
#14506=CARTESIAN_POINT('',(0.575357802258055,0.214058645281264,0.00422225078769288));
#14507=CARTESIAN_POINT('',(0.584339970209652,0.131115917299035,0.1692582593848));
#14508=CARTESIAN_POINT('',(0.593239533492857,-0.0498189492185589,0.208302284110752));
#14509=CARTESIAN_POINT('',(0.602185661382665,-0.193460658124726,0.0916896743653248));
#14510=CARTESIAN_POINT('',(0.611061100229582,-0.192846784491064,-0.0930488018212917));
#14511=CARTESIAN_POINT('',(0.619882140332247,-0.0482356662753094,-0.208664067815914));
#14512=CARTESIAN_POINT('',(0.628764864159005,0.132245906365964,-0.168351801209554));
#14513=CARTESIAN_POINT('',(0.637536241379318,0.214121229117031,-0.0026783027306443));
#14514=CARTESIAN_POINT('',(0.64652198008239,0.136185339185207,0.165330805648485));
#14515=CARTESIAN_POINT('',(0.655433552230085,-0.0433100021422136,0.209461928363264));
#14516=CARTESIAN_POINT('',(0.661324030487122,-0.141254925526158,0.135569696472728));
#14517=CARTESIAN_POINT('',(0.664370078740158,-0.166922522421316,0.0853997746396651));
#14518=CARTESIAN_POINT('',(0.664370078740157,0.166922522421296,0.085399774639704));
#14519=CARTESIAN_POINT('',(0.661557828114471,0.190620018137713,0.0390806154060772));
#14520=CARTESIAN_POINT('',(0.656196725027297,0.196951189818747,-0.0721169222546998));
#14521=CARTESIAN_POINT('',(0.647957694063647,0.0808286959227183,-0.193901486012522));
#14522=CARTESIAN_POINT('',(0.639745594644588,-0.0876664317736577,-0.190777319775999));
#14523=CARTESIAN_POINT('',(0.631585523054515,-0.199538957471147,-0.0653938423092052));
#14524=CARTESIAN_POINT('',(0.623346402254461,-0.183349719704855,0.102358011527432));
#14525=CARTESIAN_POINT('',(0.615217487841444,-0.0495255723597992,0.204040851321189));
#14526=CARTESIAN_POINT('',(0.606968628315719,0.116375988161835,0.17480365063127));
#14527=CARTESIAN_POINT('',(0.598853062330594,0.207289468754813,0.0333139180371614));
#14528=CARTESIAN_POINT('',(0.590601269391206,0.165225067892251,-0.129622787729436));
#14529=CARTESIAN_POINT('',(0.582481884439182,0.0168868012124331,-0.209275440540889));
#14530=CARTESIAN_POINT('',(0.574225761653978,-0.142096584978626,-0.154615237882608));
#14531=CARTESIAN_POINT('',(0.566090286211964,-0.209972505622222,-0.00038517250272842));
#14532=CARTESIAN_POINT('',(0.557822770760532,-0.143010816027908,0.153748205186629));
#14533=CARTESIAN_POINT('',(0.549665684031283,0.0160651311628507,0.209373309832718));
#14534=CARTESIAN_POINT('',(0.541391560418968,0.16448915880177,0.130486618166429));
#14535=CARTESIAN_POINT('',(0.533223458743478,0.207493961421291,-0.0323526719297625));
#14536=CARTESIAN_POINT('',(0.524950757946529,0.117128402631636,-0.174237985328144));
#14537=CARTESIAN_POINT('',(0.516779994473313,-0.0483841760952815,-0.204351572394807));
#14538=CARTESIAN_POINT('',(0.508516916337229,-0.182927545897715,-0.103056560081391));
#14539=CARTESIAN_POINT('',(0.500341540700993,-0.199943508807248,0.0641732722620891));
#14540=CARTESIAN_POINT('',(0.49210184344823,-0.088379513599391,0.190471431592426));
#14541=CARTESIAN_POINT('',(0.483915371698355,0.0796303066864177,0.194288461964943));
#14542=CARTESIAN_POINT('',(0.475710424663406,0.196819435706029,0.0732057238190943));
#14543=CARTESIAN_POINT('',(0.467505573349155,0.187414080770337,-0.0946449948610375));
#14544=CARTESIAN_POINT('',(0.459341565655531,0.0576463054551847,-0.201936181978247));
#14545=CARTESIAN_POINT('',(0.45111209331498,-0.109105179047879,-0.179372460166603));
#14546=CARTESIAN_POINT('',(0.4429864179027,-0.205805831005923,-0.0417664351724845));
#14547=CARTESIAN_POINT('',(0.434731368956099,-0.170238775819328,0.122897610539899));
#14548=CARTESIAN_POINT('',(0.426627851122945,-0.0255773625478395,0.208403789550969));
#14549=CARTESIAN_POINT('',(0.418357606096878,0.135955642145933,0.160164206049365));
#14550=CARTESIAN_POINT('',(0.410238969069195,0.209503177141144,0.00884805900363962));
#14551=CARTESIAN_POINT('',(0.404761215532045,0.169820936742125,-0.0949972188693575));
#14552=CARTESIAN_POINT('',(0.402004639103262,0.133200860679253,-0.131961284906998));
#14553=CARTESIAN_POINT('',(0.665989955773342,-0.00632836763311395,-0.155889434265486));
#14554=CARTESIAN_POINT('',(0.662804172692745,-0.0569247438037768,-0.154448825709153));
#14555=CARTESIAN_POINT('',(0.65802001776152,-0.128066964635036,-0.111761144631781));
#14556=CARTESIAN_POINT('',(0.651644272966595,-0.161603288046829,-0.0141652468624249));
#14557=CARTESIAN_POINT('',(0.646863481355331,-0.149506686690147,0.0619074267512753));
#14558=CARTESIAN_POINT('',(0.641547519511083,-0.099158497218872,0.131231978455489));
#14559=CARTESIAN_POINT('',(0.635174967815961,-0.00113358470365297,0.170038956325564));
#14560=CARTESIAN_POINT('',(0.627733848648899,0.117654222231174,0.127641646181989));
#14561=CARTESIAN_POINT('',(0.620293656061683,0.169765333001804,0.0125609645265126));
#14562=CARTESIAN_POINT('',(0.613920069105028,0.138698196944211,-0.0881837718777951));
#14563=CARTESIAN_POINT('',(0.608606478099994,0.0738706553733576,-0.144001788393997));
#14564=CARTESIAN_POINT('',(0.603822377384408,-0.00113732786682223,-0.162291947417438));
#14565=CARTESIAN_POINT('',(0.599043315152462,-0.0759161344808343,-0.142951081341225));
#14566=CARTESIAN_POINT('',(0.593727194888529,-0.139904457466581,-0.0862013049101821));
#14567=CARTESIAN_POINT('',(0.587353418383747,-0.169609656967903,0.0149385813858796));
#14568=CARTESIAN_POINT('',(0.579912381716101,-0.115825022444824,0.129295604190134));
#14569=CARTESIAN_POINT('',(0.572474587421391,0.00352693479904234,0.169971885355443));
#14570=CARTESIAN_POINT('',(0.566098244830603,0.10100698959781,0.129837578299431));
#14571=CARTESIAN_POINT('',(0.560786567740674,0.150369283069394,0.0597841871473209));
#14572=CARTESIAN_POINT('',(0.555469825751392,0.162615020916369,-0.0249372109705963));
#14573=CARTESIAN_POINT('',(0.549098231957749,0.119318545544882,-0.121087374023521));
#14574=CARTESIAN_POINT('',(0.541655878522004,0.0046083267683574,-0.173623408456369));
#14575=CARTESIAN_POINT('',(0.534217238481215,-0.112861863692877,-0.12728497711459));
#14576=CARTESIAN_POINT('',(0.527842541705956,-0.16098940866157,-0.033452855717458));
#14577=CARTESIAN_POINT('',(0.522529163829771,-0.15335873671316,0.0517300181864067));
#14578=CARTESIAN_POINT('',(0.517745431663452,-0.112284608893365,0.117099221845237));
#14579=CARTESIAN_POINT('',(0.512966123464101,-0.0451954382674231,0.155461937659544));
#14580=CARTESIAN_POINT('',(0.507649698327888,0.0401889133805646,0.159351000636566));
#14581=CARTESIAN_POINT('',(0.50127661781708,0.131981311418885,0.107493065523658));
#14582=CARTESIAN_POINT('',(0.493834456346988,0.173254355577362,-0.0119578039025552));
#14583=CARTESIAN_POINT('',(0.486398274356496,0.115885610715573,-0.124247462403556));
#14584=CARTESIAN_POINT('',(0.480020543262039,0.0180950699992357,-0.163575437347304));
#14585=CARTESIAN_POINT('',(0.474709308747364,-0.0661139276364742,-0.147694296765222));
#14586=CARTESIAN_POINT('',(0.469393119632141,-0.133921243443313,-0.0954257034220442));
#14587=CARTESIAN_POINT('',(0.463020425641685,-0.170071552509742,0.0036263111929047));
#14588=CARTESIAN_POINT('',(0.455579126985398,-0.124271945813778,0.121215610746554));
#14589=CARTESIAN_POINT('',(0.448139683806179,-0.00781744152651687,0.169983382410186));
#14590=CARTESIAN_POINT('',(0.441765337602186,0.0920660279983289,0.136210339185455));
#14591=CARTESIAN_POINT('',(0.436452366409908,0.146013281132825,0.0697683546160577));
#14592=CARTESIAN_POINT('',(0.431667737491065,0.162185054123831,-0.00566771203601119));
#14593=CARTESIAN_POINT('',(0.426888927240758,0.140783571972734,-0.0799283579650109));
#14594=CARTESIAN_POINT('',(0.421573008940084,0.0822032326401056,-0.142243151785966));
#14595=CARTESIAN_POINT('',(0.415729922863811,-0.0111380739138284,-0.166865322437355));
#14596=CARTESIAN_POINT('',(0.409351349478604,-0.108717119908415,-0.127000554848487));
#14597=CARTESIAN_POINT('',(0.403509643900651,-0.158268922510703,-0.0441289108700613));
#14598=CARTESIAN_POINT('',(0.398194580709605,-0.156565603885159,0.0413341176880858));
#14599=CARTESIAN_POINT('',(0.393412442548904,-0.119825099324623,0.109352697401882));
#14600=CARTESIAN_POINT('',(0.38863228787049,-0.0555145520393412,0.152013870627613));
#14601=CARTESIAN_POINT('',(0.383847133031213,0.0209418488272104,0.160810012474945));
#14602=CARTESIAN_POINT('',(0.3790675763627,0.0930551291977106,0.132659815975599));
#14603=CARTESIAN_POINT('',(0.374285556713318,0.143583975401865,0.0746985683742339));
#14604=CARTESIAN_POINT('',(0.369765334339939,0.161319452412415,0.00377741572599571));
#14605=CARTESIAN_POINT('',(0.365921086165032,0.148362864279884,-0.0561097522965405));
#14606=CARTESIAN_POINT('',(0.362722903038727,0.122719467111068,-0.100051352984124));
#14607=CARTESIAN_POINT('',(0.360874196528789,0.10090163201945,-0.119319817663716));
#14608=CARTESIAN_POINT('',(0.359955867985337,0.0911077430412255,-0.129726860864201));
#14609=CARTESIAN_POINT('',(0.67213454525343,-0.00679043248999564,-0.166523381969415));
#14610=CARTESIAN_POINT('',(0.66894864617027,-0.060840090926414,-0.164972920131704));
#14611=CARTESIAN_POINT('',(0.664164700385579,-0.136824520558356,-0.119362275220804));
#14612=CARTESIAN_POINT('',(0.657788789518894,-0.172631552642294,-0.0150987549718716));
#14613=CARTESIAN_POINT('',(0.653008071360973,-0.159693601879796,0.066159812919543));
#14614=CARTESIAN_POINT('',(0.647692135721044,-0.105898502757776,0.140203988703535));
#14615=CARTESIAN_POINT('',(0.641319464183068,-0.0011756930438607,0.181640111937904));
#14616=CARTESIAN_POINT('',(0.633878395452491,0.125705576743804,0.136325552551254));
#14617=CARTESIAN_POINT('',(0.626438338322729,0.181350236645912,0.01338665056826));
#14618=CARTESIAN_POINT('',(0.620064573711676,0.148142364993377,-0.0942283939282617));
#14619=CARTESIAN_POINT('',(0.614751091579459,0.0788823720791383,-0.153839522290259));
#14620=CARTESIAN_POINT('',(0.609966953170331,-0.0012467380484268,-0.173364190956038));
#14621=CARTESIAN_POINT('',(0.605187856671828,-0.0811238434761343,-0.152687778633149));
#14622=CARTESIAN_POINT('',(0.599871842407624,-0.149465020230614,-0.0920558623967313));
#14623=CARTESIAN_POINT('',(0.593497886126798,-0.181178785743591,0.0159930623614646));
#14624=CARTESIAN_POINT('',(0.586056988044107,-0.123701039278303,0.138138211427584));
#14625=CARTESIAN_POINT('',(0.578619244944889,0.00379907557995644,0.181567341384121));
#14626=CARTESIAN_POINT('',(0.572242778431852,0.107924395962865,0.138675249242004));
#14627=CARTESIAN_POINT('',(0.566931136297675,0.160639017659386,0.0638328288461411));
#14628=CARTESIAN_POINT('',(0.561614455785987,0.173704485353133,-0.0266692192907092));
#14629=CARTESIAN_POINT('',(0.55524272610269,0.127434014998838,-0.129373293241724));
#14630=CARTESIAN_POINT('',(0.547800428740946,0.0048882184606722,-0.185468447794589));
#14631=CARTESIAN_POINT('',(0.540361923138083,-0.120585435405148,-0.135948387583957));
#14632=CARTESIAN_POINT('',(0.53398703727041,-0.171979497817934,-0.0357018410823994));
#14633=CARTESIAN_POINT('',(0.528673781574994,-0.16381067749819,0.0552882909856039));
#14634=CARTESIAN_POINT('',(0.523890018698239,-0.119922454819484,0.125110199949058));
#14635=CARTESIAN_POINT('',(0.519110647139986,-0.048247029245781,0.166076680127991));
#14636=CARTESIAN_POINT('',(0.513794357535589,0.0429602680730021,0.170214558390846));
#14637=CARTESIAN_POINT('',(0.507421085612334,0.141008486224233,0.114799789049767));
#14638=CARTESIAN_POINT('',(0.499979072524075,0.185070989028458,-0.0128070925055483));
#14639=CARTESIAN_POINT('',(0.492542919742743,0.12376843066485,-0.132745582802859));
#14640=CARTESIAN_POINT('',(0.486165077305851,0.0192965597530223,-0.174739029261281));
#14641=CARTESIAN_POINT('',(0.480853882250041,-0.0706532232255875,-0.157756688127706));
#14642=CARTESIAN_POINT('',(0.475537749528808,-0.143075771026456,-0.101910637168715));
#14643=CARTESIAN_POINT('',(0.469164907508314,-0.181674176105751,0.00390909158798689));
#14644=CARTESIAN_POINT('',(0.461723691108749,-0.132725374812521,0.129509053211022));
#14645=CARTESIAN_POINT('',(0.454284364307938,-0.00831951711734722,0.181582150157904));
#14646=CARTESIAN_POINT('',(0.447909847104206,0.0983750036781624,0.1454841361192));
#14647=CARTESIAN_POINT('',(0.442596966341121,0.155987513527773,0.0744995555292589));
#14648=CARTESIAN_POINT('',(0.437812334222083,0.173249088041936,-0.00608576549450686));
#14649=CARTESIAN_POINT('',(0.433033455726563,0.150371577637963,-0.085409598237324));
#14650=CARTESIAN_POINT('',(0.427717661139695,0.0877845396162464,-0.151962429483255));
#14651=CARTESIAN_POINT('',(0.421874395797954,-0.0119324158240738,-0.178247668166322));
#14652=CARTESIAN_POINT('',(0.415496023174485,-0.116158102763811,-0.135644876894278));
#14653=CARTESIAN_POINT('',(0.409654133701703,-0.169075327332858,-0.0471067135377159));
#14654=CARTESIAN_POINT('',(0.404339224714229,-0.167238650590652,0.0441833526824264));
#14655=CARTESIAN_POINT('',(0.399556983781853,-0.127978280671673,0.116837353853582));
#14656=CARTESIAN_POINT('',(0.394776842802447,-0.0592712888434336,0.162395027395395));
#14657=CARTESIAN_POINT('',(0.389991773256736,0.0224007252891359,0.171777060687685));
#14658=CARTESIAN_POINT('',(0.385212091003409,0.099430926287503,0.141691209937296));
#14659=CARTESIAN_POINT('',(0.38043015008195,0.15339295404538,0.0797665442134072));
#14660=CARTESIAN_POINT('',(0.375909993021183,0.172327497953607,0.00400471870830555));
#14661=CARTESIAN_POINT('',(0.372065409736495,0.158469705344492,-0.05997059052074));
#14662=CARTESIAN_POINT('',(0.368867786816302,0.131076293001149,-0.106896516329989));
#14663=CARTESIAN_POINT('',(0.367018342839909,0.107756089545191,-0.127486457770573));
#14664=CARTESIAN_POINT('',(0.366099221876529,0.0972814039318001,-0.138613586991407));
#14665=CARTESIAN_POINT('',(0.678279350081178,-0.00724943466263992,-0.177157333874996));
#14666=CARTESIAN_POINT('',(0.675093358012113,-0.0647523585415211,-0.175498002538615));
#14667=CARTESIAN_POINT('',(0.670309579565607,-0.145579790368645,-0.126965837103504));
#14668=CARTESIAN_POINT('',(0.663933536374129,-0.183659407942323,-0.0160354266540047));
#14669=CARTESIAN_POINT('',(0.6591528760561,-0.169881614228428,0.0704092215538464));
#14670=CARTESIAN_POINT('',(0.653836962518603,-0.112641015456054,0.149173948357644));
#14671=CARTESIAN_POINT('',(0.647464193875564,-0.00122112625421407,0.193241109039067));
#14672=CARTESIAN_POINT('',(0.640023166466655,0.133754323230211,0.145011669205898));
#14673=CARTESIAN_POINT('',(0.632583217737191,0.192934773180764,0.0142156636804484));
#14674=CARTESIAN_POINT('',(0.626209310615046,0.157588149896154,-0.100270223267115));
#14675=CARTESIAN_POINT('',(0.620895915183541,0.0838968554560527,-0.163675697510936));
#14676=CARTESIAN_POINT('',(0.616111747743538,-0.00135295335804467,-0.184436330906783));
#14677=CARTESIAN_POINT('',(0.611332622555785,-0.0863286922409097,-0.162425848779864));
#14678=CARTESIAN_POINT('',(0.606016693943861,-0.159023784162823,-0.0979131058843615));
#14679=CARTESIAN_POINT('',(0.599642593470875,-0.192748066849966,0.0170442074421451));
#14680=CARTESIAN_POINT('',(0.592201806803264,-0.131579513119779,0.146978439098506));
#14681=CARTESIAN_POINT('',(0.584764103906244,0.00406788131148198,0.193162740803652));
#14682=CARTESIAN_POINT('',(0.578387538967528,0.114839170214901,0.147514801536222));
#14683=CARTESIAN_POINT('',(0.573075923787983,0.170907462476794,0.0678843687312123));
#14684=CARTESIAN_POINT('',(0.567759293783956,0.184794318801739,-0.0283980067107601));
#14685=CARTESIAN_POINT('',(0.561387453858071,0.135551756388821,-0.137656783634197));
#14686=CARTESIAN_POINT('',(0.553945202781127,0.0051715256284124,-0.197313254778475));
#14687=CARTESIAN_POINT('',(0.546506804136942,-0.128306428646035,-0.144613922177062));
#14688=CARTESIAN_POINT('',(0.540131767107569,-0.182968797700803,-0.0379539590163935));
#14689=CARTESIAN_POINT('',(0.534818608616854,-0.17426351614804,0.0588435170173703));
#14690=CARTESIAN_POINT('',(0.530034822134592,-0.127562517609321,0.133118879458623));
#14691=CARTESIAN_POINT('',(0.52525539880786,-0.0513016286889235,0.176690411249275));
#14692=CARTESIAN_POINT('',(0.519939218488705,0.0457284592484746,0.181078789094717));
#14693=CARTESIAN_POINT('',(0.513565792860795,0.150033447000124,0.122109008863498));
#14694=CARTESIAN_POINT('',(0.506123899408171,0.196887726868362,-0.0136529587314267));
#14695=CARTESIAN_POINT('',(0.498687768672115,0.131653596199386,-0.141241340031538));
#14696=CARTESIAN_POINT('',(0.492309838395918,0.020501252351859,-0.185902134416624));
#14697=CARTESIAN_POINT('',(0.48699867370642,-0.0751895738914958,-0.167820259155946));
#14698=CARTESIAN_POINT('',(0.481682587212846,-0.152228320469045,-0.108398133939765));
#14699=CARTESIAN_POINT('',(0.475309625730771,-0.193276732668222,0.00418854148925173));
#14700=CARTESIAN_POINT('',(0.467868476057286,-0.141181089778501,0.137799951785066));
#14701=CARTESIAN_POINT('',(0.460429242114608,-0.00882492505529409,0.193180643004747));
#14702=CARTESIAN_POINT('',(0.45405458806291,0.104681231207694,0.154759629422722));
#14703=CARTESIAN_POINT('',(0.448741779023312,0.165960265549306,0.0792335641704757));
#14704=CARTESIAN_POINT('',(0.443957145574562,0.184313109487741,-0.00650062203353279));
#14705=CARTESIAN_POINT('',(0.439178211235449,0.159961035818287,-0.0908880168571863));
#14706=CARTESIAN_POINT('',(0.433862516293263,0.0933685801441561,-0.1616799860918));
#14707=CARTESIAN_POINT('',(0.428019107483873,-0.012723474409187,-0.189630093690614));
#14708=CARTESIAN_POINT('',(0.421640895842701,-0.123596510655205,-0.144291245501934));
#14709=CARTESIAN_POINT('',(0.415798858553045,-0.179880736121695,-0.0500875823136108));
#14710=CARTESIAN_POINT('',(0.41048407305395,-0.177912392031406,0.0470294829687242));
#14711=CARTESIAN_POINT('',(0.405701750416439,-0.136133515835936,0.124319568828643));
#14712=CARTESIAN_POINT('',(0.400921619391267,-0.0630309587819643,0.172774975655507));
#14713=CARTESIAN_POINT('',(0.396136619186263,0.023856421938076,0.182744401584371));
#14714=CARTESIAN_POINT('',(0.391356835833485,0.105804047757637,0.150724320782187));
#14715=CARTESIAN_POINT('',(0.386574957512632,0.163200354850523,0.084837278490166));
#14716=CARTESIAN_POINT('',(0.382054854261228,0.183335354871953,0.00423519231332239));
#14717=CARTESIAN_POINT('',(0.378210000466091,0.168577498919893,-0.0638284728633401));
#14718=CARTESIAN_POINT('',(0.375012828260123,0.139435024532947,-0.113739199454466));
#14719=CARTESIAN_POINT('',(0.373162792107452,0.114612763892982,-0.135651007775532));
#14720=CARTESIAN_POINT('',(0.372243035722852,0.103457394183345,-0.147498371600199));
#14721=CARTESIAN_POINT('',(0.684424252774394,-0.00770671588037772,-0.187791301514165));
#14722=CARTESIAN_POINT('',(0.681238180697859,-0.0686628996130775,-0.186023653969215));
#14723=CARTESIAN_POINT('',(0.676454546118375,-0.154333786398492,-0.134570774719542));
#14724=CARTESIAN_POINT('',(0.670078389366219,-0.19468704701483,-0.0169738781855739));
#14725=CARTESIAN_POINT('',(0.665297778429914,-0.180070256143765,0.0746569618715421));
#14726=CARTESIAN_POINT('',(0.65998188431671,-0.119384945795335,0.158142766784886));
#14727=CARTESIAN_POINT('',(0.653609031736137,-0.00126842897185743,0.204842031398234));
#14728=CARTESIAN_POINT('',(0.646168040212339,0.141801613907327,0.153699039611699));
#14729=CARTESIAN_POINT('',(0.638728184686419,0.204519117790919,0.0150465474702801));
#14730=CARTESIAN_POINT('',(0.632354154904738,0.16703485579061,-0.106310490014854));
#14731=CARTESIAN_POINT('',(0.627040833861489,0.088912900184523,-0.173511009054869));
#14732=CARTESIAN_POINT('',(0.622256641881312,-0.00145737287688653,-0.19550842658547));
#14733=CARTESIAN_POINT('',(0.617477491555719,-0.0915319395800485,-0.172164702990956));
#14734=CARTESIAN_POINT('',(0.612161636894989,-0.168581549211178,-0.103771866293415));
#14735=CARTESIAN_POINT('',(0.605787412323304,-0.204317447947393,0.0180934780549138));
#14736=CARTESIAN_POINT('',(0.598346721641484,-0.13945937815577,0.155817340639801));
#14737=CARTESIAN_POINT('',(0.590909053025852,0.00433481314347819,0.204758122789425));
#14738=CARTESIAN_POINT('',(0.584532403735909,0.121752473389813,0.15635542268315));
#14739=CARTESIAN_POINT('',(0.579220811353905,0.181175195201778,0.0719375429087729));
#14740=CARTESIAN_POINT('',(0.573904225263205,0.195884373666664,-0.0301249860861211));
#14741=CARTESIAN_POINT('',(0.567532289994138,0.143670785216621,-0.145938918638781));
#14742=CARTESIAN_POINT('',(0.560090079237341,0.00545675324449099,-0.209157946423157));
#14743=CARTESIAN_POINT('',(0.552651772324872,-0.136025982454936,-0.153280661124762));
#14744=CARTESIAN_POINT('',(0.546276605384736,-0.193957667680042,-0.0402078411532291));
#14745=CARTESIAN_POINT('',(0.54096353025958,-0.184716872629628,0.0623970351022619));
#14746=CARTESIAN_POINT('',(0.536179723841446,-0.135203836116711,0.141126276982895));
#14747=CARTESIAN_POINT('',(0.531400255608144,-0.0543579234032647,0.187303587146622));
#14748=CARTESIAN_POINT('',(0.526084169559953,0.0484948760929648,0.191943411719784));
#14749=CARTESIAN_POINT('',(0.519710611579998,0.159057174000899,0.129419641347483));
#14750=CARTESIAN_POINT('',(0.512268821322563,0.208704538608409,-0.0144969024300226));
#14751=CARTESIAN_POINT('',(0.504832709047657,0.139540089723858,-0.149735779660935));
#14752=CARTESIAN_POINT('',(0.498454703715315,0.0217077471401968,-0.197064980019814));
#14753=CARTESIAN_POINT('',(0.49314356468548,-0.0797242748515345,-0.177884505989599));
#14754=CARTESIAN_POINT('',(0.487827518346609,-0.161379769685095,-0.114887079380806));
#14755=CARTESIAN_POINT('',(0.48145445377907,-0.204879265903908,0.00446611905954686));
#14756=CARTESIAN_POINT('',(0.474013361811402,-0.149638100705171,0.146089431000143));
#14757=CARTESIAN_POINT('',(0.466574207607218,-0.00933220622920199,0.204778995745235));
#14758=CARTESIAN_POINT('',(0.460199435890583,0.110985921548535,0.164036088198847));
#14759=CARTESIAN_POINT('',(0.454886688280862,0.175932198048572,0.0839691569548464));
#14760=CARTESIAN_POINT('',(0.450102054145941,0.195377137870247,-0.00691368213923365));
#14761=CARTESIAN_POINT('',(0.445323071335254,0.169551322684748,-0.0963648560211349));
#14762=CARTESIAN_POINT('',(0.440007462306986,0.0989541639656881,-0.171396587704447));
#14763=CARTESIAN_POINT('',(0.434163930139136,-0.0135126878253394,-0.201012578318444));
#14764=CARTESIAN_POINT('',(0.427785857031575,-0.131033480764184,-0.152938775041669));
#14765=CARTESIAN_POINT('',(0.421943692404615,-0.190685598508289,-0.0530701788416378));
#14766=CARTESIAN_POINT('',(0.4166290131141,-0.188586537377301,0.049873871981688));
#14767=CARTESIAN_POINT('',(0.4118466204256,-0.144289915878832,0.131800420636967));
#14768=CARTESIAN_POINT('',(0.407066497584725,-0.0667922823754803,0.183154257632265));
#14769=CARTESIAN_POINT('',(0.40228155740206,0.0253103333507556,0.193711920798296));
#14770=CARTESIAN_POINT('',(0.397501686900375,0.112175672859841,0.159758408260523));
#14771=CARTESIAN_POINT('',(0.392719862254926,0.173006881271182,0.0899095696691685));
#14772=CARTESIAN_POINT('',(0.38819980584229,0.194343119346601,0.00446744809136257));
#14773=CARTESIAN_POINT('',(0.384354718591224,0.178685841495941,-0.067684697229721));
#14774=CARTESIAN_POINT('',(0.381157934808307,0.147794836695175,-0.120580498492607));
#14775=CARTESIAN_POINT('',(0.379307388747186,0.121470694622871,-0.14381439112291));
#14776=CARTESIAN_POINT('',(0.378387085546161,0.109634707167478,-0.156382071165393));
#14777=CARTESIAN_POINT('',(0.665810415271312,0.151628107178491,0.110862124426275));
#14778=CARTESIAN_POINT('',(0.663061667885475,0.182905440500329,0.0688313881678693));
#14779=CARTESIAN_POINT('',(0.658932856604054,0.200077162501538,-0.01351320684006));
#14780=CARTESIAN_POINT('',(0.652975776208507,0.154539184534691,-0.119472210345434));
#14781=CARTESIAN_POINT('',(0.647471964616806,0.0709320312019983,-0.187253827216187));
#14782=CARTESIAN_POINT('',(0.640597039144351,-0.0667165159553492,-0.195791265301352));
#14783=CARTESIAN_POINT('',(0.632803302231865,-0.189137985492039,-0.0924419475021728));
#14784=CARTESIAN_POINT('',(0.624551684282897,-0.195911432348953,0.0770698164634165));
#14785=CARTESIAN_POINT('',(0.61630030229357,-0.0753463424506437,0.196574759114111));
#14786=CARTESIAN_POINT('',(0.608048446444334,0.094058247135073,0.188334405507687));
#14787=CARTESIAN_POINT('',(0.599797362681756,0.202513187936304,0.0577157924252089));
#14788=CARTESIAN_POINT('',(0.591545375048697,0.179326619708703,-0.1103396914647));
#14789=CARTESIAN_POINT('',(0.583294448188249,0.0396490706278372,-0.206898326988782));
#14790=CARTESIAN_POINT('',(0.575042314862707,-0.125770767910293,-0.168943898643202));
#14791=CARTESIAN_POINT('',(0.56679138689402,-0.209675443042764,-0.0212801189004015));
#14792=CARTESIAN_POINT('',(0.558539079069929,-0.15724183550424,0.140217056013792));
#14793=CARTESIAN_POINT('',(0.55028794969097,-0.00274284281860025,0.210787230688238));
#14794=CARTESIAN_POINT('',(0.542035431148726,0.153542491723087,0.144275582471794));
#14795=CARTESIAN_POINT('',(0.533784059391161,0.210180571474706,-0.0158186047408522));
#14796=CARTESIAN_POINT('',(0.525531676878865,0.130146180078174,-0.165623622214851));
#14797=CARTESIAN_POINT('',(0.517280171861242,-0.0342504711276565,-0.207889797548218));
#14798=CARTESIAN_POINT('',(0.509028045755751,-0.17640151851201,-0.114992372666132));
#14799=CARTESIAN_POINT('',(0.500776430122302,-0.203973519316298,0.0524197434180124));
#14800=CARTESIAN_POINT('',(0.492524627823059,-0.0989483708453502,0.185820136729976));
#14801=CARTESIAN_POINT('',(0.484272910059649,0.0701927694113081,0.198489277509811));
#14802=CARTESIAN_POINT('',(0.476021442054191,0.193823407703931,0.0821481431004022));
#14803=CARTESIAN_POINT('',(0.467769621035524,0.191494285101591,-0.0874356781463797));
#14804=CARTESIAN_POINT('',(0.459518442280738,0.0647249748751015,-0.200356074040578));
#14805=CARTESIAN_POINT('',(0.45126652035214,-0.104012735779352,-0.183041194125441));
#14806=CARTESIAN_POINT('',(0.443015489573108,-0.205369103935256,-0.0468277529252165));
#14807=CARTESIAN_POINT('',(0.43476363771558,-0.173157807818045,0.119846585933778));
#14808=CARTESIAN_POINT('',(0.426970335813451,-0.0367226440559102,0.2036639564479));
#14809=CARTESIAN_POINT('',(0.420095861561104,0.0985096883113629,0.174759569791202));
#14810=CARTESIAN_POINT('',(0.414590803883661,0.170468413247732,0.0947808681376625));
#14811=CARTESIAN_POINT('',(0.408635797126848,0.200244722552725,-0.0164752205493211));
#14812=CARTESIAN_POINT('',(0.40450441291599,0.170082770964671,-0.0955552319715967));
#14813=CARTESIAN_POINT('',(0.401757045993332,0.133363125839522,-0.132382428907567));
#14814=CARTESIAN_POINT('',(0.671955154134565,0.143054231240482,0.104566672416338));
#14815=CARTESIAN_POINT('',(0.669206522091452,0.172555515542827,0.0649152292670094));
#14816=CARTESIAN_POINT('',(0.665077528142528,0.188744800065218,-0.0127723728217088));
#14817=CARTESIAN_POINT('',(0.659120592480478,0.145775067138466,-0.11272275795539));
#14818=CARTESIAN_POINT('',(0.653616655200356,0.0668931604408337,-0.176659047603328));
#14819=CARTESIAN_POINT('',(0.646741798535405,-0.0629605824537822,-0.184695740335155));
#14820=CARTESIAN_POINT('',(0.638948053966368,-0.178437812897234,-0.0871858834933535));
#14821=CARTESIAN_POINT('',(0.630696436296472,-0.18480845788894,0.0727276215993983));
#14822=CARTESIAN_POINT('',(0.622445071420193,-0.0710577435178578,0.185451327290712));
#14823=CARTESIAN_POINT('',(0.614193209477099,0.0887528451848483,0.177658783588932));
#14824=CARTESIAN_POINT('',(0.605942141982173,0.191051408604115,0.0544251821338381));
#14825=CARTESIAN_POINT('',(0.597690147423569,0.169159402817346,-0.104111066974744));
#14826=CARTESIAN_POINT('',(0.589439231220453,0.0373811853013076,-0.195186152777703));
#14827=CARTESIAN_POINT('',(0.581187090132762,-0.118667077171903,-0.159362955490791));
#14828=CARTESIAN_POINT('',(0.572936164354059,-0.197803941938452,-0.0200520179255021));
#14829=CARTESIAN_POINT('',(0.5646838476988,-0.148321830865031,0.132294121289072));
#14830=CARTESIAN_POINT('',(0.556432709872851,-0.00256392979467953,0.1988507134353));
#14831=CARTESIAN_POINT('',(0.548180181577301,0.144863851537396,0.136087983116583));
#14832=CARTESIAN_POINT('',(0.539928798490598,0.198276256612401,-0.0149468731410654));
#14833=CARTESIAN_POINT('',(0.531676418634633,0.122757139303892,-0.156259385241773));
#14834=CARTESIAN_POINT('',(0.523424904067077,-0.0323348654769304,-0.196113112718534));
#14835=CARTESIAN_POINT('',(0.515172789444198,-0.16642521617437,-0.108460295031877));
#14836=CARTESIAN_POINT('',(0.506921165796318,-0.192416613807735,0.0494746949461662));
#14837=CARTESIAN_POINT('',(0.49866938050491,-0.0933239974000119,0.175308559980844));
#14838=CARTESIAN_POINT('',(0.490417655727102,0.0662403889706843,0.187241055771558));
#14839=CARTESIAN_POINT('',(0.482166206832716,0.182856600209522,0.0774745478288488));
#14840=CARTESIAN_POINT('',(0.473914379226982,0.180640400538328,-0.0825057674426145));
#14841=CARTESIAN_POINT('',(0.465663218227451,0.0610375944606921,-0.189017267920964));
#14842=CARTESIAN_POINT('',(0.457411289778109,-0.0981428885867173,-0.172664285320243));
#14843=CARTESIAN_POINT('',(0.449160271388419,-0.193744330446133,-0.044153509979279));
#14844=CARTESIAN_POINT('',(0.440908415456527,-0.163338950355107,0.113078903325808));
#14845=CARTESIAN_POINT('',(0.433115107318025,-0.0346206074816557,0.192134406578033));
#14846=CARTESIAN_POINT('',(0.426240661627701,0.0929499114370361,0.16485273975825));
#14847=CARTESIAN_POINT('',(0.420735538980664,0.16082605425128,0.0893939233776724));
#14848=CARTESIAN_POINT('',(0.414780589132026,0.188902613981223,-0.0155639200596637));
#14849=CARTESIAN_POINT('',(0.410649142897676,0.160440826972012,-0.0901638877942144));
#14850=CARTESIAN_POINT('',(0.407901803993321,0.125795960352937,-0.124900620445111));
#14851=CARTESIAN_POINT('',(0.67809979052851,0.134481324065465,0.098269798112639));
#14852=CARTESIAN_POINT('',(0.675351292507944,0.162206174627856,0.0609973720394529));
#14853=CARTESIAN_POINT('',(0.671222086342273,0.177412248368073,-0.0120333624989138));
#14854=CARTESIAN_POINT('',(0.66526531879098,0.13700981278113,-0.105974689885273));
#14855=CARTESIAN_POINT('',(0.659761235627614,0.0628525522321549,-0.166064855549799));
#14856=CARTESIAN_POINT('',(0.652886458829863,-0.0592064189978935,-0.173599546967137));
#14857=CARTESIAN_POINT('',(0.645092705433003,-0.167738429780109,-0.0819280612653423));
#14858=CARTESIAN_POINT('',(0.636841088076578,-0.173704719870568,0.0683871956070725));
#14859=CARTESIAN_POINT('',(0.628589743076463,-0.0667673239168089,0.174328527563061));
#14860=CARTESIAN_POINT('',(0.620337874062722,0.08344913897819,0.166982245975399));
#14861=CARTESIAN_POINT('',(0.612086825404611,0.179590099721302,0.0511327009647678));
#14862=CARTESIAN_POINT('',(0.603834822825739,0.158991124023389,-0.0978840526782023));
#14863=CARTESIAN_POINT('',(0.595583918896829,0.0351113924352042,-0.183474283122322));
#14864=CARTESIAN_POINT('',(0.587331768837821,-0.111564898510079,-0.149780811339302));
#14865=CARTESIAN_POINT('',(0.579080845473168,-0.18593257585964,-0.0188219875355947));
#14866=CARTESIAN_POINT('',(0.570828518633076,-0.139400494784934,0.124372587501043));
#14867=CARTESIAN_POINT('',(0.562577370872406,-0.00238308194863844,0.186914158982544));
#14868=CARTESIAN_POINT('',(0.554324831360266,0.136186487590817,0.127898932771305));
#14869=CARTESIAN_POINT('',(0.546073435031095,0.18637173238911,-0.014077063552403));
#14870=CARTESIAN_POINT('',(0.53782105839183,0.115366541749342,-0.146896289524384));
#14871=CARTESIAN_POINT('',(0.529569532679261,-0.0304211531571882,-0.184336049982232));
#14872=CARTESIAN_POINT('',(0.521317431508876,-0.156449912340945,-0.101926567896209));
#14873=CARTESIAN_POINT('',(0.513065798522152,-0.180859166062092,0.0465314969145252));
#14874=CARTESIAN_POINT('',(0.504814033060588,-0.0876978943180805,0.164797832522978));
#14875=CARTESIAN_POINT('',(0.496562300122703,0.0622898030071688,0.175992132167835));
#14876=CARTESIAN_POINT('',(0.488310873447097,0.171890487203893,0.0727991551474287));
#14877=CARTESIAN_POINT('',(0.480059038192191,0.169785659644754,-0.0775775828105196));
#14878=CARTESIAN_POINT('',(0.471807897779509,0.057348361369187,-0.177678996488295));
#14879=CARTESIAN_POINT('',(0.463555961770911,-0.0922746867262599,-0.162286371528931));
#14880=CARTESIAN_POINT('',(0.455304957692585,-0.182119927616147,-0.0414773720371523));
#14881=CARTESIAN_POINT('',(0.447053097029792,-0.153518944929897,0.106312772164487));
#14882=CARTESIAN_POINT('',(0.439259781651878,-0.032516694319814,0.180605136851549));
#14883=CARTESIAN_POINT('',(0.432385368820183,0.087391712468825,0.154944951937056));
#14884=CARTESIAN_POINT('',(0.426880171298699,0.151184508975616,0.084005393918488));
#14885=CARTESIAN_POINT('',(0.420925286817595,0.177560299046676,-0.01465445722512));
#14886=CARTESIAN_POINT('',(0.416793769462895,0.150797956153644,-0.0847740638749473));
#14887=CARTESIAN_POINT('',(0.414046462533645,0.118227541556741,-0.117419995454329));
#14888=CARTESIAN_POINT('',(0.684244203406645,0.125910120883539,0.0919703797796161));
#14889=CARTESIAN_POINT('',(0.681495872494779,0.151857849427281,0.0570764834179892));
#14890=CARTESIAN_POINT('',(0.677366401820457,0.166079335010384,-0.0112975935468159));
#14891=CARTESIAN_POINT('',(0.671409843700682,0.128242515734792,-0.0992290700361591));
#14892=CARTESIAN_POINT('',(0.665905579104654,0.0588088448746853,-0.15547168430868));
#14893=CARTESIAN_POINT('',(0.659030901648464,-0.0554553958580752,-0.162502140092786));
#14894=CARTESIAN_POINT('',(0.651237137443482,-0.15704042713715,-0.0766670995060281));
#14895=CARTESIAN_POINT('',(0.642985520446638,-0.162599598785432,0.0640499065389162));
#14896=CARTESIAN_POINT('',(0.634734200205365,-0.0624736557124664,0.163206827513778));
#14897=CARTESIAN_POINT('',(0.626482322404752,0.0781484376590008,0.156304055483827));
#14898=CARTESIAN_POINT('',(0.618231297044294,0.168129602187238,0.047836883921905));
#14899=CARTESIAN_POINT('',(0.60997928454303,0.148820933258837,-0.091659889119127));
#14900=CARTESIAN_POINT('',(0.601728395602426,0.0328382006790146,-0.17176292905946));
#14901=CARTESIAN_POINT('',(0.593476234496188,-0.104465394057039,-0.14019650899231));
#14902=CARTESIAN_POINT('',(0.585225313763166,-0.174061423321728,-0.0175885217550818));
#14903=CARTESIAN_POINT('',(0.576972974445696,-0.130476769971639,0.116453528214869));
#14904=CARTESIAN_POINT('',(0.568721813950916,-0.00219879175060051,0.174977511473367));
#14905=CARTESIAN_POINT('',(0.560469260789968,0.127511374375895,0.119707282909645));
#14906=CARTESIAN_POINT('',(0.552217847721623,0.174466809011128,-0.0132106708092438));
#14907=CARTESIAN_POINT('',(0.543965475470134,0.107973158464078,-0.137535202844003));
#14908=CARTESIAN_POINT('',(0.535713935720841,-0.0285108042367233,-0.17255828866711));
#14909=CARTESIAN_POINT('',(0.527461851643291,-0.146476362320897,-0.0953898920295206));
#14910=CARTESIAN_POINT('',(0.519210206935564,-0.169300727971329,0.0435915837754596));
#14911=CARTESIAN_POINT('',(0.510958466394989,-0.0820687018682771,0.154288592369389));
#14912=CARTESIAN_POINT('',(0.502706723254452,0.0583424003238553,0.164741934933497));
#14913=CARTESIAN_POINT('',(0.494455324319492,0.16092558519632,0.0681205544646901));
#14914=CARTESIAN_POINT('',(0.4862034795406,0.158929371131559,-0.0726524577908895));
#14915=CARTESIAN_POINT('',(0.477952364669977,0.0536558239596765,-0.166341650966466));
#14916=CARTESIAN_POINT('',(0.469700419286739,-0.0864093988888572,-0.151906646604649));
#14917=CARTESIAN_POINT('',(0.461449432808198,-0.170496158206834,-0.0387978566148961));
#14918=CARTESIAN_POINT('',(0.453197566256198,-0.143696875152415,0.0995493859866881));
#14919=CARTESIAN_POINT('',(0.445404241871714,-0.030409437738288,0.169076339790469));
#14920=CARTESIAN_POINT('',(0.438529869057474,0.0818363082500527,0.145035437488969));
#14921=CARTESIAN_POINT('',(0.433024579964438,0.141544389684456,0.0786140336563299));
#14922=CARTESIAN_POINT('',(0.427069774795645,0.1662175914136,-0.0137482619145572));
#14923=CARTESIAN_POINT('',(0.422938171508648,0.141153415229503,-0.0793869319819413));
#14924=CARTESIAN_POINT('',(0.420190902766024,0.110656876216036,-0.109941458979989));
#14925=CARTESIAN_POINT('',(-0.390979167611489,-0.103871088857071,-0.102904457826847));
#14926=CARTESIAN_POINT('',(-0.420053459859154,-0.111000717232711,-0.109967737422499));
#14927=CARTESIAN_POINT('',(-0.414037016719026,-0.118400695478305,-0.117298850994834));
#14928=CARTESIAN_POINT('',(-0.408020779860271,-0.125800758364276,-0.124630048419877));
#14929=CARTESIAN_POINT('',(-0.402004639103262,-0.133200860679254,-0.131961284906998));
#14930=CARTESIAN_POINT('',(-0.402004639103262,-0.133200860679253,-0.131961284906998));
#14931=CARTESIAN_POINT('',(-0.695620078740156,-0.133200860679253,-0.131961284906998));
#14932=CARTESIAN_POINT('',(-0.379953586188113,-0.133200860679253,-0.131961284906998));
#14933=CARTESIAN_POINT('',(-0.361904713521957,-0.111000717232711,-0.109967737422499));
#14934=CARTESIAN_POINT('',(-0.367921178890741,-0.118400693457426,-0.117298848992762));
#14935=CARTESIAN_POINT('',(-0.3739374318107,-0.125800756852854,-0.124630046922522));
#14936=CARTESIAN_POINT('',(-0.379953586188113,-0.133200860679253,-0.131961284906998));
#14937=CARTESIAN_POINT('',(-0.695620078740156,0.,6.93889390390723E-16));
#14938=CARTESIAN_POINT('',(-0.379953586188113,-0.133200860679253,-0.131961284906998));
#14939=CARTESIAN_POINT('',(-0.382989492286806,-0.172863421172942,-0.0919261549200056));
#14940=CARTESIAN_POINT('',(-0.388782497561536,-0.212562607985147,0.0236979918629778));
#14941=CARTESIAN_POINT('',(-0.397830318489669,-0.11465625175861,0.180957093899906));
#14942=CARTESIAN_POINT('',(-0.40670480703164,0.0689133439983417,0.202679243163769));
#14943=CARTESIAN_POINT('',(-0.415593630215526,0.201186888725219,0.0734305014364516));
#14944=CARTESIAN_POINT('',(-0.424481085827305,0.183201430712203,-0.110827629158007));
#14945=CARTESIAN_POINT('',(-0.433244868359449,0.0287426610143594,-0.212155889980512));
#14946=CARTESIAN_POINT('',(-0.4421572435925,-0.1473909890202,-0.155398605367703));
#14947=CARTESIAN_POINT('',(-0.451000703254956,-0.213379458897557,0.0175161584280809));
#14948=CARTESIAN_POINT('',(-0.459986283234545,-0.120343616804922,0.177083427349248));
#14949=CARTESIAN_POINT('',(-0.468891041667526,0.0626791235633986,0.204798531935289));
#14950=CARTESIAN_POINT('',(-0.477798201444776,0.198782538004686,0.0794927328789806));
#14951=CARTESIAN_POINT('',(-0.486668933166387,0.186690751210868,-0.104864337819325));
#14952=CARTESIAN_POINT('',(-0.495463363218367,0.035158744507249,-0.211255937062667));
#14953=CARTESIAN_POINT('',(-0.504357752989131,-0.14244542987794,-0.159816502957122));
#14954=CARTESIAN_POINT('',(-0.513164710912537,-0.213881750297947,0.010661438925432));
#14955=CARTESIAN_POINT('',(-0.522176469905725,-0.125620551967676,0.173418489157591));
#14956=CARTESIAN_POINT('',(-0.531061757600351,0.0561729390629921,0.20658327166551));
#14957=CARTESIAN_POINT('',(-0.539986026887163,0.196230474978585,0.085799859269713));
#14958=CARTESIAN_POINT('',(-0.548879382992733,0.189739951678555,-0.0992223527725465));
#14959=CARTESIAN_POINT('',(-0.557664164162413,0.0418729745388826,-0.209957339613165));
#14960=CARTESIAN_POINT('',(-0.566558073932152,-0.137436731305341,-0.164268326601954));
#14961=CARTESIAN_POINT('',(-0.575357802258055,-0.214058645281264,0.00422225078769262));
#14962=CARTESIAN_POINT('',(-0.584339970209652,-0.131115917299036,0.169258259384799));
#14963=CARTESIAN_POINT('',(-0.593239533492857,0.049818949218559,0.208302284110752));
#14964=CARTESIAN_POINT('',(-0.602185661382665,0.193460658124725,0.0916896743653258));
#14965=CARTESIAN_POINT('',(-0.611061100229582,0.192846784491064,-0.0930488018212906));
#14966=CARTESIAN_POINT('',(-0.619882140332247,0.0482356662753106,-0.208664067815913));
#14967=CARTESIAN_POINT('',(-0.628764864159005,-0.132245906365963,-0.168351801209555));
#14968=CARTESIAN_POINT('',(-0.637536241379318,-0.214121229117031,-0.00267830273064556));
#14969=CARTESIAN_POINT('',(-0.64652198008239,-0.136185339185207,0.165330805648484));
#14970=CARTESIAN_POINT('',(-0.655433552230084,0.0433100021422109,0.209461928363264));
#14971=CARTESIAN_POINT('',(-0.661324030487122,0.141254925526158,0.135569696472729));
#14972=CARTESIAN_POINT('',(-0.664370078740158,0.166922522421315,0.0853997746396659));
#14973=CARTESIAN_POINT('',(-0.402004639103262,-0.133200860679253,-0.131961284906998));
#14974=CARTESIAN_POINT('',(-0.404761210624713,-0.169820871550083,-0.0949972846737796));
#14975=CARTESIAN_POINT('',(-0.410248740742351,-0.209543299152765,0.00905052343576925));
#14976=CARTESIAN_POINT('',(-0.418367164512239,-0.135778545396195,0.160298034934892));
#14977=CARTESIAN_POINT('',(-0.426635797035805,0.0257419549900312,0.208371812842404));
#14978=CARTESIAN_POINT('',(-0.434738153403617,0.170347826599923,0.12277574910889));
#14979=CARTESIAN_POINT('',(-0.442998023372235,0.205744021824476,-0.0419947215251343));
#14980=CARTESIAN_POINT('',(-0.451115805575704,0.109018148377385,-0.179445427968904));
#14981=CARTESIAN_POINT('',(-0.459357371606399,-0.0579446682419329,-0.201846439350777));
#14982=CARTESIAN_POINT('',(-0.467508507318062,-0.187452176883668,-0.0945536119338257));
#14983=CARTESIAN_POINT('',(-0.475724784998542,-0.196731959698645,0.0734701145534831));
#14984=CARTESIAN_POINT('',(-0.483920702803573,-0.0795013165661608,0.194321648632238));
#14985=CARTESIAN_POINT('',(-0.492111964686319,0.0885712893380619,0.190400144835537));
#14986=CARTESIAN_POINT('',(-0.500350979232772,0.199985189084562,0.0639892232191424));
#14987=CARTESIAN_POINT('',(-0.508523110755141,0.182871458343892,-0.103191789889138));
#14988=CARTESIAN_POINT('',(-0.516794182542321,0.0481315983521763,-0.204398080223014));
#14989=CARTESIAN_POINT('',(-0.524954061350314,-0.117222251405046,-0.174190938882118));
#14990=CARTESIAN_POINT('',(-0.533241211771879,-0.207542478537954,-0.0320392430606901));
#14991=CARTESIAN_POINT('',(-0.541394863097362,-0.16441438612002,0.130559693693193));
#14992=CARTESIAN_POINT('',(-0.549679775644273,-0.0158093047314701,0.209405760162108));
#14993=CARTESIAN_POINT('',(-0.55782898764789,0.143105349723817,0.153635847565012));
#14994=CARTESIAN_POINT('',(-0.566099385194125,0.209988796950529,-0.000573128338252173));
#14995=CARTESIAN_POINT('',(-0.574235762280024,0.141934327520218,-0.154742395816698));
#14996=CARTESIAN_POINT('',(-0.582486867476176,-0.0170201687624843,-0.20928264725072));
#14997=CARTESIAN_POINT('',(-0.590615428529867,-0.165389124192374,-0.129396945846807));
#14998=CARTESIAN_POINT('',(-0.598855779892502,-0.207280668924421,0.0334140275455892));
#14999=CARTESIAN_POINT('',(-0.606984520545141,-0.116117911067539,0.174979908241383));
#15000=CARTESIAN_POINT('',(-0.615221025642722,0.0496311055518918,0.203997765933769));
#15001=CARTESIAN_POINT('',(-0.623358446471361,0.183478662336609,0.102157599841748));
#15002=CARTESIAN_POINT('',(-0.63159230520837,0.199471591624544,-0.0655432574161269));
#15003=CARTESIAN_POINT('',(-0.63975400334006,0.0875188711411129,-0.190858063579514));
#15004=CARTESIAN_POINT('',(-0.647967489893584,-0.0810390064225272,-0.193827102929903));
#15005=CARTESIAN_POINT('',(-0.656206940877966,-0.196974108922975,-0.0719116875528958));
#15006=CARTESIAN_POINT('',(-0.661557821801655,-0.190620071332805,0.0390805114308722));
#15007=CARTESIAN_POINT('',(-0.664370078740157,-0.166922522421296,0.0853997746397021));
#15008=CARTESIAN_POINT('',(-0.6658103976373,-0.151628131783597,0.110862142492752));
#15009=CARTESIAN_POINT('',(-0.663061650251133,-0.182905470202282,0.0688313994063061));
#15010=CARTESIAN_POINT('',(-0.658932838970235,-0.20007719502284,-0.0135132089661391));
#15011=CARTESIAN_POINT('',(-0.652975758574273,-0.154539209685685,-0.119472229714871));
#15012=CARTESIAN_POINT('',(-0.647471946982933,-0.0709320427925893,-0.187253857620817));
#15013=CARTESIAN_POINT('',(-0.64059702151028,0.0667165267340775,-0.195791297142971));
#15014=CARTESIAN_POINT('',(-0.632803284597815,0.189138016199129,-0.0924419625858314));
#15015=CARTESIAN_POINT('',(-0.624551666648847,0.195911464211947,0.0770698289245823));
#15016=CARTESIAN_POINT('',(-0.616300284659471,0.0753463547578954,0.196574791035854));
#15017=CARTESIAN_POINT('',(-0.608048428810253,-0.0940582623604213,0.188334436144273));
#15018=CARTESIAN_POINT('',(-0.599797345047628,-0.202513220829023,0.0577158018684589));
#15019=CARTESIAN_POINT('',(-0.591545357414589,-0.179326648886276,-0.110339709339486));
#15020=CARTESIAN_POINT('',(-0.58329443055411,-0.039649077136098,-0.206898360600072));
#15021=CARTESIAN_POINT('',(-0.575042297228591,0.125770788296318,-0.168943926138298));
#15022=CARTESIAN_POINT('',(-0.566791369259898,0.209675477111281,-0.0212801224247164));
#15023=CARTESIAN_POINT('',(-0.558539061435831,0.15724186110259,0.140217078750857));
#15024=CARTESIAN_POINT('',(-0.550287932056897,0.00274284333198183,0.210787264943332));
#15025=CARTESIAN_POINT('',(-0.54203541351468,-0.153542516628849,0.144275605968305));
#15026=CARTESIAN_POINT('',(-0.533784041757148,-0.210180605637382,-0.0158186072425795));
#15027=CARTESIAN_POINT('',(-0.525531659244844,-0.130146201282998,-0.165623649088119));
#15028=CARTESIAN_POINT('',(-0.517280154227249,0.0342504766250637,-0.207889831344619));
#15029=CARTESIAN_POINT('',(-0.509028028121726,0.176401547141762,-0.114992391411664));
#15030=CARTESIAN_POINT('',(-0.500776412488299,0.203973552481978,0.0524197518696862));
#15031=CARTESIAN_POINT('',(-0.492524610189007,0.0989483869859756,0.185820166895839));
#15032=CARTESIAN_POINT('',(-0.484272892425617,-0.0701927807537949,0.198489309789634));
#15033=CARTESIAN_POINT('',(-0.476021424420104,-0.1938234391762,0.0821481565125077));
#15034=CARTESIAN_POINT('',(-0.467769603401456,-0.19149431624975,-0.087435692294155));
#15035=CARTESIAN_POINT('',(-0.45951842464662,-0.0647249854569973,-0.200356106580392));
#15036=CARTESIAN_POINT('',(-0.45126650271804,0.10401275262453,-0.183041223904785));
#15037=CARTESIAN_POINT('',(-0.443015471938973,0.205369137295728,-0.046827760599632));
#15038=CARTESIAN_POINT('',(-0.434763620081456,0.173157835995902,0.119846605355537));
#15039=CARTESIAN_POINT('',(-0.426970318179346,0.0367226500882302,0.203663989535098));
#15040=CARTESIAN_POINT('',(-0.420095843926916,-0.0985097042667045,0.174759598221528));
#15041=CARTESIAN_POINT('',(-0.41459078624966,-0.170468440919136,0.0947808835969287));
#15042=CARTESIAN_POINT('',(-0.408635779492683,-0.200244755101996,-0.0164752231646013));
#15043=CARTESIAN_POINT('',(-0.404504395282004,-0.170082798634835,-0.0955552474435722));
#15044=CARTESIAN_POINT('',(-0.401757028359265,-0.133363147555534,-0.132382450378693));
#15045=CARTESIAN_POINT('',(-0.671955142413824,-0.143054247593054,0.104566684427557));
#15046=CARTESIAN_POINT('',(-0.669206510370452,-0.172555535283926,0.0649152367403223));
#15047=CARTESIAN_POINT('',(-0.665077516421938,-0.18874482168181,-0.012772374231257));
#15048=CARTESIAN_POINT('',(-0.659120580759564,-0.145775083858048,-0.112722770827101));
#15049=CARTESIAN_POINT('',(-0.653616643479723,-0.0668931681482932,-0.176659067811475));
#15050=CARTESIAN_POINT('',(-0.646741786814617,0.0629605896146682,-0.184695761500925));
#15051=CARTESIAN_POINT('',(-0.638948042245598,0.178437833306019,-0.0871858935226221));
#15052=CARTESIAN_POINT('',(-0.630696424575701,0.184808479069105,0.0727276298785672));
#15053=CARTESIAN_POINT('',(-0.622445059699386,0.0710577517018314,0.185451348507163));
#15054=CARTESIAN_POINT('',(-0.614193197756303,-0.0887528553014548,0.177658803954231));
#15055=CARTESIAN_POINT('',(-0.605942130261342,-0.191051430466273,0.0544251884142704));
#15056=CARTESIAN_POINT('',(-0.597690135702754,-0.169159422213161,-0.104111078852545));
#15057=CARTESIAN_POINT('',(-0.589439219499614,-0.0373811896309878,-0.195186175117809));
#15058=CARTESIAN_POINT('',(-0.581187078411938,0.118667090719065,-0.159362973768575));
#15059=CARTESIAN_POINT('',(-0.572936152633233,0.197803964582802,-0.0200520202718603));
#15060=CARTESIAN_POINT('',(-0.564683835977993,0.148321847882347,0.132294136399141));
#15061=CARTESIAN_POINT('',(-0.556432698152064,0.00256393013974454,0.198850736204005));
#15062=CARTESIAN_POINT('',(-0.548180169856534,-0.144863868089198,0.136087998737088));
#15063=CARTESIAN_POINT('',(-0.539928786769856,-0.198276279320019,-0.014946874800104));
#15064=CARTESIAN_POINT('',(-0.531676406913887,-0.12275715340137,-0.156259403101602));
#15065=CARTESIAN_POINT('',(-0.523424892346351,0.0323348691271899,-0.196113135183031));
#15066=CARTESIAN_POINT('',(-0.515172777723446,0.16642523520198,-0.1084603074949));
#15067=CARTESIAN_POINT('',(-0.506921154075583,0.192416635853331,0.0494747005601492));
#15068=CARTESIAN_POINT('',(-0.498669368784138,0.0933240081317674,0.175308580029769));
#15069=CARTESIAN_POINT('',(-0.490417644006345,-0.0662403965062399,0.187241077228659));
#15070=CARTESIAN_POINT('',(-0.482166195111918,-0.182856621127094,0.0774745567471495));
#15071=CARTESIAN_POINT('',(-0.473914367506197,-0.180640421243542,-0.0825057768429212));
#15072=CARTESIAN_POINT('',(-0.465663206506627,-0.0610376014979234,-0.189017289548427));
#15073=CARTESIAN_POINT('',(-0.457411278057299,0.0981428997800902,-0.172664305115929));
#15074=CARTESIAN_POINT('',(-0.449160259667582,0.193744352619395,-0.0441535150840528));
#15075=CARTESIAN_POINT('',(-0.440908403735699,0.163338969086602,0.113078916231965));
#15076=CARTESIAN_POINT('',(-0.433115095597212,0.0346206114949288,0.192134428569834));
#15077=CARTESIAN_POINT('',(-0.426240649906824,-0.0929499220390867,0.164852758657179));
#15078=CARTESIAN_POINT('',(-0.420735527259931,-0.160826072642261,0.0893939336562567));
#15079=CARTESIAN_POINT('',(-0.414780577411168,-0.18890263561644,-0.0155639217943456));
#15080=CARTESIAN_POINT('',(-0.410649131176953,-0.160440845365617,-0.0901638980750958));
#15081=CARTESIAN_POINT('',(-0.407901792272537,-0.125795974789591,-0.124900634714167));
#15082=CARTESIAN_POINT('',(-0.678099784720928,-0.134481332166807,0.0982698040667102));
#15083=CARTESIAN_POINT('',(-0.675351286700205,-0.162206184408895,0.0609973757453815));
#15084=CARTESIAN_POINT('',(-0.671222080534781,-0.177412259079718,-0.0120333631943671));
#15085=CARTESIAN_POINT('',(-0.665265312983292,-0.137009821067795,-0.105974696261115));
#15086=CARTESIAN_POINT('',(-0.659761229820096,-0.0628525560541691,-0.166064865562262));
#15087=CARTESIAN_POINT('',(-0.652886453022253,0.0592064225433048,-0.173599557456181));
#15088=CARTESIAN_POINT('',(-0.645092699625403,0.167738439891659,-0.0819280662378811));
#15089=CARTESIAN_POINT('',(-0.636841082268978,0.173704730366902,0.068387199706611));
#15090=CARTESIAN_POINT('',(-0.628589737268838,0.0667673279750803,0.17432853807508));
#15091=CARTESIAN_POINT('',(-0.620337868255106,-0.0834491439883252,0.166982256068205));
#15092=CARTESIAN_POINT('',(-0.612086819596974,-0.179590110553543,0.05113270407989));
#15093=CARTESIAN_POINT('',(-0.60383481701811,-0.158991133636042,-0.0978840585611755));
#15094=CARTESIAN_POINT('',(-0.595583913089187,-0.0351113945837611,-0.183474294191666));
#15095=CARTESIAN_POINT('',(-0.587331763030189,0.111564905220407,-0.149780820398182));
#15096=CARTESIAN_POINT('',(-0.579080839665532,0.185932587080021,-0.0188219887014226));
#15097=CARTESIAN_POINT('',(-0.570828512825454,0.13940050321945,0.124372594985996));
#15098=CARTESIAN_POINT('',(-0.562577365064795,0.00238308212280455,0.186914170264827));
#15099=CARTESIAN_POINT('',(-0.554324825552669,-0.136186495790374,0.127898940513878));
#15100=CARTESIAN_POINT('',(-0.546073429223513,-0.186371743641407,-0.0140770643713193));
#15101=CARTESIAN_POINT('',(-0.537821052584244,-0.115366548737406,-0.14689629837231));
#15102=CARTESIAN_POINT('',(-0.529569526871689,0.0304211549628305,-0.184336061114336));
#15103=CARTESIAN_POINT('',(-0.521317425701287,0.156449921767758,-0.101926574074529));
#15104=CARTESIAN_POINT('',(-0.513065792714575,0.180859176986895,0.0465314996932913));
#15105=CARTESIAN_POINT('',(-0.504814027252986,0.0876978996386653,0.164797842456113));
#15106=CARTESIAN_POINT('',(-0.496562294315111,-0.0622898067381941,0.175992142801293));
#15107=CARTESIAN_POINT('',(-0.488310867639478,-0.171890497567709,0.0727991595695317));
#15108=CARTESIAN_POINT('',(-0.480059032384583,-0.169785669905894,-0.0775775874656687));
#15109=CARTESIAN_POINT('',(-0.471807891971877,-0.0573483648592862,-0.177679007204134));
#15110=CARTESIAN_POINT('',(-0.463555955963286,0.0922746922700319,-0.162286381339633));
#15111=CARTESIAN_POINT('',(-0.455304951884944,0.182119938602709,-0.0414773745697585));
#15112=CARTESIAN_POINT('',(-0.447053091222156,0.153518954213511,0.106312778557122));
#15113=CARTESIAN_POINT('',(-0.439259775844251,0.0325166963115383,0.180605147748343));
#15114=CARTESIAN_POINT('',(-0.432385363012518,-0.0873917177196978,0.154944961303325));
#15115=CARTESIAN_POINT('',(-0.426880165491122,-0.151184518087274,0.0840053990142827));
#15116=CARTESIAN_POINT('',(-0.420925281009941,-0.177560309767578,-0.0146544580816576));
#15117=CARTESIAN_POINT('',(-0.416793763655324,-0.150797965269466,-0.0847740689667712));
#15118=CARTESIAN_POINT('',(-0.414046456726037,-0.118227548712372,-0.117420002522906));
#15119=CARTESIAN_POINT('',(-0.684244203511813,-0.125910120736836,0.0919703796717939));
#15120=CARTESIAN_POINT('',(-0.681495872599949,-0.151857849250161,0.0570764833508772));
#15121=CARTESIAN_POINT('',(-0.677366401925623,-0.16607933481641,-0.0112975935342246));
#15122=CARTESIAN_POINT('',(-0.671409843805851,-0.12824251558473,-0.0992290699207031));
#15123=CARTESIAN_POINT('',(-0.66590557920982,-0.0588088448054713,-0.155471684127368));
#15124=CARTESIAN_POINT('',(-0.659030901753632,0.0554553957938747,-0.162502139902843));
#15125=CARTESIAN_POINT('',(-0.651237137548649,0.157040426954045,-0.0766670994159796));
#15126=CARTESIAN_POINT('',(-0.642985520551806,0.162599598595357,0.0640499064646816));
#15127=CARTESIAN_POINT('',(-0.634734200310533,0.062473655638974,0.16320682732342));
#15128=CARTESIAN_POINT('',(-0.62648232250992,-0.0781484375682755,0.156304055301059));
#15129=CARTESIAN_POINT('',(-0.618231297149463,-0.168129601991081,0.0478368838654922));
#15130=CARTESIAN_POINT('',(-0.609979284648198,-0.148820933084763,-0.0916598890125963));
#15131=CARTESIAN_POINT('',(-0.601728395707594,-0.0328382006401053,-0.171762928859009));
#15132=CARTESIAN_POINT('',(-0.593476234601356,0.104465393935526,-0.140196508828264));
#15133=CARTESIAN_POINT('',(-0.585225313868334,0.174061423118541,-0.0175885217339682));
#15134=CARTESIAN_POINT('',(-0.576972974550864,0.1304767698189,0.116453528079328));
#15135=CARTESIAN_POINT('',(-0.568721814056084,0.0021987917474429,0.17497751126906));
#15136=CARTESIAN_POINT('',(-0.560469260895135,-0.127511374227411,0.119707282769438));
#15137=CARTESIAN_POINT('',(-0.55221784782679,-0.174466808807365,-0.013210670794416));
#15138=CARTESIAN_POINT('',(-0.543965475575301,-0.107973158337532,-0.13753520268378));
#15139=CARTESIAN_POINT('',(-0.535713935826008,0.0285108042040264,-0.172558288465522));
#15140=CARTESIAN_POINT('',(-0.527461851748458,0.146476362150192,-0.095389891917638));
#15141=CARTESIAN_POINT('',(-0.519210207040731,0.169300727773495,0.0435915837251413));
#15142=CARTESIAN_POINT('',(-0.510958466500156,0.0820687017719271,0.154288592189514));
#15143=CARTESIAN_POINT('',(-0.502706723359619,-0.0583424002562932,0.164741934740939));
#15144=CARTESIAN_POINT('',(-0.49445532442466,-0.160925585008646,0.0681205543846099));
#15145=CARTESIAN_POINT('',(-0.486203479645767,-0.158929370945742,-0.0726524577065932));
#15146=CARTESIAN_POINT('',(-0.477952364775146,-0.0536558238964777,-0.166341650772416));
#15147=CARTESIAN_POINT('',(-0.469700419391906,0.0864093987884695,-0.151906646426989));
#15148=CARTESIAN_POINT('',(-0.461449432913367,0.170496158007882,-0.0387978565690323));
#15149=CARTESIAN_POINT('',(-0.453197566361366,0.143696874984299,0.099549385870928));
#15150=CARTESIAN_POINT('',(-0.445404241976883,0.0304094377022245,0.169076339593142));
#15151=CARTESIAN_POINT('',(-0.438529869162642,-0.0818363081549666,0.145035437319358));
#15152=CARTESIAN_POINT('',(-0.433024580069606,-0.141544389519456,0.0786140335640532));
#15153=CARTESIAN_POINT('',(-0.427069774900813,-0.166217591219459,-0.0137482618990493));
#15154=CARTESIAN_POINT('',(-0.422938171613815,-0.141153415064427,-0.0793869318897346));
#15155=CARTESIAN_POINT('',(-0.420190902871191,-0.110656876086456,-0.109941458851987));
#15156=CARTESIAN_POINT('',(-0.665989955773339,0.00632836763315328,-0.155889434265484));
#15157=CARTESIAN_POINT('',(-0.662804172692743,0.0569247438038157,-0.154448825709139));
#15158=CARTESIAN_POINT('',(-0.658020017761517,0.128066964635063,-0.111761144631749));
#15159=CARTESIAN_POINT('',(-0.651644272966593,0.161603288046832,-0.0141652468623861));
#15160=CARTESIAN_POINT('',(-0.646863481355329,0.149506686690132,0.0619074267513106));
#15161=CARTESIAN_POINT('',(-0.641547519511081,0.0991584972188413,0.131231978455511));
#15162=CARTESIAN_POINT('',(-0.635174967815959,0.00113358470361427,0.170038956325564));
#15163=CARTESIAN_POINT('',(-0.627733848648896,-0.117654222231202,0.127641646181963));
#15164=CARTESIAN_POINT('',(-0.620293656061682,-0.169765333001806,0.0125609645264758));
#15165=CARTESIAN_POINT('',(-0.613920069105026,-0.138698196944193,-0.0881837718778236));
#15166=CARTESIAN_POINT('',(-0.608606478099993,-0.0738706553733271,-0.144001788394012));
#15167=CARTESIAN_POINT('',(-0.603822377384406,0.00113732786685366,-0.162291947417438));
#15168=CARTESIAN_POINT('',(-0.599043315152459,0.0759161344808632,-0.14295108134121));
#15169=CARTESIAN_POINT('',(-0.593727194888527,0.139904457466597,-0.0862013049101556));
#15170=CARTESIAN_POINT('',(-0.587353418383744,0.1696096569679,0.0149385813859106));
#15171=CARTESIAN_POINT('',(-0.579912381716099,0.115825022444801,0.129295604190154));
#15172=CARTESIAN_POINT('',(-0.572474587421389,-0.00352693479907245,0.169971885355442));
#15173=CARTESIAN_POINT('',(-0.566098244830601,-0.101006989597832,0.129837578299414));
#15174=CARTESIAN_POINT('',(-0.560786567740673,-0.150369283069405,0.0597841871472943));
#15175=CARTESIAN_POINT('',(-0.55546982575139,-0.162615020916364,-0.0249372109706228));
#15176=CARTESIAN_POINT('',(-0.549098231957748,-0.119318545544863,-0.12108737402354));
#15177=CARTESIAN_POINT('',(-0.541655878522003,-0.00460832676833265,-0.173623408456369));
#15178=CARTESIAN_POINT('',(-0.534217238481213,0.112861863692895,-0.127284977114574));
#15179=CARTESIAN_POINT('',(-0.527842541705955,0.160989408661574,-0.0334528557174342));
#15180=CARTESIAN_POINT('',(-0.52252916382977,0.153358736713154,0.0517300181864256));
#15181=CARTESIAN_POINT('',(-0.51774543166345,0.112284608893348,0.117099221845253));
#15182=CARTESIAN_POINT('',(-0.5129661234641,0.0451954382674049,0.155461937659549));
#15183=CARTESIAN_POINT('',(-0.507649698327886,-0.040188913380585,0.159351000636561));
#15184=CARTESIAN_POINT('',(-0.501276617817079,-0.131981311418897,0.107493065523642));
#15185=CARTESIAN_POINT('',(-0.493834456346988,-0.173254355577361,-0.011957803902571));
#15186=CARTESIAN_POINT('',(-0.486398274356495,-0.115885610715559,-0.124247462403569));
#15187=CARTESIAN_POINT('',(-0.480020543262038,-0.0180950699992193,-0.163575437347306));
#15188=CARTESIAN_POINT('',(-0.474709308747363,0.0661139276364889,-0.147694296765215));
#15189=CARTESIAN_POINT('',(-0.469393119632139,0.133921243443322,-0.0954257034220315));
#15190=CARTESIAN_POINT('',(-0.463020425641685,0.170071552509742,0.00362631119292124));
#15191=CARTESIAN_POINT('',(-0.455579126985397,0.12427194581377,0.121215610746561));
#15192=CARTESIAN_POINT('',(-0.448139683806179,0.00781744152650147,0.169983382410185));
#15193=CARTESIAN_POINT('',(-0.441765337602186,-0.0920660279983379,0.136210339185449));
#15194=CARTESIAN_POINT('',(-0.436452366409907,-0.14601328113283,0.0697683546160467));
#15195=CARTESIAN_POINT('',(-0.431667737491065,-0.16218505412383,-0.00566771203602014));
#15196=CARTESIAN_POINT('',(-0.426888927240758,-0.14078357197273,-0.0799283579650195));
#15197=CARTESIAN_POINT('',(-0.421573008940083,-0.0822032326400956,-0.142243151785971));
#15198=CARTESIAN_POINT('',(-0.415729922863811,0.0111380739138297,-0.166865322437354));
#15199=CARTESIAN_POINT('',(-0.409351349478603,0.108717119908423,-0.127000554848481));
#15200=CARTESIAN_POINT('',(-0.403509643900651,0.158268922510704,-0.0441289108700555));
#15201=CARTESIAN_POINT('',(-0.398194580709604,0.156565603885157,0.0413341176880912));
#15202=CARTESIAN_POINT('',(-0.393412442548903,0.119825099324619,0.109352697401885));
#15203=CARTESIAN_POINT('',(-0.38863228787049,0.055514552039337,0.152013870627615));
#15204=CARTESIAN_POINT('',(-0.383847133031213,-0.0209418488272158,0.160810012474943));
#15205=CARTESIAN_POINT('',(-0.3790675763627,-0.0930551291977081,0.1326598159756));
#15206=CARTESIAN_POINT('',(-0.374285556713318,-0.143583975401867,0.0746985683742317));
#15207=CARTESIAN_POINT('',(-0.369765334339939,-0.161319452412414,0.00377741572599286));
#15208=CARTESIAN_POINT('',(-0.365921086165032,-0.148362864279884,-0.0561097522965407));
#15209=CARTESIAN_POINT('',(-0.362722903038726,-0.122719467111067,-0.100051352984125));
#15210=CARTESIAN_POINT('',(-0.360874196528789,-0.100901632019451,-0.119319817663715));
#15211=CARTESIAN_POINT('',(-0.359955867985337,-0.0911077430412255,-0.129726860864201));
#15212=CARTESIAN_POINT('',(-0.672134545253427,0.00679043249003771,-0.166523381969413));
#15213=CARTESIAN_POINT('',(-0.668948646170266,0.0608400909264559,-0.16497292013169));
#15214=CARTESIAN_POINT('',(-0.664164700385578,0.136824520558384,-0.11936227522077));
#15215=CARTESIAN_POINT('',(-0.657788789518891,0.172631552642298,-0.0150987549718302));
#15216=CARTESIAN_POINT('',(-0.653008071360972,0.159693601879781,0.0661598129195808));
#15217=CARTESIAN_POINT('',(-0.64769213572104,0.105898502757743,0.14020398870356));
#15218=CARTESIAN_POINT('',(-0.641319464183066,0.0011756930438194,0.181640111937904));
#15219=CARTESIAN_POINT('',(-0.633878395452487,-0.125705576743834,0.136325552551226));
#15220=CARTESIAN_POINT('',(-0.626438338322728,-0.181350236645914,0.0133866505682204));
#15221=CARTESIAN_POINT('',(-0.620064573711674,-0.148142364993359,-0.0942283939282918));
#15222=CARTESIAN_POINT('',(-0.614751091579457,-0.0788823720791056,-0.153839522290276));
#15223=CARTESIAN_POINT('',(-0.609966953170329,0.00124673804846029,-0.173364190956038));
#15224=CARTESIAN_POINT('',(-0.605187856671827,0.0811238434761652,-0.152687778633133));
#15225=CARTESIAN_POINT('',(-0.599871842407622,0.14946502023063,-0.0920558623967029));
#15226=CARTESIAN_POINT('',(-0.593497886126797,0.181178785743588,0.0159930623614977));
#15227=CARTESIAN_POINT('',(-0.586056988044105,0.123701039278279,0.138138211427605));
#15228=CARTESIAN_POINT('',(-0.578619244944888,-0.00379907557998867,0.181567341384119));
#15229=CARTESIAN_POINT('',(-0.57224277843185,-0.107924395962889,0.138675249241985));
#15230=CARTESIAN_POINT('',(-0.566931136297673,-0.160639017659398,0.0638328288461126));
#15231=CARTESIAN_POINT('',(-0.561614455785986,-0.173704485353128,-0.0266692192907374));
#15232=CARTESIAN_POINT('',(-0.555242726102686,-0.127434014998817,-0.129373293241745));
#15233=CARTESIAN_POINT('',(-0.547800428740946,-0.00488821846064587,-0.185468447794589));
#15234=CARTESIAN_POINT('',(-0.540361923138082,0.120585435405168,-0.13594838758394));
#15235=CARTESIAN_POINT('',(-0.533987037270408,0.171979497817939,-0.0357018410823739));
#15236=CARTESIAN_POINT('',(-0.528673781574992,0.163810677498183,0.0552882909856242));
#15237=CARTESIAN_POINT('',(-0.523890018698238,0.119922454819466,0.125110199949075));
#15238=CARTESIAN_POINT('',(-0.519110647139985,0.0482470292457617,0.166076680127997));
#15239=CARTESIAN_POINT('',(-0.513794357535587,-0.0429602680730239,0.170214558390841));
#15240=CARTESIAN_POINT('',(-0.507421085612333,-0.141008486224246,0.11479978904975));
#15241=CARTESIAN_POINT('',(-0.499979072524073,-0.185070989028456,-0.0128070925055652));
#15242=CARTESIAN_POINT('',(-0.492542919742744,-0.123768430664834,-0.132745582802872));
#15243=CARTESIAN_POINT('',(-0.48616507730585,-0.0192965597530048,-0.174739029261283));
#15244=CARTESIAN_POINT('',(-0.48085388225004,0.0706532232256032,-0.157756688127699));
#15245=CARTESIAN_POINT('',(-0.475537749528808,0.143075771026465,-0.101910637168702));
#15246=CARTESIAN_POINT('',(-0.469164907508313,0.18167417610575,0.00390909158800468));
#15247=CARTESIAN_POINT('',(-0.461723691108749,0.132725374812513,0.12950905321103));
#15248=CARTESIAN_POINT('',(-0.454284364307936,0.00831951711733085,0.181582150157904));
#15249=CARTESIAN_POINT('',(-0.447909847104207,-0.0983750036781721,0.145484136119194));
#15250=CARTESIAN_POINT('',(-0.44259696634112,-0.155987513527778,0.0744995555292472));
#15251=CARTESIAN_POINT('',(-0.437812334222082,-0.173249088041935,-0.00608576549451638));
#15252=CARTESIAN_POINT('',(-0.433033455726562,-0.150371577637959,-0.0854095982373332));
#15253=CARTESIAN_POINT('',(-0.427717661139695,-0.0877845396162357,-0.151962429483261));
#15254=CARTESIAN_POINT('',(-0.421874395797952,0.0119324158240752,-0.178247668166321));
#15255=CARTESIAN_POINT('',(-0.415496023174485,0.116158102763819,-0.135644876894271));
#15256=CARTESIAN_POINT('',(-0.409654133701703,0.16907532733286,-0.0471067135377098));
#15257=CARTESIAN_POINT('',(-0.404339224714228,0.167238650590651,0.0441833526824322));
#15258=CARTESIAN_POINT('',(-0.399556983781854,0.12797828067167,0.116837353853586));
#15259=CARTESIAN_POINT('',(-0.394776842802446,0.059271288843429,0.162395027395397));
#15260=CARTESIAN_POINT('',(-0.389991773256737,-0.0224007252891415,0.171777060687683));
#15261=CARTESIAN_POINT('',(-0.385212091003409,-0.0994309262875003,0.141691209937298));
#15262=CARTESIAN_POINT('',(-0.380430150081951,-0.153392954045382,0.0797665442134048));
#15263=CARTESIAN_POINT('',(-0.375909993021183,-0.172327497953606,0.00400471870830265));
#15264=CARTESIAN_POINT('',(-0.372065409736495,-0.158469705344491,-0.0599705905207405));
#15265=CARTESIAN_POINT('',(-0.368867786816302,-0.131076293001148,-0.106896516329989));
#15266=CARTESIAN_POINT('',(-0.367018342839909,-0.107756089545192,-0.127486457770573));
#15267=CARTESIAN_POINT('',(-0.366099221876529,-0.0972814039318001,-0.138613586991407));
#15268=CARTESIAN_POINT('',(-0.678279350081175,0.00724943466268462,-0.177157333874995));
#15269=CARTESIAN_POINT('',(-0.675093358012112,0.0647523585415651,-0.175498002538599));
#15270=CARTESIAN_POINT('',(-0.670309579565602,0.145579790368675,-0.126965837103468));
#15271=CARTESIAN_POINT('',(-0.663933536374128,0.183659407942327,-0.0160354266539605));
#15272=CARTESIAN_POINT('',(-0.659152876056096,0.169881614228412,0.0704092215538863));
#15273=CARTESIAN_POINT('',(-0.653836962518602,0.112641015456019,0.14917394835767));
#15274=CARTESIAN_POINT('',(-0.64746419387556,0.00122112625416998,0.193241109039068));
#15275=CARTESIAN_POINT('',(-0.640023166466653,-0.133754323230243,0.145011669205869));
#15276=CARTESIAN_POINT('',(-0.632583217737189,-0.192934773180766,0.0142156636804069));
#15277=CARTESIAN_POINT('',(-0.626209310615044,-0.157588149896133,-0.100270223267148));
#15278=CARTESIAN_POINT('',(-0.62089591518354,-0.0838968554560181,-0.163675697510953));
#15279=CARTESIAN_POINT('',(-0.616111747743536,0.00135295335808046,-0.184436330906783));
#15280=CARTESIAN_POINT('',(-0.611332622555782,0.0863286922409425,-0.162425848779846));
#15281=CARTESIAN_POINT('',(-0.606016693943859,0.15902378416284,-0.0979131058843314));
#15282=CARTESIAN_POINT('',(-0.599642593470873,0.192748066849964,0.0170442074421803));
#15283=CARTESIAN_POINT('',(-0.592201806803264,0.131579513119753,0.146978439098529));
#15284=CARTESIAN_POINT('',(-0.584764103906241,-0.00406788131151609,0.19316274080365));
#15285=CARTESIAN_POINT('',(-0.578387538967527,-0.114839170214927,0.147514801536203));
#15286=CARTESIAN_POINT('',(-0.573075923787981,-0.170907462476805,0.0678843687311819));
#15287=CARTESIAN_POINT('',(-0.567759293783954,-0.184794318801734,-0.0283980067107902));
#15288=CARTESIAN_POINT('',(-0.56138745385807,-0.135551756388799,-0.137656783634219));
#15289=CARTESIAN_POINT('',(-0.553945202781126,-0.00517152562838427,-0.197313254778475));
#15290=CARTESIAN_POINT('',(-0.546506804136941,0.128306428646056,-0.144613922177044));
#15291=CARTESIAN_POINT('',(-0.540131767107568,0.182968797700808,-0.0379539590163665));
#15292=CARTESIAN_POINT('',(-0.534818608616853,0.174263516148033,0.0588435170173918));
#15293=CARTESIAN_POINT('',(-0.530034822134591,0.127562517609302,0.133118879458641));
#15294=CARTESIAN_POINT('',(-0.525255398807859,0.0513016286889027,0.17669041124928));
#15295=CARTESIAN_POINT('',(-0.519939218488703,-0.0457284592484976,0.181078789094712));
#15296=CARTESIAN_POINT('',(-0.513565792860794,-0.150033447000138,0.122109008863479));
#15297=CARTESIAN_POINT('',(-0.506123899408171,-0.196887726868361,-0.0136529587314446));
#15298=CARTESIAN_POINT('',(-0.498687768672113,-0.131653596199369,-0.141241340031552));
#15299=CARTESIAN_POINT('',(-0.492309838395917,-0.0205012523518404,-0.185902134416625));
#15300=CARTESIAN_POINT('',(-0.486998673706419,0.0751895738915125,-0.167820259155938));
#15301=CARTESIAN_POINT('',(-0.481682587212844,0.152228320469056,-0.108398133939751));
#15302=CARTESIAN_POINT('',(-0.475309625730772,0.193276732668222,0.00418854148927052));
#15303=CARTESIAN_POINT('',(-0.467868476057285,0.141181089778493,0.137799951785074));
#15304=CARTESIAN_POINT('',(-0.460429242114608,0.00882492505527662,0.193180643004747));
#15305=CARTESIAN_POINT('',(-0.454054588062908,-0.104681231207705,0.154759629422715));
#15306=CARTESIAN_POINT('',(-0.448741779023312,-0.165960265549312,0.0792335641704633));
#15307=CARTESIAN_POINT('',(-0.443957145574561,-0.18431310948774,-0.00650062203354299));
#15308=CARTESIAN_POINT('',(-0.439178211235449,-0.159961035818282,-0.0908880168571961));
#15309=CARTESIAN_POINT('',(-0.433862516293262,-0.0933685801441448,-0.161679986091806));
#15310=CARTESIAN_POINT('',(-0.428019107483875,0.0127234744091886,-0.189630093690612));
#15311=CARTESIAN_POINT('',(-0.4216408958427,0.123596510655214,-0.144291245501927));
#15312=CARTESIAN_POINT('',(-0.415798858553044,0.179880736121696,-0.0500875823136041));
#15313=CARTESIAN_POINT('',(-0.41048407305395,0.177912392031405,0.0470294829687304));
#15314=CARTESIAN_POINT('',(-0.405701750416438,0.136133515835932,0.124319568828647));
#15315=CARTESIAN_POINT('',(-0.400921619391267,0.0630309587819596,0.172774975655509));
#15316=CARTESIAN_POINT('',(-0.396136619186262,-0.0238564219380822,0.182744401584369));
#15317=CARTESIAN_POINT('',(-0.391356835833486,-0.105804047757634,0.150724320782189));
#15318=CARTESIAN_POINT('',(-0.386574957512631,-0.163200354850526,0.0848372784901636));
#15319=CARTESIAN_POINT('',(-0.382054854261228,-0.183335354871952,0.00423519231331898));
#15320=CARTESIAN_POINT('',(-0.378210000466091,-0.168577498919894,-0.0638284728633399));
#15321=CARTESIAN_POINT('',(-0.375012828260122,-0.139435024532946,-0.113739199454467));
#15322=CARTESIAN_POINT('',(-0.373162792107452,-0.114612763892982,-0.135651007775532));
#15323=CARTESIAN_POINT('',(-0.372243035722852,-0.103457394183345,-0.147498371600199));
#15324=CARTESIAN_POINT('',(-0.684424252774392,0.00770671588042509,-0.187791301514163));
#15325=CARTESIAN_POINT('',(-0.681238180697856,0.0686628996131244,-0.186023653969198));
#15326=CARTESIAN_POINT('',(-0.676454546118373,0.154333786398524,-0.134570774719504));
#15327=CARTESIAN_POINT('',(-0.670078389366216,0.194687047014834,-0.0169738781855271));
#15328=CARTESIAN_POINT('',(-0.665297778429912,0.180070256143748,0.0746569618715846));
#15329=CARTESIAN_POINT('',(-0.659981884316707,0.119384945795298,0.158142766784914));
#15330=CARTESIAN_POINT('',(-0.653609031736134,0.00126842897181083,0.204842031398235));
#15331=CARTESIAN_POINT('',(-0.646168040212337,-0.141801613907361,0.153699039611668));
#15332=CARTESIAN_POINT('',(-0.638728184686417,-0.204519117790921,0.0150465474702359));
#15333=CARTESIAN_POINT('',(-0.632354154904736,-0.167034855790589,-0.106310490014888));
#15334=CARTESIAN_POINT('',(-0.627040833861487,-0.0889129001844862,-0.173511009054887));
#15335=CARTESIAN_POINT('',(-0.62225664188131,0.0014573728769244,-0.19550842658547));
#15336=CARTESIAN_POINT('',(-0.617477491555716,0.0915319395800832,-0.172164702990938));
#15337=CARTESIAN_POINT('',(-0.612161636894988,0.168581549211196,-0.103771866293383));
#15338=CARTESIAN_POINT('',(-0.605787412323301,0.20431744794739,0.0180934780549511));
#15339=CARTESIAN_POINT('',(-0.598346721641483,0.139459378155742,0.155817340639825));
#15340=CARTESIAN_POINT('',(-0.590909053025851,-0.00433481314351442,0.204758122789423));
#15341=CARTESIAN_POINT('',(-0.584532403735907,-0.12175247338984,0.156355422683129));
#15342=CARTESIAN_POINT('',(-0.579220811353904,-0.181175195201791,0.0719375429087408));
#15343=CARTESIAN_POINT('',(-0.573904225263203,-0.195884373666658,-0.0301249860861531));
#15344=CARTESIAN_POINT('',(-0.567532289994136,-0.143670785216597,-0.145938918638805));
#15345=CARTESIAN_POINT('',(-0.560090079237339,-0.00545675324446116,-0.209157946423157));
#15346=CARTESIAN_POINT('',(-0.552651772324871,0.136025982454958,-0.153280661124743));
#15347=CARTESIAN_POINT('',(-0.546276605384735,0.193957667680048,-0.0402078411532004));
#15348=CARTESIAN_POINT('',(-0.540963530259579,0.18471687262962,0.0623970351022846));
#15349=CARTESIAN_POINT('',(-0.536179723841444,0.13520383611669,0.141126276982914));
#15350=CARTESIAN_POINT('',(-0.531400255608144,0.0543579234032429,0.187303587146628));
#15351=CARTESIAN_POINT('',(-0.526084169559952,-0.0484948760929893,0.191943411719778));
#15352=CARTESIAN_POINT('',(-0.519710611579997,-0.159057174000913,0.129419641347464));
#15353=CARTESIAN_POINT('',(-0.512268821322562,-0.208704538608408,-0.0144969024300415));
#15354=CARTESIAN_POINT('',(-0.504832709047657,-0.139540089723841,-0.149735779660951));
#15355=CARTESIAN_POINT('',(-0.498454703715314,-0.021707747140177,-0.197064980019816));
#15356=CARTESIAN_POINT('',(-0.493143564685479,0.0797242748515522,-0.177884505989591));
#15357=CARTESIAN_POINT('',(-0.487827518346608,0.161379769685105,-0.114887079380791));
#15358=CARTESIAN_POINT('',(-0.481454453779069,0.204879265903908,0.00446611905956677));
#15359=CARTESIAN_POINT('',(-0.474013361811402,0.149638100705162,0.146089431000152));
#15360=CARTESIAN_POINT('',(-0.466574207607217,0.00933220622918345,0.204778995745235));
#15361=CARTESIAN_POINT('',(-0.460199435890583,-0.110985921548546,0.164036088198839));
#15362=CARTESIAN_POINT('',(-0.454886688280861,-0.175932198048578,0.0839691569548332));
#15363=CARTESIAN_POINT('',(-0.45010205414594,-0.195377137870246,-0.00691368213924443));
#15364=CARTESIAN_POINT('',(-0.445323071335254,-0.169551322684742,-0.0963648560211453));
#15365=CARTESIAN_POINT('',(-0.440007462306985,-0.0989541639656761,-0.171396587704453));
#15366=CARTESIAN_POINT('',(-0.434163930139136,0.013512687825341,-0.201012578318442));
#15367=CARTESIAN_POINT('',(-0.427785857031575,0.131033480764193,-0.152938775041661));
#15368=CARTESIAN_POINT('',(-0.421943692404615,0.19068559850829,-0.0530701788416308));
#15369=CARTESIAN_POINT('',(-0.416629013114099,0.188586537377299,0.0498738719816945));
#15370=CARTESIAN_POINT('',(-0.4118466204256,0.144289915878828,0.131800420636971));
#15371=CARTESIAN_POINT('',(-0.407066497584725,0.0667922823754754,0.183154257632267));
#15372=CARTESIAN_POINT('',(-0.402281557402059,-0.025310333350762,0.193711920798294));
#15373=CARTESIAN_POINT('',(-0.397501686900375,-0.112175672859838,0.159758408260525));
#15374=CARTESIAN_POINT('',(-0.392719862254926,-0.173006881271185,0.0899095696691659));
#15375=CARTESIAN_POINT('',(-0.38819980584229,-0.194343119346601,0.00446744809135916));
#15376=CARTESIAN_POINT('',(-0.384354718591224,-0.178685841495941,-0.0676846972297213));
#15377=CARTESIAN_POINT('',(-0.381157934808307,-0.147794836695174,-0.120580498492608));
#15378=CARTESIAN_POINT('',(-0.379307388747186,-0.121470694622872,-0.14381439112291));
#15379=CARTESIAN_POINT('',(-0.378387085546161,-0.109634707167478,-0.156382071165393));
#15380=CARTESIAN_POINT('',(1.32874015748032,-0.344505764456045,0.344505764456045));
#15381=CARTESIAN_POINT('',(-0.251574803149606,-0.344505764456045,0.344505764456045));
#15382=CARTESIAN_POINT('',(-0.251574803149606,-0.329188351192614,0.266266654588407));
#15383=CARTESIAN_POINT('',(-0.251574803149606,-0.266262883808503,0.329207624375066));
#15384=CARTESIAN_POINT('',(-0.251574803149606,-0.344505764456045,0.344505764456045));
#15385=CARTESIAN_POINT('',(-0.393307086614173,-0.344505764456045,0.344505764456045));
#15386=CARTESIAN_POINT('',(-0.393307086614173,-0.344505764456045,0.424230173904864));
#15387=CARTESIAN_POINT('',(0.563385826771654,-0.344505764456045,0.344505764456045));
#15388=CARTESIAN_POINT('',(-0.242716535433071,-0.344505764456045,0.344505764456045));
#15389=CARTESIAN_POINT('',(-0.242716535433071,-0.33480423586114,0.274306830084201));
#15390=CARTESIAN_POINT('',(-0.24271653543307,-0.274305972886687,0.334810440447088));
#15391=CARTESIAN_POINT('',(-0.247145669291339,-0.334804235861141,0.274306830084201));
#15392=CARTESIAN_POINT('',(-0.251574803149606,-0.334804235861153,0.274306830084218));
#15393=CARTESIAN_POINT('',(-0.251574803149606,-0.344505764456045,0.344505764456045));
#15394=CARTESIAN_POINT('',(-0.251574803149606,-0.274305972886686,0.334810440447087));
#15395=CARTESIAN_POINT('',(-0.247145669291339,-0.274305972886687,0.334810440447088));
#15396=CARTESIAN_POINT('',(0.251574803149606,-0.344505764456045,0.344505764456045));
#15397=CARTESIAN_POINT('',(0.251574803149606,-0.334804235861141,0.274306830084202));
#15398=CARTESIAN_POINT('',(0.251574803149606,-0.274305972886687,0.334810440447088));
#15399=CARTESIAN_POINT('',(0.247145669291339,-0.334804235861142,0.274306830084203));
#15400=CARTESIAN_POINT('',(0.242716535433071,-0.334804235861155,0.274306830084221));
#15401=CARTESIAN_POINT('',(0.242716535433071,-0.344505764456045,0.344505764456045));
#15402=CARTESIAN_POINT('',(0.24271653543307,-0.274305972886687,0.334810440447087));
#15403=CARTESIAN_POINT('',(0.247145669291339,-0.274305972886687,0.334810440447088));
#15404=CARTESIAN_POINT('',(0.411023622047244,-0.344505764456045,0.344505764456045));
#15405=CARTESIAN_POINT('',(0.411023622047244,-0.344505764456045,0.273639622723762));
#15406=CARTESIAN_POINT('',(-0.393307086614173,-0.344505764456045,0.344505764456045));
#15407=CARTESIAN_POINT('',(-0.393307086614173,-0.344505764456045,0.415371906188329));
#15408=CARTESIAN_POINT('',(0.251574803149606,0.,0.));
#15409=CARTESIAN_POINT('',(0.242716535433071,0.,0.));
#15410=CARTESIAN_POINT('',(0.242716535433071,-0.212504944154942,0.305386313622613));
#15411=CARTESIAN_POINT('',(0.242716535433071,-0.305382389834686,0.212510582835678));
#15412=CARTESIAN_POINT('',(0.247145669291339,-0.305382389834686,0.212510582835679));
#15413=CARTESIAN_POINT('',(0.251574803149606,-0.305382389834686,0.212510582835679));
#15414=CARTESIAN_POINT('',(0.251574803149606,0.,0.));
#15415=CARTESIAN_POINT('',(0.251574803149606,-0.212504944154942,0.305386313622614));
#15416=CARTESIAN_POINT('',(0.247145669291339,-0.212504944154943,0.305386313622614));
#15417=CARTESIAN_POINT('',(0.251574803149606,0.,0.));
#15418=CARTESIAN_POINT('',(0.251574803149606,-0.305382389834686,0.212510582835679));
#15419=CARTESIAN_POINT('',(0.251574803149606,-0.310294571451066,0.231526602042403));
#15420=CARTESIAN_POINT('',(0.251574803149606,-0.318152658729778,0.24949253535376));
#15421=CARTESIAN_POINT('',(0.251574803149606,-0.329188351192615,0.26626665458841));
#15422=CARTESIAN_POINT('',(0.251574803149606,-0.329188351192613,0.266266654588407));
#15423=CARTESIAN_POINT('',(0.251574803149606,-0.344505764456045,0.344505764456045));
#15424=CARTESIAN_POINT('',(0.251574803149606,-0.266262883808503,0.329207624375066));
#15425=CARTESIAN_POINT('',(0.251574803149606,-0.266262883808503,0.329207624375065));
#15426=CARTESIAN_POINT('',(0.251574803149606,-0.249974953034286,0.318505658782552));
#15427=CARTESIAN_POINT('',(0.251574803149606,-0.231473978306388,0.310254605842325));
#15428=CARTESIAN_POINT('',(0.251574803149606,-0.212504944154943,0.305386313622614));
#15429=CARTESIAN_POINT('',(1.32874015748032,-0.344505764456045,0.344505764456045));
#15430=CARTESIAN_POINT('',(0.411023622047244,-0.344505764456045,0.344505764456045));
#15431=CARTESIAN_POINT('',(0.411023622047244,-0.344505764456045,0.264781355007226));
#15432=CARTESIAN_POINT('',(0.251574803149606,-0.344505764456045,0.344505764456045));
#15433=CARTESIAN_POINT('',(0.242716535433071,0.,0.));
#15434=CARTESIAN_POINT('',(0.24271653543307,-0.266262883808504,0.329207624375066));
#15435=CARTESIAN_POINT('',(0.24271653543307,-0.249974953034286,0.318505658782552));
#15436=CARTESIAN_POINT('',(0.242716535433071,-0.231473978306391,0.310254605842326));
#15437=CARTESIAN_POINT('',(0.24271653543307,-0.212504944154944,0.305386313622614));
#15438=CARTESIAN_POINT('',(0.24271653543307,-0.266262883808504,0.329207624375066));
#15439=CARTESIAN_POINT('',(0.242716535433071,-0.344505764456045,0.344505764456045));
#15440=CARTESIAN_POINT('',(0.242716535433071,-0.329188351192614,0.266266654588407));
#15441=CARTESIAN_POINT('',(0.242716535433071,-0.305382389834686,0.212510582835679));
#15442=CARTESIAN_POINT('',(0.242716535433071,-0.310294571451067,0.231526602042404));
#15443=CARTESIAN_POINT('',(0.242716535433071,-0.318152658729777,0.24949253535376));
#15444=CARTESIAN_POINT('',(0.242716535433071,-0.329188351192615,0.26626665458841));
#15445=CARTESIAN_POINT('',(0.251574803149606,-0.274305972886686,0.334810440447087));
#15446=CARTESIAN_POINT('',(0.248622047244094,-0.274305972886684,0.334810440447086));
#15447=CARTESIAN_POINT('',(0.245669291338583,-0.274305972886687,0.334810440447088));
#15448=CARTESIAN_POINT('',(0.24271653543307,-0.274305972886686,0.334810440447087));
#15449=CARTESIAN_POINT('',(0.251574803149606,-0.255881604470806,0.321171447632276));
#15450=CARTESIAN_POINT('',(0.248622047244094,-0.255881604470806,0.321171447632276));
#15451=CARTESIAN_POINT('',(0.245669291338583,-0.255881604470807,0.321171447632276));
#15452=CARTESIAN_POINT('',(0.24271653543307,-0.255881604470806,0.321171447632276));
#15453=CARTESIAN_POINT('',(0.251574803149606,-0.235281261560225,0.311363405357452));
#15454=CARTESIAN_POINT('',(0.248622047244094,-0.235281261560225,0.311363405357452));
#15455=CARTESIAN_POINT('',(0.245669291338583,-0.235281261560225,0.311363405357452));
#15456=CARTESIAN_POINT('',(0.24271653543307,-0.235281261560225,0.311363405357452));
#15457=CARTESIAN_POINT('',(0.251574803149606,-0.212504944154943,0.305386313622614));
#15458=CARTESIAN_POINT('',(0.248622047244094,-0.212504944154943,0.305386313622614));
#15459=CARTESIAN_POINT('',(0.245669291338583,-0.212504944154943,0.305386313622614));
#15460=CARTESIAN_POINT('',(0.24271653543307,-0.212504944154943,0.305386313622614));
#15461=CARTESIAN_POINT('',(0.24271653543307,-0.274305972886687,0.334810440447088));
#15462=CARTESIAN_POINT('',(0.24271653543307,-0.271673011547148,0.332867973947048));
#15463=CARTESIAN_POINT('',(0.24271653543307,-0.268991806574836,0.331000659841311));
#15464=CARTESIAN_POINT('',(0.24271653543307,-0.266262883808504,0.329207624375066));
#15465=CARTESIAN_POINT('',(0.251574803149606,-0.274305972886687,0.334810440447088));
#15466=CARTESIAN_POINT('',(0.251574803149606,-0.271673011547148,0.332867973947048));
#15467=CARTESIAN_POINT('',(0.251574803149606,-0.268991806574836,0.331000659841311));
#15468=CARTESIAN_POINT('',(0.251574803149606,-0.266262883808504,0.329207624375066));
#15469=CARTESIAN_POINT('',(0.242716535433071,0.000483692026627194,-0.00272885490065674));
#15470=CARTESIAN_POINT('',(0.242716535433071,-0.344505764456045,0.344505764456045));
#15471=CARTESIAN_POINT('',(0.242716535433071,-0.329188351192614,0.266266654588408));
#15472=CARTESIAN_POINT('',(0.242716535433071,-0.330999341286529,0.269019337654776));
#15473=CARTESIAN_POINT('',(0.242716535433071,-0.332872923829172,0.271698744801959));
#15474=CARTESIAN_POINT('',(0.242716535433071,-0.334804235861144,0.274306830084206));
#15475=CARTESIAN_POINT('',(0.251574803149606,-0.305382389834682,0.212510582835661));
#15476=CARTESIAN_POINT('',(0.248622047244094,-0.305382389834682,0.212510582835661));
#15477=CARTESIAN_POINT('',(0.245669291338584,-0.305382389834682,0.212510582835661));
#15478=CARTESIAN_POINT('',(0.242716535433071,-0.305382389834682,0.212510582835661));
#15479=CARTESIAN_POINT('',(0.251574803149606,-0.311081328387549,0.23468521219349));
#15480=CARTESIAN_POINT('',(0.248622047244094,-0.311081328387549,0.23468521219349));
#15481=CARTESIAN_POINT('',(0.245669291338584,-0.311081328387548,0.234685212193489));
#15482=CARTESIAN_POINT('',(0.242716535433071,-0.311081328387549,0.23468521219349));
#15483=CARTESIAN_POINT('',(0.251574803149606,-0.320888610396371,0.25528396127634));
#15484=CARTESIAN_POINT('',(0.248622047244094,-0.320888610396371,0.25528396127634));
#15485=CARTESIAN_POINT('',(0.245669291338584,-0.320888610396371,0.25528396127634));
#15486=CARTESIAN_POINT('',(0.242716535433071,-0.320888610396371,0.25528396127634));
#15487=CARTESIAN_POINT('',(0.251574803149606,-0.334804235861148,0.274306830084212));
#15488=CARTESIAN_POINT('',(0.248622047244094,-0.334804235861147,0.27430683008421));
#15489=CARTESIAN_POINT('',(0.245669291338584,-0.334804235861149,0.274306830084212));
#15490=CARTESIAN_POINT('',(0.242716535433071,-0.334804235861148,0.274306830084212));
#15491=CARTESIAN_POINT('',(0.251574803149606,-0.329188351192614,0.266266654588408));
#15492=CARTESIAN_POINT('',(0.251574803149606,-0.330999341286525,0.26901933765477));
#15493=CARTESIAN_POINT('',(0.251574803149606,-0.332872923829166,0.271698744801949));
#15494=CARTESIAN_POINT('',(0.251574803149606,-0.334804235861132,0.27430683008419));
#15495=CARTESIAN_POINT('',(0.251574803149606,0.000483692026627194,-0.00272885490065674));
#15496=CARTESIAN_POINT('',(0.251574803149606,0.,0.));
#15497=CARTESIAN_POINT('',(-0.251574803149606,0.,0.));
#15498=CARTESIAN_POINT('',(-0.251574803149606,-0.212504944154942,0.305386313622613));
#15499=CARTESIAN_POINT('',(-0.251574803149606,-0.305382389834686,0.212510582835678));
#15500=CARTESIAN_POINT('',(-0.247145669291339,-0.305382389834686,0.212510582835679));
#15501=CARTESIAN_POINT('',(-0.242716535433071,-0.305382389834686,0.212510582835679));
#15502=CARTESIAN_POINT('',(-0.242716535433071,0.,0.));
#15503=CARTESIAN_POINT('',(-0.24271653543307,-0.212504944154942,0.305386313622614));
#15504=CARTESIAN_POINT('',(-0.247145669291339,-0.212504944154943,0.305386313622614));
#15505=CARTESIAN_POINT('',(-0.251574803149606,0.,0.));
#15506=CARTESIAN_POINT('',(-0.251574803149606,-0.266262883808503,0.329207624375065));
#15507=CARTESIAN_POINT('',(-0.251574803149606,-0.249974953034286,0.318505658782552));
#15508=CARTESIAN_POINT('',(-0.251574803149606,-0.231473978306388,0.310254605842325));
#15509=CARTESIAN_POINT('',(-0.251574803149606,-0.212504944154943,0.305386313622614));
#15510=CARTESIAN_POINT('',(-0.251574803149606,-0.305382389834686,0.212510582835679));
#15511=CARTESIAN_POINT('',(-0.251574803149606,-0.310294571451067,0.231526602042404));
#15512=CARTESIAN_POINT('',(-0.251574803149606,-0.318152658729777,0.24949253535376));
#15513=CARTESIAN_POINT('',(-0.251574803149606,-0.329188351192615,0.26626665458841));
#15514=CARTESIAN_POINT('',(-0.242716535433071,0.,0.));
#15515=CARTESIAN_POINT('',(-0.242716535433071,-0.305382389834686,0.212510582835679));
#15516=CARTESIAN_POINT('',(-0.242716535433071,-0.310294571451066,0.231526602042403));
#15517=CARTESIAN_POINT('',(-0.242716535433071,-0.318152658729778,0.24949253535376));
#15518=CARTESIAN_POINT('',(-0.242716535433071,-0.329188351192615,0.26626665458841));
#15519=CARTESIAN_POINT('',(-0.242716535433071,-0.329188351192613,0.266266654588407));
#15520=CARTESIAN_POINT('',(-0.242716535433071,-0.344505764456045,0.344505764456045));
#15521=CARTESIAN_POINT('',(-0.24271653543307,-0.266262883808502,0.329207624375065));
#15522=CARTESIAN_POINT('',(-0.24271653543307,-0.266262883808502,0.329207624375065));
#15523=CARTESIAN_POINT('',(-0.24271653543307,-0.249974953034285,0.318505658782552));
#15524=CARTESIAN_POINT('',(-0.24271653543307,-0.231473978306383,0.310254605842324));
#15525=CARTESIAN_POINT('',(-0.24271653543307,-0.212504944154945,0.305386313622614));
#15526=CARTESIAN_POINT('',(1.32874015748032,-0.344505764456045,0.344505764456045));
#15527=CARTESIAN_POINT('',(-0.242716535433071,-0.344505764456045,0.344505764456045));
#15528=CARTESIAN_POINT('',(0.411023622047244,-0.168069555197034,0.478346456692913));
#15529=CARTESIAN_POINT('',(-0.251574803149606,-0.305382389834686,0.212510582835679));
#15530=CARTESIAN_POINT('',(-0.248622047244094,-0.305382389834687,0.21251058283568));
#15531=CARTESIAN_POINT('',(-0.245669291338584,-0.305382389834686,0.212510582835678));
#15532=CARTESIAN_POINT('',(-0.242716535433071,-0.305382389834686,0.212510582835679));
#15533=CARTESIAN_POINT('',(-0.251574803149606,-0.311081328387552,0.234685212193496));
#15534=CARTESIAN_POINT('',(-0.248622047244094,-0.311081328387552,0.234685212193496));
#15535=CARTESIAN_POINT('',(-0.245669291338584,-0.311081328387552,0.234685212193496));
#15536=CARTESIAN_POINT('',(-0.242716535433071,-0.311081328387552,0.234685212193496));
#15537=CARTESIAN_POINT('',(-0.251574803149606,-0.320888610396373,0.25528396127634));
#15538=CARTESIAN_POINT('',(-0.248622047244094,-0.320888610396372,0.255283961276339));
#15539=CARTESIAN_POINT('',(-0.245669291338584,-0.320888610396372,0.25528396127634));
#15540=CARTESIAN_POINT('',(-0.242716535433071,-0.320888610396373,0.25528396127634));
#15541=CARTESIAN_POINT('',(-0.251574803149606,-0.334804235861147,0.27430683008421));
#15542=CARTESIAN_POINT('',(-0.248622047244094,-0.334804235861147,0.274306830084209));
#15543=CARTESIAN_POINT('',(-0.245669291338584,-0.334804235861147,0.274306830084209));
#15544=CARTESIAN_POINT('',(-0.242716535433071,-0.334804235861147,0.27430683008421));
#15545=CARTESIAN_POINT('',(-0.242716535433071,-0.329188351192614,0.266266654588408));
#15546=CARTESIAN_POINT('',(-0.242716535433071,-0.330999341286524,0.26901933765477));
#15547=CARTESIAN_POINT('',(-0.242716535433071,-0.332872923829166,0.271698744801949));
#15548=CARTESIAN_POINT('',(-0.242716535433071,-0.334804235861132,0.27430683008419));
#15549=CARTESIAN_POINT('',(-0.251574803149606,-0.329188351192614,0.266266654588408));
#15550=CARTESIAN_POINT('',(-0.251574803149606,-0.330999341286528,0.269019337654775));
#15551=CARTESIAN_POINT('',(-0.251574803149606,-0.332872923829173,0.27169874480196));
#15552=CARTESIAN_POINT('',(-0.251574803149606,-0.334804235861144,0.274306830084206));
#15553=CARTESIAN_POINT('',(-0.251574803149606,-0.274305972886686,0.334810440447087));
#15554=CARTESIAN_POINT('',(-0.248622047244094,-0.274305972886685,0.334810440447086));
#15555=CARTESIAN_POINT('',(-0.245669291338583,-0.274305972886687,0.334810440447088));
#15556=CARTESIAN_POINT('',(-0.24271653543307,-0.274305972886686,0.334810440447087));
#15557=CARTESIAN_POINT('',(-0.251574803149606,-0.255881604470806,0.321171447632276));
#15558=CARTESIAN_POINT('',(-0.248622047244094,-0.255881604470803,0.321171447632275));
#15559=CARTESIAN_POINT('',(-0.245669291338584,-0.255881604470808,0.321171447632277));
#15560=CARTESIAN_POINT('',(-0.24271653543307,-0.255881604470806,0.321171447632276));
#15561=CARTESIAN_POINT('',(-0.251574803149606,-0.235281261560225,0.311363405357452));
#15562=CARTESIAN_POINT('',(-0.248622047244094,-0.235281261560223,0.311363405357451));
#15563=CARTESIAN_POINT('',(-0.245669291338584,-0.235281261560226,0.311363405357452));
#15564=CARTESIAN_POINT('',(-0.24271653543307,-0.235281261560225,0.311363405357452));
#15565=CARTESIAN_POINT('',(-0.251574803149606,-0.212504944154943,0.305386313622614));
#15566=CARTESIAN_POINT('',(-0.248622047244094,-0.212504944154943,0.305386313622614));
#15567=CARTESIAN_POINT('',(-0.245669291338584,-0.212504944154943,0.305386313622614));
#15568=CARTESIAN_POINT('',(-0.24271653543307,-0.212504944154943,0.305386313622614));
#15569=CARTESIAN_POINT('',(-0.251574803149606,-0.274305972886686,0.334810440447087));
#15570=CARTESIAN_POINT('',(-0.251574803149606,-0.271673011547147,0.332867973947048));
#15571=CARTESIAN_POINT('',(-0.251574803149606,-0.268991806574836,0.331000659841311));
#15572=CARTESIAN_POINT('',(-0.251574803149606,-0.266262883808504,0.329207624375066));
#15573=CARTESIAN_POINT('',(-0.24271653543307,-0.274305972886687,0.334810440447088));
#15574=CARTESIAN_POINT('',(-0.24271653543307,-0.271673011547148,0.332867973947048));
#15575=CARTESIAN_POINT('',(-0.24271653543307,-0.268991806574836,0.331000659841311));
#15576=CARTESIAN_POINT('',(-0.24271653543307,-0.266262883808504,0.329207624375066));
#15577=CARTESIAN_POINT('',(-0.242716535433071,0.000483692026627194,-0.00272885490065674));
#15578=CARTESIAN_POINT('',(-0.251574803149606,0.000483692026627194,-0.00272885490065674));
#15579=CARTESIAN_POINT('',(-0.393307086614173,-0.168069555197034,0.478346456692913));
#15580=CARTESIAN_POINT('',(1.32874015748032,-0.344505764456045,-0.344505764456045));
#15581=CARTESIAN_POINT('',(-0.251574803149606,-0.344505764456045,-0.344505764456045));
#15582=CARTESIAN_POINT('',(-0.251574803149607,-0.266266654588398,-0.329188351192676));
#15583=CARTESIAN_POINT('',(-0.251574803149606,-0.329212895865655,-0.266261853304825));
#15584=CARTESIAN_POINT('',(-0.251574803149606,-0.344505764456045,-0.344505764456045));
#15585=CARTESIAN_POINT('',(-0.393307086614173,-0.344505764456045,-0.344505764456045));
#15586=CARTESIAN_POINT('',(-0.393307086614173,-0.344505764456045,-0.264781355007226));
#15587=CARTESIAN_POINT('',(0.563385826771654,-0.344505764456045,-0.344505764456045));
#15588=CARTESIAN_POINT('',(-0.242716535433071,-0.344505764456045,-0.344505764456045));
#15589=CARTESIAN_POINT('',(-0.242716535433071,-0.274306830084171,-0.334804235861369));
#15590=CARTESIAN_POINT('',(-0.242716535433071,-0.334812224167726,-0.274305726559341));
#15591=CARTESIAN_POINT('',(-0.247145669291339,-0.274306830084171,-0.334804235861369));
#15592=CARTESIAN_POINT('',(-0.251574803149607,-0.274306830084171,-0.334804235861369));
#15593=CARTESIAN_POINT('',(-0.251574803149606,-0.344505764456045,-0.344505764456045));
#15594=CARTESIAN_POINT('',(-0.251574803149606,-0.334812224167726,-0.274305726559341));
#15595=CARTESIAN_POINT('',(-0.247145669291339,-0.334812224167726,-0.274305726559341));
#15596=CARTESIAN_POINT('',(0.251574803149606,-0.344505764456045,-0.344505764456045));
#15597=CARTESIAN_POINT('',(0.251574803149607,-0.274306830084171,-0.334804235861369));
#15598=CARTESIAN_POINT('',(0.251574803149606,-0.334812224167726,-0.274305726559341));
#15599=CARTESIAN_POINT('',(0.247145669291339,-0.274306830084171,-0.334804235861369));
#15600=CARTESIAN_POINT('',(0.242716535433071,-0.274306830084171,-0.334804235861369));
#15601=CARTESIAN_POINT('',(0.242716535433071,-0.344505764456045,-0.344505764456045));
#15602=CARTESIAN_POINT('',(0.242716535433071,-0.334812224167726,-0.274305726559341));
#15603=CARTESIAN_POINT('',(0.247145669291339,-0.334812224167726,-0.274305726559341));
#15604=CARTESIAN_POINT('',(0.411023622047244,-0.344505764456045,-0.344505764456045));
#15605=CARTESIAN_POINT('',(0.411023622047244,-0.344505764456045,-0.415371906188329));
#15606=CARTESIAN_POINT('',(-0.393307086614173,-0.344505764456045,-0.344505764456045));
#15607=CARTESIAN_POINT('',(-0.393307086614173,-0.344505764456045,-0.273639622723762));
#15608=CARTESIAN_POINT('',(0.251574803149606,0.,0.));
#15609=CARTESIAN_POINT('',(0.251574803149606,0.,0.));
#15610=CARTESIAN_POINT('',(0.251574803149607,-0.305382266102437,-0.212510760641534));
#15611=CARTESIAN_POINT('',(0.251574803149607,-0.212510582835469,-0.305382389834831));
#15612=CARTESIAN_POINT('',(0.251574803149607,-0.212510582835469,-0.305382389834831));
#15613=CARTESIAN_POINT('',(0.251574803149607,-0.231526602013615,-0.310294571444336));
#15614=CARTESIAN_POINT('',(0.251574803149607,-0.24949253533933,-0.318152658719866));
#15615=CARTESIAN_POINT('',(0.251574803149607,-0.266266654588392,-0.329188351192672));
#15616=CARTESIAN_POINT('',(0.251574803149607,-0.266266654588395,-0.329188351192674));
#15617=CARTESIAN_POINT('',(0.251574803149606,-0.344505764456045,-0.344505764456045));
#15618=CARTESIAN_POINT('',(0.251574803149606,-0.329212895865654,-0.266261853304825));
#15619=CARTESIAN_POINT('',(0.251574803149607,-0.329212895865655,-0.266261853304825));
#15620=CARTESIAN_POINT('',(0.251574803149606,-0.318482912281637,-0.249920111077879));
#15621=CARTESIAN_POINT('',(0.251574803149607,-0.310272720366373,-0.231549093810063));
#15622=CARTESIAN_POINT('',(0.251574803149607,-0.305382266102439,-0.212510760641544));
#15623=CARTESIAN_POINT('',(0.251574803149606,0.,0.));
#15624=CARTESIAN_POINT('',(0.242716535433071,0.,0.));
#15625=CARTESIAN_POINT('',(0.242716535433071,-0.305382266102437,-0.212510760641535));
#15626=CARTESIAN_POINT('',(0.242716535433071,-0.21251058283547,-0.305382389834831));
#15627=CARTESIAN_POINT('',(0.247145669291339,-0.21251058283547,-0.305382389834831));
#15628=CARTESIAN_POINT('',(0.247145669291339,-0.305382266102437,-0.212510760641535));
#15629=CARTESIAN_POINT('',(1.32874015748032,-0.344505764456045,-0.344505764456045));
#15630=CARTESIAN_POINT('',(0.251574803149606,-0.344505764456045,-0.344505764456045));
#15631=CARTESIAN_POINT('',(0.411023622047244,-0.344505764456045,-0.344505764456045));
#15632=CARTESIAN_POINT('',(0.411023622047244,-0.344505764456045,-0.424230173904864));
#15633=CARTESIAN_POINT('',(0.242716535433071,0.,0.));
#15634=CARTESIAN_POINT('',(0.242716535433071,-0.329212895865655,-0.266261853304826));
#15635=CARTESIAN_POINT('',(0.242716535433071,-0.318482912281638,-0.249920111077881));
#15636=CARTESIAN_POINT('',(0.242716535433071,-0.310272720366374,-0.231549093810064));
#15637=CARTESIAN_POINT('',(0.242716535433071,-0.30538226610244,-0.212510760641545));
#15638=CARTESIAN_POINT('',(0.242716535433071,-0.329212895865655,-0.266261853304826));
#15639=CARTESIAN_POINT('',(0.242716535433071,-0.344505764456045,-0.344505764456045));
#15640=CARTESIAN_POINT('',(0.242716535433071,-0.266266654588395,-0.329188351192674));
#15641=CARTESIAN_POINT('',(0.242716535433071,-0.21251058283547,-0.305382389834831));
#15642=CARTESIAN_POINT('',(0.24271653543307,-0.231526602013615,-0.310294571444336));
#15643=CARTESIAN_POINT('',(0.24271653543307,-0.249492535339336,-0.318152658719869));
#15644=CARTESIAN_POINT('',(0.242716535433071,-0.266266654588394,-0.329188351192674));
#15645=CARTESIAN_POINT('',(0.251574803149606,-0.334812224167726,-0.274305726559341));
#15646=CARTESIAN_POINT('',(0.248622047244095,-0.334812224167726,-0.274305726559341));
#15647=CARTESIAN_POINT('',(0.245669291338584,-0.334812224167726,-0.274305726559341));
#15648=CARTESIAN_POINT('',(0.242716535433071,-0.334812224167726,-0.274305726559341));
#15649=CARTESIAN_POINT('',(0.251574803149607,-0.321161080988524,-0.25583161169758));
#15650=CARTESIAN_POINT('',(0.248622047244095,-0.321161080988524,-0.25583161169758));
#15651=CARTESIAN_POINT('',(0.245669291338584,-0.321161080988523,-0.25583161169758));
#15652=CARTESIAN_POINT('',(0.242716535433071,-0.321161080988523,-0.25583161169758));
#15653=CARTESIAN_POINT('',(0.251574803149607,-0.31135109496676,-0.235233289724978));
#15654=CARTESIAN_POINT('',(0.248622047244095,-0.31135109496676,-0.235233289724978));
#15655=CARTESIAN_POINT('',(0.245669291338584,-0.31135109496676,-0.235233289724978));
#15656=CARTESIAN_POINT('',(0.242716535433071,-0.31135109496676,-0.235233289724978));
#15657=CARTESIAN_POINT('',(0.251574803149606,-0.305382266102437,-0.212510760641534));
#15658=CARTESIAN_POINT('',(0.248622047244095,-0.305382266102437,-0.212510760641534));
#15659=CARTESIAN_POINT('',(0.245669291338584,-0.305382266102437,-0.212510760641534));
#15660=CARTESIAN_POINT('',(0.242716535433071,-0.305382266102437,-0.212510760641534));
#15661=CARTESIAN_POINT('',(0.251574803149606,-0.334812224167726,-0.274305726559341));
#15662=CARTESIAN_POINT('',(0.251574803149606,-0.332868197859624,-0.271668804371533));
#15663=CARTESIAN_POINT('',(0.251574803149606,-0.331002484283398,-0.268987392667127));
#15664=CARTESIAN_POINT('',(0.251574803149606,-0.329212895865655,-0.266261853304826));
#15665=CARTESIAN_POINT('',(0.242716535433071,-0.334812224167726,-0.274305726559341));
#15666=CARTESIAN_POINT('',(0.242716535433071,-0.332868197859625,-0.271668804371534));
#15667=CARTESIAN_POINT('',(0.242716535433071,-0.331002484283398,-0.268987392667127));
#15668=CARTESIAN_POINT('',(0.242716535433071,-0.329212895865655,-0.266261853304826));
#15669=CARTESIAN_POINT('',(0.242716535433071,0.000483692026627194,-0.00272885490065674));
#15670=CARTESIAN_POINT('',(0.242716535433071,-0.344505764456045,-0.344505764456045));
#15671=CARTESIAN_POINT('',(0.242716535433071,-0.266266654588394,-0.329188351192674));
#15672=CARTESIAN_POINT('',(0.242716535433071,-0.26901933765435,-0.330999341286397));
#15673=CARTESIAN_POINT('',(0.242716535433071,-0.271698744801525,-0.332872923829064));
#15674=CARTESIAN_POINT('',(0.242716535433071,-0.274306830084161,-0.334804235861362));
#15675=CARTESIAN_POINT('',(0.251574803149607,-0.212510582835446,-0.305382389834825));
#15676=CARTESIAN_POINT('',(0.248622047244095,-0.212510582835446,-0.305382389834825));
#15677=CARTESIAN_POINT('',(0.245669291338583,-0.212510582835446,-0.305382389834825));
#15678=CARTESIAN_POINT('',(0.242716535433071,-0.212510582835446,-0.305382389834825));
#15679=CARTESIAN_POINT('',(0.251574803149607,-0.234685212160322,-0.311081328371957));
#15680=CARTESIAN_POINT('',(0.248622047244095,-0.234685212160321,-0.311081328371957));
#15681=CARTESIAN_POINT('',(0.245669291338583,-0.234685212160322,-0.311081328371957));
#15682=CARTESIAN_POINT('',(0.24271653543307,-0.234685212160322,-0.311081328371957));
#15683=CARTESIAN_POINT('',(0.251574803149607,-0.255283961243229,-0.320888610380805));
#15684=CARTESIAN_POINT('',(0.248622047244095,-0.255283961243229,-0.320888610380805));
#15685=CARTESIAN_POINT('',(0.245669291338583,-0.255283961243229,-0.320888610380805));
#15686=CARTESIAN_POINT('',(0.24271653543307,-0.255283961243229,-0.320888610380805));
#15687=CARTESIAN_POINT('',(0.251574803149607,-0.27430683008417,-0.334804235861368));
#15688=CARTESIAN_POINT('',(0.248622047244096,-0.274306830084171,-0.334804235861369));
#15689=CARTESIAN_POINT('',(0.245669291338582,-0.274306830084169,-0.334804235861368));
#15690=CARTESIAN_POINT('',(0.242716535433071,-0.274306830084169,-0.334804235861368));
#15691=CARTESIAN_POINT('',(0.251574803149607,-0.266266654588394,-0.329188351192674));
#15692=CARTESIAN_POINT('',(0.251574803149607,-0.26901933765435,-0.330999341286397));
#15693=CARTESIAN_POINT('',(0.251574803149607,-0.271698744801525,-0.332872923829064));
#15694=CARTESIAN_POINT('',(0.251574803149607,-0.274306830084162,-0.334804235861362));
#15695=CARTESIAN_POINT('',(0.251574803149606,0.000483692026627194,-0.00272885490065674));
#15696=CARTESIAN_POINT('',(0.251574803149606,0.,0.));
#15697=CARTESIAN_POINT('',(-0.251574803149606,0.,0.));
#15698=CARTESIAN_POINT('',(-0.251574803149606,-0.305382266102437,-0.212510760641535));
#15699=CARTESIAN_POINT('',(-0.251574803149607,-0.212510582835469,-0.305382389834831));
#15700=CARTESIAN_POINT('',(-0.247145669291339,-0.21251058283547,-0.305382389834831));
#15701=CARTESIAN_POINT('',(-0.242716535433071,-0.212510582835469,-0.305382389834831));
#15702=CARTESIAN_POINT('',(-0.242716535433071,0.,0.));
#15703=CARTESIAN_POINT('',(-0.242716535433071,-0.305382266102437,-0.212510760641535));
#15704=CARTESIAN_POINT('',(-0.247145669291339,-0.305382266102437,-0.212510760641535));
#15705=CARTESIAN_POINT('',(-0.251574803149606,0.,0.));
#15706=CARTESIAN_POINT('',(-0.251574803149607,-0.329212895865655,-0.266261853304825));
#15707=CARTESIAN_POINT('',(-0.251574803149606,-0.318482912281638,-0.249920111077881));
#15708=CARTESIAN_POINT('',(-0.251574803149607,-0.310272720366373,-0.231549093810062));
#15709=CARTESIAN_POINT('',(-0.251574803149607,-0.305382266102439,-0.212510760641544));
#15710=CARTESIAN_POINT('',(-0.251574803149607,-0.212510582835469,-0.305382389834831));
#15711=CARTESIAN_POINT('',(-0.251574803149607,-0.231526602013616,-0.310294571444336));
#15712=CARTESIAN_POINT('',(-0.251574803149607,-0.24949253533934,-0.318152658719871));
#15713=CARTESIAN_POINT('',(-0.251574803149607,-0.2662666545884,-0.329188351192677));
#15714=CARTESIAN_POINT('',(-0.242716535433071,0.,0.));
#15715=CARTESIAN_POINT('',(-0.242716535433071,-0.212510582835469,-0.305382389834831));
#15716=CARTESIAN_POINT('',(-0.242716535433071,-0.231526602013615,-0.310294571444336));
#15717=CARTESIAN_POINT('',(-0.242716535433071,-0.24949253533933,-0.318152658719866));
#15718=CARTESIAN_POINT('',(-0.242716535433071,-0.266266654588392,-0.329188351192672));
#15719=CARTESIAN_POINT('',(-0.242716535433071,-0.266266654588395,-0.329188351192674));
#15720=CARTESIAN_POINT('',(-0.242716535433071,-0.344505764456045,-0.344505764456045));
#15721=CARTESIAN_POINT('',(-0.242716535433071,-0.329212895865654,-0.266261853304825));
#15722=CARTESIAN_POINT('',(-0.242716535433071,-0.329212895865655,-0.266261853304825));
#15723=CARTESIAN_POINT('',(-0.242716535433071,-0.318482912281637,-0.24992011107788));
#15724=CARTESIAN_POINT('',(-0.242716535433071,-0.310272720366373,-0.231549093810063));
#15725=CARTESIAN_POINT('',(-0.242716535433071,-0.305382266102439,-0.212510760641544));
#15726=CARTESIAN_POINT('',(1.32874015748032,-0.344505764456045,-0.344505764456045));
#15727=CARTESIAN_POINT('',(-0.242716535433071,-0.344505764456045,-0.344505764456045));
#15728=CARTESIAN_POINT('',(0.411023622047244,-0.168069555197034,0.478346456692913));
#15729=CARTESIAN_POINT('',(-0.251574803149607,-0.212510582835445,-0.305382389834824));
#15730=CARTESIAN_POINT('',(-0.248622047244095,-0.212510582835443,-0.305382389834824));
#15731=CARTESIAN_POINT('',(-0.245669291338584,-0.212510582835446,-0.305382389834825));
#15732=CARTESIAN_POINT('',(-0.242716535433071,-0.212510582835445,-0.305382389834824));
#15733=CARTESIAN_POINT('',(-0.251574803149607,-0.23468521216032,-0.311081328371956));
#15734=CARTESIAN_POINT('',(-0.248622047244095,-0.234685212160323,-0.311081328371957));
#15735=CARTESIAN_POINT('',(-0.245669291338583,-0.234685212160319,-0.311081328371956));
#15736=CARTESIAN_POINT('',(-0.24271653543307,-0.234685212160321,-0.311081328371956));
#15737=CARTESIAN_POINT('',(-0.251574803149607,-0.255283961243229,-0.320888610380804));
#15738=CARTESIAN_POINT('',(-0.248622047244096,-0.255283961243233,-0.320888610380806));
#15739=CARTESIAN_POINT('',(-0.245669291338583,-0.255283961243227,-0.320888610380803));
#15740=CARTESIAN_POINT('',(-0.24271653543307,-0.255283961243229,-0.320888610380804));
#15741=CARTESIAN_POINT('',(-0.251574803149607,-0.274306830084171,-0.334804235861369));
#15742=CARTESIAN_POINT('',(-0.248622047244096,-0.274306830084174,-0.334804235861371));
#15743=CARTESIAN_POINT('',(-0.245669291338582,-0.274306830084169,-0.334804235861367));
#15744=CARTESIAN_POINT('',(-0.242716535433071,-0.27430683008417,-0.334804235861369));
#15745=CARTESIAN_POINT('',(-0.242716535433071,-0.266266654588394,-0.329188351192674));
#15746=CARTESIAN_POINT('',(-0.242716535433071,-0.26901933765435,-0.330999341286397));
#15747=CARTESIAN_POINT('',(-0.242716535433071,-0.271698744801525,-0.332872923829064));
#15748=CARTESIAN_POINT('',(-0.242716535433071,-0.274306830084161,-0.334804235861362));
#15749=CARTESIAN_POINT('',(-0.251574803149607,-0.266266654588398,-0.329188351192676));
#15750=CARTESIAN_POINT('',(-0.251574803149607,-0.269019337654353,-0.330999341286399));
#15751=CARTESIAN_POINT('',(-0.251574803149607,-0.271698744801523,-0.332872923829062));
#15752=CARTESIAN_POINT('',(-0.251574803149607,-0.274306830084159,-0.33480423586136));
#15753=CARTESIAN_POINT('',(-0.251574803149606,-0.334812224167726,-0.274305726559341));
#15754=CARTESIAN_POINT('',(-0.248622047244095,-0.334812224167726,-0.274305726559341));
#15755=CARTESIAN_POINT('',(-0.245669291338584,-0.334812224167726,-0.274305726559341));
#15756=CARTESIAN_POINT('',(-0.242716535433071,-0.334812224167726,-0.274305726559341));
#15757=CARTESIAN_POINT('',(-0.251574803149607,-0.321161080988523,-0.255831611697578));
#15758=CARTESIAN_POINT('',(-0.248622047244095,-0.321161080988523,-0.255831611697579));
#15759=CARTESIAN_POINT('',(-0.245669291338584,-0.321161080988523,-0.255831611697578));
#15760=CARTESIAN_POINT('',(-0.242716535433071,-0.321161080988523,-0.255831611697578));
#15761=CARTESIAN_POINT('',(-0.251574803149607,-0.31135109496676,-0.235233289724977));
#15762=CARTESIAN_POINT('',(-0.248622047244095,-0.31135109496676,-0.235233289724977));
#15763=CARTESIAN_POINT('',(-0.245669291338584,-0.31135109496676,-0.235233289724977));
#15764=CARTESIAN_POINT('',(-0.242716535433071,-0.31135109496676,-0.235233289724977));
#15765=CARTESIAN_POINT('',(-0.251574803149606,-0.305382266102438,-0.212510760641537));
#15766=CARTESIAN_POINT('',(-0.248622047244095,-0.305382266102438,-0.212510760641536));
#15767=CARTESIAN_POINT('',(-0.245669291338584,-0.305382266102438,-0.212510760641538));
#15768=CARTESIAN_POINT('',(-0.242716535433071,-0.305382266102438,-0.212510760641537));
#15769=CARTESIAN_POINT('',(-0.251574803149606,-0.334812224167726,-0.274305726559341));
#15770=CARTESIAN_POINT('',(-0.251574803149606,-0.332868197859624,-0.271668804371533));
#15771=CARTESIAN_POINT('',(-0.251574803149606,-0.331002484283398,-0.268987392667127));
#15772=CARTESIAN_POINT('',(-0.251574803149606,-0.329212895865655,-0.266261853304826));
#15773=CARTESIAN_POINT('',(-0.242716535433071,-0.334812224167726,-0.274305726559341));
#15774=CARTESIAN_POINT('',(-0.242716535433071,-0.332868197859624,-0.271668804371533));
#15775=CARTESIAN_POINT('',(-0.242716535433071,-0.331002484283398,-0.268987392667127));
#15776=CARTESIAN_POINT('',(-0.242716535433071,-0.329212895865655,-0.266261853304826));
#15777=CARTESIAN_POINT('',(-0.242716535433071,0.000483692026627194,-0.00272885490065674));
#15778=CARTESIAN_POINT('',(-0.251574803149606,0.000483692026627194,-0.00272885490065674));
#15779=CARTESIAN_POINT('',(-0.393307086614173,-0.168069555197034,0.478346456692913));
#15780=CARTESIAN_POINT('',(1.32874015748032,0.344505764456045,-0.344505764456045));
#15781=CARTESIAN_POINT('',(-0.251574803149606,0.344505764456045,-0.344505764456045));
#15782=CARTESIAN_POINT('',(-0.251574803149606,0.329188351192739,-0.266266654588384));
#15783=CARTESIAN_POINT('',(-0.251574803149607,0.266261853305307,-0.329212895863193));
#15784=CARTESIAN_POINT('',(-0.251574803149606,0.344505764456045,-0.344505764456045));
#15785=CARTESIAN_POINT('',(-0.393307086614173,0.344505764456045,-0.344505764456045));
#15786=CARTESIAN_POINT('',(-0.393307086614173,0.344505764456045,-0.264781355007226));
#15787=CARTESIAN_POINT('',(0.563385826771654,0.344505764456045,-0.344505764456045));
#15788=CARTESIAN_POINT('',(-0.242716535433071,0.344505764456045,-0.344505764456045));
#15789=CARTESIAN_POINT('',(-0.242716535433071,0.334804235861401,-0.274306830084166));
#15790=CARTESIAN_POINT('',(-0.242716535433071,0.274305726559381,-0.33481222416743));
#15791=CARTESIAN_POINT('',(-0.247145669291339,0.3348042358614,-0.274306830084166));
#15792=CARTESIAN_POINT('',(-0.251574803149607,0.334804235861401,-0.274306830084166));
#15793=CARTESIAN_POINT('',(-0.251574803149606,0.344505764456045,-0.344505764456045));
#15794=CARTESIAN_POINT('',(-0.251574803149607,0.274305726559379,-0.334812224167429));
#15795=CARTESIAN_POINT('',(-0.247145669291339,0.274305726559381,-0.33481222416743));
#15796=CARTESIAN_POINT('',(0.251574803149606,0.344505764456045,-0.344505764456045));
#15797=CARTESIAN_POINT('',(0.251574803149607,0.334804235861401,-0.274306830084167));
#15798=CARTESIAN_POINT('',(0.251574803149607,0.274305726559382,-0.334812224167431));
#15799=CARTESIAN_POINT('',(0.247145669291339,0.3348042358614,-0.274306830084166));
#15800=CARTESIAN_POINT('',(0.242716535433071,0.334804235861401,-0.274306830084166));
#15801=CARTESIAN_POINT('',(0.242716535433071,0.344505764456045,-0.344505764456045));
#15802=CARTESIAN_POINT('',(0.242716535433071,0.27430572655938,-0.33481222416743));
#15803=CARTESIAN_POINT('',(0.247145669291339,0.274305726559382,-0.334812224167431));
#15804=CARTESIAN_POINT('',(0.411023622047244,0.344505764456045,-0.344505764456045));
#15805=CARTESIAN_POINT('',(0.411023622047244,0.344505764456045,-0.415371906188329));
#15806=CARTESIAN_POINT('',(-0.393307086614173,0.344505764456045,-0.344505764456045));
#15807=CARTESIAN_POINT('',(-0.393307086614173,0.344505764456045,-0.273639622723762));
#15808=CARTESIAN_POINT('',(0.251574803149606,0.,0.));
#15809=CARTESIAN_POINT('',(0.251574803149606,0.,0.));
#15810=CARTESIAN_POINT('',(0.251574803149607,0.212510760640262,-0.30538226610332));
#15811=CARTESIAN_POINT('',(0.251574803149607,0.305382389834769,-0.21251058283556));
#15812=CARTESIAN_POINT('',(0.251574803149607,0.30538238983477,-0.212510582835561));
#15813=CARTESIAN_POINT('',(0.251574803149607,0.31029457144051,-0.231526601999371));
#15814=CARTESIAN_POINT('',(0.251574803149607,0.318152658704638,-0.249492535315627));
#15815=CARTESIAN_POINT('',(0.251574803149607,0.329188351192737,-0.266266654588382));
#15816=CARTESIAN_POINT('',(0.251574803149606,0.329188351192738,-0.266266654588382));
#15817=CARTESIAN_POINT('',(0.251574803149606,0.344505764456045,-0.344505764456045));
#15818=CARTESIAN_POINT('',(0.251574803149607,0.266261853305306,-0.329212895863192));
#15819=CARTESIAN_POINT('',(0.251574803149607,0.266261853305307,-0.329212895863193));
#15820=CARTESIAN_POINT('',(0.251574803149607,0.249920111099962,-0.318482912289097));
#15821=CARTESIAN_POINT('',(0.251574803149607,0.231549093796474,-0.310272720360953));
#15822=CARTESIAN_POINT('',(0.251574803149607,0.212510760640272,-0.305382266103323));
#15823=CARTESIAN_POINT('',(0.251574803149606,0.,0.));
#15824=CARTESIAN_POINT('',(0.242716535433071,0.,0.));
#15825=CARTESIAN_POINT('',(0.242716535433071,0.212510760640265,-0.305382266103321));
#15826=CARTESIAN_POINT('',(0.242716535433071,0.305382389834769,-0.21251058283556));
#15827=CARTESIAN_POINT('',(0.247145669291339,0.305382389834769,-0.21251058283556));
#15828=CARTESIAN_POINT('',(0.247145669291339,0.212510760640265,-0.305382266103321));
#15829=CARTESIAN_POINT('',(1.32874015748032,0.344505764456045,-0.344505764456045));
#15830=CARTESIAN_POINT('',(0.251574803149606,0.344505764456045,-0.344505764456045));
#15831=CARTESIAN_POINT('',(0.411023622047244,0.344505764456045,-0.344505764456045));
#15832=CARTESIAN_POINT('',(0.411023622047244,0.344505764456045,-0.424230173904864));
#15833=CARTESIAN_POINT('',(0.242716535433071,0.,0.));
#15834=CARTESIAN_POINT('',(0.242716535433071,0.266261853305308,-0.329212895863194));
#15835=CARTESIAN_POINT('',(0.242716535433071,0.249920111099963,-0.318482912289097));
#15836=CARTESIAN_POINT('',(0.242716535433071,0.231549093796471,-0.310272720360953));
#15837=CARTESIAN_POINT('',(0.242716535433071,0.212510760640275,-0.305382266103323));
#15838=CARTESIAN_POINT('',(0.242716535433071,0.266261853305307,-0.329212895863193));
#15839=CARTESIAN_POINT('',(0.242716535433071,0.344505764456045,-0.344505764456045));
#15840=CARTESIAN_POINT('',(0.242716535433071,0.329188351192738,-0.266266654588382));
#15841=CARTESIAN_POINT('',(0.242716535433071,0.30538238983477,-0.212510582835561));
#15842=CARTESIAN_POINT('',(0.242716535433071,0.31029457144051,-0.231526601999371));
#15843=CARTESIAN_POINT('',(0.242716535433071,0.318152658704638,-0.249492535315627));
#15844=CARTESIAN_POINT('',(0.242716535433071,0.329188351192737,-0.266266654588382));
#15845=CARTESIAN_POINT('',(0.251574803149607,0.274305726559381,-0.334812224167431));
#15846=CARTESIAN_POINT('',(0.248622047244095,0.274305726559381,-0.334812224167431));
#15847=CARTESIAN_POINT('',(0.245669291338584,0.274305726559381,-0.334812224167431));
#15848=CARTESIAN_POINT('',(0.242716535433071,0.274305726559381,-0.334812224167431));
#15849=CARTESIAN_POINT('',(0.251574803149607,0.255831611720046,-0.321161080992339));
#15850=CARTESIAN_POINT('',(0.248622047244095,0.255831611720047,-0.321161080992339));
#15851=CARTESIAN_POINT('',(0.245669291338584,0.255831611720046,-0.321161080992338));
#15852=CARTESIAN_POINT('',(0.242716535433071,0.255831611720046,-0.321161080992339));
#15853=CARTESIAN_POINT('',(0.251574803149607,0.235233289747007,-0.311351094970969));
#15854=CARTESIAN_POINT('',(0.248622047244095,0.235233289747007,-0.311351094970969));
#15855=CARTESIAN_POINT('',(0.245669291338584,0.235233289747007,-0.311351094970968));
#15856=CARTESIAN_POINT('',(0.242716535433071,0.235233289747007,-0.311351094970969));
#15857=CARTESIAN_POINT('',(0.251574803149607,0.212510760640264,-0.305382266103321));
#15858=CARTESIAN_POINT('',(0.248622047244095,0.212510760640264,-0.305382266103321));
#15859=CARTESIAN_POINT('',(0.245669291338584,0.212510760640263,-0.305382266103321));
#15860=CARTESIAN_POINT('',(0.242716535433071,0.212510760640264,-0.305382266103321));
#15861=CARTESIAN_POINT('',(0.251574803149607,0.274305726559381,-0.334812224167431));
#15862=CARTESIAN_POINT('',(0.251574803149607,0.271668804372943,-0.332868197859425));
#15863=CARTESIAN_POINT('',(0.251574803149607,0.268987392668681,-0.331002484282351));
#15864=CARTESIAN_POINT('',(0.251574803149607,0.266261853305307,-0.329212895863193));
#15865=CARTESIAN_POINT('',(0.242716535433071,0.274305726559381,-0.33481222416743));
#15866=CARTESIAN_POINT('',(0.242716535433071,0.271668804372943,-0.332868197859425));
#15867=CARTESIAN_POINT('',(0.242716535433071,0.268987392668679,-0.33100248428235));
#15868=CARTESIAN_POINT('',(0.242716535433071,0.266261853305307,-0.329212895863193));
#15869=CARTESIAN_POINT('',(0.242716535433071,0.000483692026627194,-0.00272885490065674));
#15870=CARTESIAN_POINT('',(0.242716535433071,0.344505764456045,-0.344505764456045));
#15871=CARTESIAN_POINT('',(0.242716535433071,0.329188351192738,-0.266266654588383));
#15872=CARTESIAN_POINT('',(0.242716535433071,0.330999341286296,-0.269019337654161));
#15873=CARTESIAN_POINT('',(0.242716535433071,0.332872923828934,-0.271698744801325));
#15874=CARTESIAN_POINT('',(0.242716535433071,0.33480423586139,-0.274306830084152));
#15875=CARTESIAN_POINT('',(0.251574803149606,0.305382389834769,-0.21251058283556));
#15876=CARTESIAN_POINT('',(0.248622047244094,0.30538238983477,-0.212510582835562));
#15877=CARTESIAN_POINT('',(0.245669291338584,0.305382389834769,-0.212510582835559));
#15878=CARTESIAN_POINT('',(0.242716535433071,0.305382389834769,-0.21251058283556));
#15879=CARTESIAN_POINT('',(0.251574803149606,0.311081328361923,-0.234685212138934));
#15880=CARTESIAN_POINT('',(0.248622047244094,0.311081328361924,-0.234685212138938));
#15881=CARTESIAN_POINT('',(0.245669291338584,0.311081328361922,-0.234685212138933));
#15882=CARTESIAN_POINT('',(0.242716535433071,0.311081328361923,-0.234685212138934));
#15883=CARTESIAN_POINT('',(0.251574803149606,0.3208886103708,-0.255283961221803));
#15884=CARTESIAN_POINT('',(0.248622047244095,0.320888610370802,-0.255283961221806));
#15885=CARTESIAN_POINT('',(0.245669291338584,0.320888610370799,-0.255283961221802));
#15886=CARTESIAN_POINT('',(0.242716535433071,0.3208886103708,-0.255283961221803));
#15887=CARTESIAN_POINT('',(0.251574803149606,0.334804235861401,-0.274306830084166));
#15888=CARTESIAN_POINT('',(0.248622047244095,0.334804235861401,-0.274306830084166));
#15889=CARTESIAN_POINT('',(0.245669291338584,0.3348042358614,-0.274306830084166));
#15890=CARTESIAN_POINT('',(0.242716535433071,0.334804235861401,-0.274306830084166));
#15891=CARTESIAN_POINT('',(0.251574803149606,0.329188351192738,-0.266266654588383));
#15892=CARTESIAN_POINT('',(0.251574803149606,0.330999341286296,-0.269019337654161));
#15893=CARTESIAN_POINT('',(0.251574803149607,0.332872923828933,-0.271698744801325));
#15894=CARTESIAN_POINT('',(0.251574803149607,0.33480423586139,-0.274306830084152));
#15895=CARTESIAN_POINT('',(0.251574803149606,0.000483692026627194,-0.00272885490065674));
#15896=CARTESIAN_POINT('',(0.251574803149606,0.,0.));
#15897=CARTESIAN_POINT('',(-0.251574803149606,0.,0.));
#15898=CARTESIAN_POINT('',(-0.251574803149606,0.212510760640266,-0.30538226610332));
#15899=CARTESIAN_POINT('',(-0.251574803149607,0.305382389834769,-0.21251058283556));
#15900=CARTESIAN_POINT('',(-0.247145669291339,0.305382389834769,-0.21251058283556));
#15901=CARTESIAN_POINT('',(-0.242716535433071,0.305382389834769,-0.21251058283556));
#15902=CARTESIAN_POINT('',(-0.242716535433071,0.,0.));
#15903=CARTESIAN_POINT('',(-0.242716535433071,0.212510760640267,-0.305382266103322));
#15904=CARTESIAN_POINT('',(-0.247145669291339,0.212510760640267,-0.305382266103322));
#15905=CARTESIAN_POINT('',(-0.251574803149606,0.,0.));
#15906=CARTESIAN_POINT('',(-0.251574803149607,0.266261853305308,-0.329212895863194));
#15907=CARTESIAN_POINT('',(-0.251574803149607,0.249920111099963,-0.318482912289097));
#15908=CARTESIAN_POINT('',(-0.251574803149607,0.231549093796471,-0.310272720360953));
#15909=CARTESIAN_POINT('',(-0.251574803149607,0.212510760640275,-0.305382266103323));
#15910=CARTESIAN_POINT('',(-0.251574803149607,0.30538238983477,-0.212510582835561));
#15911=CARTESIAN_POINT('',(-0.251574803149606,0.31029457144051,-0.231526601999371));
#15912=CARTESIAN_POINT('',(-0.251574803149606,0.318152658704638,-0.249492535315628));
#15913=CARTESIAN_POINT('',(-0.251574803149606,0.329188351192737,-0.266266654588382));
#15914=CARTESIAN_POINT('',(-0.242716535433071,0.,0.));
#15915=CARTESIAN_POINT('',(-0.242716535433071,0.30538238983477,-0.212510582835561));
#15916=CARTESIAN_POINT('',(-0.242716535433071,0.31029457144051,-0.231526601999371));
#15917=CARTESIAN_POINT('',(-0.242716535433071,0.318152658704641,-0.249492535315634));
#15918=CARTESIAN_POINT('',(-0.242716535433071,0.32918835119274,-0.266266654588386));
#15919=CARTESIAN_POINT('',(-0.242716535433071,0.329188351192739,-0.266266654588384));
#15920=CARTESIAN_POINT('',(-0.242716535433071,0.344505764456045,-0.344505764456045));
#15921=CARTESIAN_POINT('',(-0.242716535433071,0.266261853305307,-0.329212895863193));
#15922=CARTESIAN_POINT('',(-0.242716535433071,0.266261853305308,-0.329212895863194));
#15923=CARTESIAN_POINT('',(-0.242716535433071,0.249920111099963,-0.318482912289098));
#15924=CARTESIAN_POINT('',(-0.242716535433071,0.231549093796471,-0.310272720360953));
#15925=CARTESIAN_POINT('',(-0.242716535433071,0.212510760640275,-0.305382266103323));
#15926=CARTESIAN_POINT('',(1.32874015748032,0.344505764456045,-0.344505764456045));
#15927=CARTESIAN_POINT('',(-0.242716535433071,0.344505764456045,-0.344505764456045));
#15928=CARTESIAN_POINT('',(0.411023622047244,-0.168069555197034,0.478346456692913));
#15929=CARTESIAN_POINT('',(-0.251574803149606,0.305382389834769,-0.21251058283556));
#15930=CARTESIAN_POINT('',(-0.248622047244095,0.305382389834769,-0.21251058283556));
#15931=CARTESIAN_POINT('',(-0.245669291338584,0.305382389834769,-0.21251058283556));
#15932=CARTESIAN_POINT('',(-0.242716535433071,0.305382389834769,-0.21251058283556));
#15933=CARTESIAN_POINT('',(-0.251574803149607,0.311081328361923,-0.234685212138934));
#15934=CARTESIAN_POINT('',(-0.248622047244095,0.311081328361925,-0.234685212138938));
#15935=CARTESIAN_POINT('',(-0.245669291338584,0.311081328361922,-0.234685212138933));
#15936=CARTESIAN_POINT('',(-0.242716535433071,0.311081328361923,-0.234685212138934));
#15937=CARTESIAN_POINT('',(-0.251574803149607,0.3208886103708,-0.255283961221803));
#15938=CARTESIAN_POINT('',(-0.248622047244095,0.320888610370802,-0.255283961221807));
#15939=CARTESIAN_POINT('',(-0.245669291338584,0.320888610370799,-0.255283961221802));
#15940=CARTESIAN_POINT('',(-0.242716535433071,0.3208886103708,-0.255283961221803));
#15941=CARTESIAN_POINT('',(-0.251574803149606,0.334804235861401,-0.274306830084167));
#15942=CARTESIAN_POINT('',(-0.248622047244095,0.3348042358614,-0.274306830084166));
#15943=CARTESIAN_POINT('',(-0.245669291338584,0.334804235861401,-0.274306830084168));
#15944=CARTESIAN_POINT('',(-0.242716535433071,0.334804235861401,-0.274306830084167));
#15945=CARTESIAN_POINT('',(-0.242716535433071,0.32918835119274,-0.266266654588386));
#15946=CARTESIAN_POINT('',(-0.242716535433071,0.330999341286298,-0.269019337654163));
#15947=CARTESIAN_POINT('',(-0.242716535433071,0.332872923828936,-0.271698744801328));
#15948=CARTESIAN_POINT('',(-0.242716535433071,0.334804235861392,-0.274306830084154));
#15949=CARTESIAN_POINT('',(-0.251574803149606,0.329188351192738,-0.266266654588383));
#15950=CARTESIAN_POINT('',(-0.251574803149606,0.330999341286296,-0.269019337654161));
#15951=CARTESIAN_POINT('',(-0.251574803149606,0.332872923828934,-0.271698744801327));
#15952=CARTESIAN_POINT('',(-0.251574803149606,0.33480423586139,-0.274306830084153));
#15953=CARTESIAN_POINT('',(-0.251574803149607,0.27430572655938,-0.33481222416743));
#15954=CARTESIAN_POINT('',(-0.248622047244095,0.27430572655938,-0.33481222416743));
#15955=CARTESIAN_POINT('',(-0.245669291338584,0.27430572655938,-0.33481222416743));
#15956=CARTESIAN_POINT('',(-0.242716535433071,0.27430572655938,-0.33481222416743));
#15957=CARTESIAN_POINT('',(-0.251574803149607,0.255831611720048,-0.32116108099234));
#15958=CARTESIAN_POINT('',(-0.248622047244095,0.255831611720048,-0.321161080992339));
#15959=CARTESIAN_POINT('',(-0.245669291338584,0.255831611720048,-0.32116108099234));
#15960=CARTESIAN_POINT('',(-0.242716535433071,0.255831611720048,-0.321161080992339));
#15961=CARTESIAN_POINT('',(-0.251574803149607,0.23523328974701,-0.31135109497097));
#15962=CARTESIAN_POINT('',(-0.248622047244095,0.23523328974701,-0.31135109497097));
#15963=CARTESIAN_POINT('',(-0.245669291338584,0.23523328974701,-0.31135109497097));
#15964=CARTESIAN_POINT('',(-0.242716535433071,0.23523328974701,-0.31135109497097));
#15965=CARTESIAN_POINT('',(-0.251574803149607,0.212510760640265,-0.305382266103321));
#15966=CARTESIAN_POINT('',(-0.248622047244095,0.212510760640265,-0.305382266103321));
#15967=CARTESIAN_POINT('',(-0.245669291338584,0.212510760640265,-0.305382266103321));
#15968=CARTESIAN_POINT('',(-0.242716535433071,0.212510760640265,-0.305382266103321));
#15969=CARTESIAN_POINT('',(-0.251574803149607,0.274305726559379,-0.334812224167429));
#15970=CARTESIAN_POINT('',(-0.251574803149607,0.271668804372942,-0.332868197859424));
#15971=CARTESIAN_POINT('',(-0.251574803149607,0.268987392668679,-0.33100248428235));
#15972=CARTESIAN_POINT('',(-0.251574803149607,0.266261853305307,-0.329212895863193));
#15973=CARTESIAN_POINT('',(-0.242716535433071,0.274305726559381,-0.334812224167431));
#15974=CARTESIAN_POINT('',(-0.242716535433071,0.271668804372944,-0.332868197859425));
#15975=CARTESIAN_POINT('',(-0.242716535433071,0.26898739266868,-0.331002484282351));
#15976=CARTESIAN_POINT('',(-0.242716535433071,0.266261853305307,-0.329212895863193));
#15977=CARTESIAN_POINT('',(-0.242716535433071,0.000483692026627194,-0.00272885490065674));
#15978=CARTESIAN_POINT('',(-0.251574803149606,0.000483692026627194,-0.00272885490065674));
#15979=CARTESIAN_POINT('',(-0.393307086614173,-0.168069555197034,0.478346456692913));
#15980=CARTESIAN_POINT('',(1.32874015748032,0.344505764456045,0.344505764456045));
#15981=CARTESIAN_POINT('',(-0.251574803149606,0.344505764456045,0.344505764456045));
#15982=CARTESIAN_POINT('',(-0.251574803149606,0.266266654588395,0.329188351192675));
#15983=CARTESIAN_POINT('',(-0.251574803149606,0.329212895865655,0.266261853304825));
#15984=CARTESIAN_POINT('',(-0.251574803149606,0.344505764456045,0.344505764456045));
#15985=CARTESIAN_POINT('',(-0.393307086614173,0.344505764456045,0.344505764456045));
#15986=CARTESIAN_POINT('',(-0.393307086614173,0.344505764456045,0.424230173904864));
#15987=CARTESIAN_POINT('',(0.563385826771654,0.344505764456045,0.344505764456045));
#15988=CARTESIAN_POINT('',(-0.242716535433071,0.344505764456045,0.344505764456045));
#15989=CARTESIAN_POINT('',(-0.242716535433071,0.274306830084171,0.33480423586137));
#15990=CARTESIAN_POINT('',(-0.242716535433071,0.334812224167725,0.274305726559339));
#15991=CARTESIAN_POINT('',(-0.247145669291339,0.27430683008417,0.334804235861369));
#15992=CARTESIAN_POINT('',(-0.251574803149606,0.27430683008417,0.334804235861369));
#15993=CARTESIAN_POINT('',(-0.251574803149606,0.344505764456045,0.344505764456045));
#15994=CARTESIAN_POINT('',(-0.251574803149606,0.334812224167725,0.274305726559339));
#15995=CARTESIAN_POINT('',(-0.247145669291339,0.334812224167725,0.274305726559339));
#15996=CARTESIAN_POINT('',(0.251574803149606,0.344505764456045,0.344505764456045));
#15997=CARTESIAN_POINT('',(0.251574803149606,0.27430683008417,0.33480423586137));
#15998=CARTESIAN_POINT('',(0.251574803149606,0.334812224167725,0.274305726559339));
#15999=CARTESIAN_POINT('',(0.247145669291339,0.27430683008417,0.334804235861369));
#16000=CARTESIAN_POINT('',(0.242716535433071,0.27430683008417,0.334804235861369));
#16001=CARTESIAN_POINT('',(0.242716535433071,0.344505764456045,0.344505764456045));
#16002=CARTESIAN_POINT('',(0.242716535433071,0.334812224167724,0.274305726559338));
#16003=CARTESIAN_POINT('',(0.247145669291339,0.334812224167725,0.274305726559339));
#16004=CARTESIAN_POINT('',(0.411023622047244,0.344505764456045,0.344505764456045));
#16005=CARTESIAN_POINT('',(0.411023622047244,0.344505764456045,0.273639622723762));
#16006=CARTESIAN_POINT('',(-0.393307086614173,0.344505764456045,0.344505764456045));
#16007=CARTESIAN_POINT('',(-0.393307086614173,0.344505764456045,0.415371906188329));
#16008=CARTESIAN_POINT('',(0.251574803149606,0.,0.));
#16009=CARTESIAN_POINT('',(0.251574803149606,0.,0.));
#16010=CARTESIAN_POINT('',(0.251574803149606,0.305382266102437,0.212510760641535));
#16011=CARTESIAN_POINT('',(0.251574803149606,0.212510582835469,0.305382389834831));
#16012=CARTESIAN_POINT('',(0.251574803149606,0.212510582835469,0.305382389834831));
#16013=CARTESIAN_POINT('',(0.251574803149606,0.231526602013614,0.310294571444336));
#16014=CARTESIAN_POINT('',(0.251574803149606,0.249492535339336,0.31815265871987));
#16015=CARTESIAN_POINT('',(0.251574803149606,0.266266654588396,0.329188351192676));
#16016=CARTESIAN_POINT('',(0.251574803149606,0.266266654588395,0.329188351192675));
#16017=CARTESIAN_POINT('',(0.251574803149606,0.344505764456045,0.344505764456045));
#16018=CARTESIAN_POINT('',(0.251574803149606,0.329212895865655,0.266261853304825));
#16019=CARTESIAN_POINT('',(0.251574803149606,0.329212895865655,0.266261853304826));
#16020=CARTESIAN_POINT('',(0.251574803149606,0.318482912281637,0.24992011107788));
#16021=CARTESIAN_POINT('',(0.251574803149606,0.310272720366375,0.231549093810068));
#16022=CARTESIAN_POINT('',(0.251574803149606,0.305382266102439,0.212510760641544));
#16023=CARTESIAN_POINT('',(0.251574803149606,0.,0.));
#16024=CARTESIAN_POINT('',(0.242716535433071,0.,0.));
#16025=CARTESIAN_POINT('',(0.242716535433071,0.305382266102438,0.212510760641534));
#16026=CARTESIAN_POINT('',(0.242716535433071,0.21251058283547,0.305382389834832));
#16027=CARTESIAN_POINT('',(0.247145669291339,0.212510582835469,0.305382389834832));
#16028=CARTESIAN_POINT('',(0.247145669291339,0.305382266102437,0.212510760641534));
#16029=CARTESIAN_POINT('',(1.32874015748032,0.344505764456045,0.344505764456045));
#16030=CARTESIAN_POINT('',(0.251574803149606,0.344505764456045,0.344505764456045));
#16031=CARTESIAN_POINT('',(0.411023622047244,0.344505764456045,0.344505764456045));
#16032=CARTESIAN_POINT('',(0.411023622047244,0.344505764456045,0.264781355007226));
#16033=CARTESIAN_POINT('',(0.242716535433071,0.,0.));
#16034=CARTESIAN_POINT('',(0.242716535433071,0.329212895865655,0.266261853304825));
#16035=CARTESIAN_POINT('',(0.242716535433071,0.318482912281637,0.249920111077879));
#16036=CARTESIAN_POINT('',(0.242716535433071,0.310272720366374,0.231549093810065));
#16037=CARTESIAN_POINT('',(0.242716535433071,0.305382266102439,0.212510760641543));
#16038=CARTESIAN_POINT('',(0.242716535433071,0.329212895865655,0.266261853304825));
#16039=CARTESIAN_POINT('',(0.242716535433071,0.344505764456045,0.344505764456045));
#16040=CARTESIAN_POINT('',(0.242716535433071,0.266266654588395,0.329188351192675));
#16041=CARTESIAN_POINT('',(0.24271653543307,0.21251058283547,0.305382389834832));
#16042=CARTESIAN_POINT('',(0.242716535433071,0.231526602013614,0.310294571444337));
#16043=CARTESIAN_POINT('',(0.242716535433071,0.24949253533933,0.318152658719867));
#16044=CARTESIAN_POINT('',(0.242716535433071,0.266266654588394,0.329188351192674));
#16045=CARTESIAN_POINT('',(0.251574803149606,0.334812224167724,0.274305726559338));
#16046=CARTESIAN_POINT('',(0.248622047244094,0.334812224167724,0.274305726559338));
#16047=CARTESIAN_POINT('',(0.245669291338584,0.334812224167724,0.274305726559338));
#16048=CARTESIAN_POINT('',(0.242716535433071,0.334812224167724,0.274305726559338));
#16049=CARTESIAN_POINT('',(0.251574803149606,0.321161080988525,0.255831611697583));
#16050=CARTESIAN_POINT('',(0.248622047244094,0.321161080988526,0.255831611697586));
#16051=CARTESIAN_POINT('',(0.245669291338584,0.321161080988524,0.255831611697581));
#16052=CARTESIAN_POINT('',(0.242716535433071,0.321161080988525,0.255831611697583));
#16053=CARTESIAN_POINT('',(0.251574803149606,0.311351094966762,0.235233289724981));
#16054=CARTESIAN_POINT('',(0.248622047244094,0.311351094966763,0.235233289724982));
#16055=CARTESIAN_POINT('',(0.245669291338584,0.311351094966762,0.235233289724981));
#16056=CARTESIAN_POINT('',(0.242716535433071,0.311351094966762,0.235233289724981));
#16057=CARTESIAN_POINT('',(0.251574803149606,0.305382266102437,0.212510760641534));
#16058=CARTESIAN_POINT('',(0.248622047244094,0.305382266102435,0.212510760641528));
#16059=CARTESIAN_POINT('',(0.245669291338584,0.305382266102438,0.212510760641538));
#16060=CARTESIAN_POINT('',(0.242716535433071,0.305382266102437,0.212510760641534));
#16061=CARTESIAN_POINT('',(0.251574803149606,0.334812224167724,0.274305726559338));
#16062=CARTESIAN_POINT('',(0.251574803149606,0.332868197859623,0.271668804371531));
#16063=CARTESIAN_POINT('',(0.251574803149606,0.331002484283398,0.268987392667126));
#16064=CARTESIAN_POINT('',(0.251574803149606,0.329212895865655,0.266261853304825));
#16065=CARTESIAN_POINT('',(0.242716535433071,0.334812224167724,0.274305726559338));
#16066=CARTESIAN_POINT('',(0.242716535433071,0.332868197859623,0.271668804371531));
#16067=CARTESIAN_POINT('',(0.242716535433071,0.331002484283397,0.268987392667125));
#16068=CARTESIAN_POINT('',(0.242716535433071,0.329212895865655,0.266261853304825));
#16069=CARTESIAN_POINT('',(0.242716535433071,0.000483692026627194,-0.00272885490065674));
#16070=CARTESIAN_POINT('',(0.242716535433071,0.344505764456045,0.344505764456045));
#16071=CARTESIAN_POINT('',(0.242716535433071,0.266266654588396,0.329188351192675));
#16072=CARTESIAN_POINT('',(0.242716535433071,0.26901933765435,0.330999341286398));
#16073=CARTESIAN_POINT('',(0.242716535433071,0.271698744801521,0.332872923829062));
#16074=CARTESIAN_POINT('',(0.242716535433071,0.274306830084157,0.334804235861359));
#16075=CARTESIAN_POINT('',(0.251574803149606,0.212510582835469,0.305382389834832));
#16076=CARTESIAN_POINT('',(0.248622047244094,0.212510582835469,0.305382389834832));
#16077=CARTESIAN_POINT('',(0.245669291338584,0.212510582835469,0.305382389834832));
#16078=CARTESIAN_POINT('',(0.242716535433071,0.212510582835469,0.305382389834832));
#16079=CARTESIAN_POINT('',(0.251574803149606,0.234685212160333,0.311081328371963));
#16080=CARTESIAN_POINT('',(0.248622047244094,0.234685212160332,0.311081328371963));
#16081=CARTESIAN_POINT('',(0.245669291338583,0.234685212160334,0.311081328371964));
#16082=CARTESIAN_POINT('',(0.24271653543307,0.234685212160333,0.311081328371963));
#16083=CARTESIAN_POINT('',(0.251574803149606,0.255283961243233,0.320888610380809));
#16084=CARTESIAN_POINT('',(0.248622047244094,0.255283961243234,0.320888610380809));
#16085=CARTESIAN_POINT('',(0.245669291338583,0.255283961243233,0.320888610380809));
#16086=CARTESIAN_POINT('',(0.24271653543307,0.255283961243233,0.320888610380809));
#16087=CARTESIAN_POINT('',(0.251574803149606,0.27430683008417,0.334804235861369));
#16088=CARTESIAN_POINT('',(0.248622047244094,0.274306830084173,0.334804235861372));
#16089=CARTESIAN_POINT('',(0.245669291338584,0.274306830084168,0.334804235861368));
#16090=CARTESIAN_POINT('',(0.242716535433071,0.27430683008417,0.334804235861369));
#16091=CARTESIAN_POINT('',(0.251574803149606,0.266266654588396,0.329188351192675));
#16092=CARTESIAN_POINT('',(0.251574803149606,0.26901933765435,0.330999341286398));
#16093=CARTESIAN_POINT('',(0.251574803149606,0.271698744801521,0.332872923829062));
#16094=CARTESIAN_POINT('',(0.251574803149606,0.274306830084157,0.33480423586136));
#16095=CARTESIAN_POINT('',(0.251574803149606,0.000483692026627194,-0.00272885490065674));
#16096=CARTESIAN_POINT('',(0.411023622047244,-0.168069555197034,0.478346456692913));
#16097=CARTESIAN_POINT('',(0.251574803149606,0.,0.));
#16098=CARTESIAN_POINT('',(-0.251574803149606,0.,0.));
#16099=CARTESIAN_POINT('',(-0.251574803149606,0.305382266102436,0.212510760641537));
#16100=CARTESIAN_POINT('',(-0.251574803149606,0.212510582835471,0.305382389834832));
#16101=CARTESIAN_POINT('',(-0.247145669291339,0.21251058283547,0.305382389834832));
#16102=CARTESIAN_POINT('',(-0.242716535433071,0.21251058283547,0.305382389834832));
#16103=CARTESIAN_POINT('',(-0.242716535433071,0.,0.));
#16104=CARTESIAN_POINT('',(-0.242716535433071,0.305382266102438,0.212510760641537));
#16105=CARTESIAN_POINT('',(-0.247145669291339,0.305382266102438,0.212510760641538));
#16106=CARTESIAN_POINT('',(-0.251574803149606,0.,0.));
#16107=CARTESIAN_POINT('',(-0.251574803149606,0.329212895865655,0.266261853304825));
#16108=CARTESIAN_POINT('',(-0.251574803149606,0.318482912281638,0.24992011107788));
#16109=CARTESIAN_POINT('',(-0.251574803149606,0.310272720366374,0.231549093810066));
#16110=CARTESIAN_POINT('',(-0.251574803149606,0.305382266102439,0.212510760641543));
#16111=CARTESIAN_POINT('',(-0.251574803149606,0.212510582835471,0.305382389834832));
#16112=CARTESIAN_POINT('',(-0.251574803149606,0.231526602013615,0.310294571444337));
#16113=CARTESIAN_POINT('',(-0.251574803149606,0.249492535339332,0.318152658719868));
#16114=CARTESIAN_POINT('',(-0.251574803149606,0.266266654588394,0.329188351192674));
#16115=CARTESIAN_POINT('',(-0.242716535433071,0.,0.));
#16116=CARTESIAN_POINT('',(-0.242716535433071,0.21251058283547,0.305382389834832));
#16117=CARTESIAN_POINT('',(-0.24271653543307,0.231526602013614,0.310294571444337));
#16118=CARTESIAN_POINT('',(-0.24271653543307,0.249492535339335,0.318152658719869));
#16119=CARTESIAN_POINT('',(-0.242716535433071,0.266266654588395,0.329188351192675));
#16120=CARTESIAN_POINT('',(-0.242716535433071,0.266266654588395,0.329188351192675));
#16121=CARTESIAN_POINT('',(-0.242716535433071,0.344505764456045,0.344505764456045));
#16122=CARTESIAN_POINT('',(-0.242716535433071,0.329212895865655,0.266261853304825));
#16123=CARTESIAN_POINT('',(-0.242716535433071,0.329212895865655,0.266261853304825));
#16124=CARTESIAN_POINT('',(-0.242716535433071,0.318482912281637,0.24992011107788));
#16125=CARTESIAN_POINT('',(-0.242716535433071,0.310272720366375,0.231549093810069));
#16126=CARTESIAN_POINT('',(-0.242716535433071,0.305382266102439,0.212510760641544));
#16127=CARTESIAN_POINT('',(1.32874015748032,0.344505764456045,0.344505764456045));
#16128=CARTESIAN_POINT('',(-0.242716535433071,0.344505764456045,0.344505764456045));
#16129=CARTESIAN_POINT('',(-0.251574803149606,0.21251058283547,0.305382389834832));
#16130=CARTESIAN_POINT('',(-0.248622047244094,0.21251058283547,0.305382389834832));
#16131=CARTESIAN_POINT('',(-0.245669291338584,0.21251058283547,0.305382389834832));
#16132=CARTESIAN_POINT('',(-0.242716535433071,0.21251058283547,0.305382389834832));
#16133=CARTESIAN_POINT('',(-0.251574803149606,0.234685212160334,0.311081328371964));
#16134=CARTESIAN_POINT('',(-0.248622047244094,0.234685212160335,0.311081328371964));
#16135=CARTESIAN_POINT('',(-0.245669291338584,0.234685212160334,0.311081328371964));
#16136=CARTESIAN_POINT('',(-0.24271653543307,0.234685212160334,0.311081328371964));
#16137=CARTESIAN_POINT('',(-0.251574803149606,0.255283961243234,0.32088861038081));
#16138=CARTESIAN_POINT('',(-0.248622047244094,0.255283961243234,0.32088861038081));
#16139=CARTESIAN_POINT('',(-0.245669291338584,0.255283961243234,0.32088861038081));
#16140=CARTESIAN_POINT('',(-0.24271653543307,0.255283961243234,0.32088861038081));
#16141=CARTESIAN_POINT('',(-0.251574803149606,0.27430683008417,0.334804235861369));
#16142=CARTESIAN_POINT('',(-0.248622047244094,0.274306830084169,0.334804235861369));
#16143=CARTESIAN_POINT('',(-0.245669291338584,0.274306830084171,0.33480423586137));
#16144=CARTESIAN_POINT('',(-0.242716535433071,0.27430683008417,0.334804235861369));
#16145=CARTESIAN_POINT('',(-0.24271653543307,0.266266654588396,0.329188351192675));
#16146=CARTESIAN_POINT('',(-0.242716535433071,0.269019337654351,0.330999341286399));
#16147=CARTESIAN_POINT('',(-0.24271653543307,0.271698744801521,0.332872923829062));
#16148=CARTESIAN_POINT('',(-0.242716535433071,0.274306830084158,0.334804235861361));
#16149=CARTESIAN_POINT('',(-0.251574803149606,0.266266654588396,0.329188351192675));
#16150=CARTESIAN_POINT('',(-0.251574803149606,0.26901933765435,0.330999341286398));
#16151=CARTESIAN_POINT('',(-0.251574803149606,0.271698744801521,0.332872923829062));
#16152=CARTESIAN_POINT('',(-0.251574803149606,0.274306830084157,0.33480423586136));
#16153=CARTESIAN_POINT('',(-0.251574803149606,0.334812224167725,0.274305726559339));
#16154=CARTESIAN_POINT('',(-0.248622047244094,0.334812224167725,0.274305726559339));
#16155=CARTESIAN_POINT('',(-0.245669291338584,0.334812224167725,0.274305726559339));
#16156=CARTESIAN_POINT('',(-0.242716535433071,0.334812224167725,0.274305726559339));
#16157=CARTESIAN_POINT('',(-0.251574803149606,0.321161080988525,0.255831611697582));
#16158=CARTESIAN_POINT('',(-0.248622047244094,0.321161080988525,0.255831611697582));
#16159=CARTESIAN_POINT('',(-0.245669291338584,0.321161080988525,0.255831611697582));
#16160=CARTESIAN_POINT('',(-0.242716535433071,0.321161080988525,0.255831611697582));
#16161=CARTESIAN_POINT('',(-0.251574803149606,0.311351094966763,0.235233289724982));
#16162=CARTESIAN_POINT('',(-0.248622047244094,0.311351094966763,0.235233289724982));
#16163=CARTESIAN_POINT('',(-0.245669291338584,0.311351094966762,0.235233289724982));
#16164=CARTESIAN_POINT('',(-0.242716535433071,0.311351094966763,0.235233289724982));
#16165=CARTESIAN_POINT('',(-0.251574803149606,0.305382266102438,0.212510760641538));
#16166=CARTESIAN_POINT('',(-0.248622047244094,0.305382266102438,0.212510760641538));
#16167=CARTESIAN_POINT('',(-0.245669291338584,0.305382266102438,0.212510760641538));
#16168=CARTESIAN_POINT('',(-0.242716535433071,0.305382266102438,0.212510760641538));
#16169=CARTESIAN_POINT('',(-0.251574803149606,0.334812224167724,0.274305726559338));
#16170=CARTESIAN_POINT('',(-0.251574803149606,0.332868197859623,0.271668804371531));
#16171=CARTESIAN_POINT('',(-0.251574803149606,0.331002484283397,0.268987392667126));
#16172=CARTESIAN_POINT('',(-0.251574803149606,0.329212895865655,0.266261853304825));
#16173=CARTESIAN_POINT('',(-0.242716535433071,0.334812224167724,0.274305726559338));
#16174=CARTESIAN_POINT('',(-0.242716535433071,0.332868197859623,0.271668804371531));
#16175=CARTESIAN_POINT('',(-0.242716535433071,0.331002484283398,0.268987392667126));
#16176=CARTESIAN_POINT('',(-0.242716535433071,0.329212895865655,0.266261853304825));
#16177=CARTESIAN_POINT('',(-0.242716535433071,0.000483692026627194,-0.00272885490065674));
#16178=CARTESIAN_POINT('',(-0.251574803149606,0.000483692026627194,-0.00272885490065674));
#16179=CARTESIAN_POINT('',(-0.393307086614173,-0.168069555197034,0.478346456692913));
#16180=CARTESIAN_POINT('',(0.985565602779388,0.389573782682419,3.51844525337219));
#16181=CARTESIAN_POINT('',(0.,0.,0.));
#16182=CARTESIAN_POINT('',(-0.87724692634357,-0.87724692634357,3.51844525337219));
#16183=CARTESIAN_POINT('',(0.985565602779388,-3.51844525337219,4.30179225574534E-11));
#16184=CARTESIAN_POINT('',(0.,0.,0.));
#16185=CARTESIAN_POINT('',(-0.87724692634357,-0.87724692634357,3.51844525337219));
#16186=CARTESIAN_POINT('',(1.83701932430267,0.389573782682419,4.30179225574534E-11));
#16187=CARTESIAN_POINT('',(0.,0.,0.));
#16188=CARTESIAN_POINT('',(-0.458020358376681,-0.458020358376681,1.83701932430267));
#16189=CARTESIAN_POINT('',(0.985565602779388,3.51844525337219,4.30179225574534E-11));
#16190=CARTESIAN_POINT('',(0.,0.,0.));
#16191=CARTESIAN_POINT('',(-0.87724692634357,-0.87724692634357,3.51844525337219));
#16192=CARTESIAN_POINT('',(0.985565602779388,0.389573782682419,-3.51844525337219));
#16193=CARTESIAN_POINT('',(0.,0.,0.));
#16194=CARTESIAN_POINT('',(-0.87724692634357,-0.87724692634357,3.51844525337219));
#16195=CARTESIAN_POINT('',(-1.83701932430267,0.389573782682419,4.30179225574534E-11));
#16196=CARTESIAN_POINT('',(0.,0.,0.));
#16197=CARTESIAN_POINT('',(-0.458020358376681,-0.458020358376681,1.83701932430267));
#16198=CARTESIAN_POINT('',(3.42894073327382,-2.05380131800969,2.44337513049444));
#16199=CARTESIAN_POINT('',(0.,0.,0.));
#16200=CARTESIAN_POINT('',(-1.14096132135406,-1.14096132135406,4.57614592294078));
#16201=CARTESIAN_POINT('',(3.26089479289497,-1.46218311886719,1.18825193712079));
#16202=CARTESIAN_POINT('',(0.,0.,0.));
#16203=CARTESIAN_POINT('',(-0.908977686525951,-0.908977686525951,3.64571038157837));
#16204=MECHANICAL_DESIGN_GEOMETRIC_PRESENTATION_REPRESENTATION('',(#7403),
#16205);
#16205=(
GEOMETRIC_REPRESENTATION_CONTEXT(3)
GLOBAL_UNCERTAINTY_ASSIGNED_CONTEXT((#16206))
GLOBAL_UNIT_ASSIGNED_CONTEXT((#16209,#16208,#16207))
REPRESENTATION_CONTEXT('fuel_ball_valve_1','TOP_LEVEL_ASSEMBLY_PART')
);
#16206=UNCERTAINTY_MEASURE_WITH_UNIT(LENGTH_MEASURE(0.000196850393700787),
#16209,'DISTANCE_ACCURACY_VALUE','Maximum Tolerance applied to model');
#16207=(
NAMED_UNIT(*)
SI_UNIT($,.STERADIAN.)
SOLID_ANGLE_UNIT()
);
#16208=(
NAMED_UNIT(*)
PLANE_ANGLE_UNIT()
SI_UNIT($,.RADIAN.)
);
#16209=(
CONVERSION_BASED_UNIT('INCH',#16211)
LENGTH_UNIT()
NAMED_UNIT(#16210)
);
#16210=DIMENSIONAL_EXPONENTS(1.,0.,0.,0.,0.,0.,0.);
#16211=LENGTH_MEASURE_WITH_UNIT(LENGTH_MEASURE(25.4),#16212);
#16212=(
LENGTH_UNIT()
NAMED_UNIT(*)
SI_UNIT(.MILLI.,.METRE.)
);
#16213=PRODUCT_DEFINITION_SHAPE('','',#16214);
#16214=PRODUCT_DEFINITION('','',#16216,#16215);
#16215=PRODUCT_DEFINITION_CONTEXT('',#16222,'design');
#16216=PRODUCT_DEFINITION_FORMATION_WITH_SPECIFIED_SOURCE('','',#16218,
 .NOT_KNOWN.);
#16217=PRODUCT_RELATED_PRODUCT_CATEGORY('','',(#16218));
#16218=PRODUCT('fuel_ball_valve_1','fuel_ball_valve_1',
'fuel_ball_valve_1',(#16220));
#16219=PRODUCT_CATEGORY('','');
#16220=PRODUCT_CONTEXT('',#16222,'mechanical');
#16221=APPLICATION_PROTOCOL_DEFINITION('international standard',
'ap242_managed_model_based_3d_engineering',2020,#16222);
#16222=APPLICATION_CONTEXT('managed model based 3d engineering');
ENDSEC;
END-ISO-10303-21;
