ISO-10303-21;
HEADER;
/* Generated by software containing ST-Developer
 * from STEP Tools, Inc. (www.steptools.com) 
 */
/* OPTION: using custom renumber hook */

FILE_DESCRIPTION(
/* description */ (
'CAx-IF Rec.Pracs.---Representation and Presentation of Product Manufa
cturing Information (PMI)---4.0---2014-10-13',
'CAx-IF Rec.Pracs.---3D Tessellated Geometry---0.4---2014-09-14','2;1'),

/* implementation_level */ '2;1');

FILE_NAME(
/* name */ 'injector',
/* time_stamp */ '2025-08-21T01:45:55-04:00',
/* author */ (''),
/* organization */ (''),
/* preprocessor_version */ 'ST-DEVELOPER v18.102',
/* originating_system */ 'SIEMENS PLM Software NX 2027',
/* authorisation */ $);

FILE_SCHEMA (('AP242_MANAGED_MODEL_BASED_3D_ENGINEERING_MIM_LF { 1 0 10303 442 3 1 4 }'));
ENDSEC;

DATA;
#10=DEFAULT_MODEL_GEOMETRIC_VIEW('','',#53,#27,'','',#5952,*);
#11=MECHANICAL_DESIGN_AND_DRAUGHTING_RELATIONSHIP('','',#19,#20);
#12=MECHANICAL_DESIGN_AND_DRAUGHTING_RELATIONSHIP('','',#21,#20);
#13=MECHANICAL_DESIGN_AND_DRAUGHTING_RELATIONSHIP('','',#22,#20);
#14=MECHANICAL_DESIGN_AND_DRAUGHTING_RELATIONSHIP('','',#23,#20);
#15=MECHANICAL_DESIGN_AND_DRAUGHTING_RELATIONSHIP('','',#24,#20);
#16=MECHANICAL_DESIGN_AND_DRAUGHTING_RELATIONSHIP('','',#25,#20);
#17=MECHANICAL_DESIGN_AND_DRAUGHTING_RELATIONSHIP('','',#26,#20);
#18=MECHANICAL_DESIGN_AND_DRAUGHTING_RELATIONSHIP('','',#27,#20);
#19=DRAUGHTING_MODEL('Top',(#46,#37),#5944);
#20=DRAUGHTING_MODEL('',(#38),#5944);
#21=DRAUGHTING_MODEL('Front',(#47,#39),#5944);
#22=DRAUGHTING_MODEL('Right',(#48,#40),#5944);
#23=DRAUGHTING_MODEL('Back',(#49,#41),#5944);
#24=DRAUGHTING_MODEL('Bottom',(#50,#42),#5944);
#25=DRAUGHTING_MODEL('Left',(#51,#43),#5944);
#26=DRAUGHTING_MODEL('Isometric',(#52,#44),#5944);
#27=DRAUGHTING_MODEL('Trimetric',(#53,#45),#5944);
#28=REPRESENTATION_MAP(#2757,#71);
#29=REPRESENTATION_MAP(#2757,#71);
#30=REPRESENTATION_MAP(#2757,#71);
#31=REPRESENTATION_MAP(#2757,#71);
#32=REPRESENTATION_MAP(#2757,#71);
#33=REPRESENTATION_MAP(#2757,#71);
#34=REPRESENTATION_MAP(#2757,#71);
#35=REPRESENTATION_MAP(#2757,#71);
#36=REPRESENTATION_MAP(#2757,#71);
#37=MAPPED_ITEM('',#28,#2757);
#38=MAPPED_ITEM('',#29,#2757);
#39=MAPPED_ITEM('',#30,#2757);
#40=MAPPED_ITEM('',#31,#2757);
#41=MAPPED_ITEM('',#32,#2757);
#42=MAPPED_ITEM('',#33,#2757);
#43=MAPPED_ITEM('',#34,#2757);
#44=MAPPED_ITEM('',#35,#2757);
#45=MAPPED_ITEM('',#36,#2757);
#46=CAMERA_MODEL_D3('Top',#3071,#54);
#47=CAMERA_MODEL_D3('Front',#3073,#55);
#48=CAMERA_MODEL_D3('Right',#3075,#56);
#49=CAMERA_MODEL_D3('Back',#3077,#57);
#50=CAMERA_MODEL_D3('Bottom',#3079,#58);
#51=CAMERA_MODEL_D3('Left',#3081,#59);
#52=CAMERA_MODEL_D3('Isometric',#3083,#60);
#53=CAMERA_MODEL_D3('Trimetric',#3085,#61);
#54=VIEW_VOLUME(.PARALLEL.,#5920,2.40968084335327,0.,.F.,0.,.F.,.F.,#62);
#55=VIEW_VOLUME(.PARALLEL.,#5923,1.48454618453979,0.,.F.,0.,.F.,.F.,#63);
#56=VIEW_VOLUME(.PARALLEL.,#5926,1.48454618453979,0.,.F.,0.,.F.,.F.,#64);
#57=VIEW_VOLUME(.PARALLEL.,#5929,1.48454618453979,0.,.F.,0.,.F.,.F.,#65);
#58=VIEW_VOLUME(.PARALLEL.,#5932,2.40968084335327,0.,.F.,0.,.F.,.F.,#66);
#59=VIEW_VOLUME(.PARALLEL.,#5935,1.48454618453979,0.,.F.,0.,.F.,.F.,#67);
#60=VIEW_VOLUME(.PARALLEL.,#5938,2.6372389620055,0.,.F.,0.,.F.,.F.,#68);
#61=VIEW_VOLUME(.PARALLEL.,#5941,2.08849477002086,0.,.F.,0.,.F.,.F.,#69);
#62=PLANAR_BOX('',1.20160182186983,1.20160182186983,#3072);
#63=PLANAR_BOX('',0.740277869126672,0.740277869126672,#3074);
#64=PLANAR_BOX('',0.740277869126672,0.740277869126672,#3076);
#65=PLANAR_BOX('',0.740277869126672,0.740277869126672,#3078);
#66=PLANAR_BOX('',1.20160182186983,1.20160182186983,#3080);
#67=PLANAR_BOX('',0.740277869126672,0.740277869126672,#3082);
#68=PLANAR_BOX('',1.31507504414655,1.31507504414655,#3084);
#69=PLANAR_BOX('',1.04144045778712,1.04144045778712,#3086);
#70=SHAPE_REPRESENTATION_RELATIONSHIP('','',#2756,#71);
#71=ADVANCED_BREP_SHAPE_REPRESENTATION('',(#2754),#5944);
#72=VERTEX_LOOP('',#1735);
#73=VERTEX_LOOP('',#1737);
#74=VERTEX_LOOP('',#1739);
#75=VERTEX_LOOP('',#1741);
#76=VERTEX_LOOP('',#1743);
#77=VERTEX_LOOP('',#1745);
#78=VERTEX_LOOP('',#1747);
#79=VERTEX_LOOP('',#1749);
#80=VERTEX_LOOP('',#1751);
#81=VERTEX_LOOP('',#1753);
#82=VERTEX_LOOP('',#1755);
#83=VERTEX_LOOP('',#1757);
#84=VERTEX_LOOP('',#1759);
#85=VERTEX_LOOP('',#1761);
#86=VERTEX_LOOP('',#1763);
#87=VERTEX_LOOP('',#1765);
#88=VERTEX_LOOP('',#1767);
#89=VERTEX_LOOP('',#1769);
#90=VERTEX_LOOP('',#1771);
#91=VERTEX_LOOP('',#1773);
#92=VERTEX_LOOP('',#1775);
#93=VERTEX_LOOP('',#1777);
#94=VERTEX_LOOP('',#1779);
#95=VERTEX_LOOP('',#1781);
#96=VERTEX_LOOP('',#1783);
#97=VERTEX_LOOP('',#1785);
#98=VERTEX_LOOP('',#1787);
#99=VERTEX_LOOP('',#1789);
#100=CONICAL_SURFACE('',#3002,0.025,0.698131700797732);
#101=CONICAL_SURFACE('',#3004,5.13996968603003E-17,0.698131700797733);
#102=CONICAL_SURFACE('',#3006,0.0250000000000001,0.698131700797732);
#103=CONICAL_SURFACE('',#3008,1.90893681813428E-16,0.698131700797728);
#104=CONICAL_SURFACE('',#3010,0.0250000000000005,0.698131700797741);
#105=CONICAL_SURFACE('',#3012,5.96370926606383E-16,0.698131700797719);
#106=CONICAL_SURFACE('',#3014,0.0249999999999995,0.698131700797722);
#107=CONICAL_SURFACE('',#3016,4.85335689081934E-16,0.698131700797721);
#108=CONICAL_SURFACE('',#3018,0.0250000000000002,0.698131700797736);
#109=CONICAL_SURFACE('',#3020,2.29072418176114E-16,0.698131700797724);
#110=CONICAL_SURFACE('',#3022,0.025,0.698131700797731);
#111=CONICAL_SURFACE('',#3024,0.,0.698131700797732);
#112=CONICAL_SURFACE('',#3026,0.025,0.698131700797731);
#113=CONICAL_SURFACE('',#3028,0.,0.698131700797733);
#114=CONICAL_SURFACE('',#3030,0.025,0.698131700797731);
#115=CONICAL_SURFACE('',#3032,0.,0.698131700797723);
#116=CONICAL_SURFACE('',#3034,0.025,0.698131700797731);
#117=CONICAL_SURFACE('',#3036,0.,0.698131700797731);
#118=CONICAL_SURFACE('',#3038,0.025,0.698131700797731);
#119=CONICAL_SURFACE('',#3040,0.,0.698131700797734);
#120=CONICAL_SURFACE('',#3042,0.025,0.698131700797731);
#121=CONICAL_SURFACE('',#3044,0.,0.698131700797731);
#122=CONICAL_SURFACE('',#3046,0.025,0.698131700797731);
#123=CONICAL_SURFACE('',#3048,0.,0.698131700797727);
#124=CONICAL_SURFACE('',#3050,0.025,0.698131700797731);
#125=CONICAL_SURFACE('',#3052,0.,0.698131700797727);
#126=CONICAL_SURFACE('',#3054,0.025,0.698131700797731);
#127=CONICAL_SURFACE('',#3056,0.,0.698131700797733);
#128=CONICAL_SURFACE('',#3069,0.71,0.785398163397448);
#129=CONICAL_SURFACE('',#3070,0.75,0.78539816339745);
#130=B_SPLINE_SURFACE_WITH_KNOTS('',3,1,((#4807,#4808),(#4809,#4810),(#4811,
#4812),(#4813,#4814),(#4815,#4816),(#4817,#4818),(#4819,#4820)),
 .SURF_OF_LINEAR_EXTRUSION.,.T.,.F.,.F.,(1,1,1,1,1,1,1,1,1,1,1),(2,2),(-4.71238898038469,
-3.14159265358979,-1.5707963267949,3.41480999208033E-16,1.5707963267949,
3.14159265358979,4.71238898038469,6.28318530717959,7.85398163397448,9.42477796076938,
10.9955742875643),(0.,1.),.UNSPECIFIED.);
#131=B_SPLINE_SURFACE_WITH_KNOTS('',3,1,((#4825,#4826),(#4827,#4828),(#4829,
#4830),(#4831,#4832),(#4833,#4834),(#4835,#4836),(#4837,#4838)),
 .SURF_OF_LINEAR_EXTRUSION.,.T.,.F.,.F.,(1,1,1,1,1,1,1,1,1,1,1),(2,2),(-4.71238898038469,
-3.14159265358979,-1.5707963267949,8.53702498020081E-17,1.5707963267949,
3.14159265358979,4.71238898038469,6.28318530717959,7.85398163397448,9.42477796076938,
10.9955742875643),(0.,1.),.UNSPECIFIED.);
#132=B_SPLINE_SURFACE_WITH_KNOTS('',3,1,((#4843,#4844),(#4845,#4846),(#4847,
#4848),(#4849,#4850),(#4851,#4852),(#4853,#4854),(#4855,#4856)),
 .SURF_OF_LINEAR_EXTRUSION.,.T.,.F.,.F.,(1,1,1,1,1,1,1,1,1,1,1),(2,2),(-4.71238898038469,
-3.14159265358979,-1.5707963267949,0.,1.5707963267949,3.14159265358979,
4.71238898038469,6.28318530717959,7.85398163397448,9.42477796076938,10.9955742875643),
(0.,1.),.UNSPECIFIED.);
#133=B_SPLINE_SURFACE_WITH_KNOTS('',3,1,((#4861,#4862),(#4863,#4864),(#4865,
#4866),(#4867,#4868),(#4869,#4870),(#4871,#4872),(#4873,#4874)),
 .SURF_OF_LINEAR_EXTRUSION.,.T.,.F.,.F.,(1,1,1,1,1,1,1,1,1,1,1),(2,2),(-4.71238898038469,
-3.14159265358979,-1.5707963267949,0.,1.5707963267949,3.14159265358979,
4.71238898038469,6.28318530717959,7.85398163397448,9.42477796076938,10.9955742875643),
(0.,1.),.UNSPECIFIED.);
#134=B_SPLINE_SURFACE_WITH_KNOTS('',3,1,((#4879,#4880),(#4881,#4882),(#4883,
#4884),(#4885,#4886),(#4887,#4888),(#4889,#4890),(#4891,#4892)),
 .SURF_OF_LINEAR_EXTRUSION.,.T.,.F.,.F.,(1,1,1,1,1,1,1,1,1,1,1),(2,2),(-4.71238898038469,
-3.14159265358979,-1.5707963267949,0.,1.5707963267949,3.14159265358979,
4.71238898038469,6.28318530717959,7.85398163397448,9.42477796076938,10.9955742875643),
(0.,1.),.UNSPECIFIED.);
#135=B_SPLINE_SURFACE_WITH_KNOTS('',3,1,((#4897,#4898),(#4899,#4900),(#4901,
#4902),(#4903,#4904),(#4905,#4906),(#4907,#4908),(#4909,#4910)),
 .SURF_OF_LINEAR_EXTRUSION.,.T.,.F.,.F.,(1,1,1,1,1,1,1,1,1,1,1),(2,2),(-4.71238898038469,
-3.14159265358979,-1.5707963267949,0.,1.5707963267949,3.14159265358979,
4.71238898038469,6.28318530717959,7.85398163397448,9.42477796076938,10.9955742875643),
(0.,1.),.UNSPECIFIED.);
#136=B_SPLINE_SURFACE_WITH_KNOTS('',3,1,((#4915,#4916),(#4917,#4918),(#4919,
#4920),(#4921,#4922),(#4923,#4924),(#4925,#4926),(#4927,#4928)),
 .SURF_OF_LINEAR_EXTRUSION.,.T.,.F.,.F.,(1,1,1,1,1,1,1,1,1,1,1),(2,2),(-4.71238898038469,
-3.14159265358979,-1.5707963267949,0.,1.5707963267949,3.14159265358979,
4.71238898038469,6.28318530717959,7.85398163397448,9.42477796076938,10.9955742875643),
(0.,1.),.UNSPECIFIED.);
#137=B_SPLINE_SURFACE_WITH_KNOTS('',3,1,((#4933,#4934),(#4935,#4936),(#4937,
#4938),(#4939,#4940),(#4941,#4942),(#4943,#4944),(#4945,#4946)),
 .SURF_OF_LINEAR_EXTRUSION.,.T.,.F.,.F.,(1,1,1,1,1,1,1,1,1,1,1),(2,2),(-4.71238898038469,
-3.14159265358979,-1.5707963267949,0.,1.5707963267949,3.14159265358979,
4.71238898038469,6.28318530717959,7.85398163397448,9.42477796076938,10.9955742875643),
(0.,1.),.UNSPECIFIED.);
#138=B_SPLINE_SURFACE_WITH_KNOTS('',3,1,((#4951,#4952),(#4953,#4954),(#4955,
#4956),(#4957,#4958),(#4959,#4960),(#4961,#4962),(#4963,#4964)),
 .SURF_OF_LINEAR_EXTRUSION.,.T.,.F.,.F.,(1,1,1,1,1,1,1,1,1,1,1),(2,2),(-4.71238898038469,
-3.14159265358979,-1.5707963267949,0.,1.5707963267949,3.14159265358979,
4.71238898038469,6.28318530717959,7.85398163397448,9.42477796076938,10.9955742875643),
(0.,1.),.UNSPECIFIED.);
#139=B_SPLINE_SURFACE_WITH_KNOTS('',3,1,((#4969,#4970),(#4971,#4972),(#4973,
#4974),(#4975,#4976),(#4977,#4978),(#4979,#4980),(#4981,#4982)),
 .SURF_OF_LINEAR_EXTRUSION.,.T.,.F.,.F.,(1,1,1,1,1,1,1,1,1,1,1),(2,2),(-4.71238898038469,
-3.14159265358979,-1.5707963267949,0.,1.5707963267949,3.14159265358979,
4.71238898038469,6.28318530717959,7.85398163397448,9.42477796076938,10.9955742875643),
(0.,1.),.UNSPECIFIED.);
#140=B_SPLINE_SURFACE_WITH_KNOTS('',3,1,((#4987,#4988),(#4989,#4990),(#4991,
#4992),(#4993,#4994),(#4995,#4996),(#4997,#4998),(#4999,#5000)),
 .SURF_OF_LINEAR_EXTRUSION.,.T.,.F.,.F.,(1,1,1,1,1,1,1,1,1,1,1),(2,2),(1.57079632679489,
3.14159265358979,4.71238898038469,6.28318530717958,7.85398163397448,9.42477796076938,
10.9955742875643,12.5663706143592,14.1371669411541,15.707963267949,17.2787595947439),
(0.,1.),.UNSPECIFIED.);
#141=B_SPLINE_SURFACE_WITH_KNOTS('',3,1,((#5005,#5006),(#5007,#5008),(#5009,
#5010),(#5011,#5012),(#5013,#5014),(#5015,#5016),(#5017,#5018)),
 .SURF_OF_LINEAR_EXTRUSION.,.T.,.F.,.F.,(1,1,1,1,1,1,1,1,1,1,1),(2,2),(-4.71238898038469,
-3.14159265358979,-1.5707963267949,3.41480999208032E-16,1.5707963267949,
3.14159265358979,4.71238898038469,6.28318530717959,7.85398163397448,9.42477796076938,
10.9955742875643),(0.,1.),.UNSPECIFIED.);
#142=B_SPLINE_SURFACE_WITH_KNOTS('',3,1,((#5023,#5024),(#5025,#5026),(#5027,
#5028),(#5029,#5030),(#5031,#5032),(#5033,#5034),(#5035,#5036)),
 .SURF_OF_LINEAR_EXTRUSION.,.T.,.F.,.F.,(1,1,1,1,1,1,1,1,1,1,1),(2,2),(1.5707963267949,
3.14159265358979,4.71238898038469,6.28318530717959,7.85398163397448,9.42477796076938,
10.9955742875643,12.5663706143592,14.1371669411541,15.707963267949,17.2787595947439),
(0.,1.),.UNSPECIFIED.);
#143=B_SPLINE_SURFACE_WITH_KNOTS('',3,1,((#5041,#5042),(#5043,#5044),(#5045,
#5046),(#5047,#5048),(#5049,#5050),(#5051,#5052),(#5053,#5054)),
 .SURF_OF_LINEAR_EXTRUSION.,.T.,.F.,.F.,(1,1,1,1,1,1,1,1,1,1,1),(2,2),(-4.71238898038469,
-3.14159265358979,-1.5707963267949,6.61619435965562E-16,1.5707963267949,
3.14159265358979,4.71238898038469,6.28318530717959,7.85398163397448,9.42477796076938,
10.9955742875643),(0.,1.),.UNSPECIFIED.);
#144=B_SPLINE_SURFACE_WITH_KNOTS('',3,1,((#5059,#5060),(#5061,#5062),(#5063,
#5064),(#5065,#5066),(#5067,#5068),(#5069,#5070),(#5071,#5072)),
 .SURF_OF_LINEAR_EXTRUSION.,.T.,.F.,.F.,(1,1,1,1,1,1,1,1,1,1,1),(2,2),(-4.71238898038469,
-3.14159265358979,-1.5707963267949,1.70740499604016E-16,1.5707963267949,
3.14159265358979,4.71238898038469,6.28318530717959,7.85398163397448,9.42477796076938,
10.9955742875643),(0.,1.),.UNSPECIFIED.);
#145=B_SPLINE_SURFACE_WITH_KNOTS('',3,1,((#5077,#5078),(#5079,#5080),(#5081,
#5082),(#5083,#5084),(#5085,#5086),(#5087,#5088),(#5089,#5090)),
 .SURF_OF_LINEAR_EXTRUSION.,.T.,.F.,.F.,(1,1,1,1,1,1,1,1,1,1,1),(2,2),(1.5707963267949,
3.14159265358979,4.71238898038469,6.28318530717959,7.85398163397448,9.42477796076938,
10.9955742875643,12.5663706143592,14.1371669411541,15.707963267949,17.2787595947439),
(0.,1.),.UNSPECIFIED.);
#146=B_SPLINE_SURFACE_WITH_KNOTS('',3,1,((#5095,#5096),(#5097,#5098),(#5099,
#5100),(#5101,#5102),(#5103,#5104),(#5105,#5106),(#5107,#5108)),
 .SURF_OF_LINEAR_EXTRUSION.,.T.,.F.,.F.,(1,1,1,1,1,1,1,1,1,1,1),(2,2),(-4.71238898038469,
-3.14159265358979,-1.5707963267949,1.83697019872103E-16,1.5707963267949,
3.14159265358979,4.71238898038469,6.28318530717959,7.85398163397448,9.42477796076938,
10.9955742875643),(0.,1.),.UNSPECIFIED.);
#147=B_SPLINE_SURFACE_WITH_KNOTS('',3,1,((#5113,#5114),(#5115,#5116),(#5117,
#5118),(#5119,#5120),(#5121,#5122),(#5123,#5124),(#5125,#5126)),
 .SURF_OF_LINEAR_EXTRUSION.,.T.,.F.,.F.,(1,1,1,1,1,1,1,1,1,1,1),(2,2),(-4.71238898038469,
-3.14159265358979,-1.5707963267949,1.83697019872103E-16,1.5707963267949,
3.14159265358979,4.71238898038469,6.28318530717959,7.85398163397448,9.42477796076938,
10.9955742875643),(0.,1.),.UNSPECIFIED.);
#148=B_SPLINE_SURFACE_WITH_KNOTS('',3,1,((#5131,#5132),(#5133,#5134),(#5135,
#5136),(#5137,#5138),(#5139,#5140),(#5141,#5142),(#5143,#5144)),
 .SURF_OF_LINEAR_EXTRUSION.,.T.,.F.,.F.,(1,1,1,1,1,1,1,1,1,1,1),(2,2),(-4.71238898038469,
-3.14159265358979,-1.5707963267949,5.12221498812049E-16,1.5707963267949,
3.14159265358979,4.71238898038469,6.28318530717959,7.85398163397448,9.42477796076938,
10.9955742875643),(0.,1.),.UNSPECIFIED.);
#149=B_SPLINE_SURFACE_WITH_KNOTS('',3,1,((#5149,#5150),(#5151,#5152),(#5153,
#5154),(#5155,#5156),(#5157,#5158),(#5159,#5160),(#5161,#5162)),
 .SURF_OF_LINEAR_EXTRUSION.,.T.,.F.,.F.,(1,1,1,1,1,1,1,1,1,1,1),(2,2),(-4.71238898038469,
-3.14159265358979,-1.5707963267949,7.68332248218071E-16,1.5707963267949,
3.14159265358979,4.71238898038469,6.28318530717959,7.85398163397448,9.42477796076938,
10.9955742875643),(0.,1.),.UNSPECIFIED.);
#150=B_SPLINE_SURFACE_WITH_KNOTS('',3,1,((#5167,#5168),(#5169,#5170),(#5171,
#5172),(#5173,#5174),(#5175,#5176),(#5177,#5178),(#5179,#5180)),
 .SURF_OF_LINEAR_EXTRUSION.,.T.,.F.,.F.,(1,1,1,1,1,1,1,1,1,1,1),(2,2),(-4.71238898038469,
-3.14159265358979,-1.5707963267949,6.82961998416066E-16,1.5707963267949,
3.14159265358979,4.71238898038469,6.28318530717959,7.85398163397448,9.42477796076938,
10.9955742875643),(0.,1.),.UNSPECIFIED.);
#151=B_SPLINE_SURFACE_WITH_KNOTS('',3,1,((#5185,#5186),(#5187,#5188),(#5189,
#5190),(#5191,#5192),(#5193,#5194),(#5195,#5196),(#5197,#5198)),
 .SURF_OF_LINEAR_EXTRUSION.,.T.,.F.,.F.,(1,1,1,1,1,1,1,1,1,1,1),(2,2),(-4.71238898038469,
-3.14159265358979,-1.5707963267949,2.34768186955522E-16,1.5707963267949,
3.14159265358979,4.71238898038469,6.28318530717959,7.85398163397448,9.42477796076938,
10.9955742875643),(0.,1.),.UNSPECIFIED.);
#152=B_SPLINE_SURFACE_WITH_KNOTS('',3,1,((#5203,#5204),(#5205,#5206),(#5207,
#5208),(#5209,#5210),(#5211,#5212),(#5213,#5214),(#5215,#5216)),
 .SURF_OF_LINEAR_EXTRUSION.,.T.,.F.,.F.,(1,1,1,1,1,1,1,1,1,1,1),(2,2),(-4.71238898038469,
-3.14159265358979,-1.5707963267949,4.26851249010041E-16,1.5707963267949,
3.14159265358979,4.71238898038469,6.28318530717959,7.85398163397448,9.42477796076938,
10.9955742875643),(0.,1.),.UNSPECIFIED.);
#153=B_SPLINE_SURFACE_WITH_KNOTS('',3,1,((#5221,#5222),(#5223,#5224),(#5225,
#5226),(#5227,#5228),(#5229,#5230),(#5231,#5232),(#5233,#5234)),
 .SURF_OF_LINEAR_EXTRUSION.,.T.,.F.,.F.,(1,1,1,1,1,1,1,1,1,1,1),(2,2),(-4.71238898038469,
-3.14159265358979,-1.5707963267949,0.,1.5707963267949,3.14159265358979,
4.71238898038469,6.28318530717959,7.85398163397448,9.42477796076938,10.9955742875643),
(0.,1.),.UNSPECIFIED.);
#154=B_SPLINE_SURFACE_WITH_KNOTS('',3,1,((#5239,#5240),(#5241,#5242),(#5243,
#5244),(#5245,#5246),(#5247,#5248),(#5249,#5250),(#5251,#5252)),
 .SURF_OF_LINEAR_EXTRUSION.,.T.,.F.,.F.,(1,1,1,1,1,1,1,1,1,1,1),(2,2),(-4.71238898038469,
-3.14159265358979,-1.5707963267949,4.26851249010041E-17,1.5707963267949,
3.14159265358979,4.71238898038469,6.28318530717959,7.85398163397448,9.42477796076938,
10.9955742875643),(0.,1.),.UNSPECIFIED.);
#155=B_SPLINE_SURFACE_WITH_KNOTS('',3,1,((#5257,#5258),(#5259,#5260),(#5261,
#5262),(#5263,#5264),(#5265,#5266),(#5267,#5268),(#5269,#5270)),
 .SURF_OF_LINEAR_EXTRUSION.,.T.,.F.,.F.,(1,1,1,1,1,1,1,1,1,1,1),(2,2),(1.5707963267949,
3.14159265358979,4.71238898038469,6.28318530717959,7.85398163397448,9.42477796076938,
10.9955742875643,12.5663706143592,14.1371669411541,15.707963267949,17.2787595947439),
(0.,1.),.UNSPECIFIED.);
#156=B_SPLINE_SURFACE_WITH_KNOTS('',3,1,((#5275,#5276),(#5277,#5278),(#5279,
#5280),(#5281,#5282),(#5283,#5284),(#5285,#5286),(#5287,#5288)),
 .SURF_OF_LINEAR_EXTRUSION.,.T.,.F.,.F.,(1,1,1,1,1,1,1,1,1,1,1),(2,2),(-4.71238898038469,
-3.14159265358979,-1.5707963267949,8.53702498020082E-16,1.5707963267949,
3.14159265358979,4.71238898038469,6.28318530717959,7.85398163397448,9.42477796076938,
10.9955742875643),(0.,1.),.UNSPECIFIED.);
#157=B_SPLINE_SURFACE_WITH_KNOTS('',3,1,((#5293,#5294),(#5295,#5296),(#5297,
#5298),(#5299,#5300),(#5301,#5302),(#5303,#5304),(#5305,#5306)),
 .SURF_OF_LINEAR_EXTRUSION.,.T.,.F.,.F.,(1,1,1,1,1,1,1,1,1,1,1),(2,2),(-4.71238898038469,
-3.14159265358979,-1.5707963267949,4.2685124901004E-17,1.5707963267949,
3.14159265358979,4.71238898038469,6.28318530717959,7.85398163397448,9.42477796076938,
10.9955742875643),(0.,1.),.UNSPECIFIED.);
#158=B_SPLINE_SURFACE_WITH_KNOTS('',1,3,((#5457,#5458,#5459,#5460,#5461,
#5462,#5463,#5464,#5465,#5466,#5467,#5468,#5469,#5470,#5471,#5472,#5473,
#5474,#5475,#5476,#5477,#5478,#5479,#5480,#5481,#5482,#5483,#5484,#5485,
#5486),(#5487,#5488,#5489,#5490,#5491,#5492,#5493,#5494,#5495,#5496,#5497,
#5498,#5499,#5500,#5501,#5502,#5503,#5504,#5505,#5506,#5507,#5508,#5509,
#5510,#5511,#5512,#5513,#5514,#5515,#5516)),.RULED_SURF.,.F.,.F.,.F.,(2,
2),(4,1,1,1,1,1,1,1,1,1,1,1,1,1,1,1,1,1,1,1,1,1,1,1,1,1,1,4),(0.200095501283854,
0.853770931617323),(0.0274634635946966,0.0381766283042393,0.0763532566084786,
0.114529884912718,0.152706513216957,0.190883141521196,0.229059769825436,
0.267236398129675,0.305413026433914,0.343589654738154,0.381766283042393,
0.419942911346632,0.458119539650871,0.496296167955111,0.53447279625935,
0.572649424563589,0.610826052867829,0.649002681172068,0.687179309476307,
0.725355937780546,0.763532566084786,0.801709194389025,0.839885822693264,
0.878062450997504,0.916239079301743,0.954415707605982,0.992592335910221,
1.),.UNSPECIFIED.);
#159=B_SPLINE_SURFACE_WITH_KNOTS('',1,3,((#5576,#5577,#5578,#5579,#5580,
#5581,#5582,#5583,#5584,#5585,#5586,#5587,#5588,#5589,#5590,#5591,#5592,
#5593,#5594,#5595,#5596,#5597,#5598,#5599,#5600,#5601),(#5602,#5603,#5604,
#5605,#5606,#5607,#5608,#5609,#5610,#5611,#5612,#5613,#5614,#5615,#5616,
#5617,#5618,#5619,#5620,#5621,#5622,#5623,#5624,#5625,#5626,#5627)),
 .RULED_SURF.,.F.,.F.,.F.,(2,2),(4,1,1,1,1,1,1,1,1,1,1,1,1,1,1,1,1,1,1,
1,1,1,1,4),(0.146018991513505,0.799901332188006),(0.178882868829809,0.190883141521196,
0.229059769825436,0.267236398129675,0.305413026433914,0.343589654738154,
0.381766283042393,0.419942911346632,0.458119539650871,0.496296167955111,
0.53447279625935,0.572649424563589,0.610826052867829,0.649002681172068,
0.687179309476307,0.725355937780546,0.763532566084786,0.801709194389025,
0.839885822693264,0.878062450997504,0.916239079301743,0.954415707605982,
0.992592335910221,1.),.UNSPECIFIED.);
#160=B_SPLINE_SURFACE_WITH_KNOTS('',1,3,((#5631,#5632,#5633,#5634,#5635),
(#5636,#5637,#5638,#5639,#5640)),.RULED_SURF.,.F.,.F.,.F.,(2,2),(4,1,4),
(0.,0.129663263502611),(0.982131865515187,0.992592335910221,1.),
 .UNSPECIFIED.);
#161=B_SPLINE_SURFACE_WITH_KNOTS('',1,3,((#5677,#5678,#5679,#5680,#5681),
(#5682,#5683,#5684,#5685,#5686)),.SURF_OF_LINEAR_EXTRUSION.,.F.,.F.,.F.,
(2,2),(4,1,4),(0.939548808610865,1.),(0.982131865515187,0.992592335910221,
1.),.UNSPECIFIED.);
#162=B_SPLINE_SURFACE_WITH_KNOTS('',1,3,((#5687,#5688,#5689,#5690,#5691,
#5692,#5693,#5694,#5695,#5696,#5697,#5698,#5699,#5700,#5701,#5702,#5703,
#5704,#5705,#5706,#5707,#5708,#5709,#5710,#5711,#5712,#5713,#5714,#5715,
#5716),(#5717,#5718,#5719,#5720,#5721,#5722,#5723,#5724,#5725,#5726,#5727,
#5728,#5729,#5730,#5731,#5732,#5733,#5734,#5735,#5736,#5737,#5738,#5739,
#5740,#5741,#5742,#5743,#5744,#5745,#5746)),.RULED_SURF.,.F.,.F.,.F.,(2,
2),(4,1,1,1,1,1,1,1,1,1,1,1,1,1,1,1,1,1,1,1,1,1,1,1,1,1,1,4),(0.200095501283853,
0.853770931617322),(0.0274634635946967,0.0381766283042393,0.0763532566084786,
0.114529884912718,0.152706513216957,0.190883141521196,0.229059769825436,
0.267236398129675,0.305413026433914,0.343589654738154,0.381766283042393,
0.419942911346632,0.458119539650871,0.496296167955111,0.53447279625935,
0.572649424563589,0.610826052867829,0.649002681172068,0.687179309476307,
0.725355937780546,0.763532566084786,0.801709194389025,0.839885822693264,
0.878062450997504,0.916239079301743,0.954415707605982,0.992592335910221,
1.),.UNSPECIFIED.);
#163=B_SPLINE_SURFACE_WITH_KNOTS('',1,3,((#5784,#5785,#5786,#5787,#5788,
#5789,#5790,#5791,#5792,#5793,#5794,#5795,#5796,#5797,#5798,#5799,#5800,
#5801,#5802,#5803,#5804,#5805,#5806,#5807,#5808,#5809),(#5810,#5811,#5812,
#5813,#5814,#5815,#5816,#5817,#5818,#5819,#5820,#5821,#5822,#5823,#5824,
#5825,#5826,#5827,#5828,#5829,#5830,#5831,#5832,#5833,#5834,#5835)),
 .RULED_SURF.,.F.,.F.,.F.,(2,2),(4,1,1,1,1,1,1,1,1,1,1,1,1,1,1,1,1,1,1,
1,1,1,1,4),(0.146018991513504,0.799901332188006),(0.178882868829809,0.190883141521196,
0.229059769825436,0.267236398129675,0.305413026433914,0.343589654738154,
0.381766283042393,0.419942911346632,0.458119539650871,0.496296167955111,
0.53447279625935,0.572649424563589,0.610826052867829,0.649002681172068,
0.687179309476307,0.725355937780546,0.763532566084786,0.801709194389025,
0.839885822693264,0.878062450997504,0.916239079301743,0.954415707605982,
0.992592335910221,1.),.UNSPECIFIED.);
#164=B_SPLINE_SURFACE_WITH_KNOTS('',1,3,((#5861,#5862,#5863,#5864,#5865),
(#5866,#5867,#5868,#5869,#5870)),.RULED_SURF.,.F.,.F.,.F.,(2,2),(4,1,4),
(0.,0.129663263502611),(0.982131865515187,0.992592335910221,1.),
 .UNSPECIFIED.);
#165=B_SPLINE_SURFACE_WITH_KNOTS('',1,3,((#5907,#5908,#5909,#5910,#5911),
(#5912,#5913,#5914,#5915,#5916)),.SURF_OF_LINEAR_EXTRUSION.,.F.,.F.,.F.,
(2,2),(4,1,4),(0.939548808610865,1.),(0.982131865515187,0.992592335910221,
1.),.UNSPECIFIED.);
#166=ELLIPSE('',#2844,0.0057058711328145,0.005);
#167=ELLIPSE('',#2845,0.00570587113281441,0.005);
#168=ELLIPSE('',#2862,0.00570587113281441,0.005);
#169=ELLIPSE('',#2864,0.0057058711328145,0.005);
#170=ELLIPSE('',#2912,0.0057058711328145,0.005);
#171=ELLIPSE('',#2913,0.00570587113281446,0.005);
#172=ELLIPSE('',#2930,0.00570587113281447,0.005);
#173=ELLIPSE('',#2932,0.0057058711328145,0.005);
#174=ELLIPSE('',#2980,0.0057058711328145,0.005);
#175=ELLIPSE('',#2981,0.00570587113281446,0.005);
#176=ELLIPSE('',#2998,0.00570587113281446,0.005);
#177=ELLIPSE('',#3000,0.0057058711328145,0.005);
#178=TOROIDAL_SURFACE('',#2832,0.02,0.005);
#179=TOROIDAL_SURFACE('',#2834,0.02,0.005);
#180=TOROIDAL_SURFACE('',#2840,0.01,0.005);
#181=TOROIDAL_SURFACE('',#2842,0.00800000000000008,0.005);
#182=TOROIDAL_SURFACE('',#2850,0.02,0.005);
#183=TOROIDAL_SURFACE('',#2854,0.02,0.005);
#184=TOROIDAL_SURFACE('',#2856,0.00800000000000008,0.005);
#185=TOROIDAL_SURFACE('',#2859,0.01,0.005);
#186=TOROIDAL_SURFACE('',#2900,0.02,0.005);
#187=TOROIDAL_SURFACE('',#2902,0.02,0.005);
#188=TOROIDAL_SURFACE('',#2908,0.01,0.005);
#189=TOROIDAL_SURFACE('',#2910,0.00800000000000008,0.005);
#190=TOROIDAL_SURFACE('',#2918,0.02,0.005);
#191=TOROIDAL_SURFACE('',#2922,0.02,0.005);
#192=TOROIDAL_SURFACE('',#2924,0.00800000000000008,0.005);
#193=TOROIDAL_SURFACE('',#2927,0.01,0.005);
#194=TOROIDAL_SURFACE('',#2968,0.02,0.005);
#195=TOROIDAL_SURFACE('',#2970,0.02,0.005);
#196=TOROIDAL_SURFACE('',#2976,0.01,0.005);
#197=TOROIDAL_SURFACE('',#2978,0.00800000000000008,0.005);
#198=TOROIDAL_SURFACE('',#2986,0.02,0.005);
#199=TOROIDAL_SURFACE('',#2990,0.02,0.005);
#200=TOROIDAL_SURFACE('',#2992,0.00800000000000008,0.005);
#201=TOROIDAL_SURFACE('',#2995,0.01,0.005);
#202=(
BOUNDED_SURFACE()
B_SPLINE_SURFACE(3,2,((#4128,#4129,#4130),(#4131,#4132,#4133),(#4134,#4135,
#4136),(#4137,#4138,#4139)),.UNSPECIFIED.,.F.,.F.,.F.)
B_SPLINE_SURFACE_WITH_KNOTS((4,4),(3,3),(0.,0.000520063242286948),(0.,1.),
 .PIECEWISE_BEZIER_KNOTS.)
GEOMETRIC_REPRESENTATION_ITEM()
RATIONAL_B_SPLINE_SURFACE(((1.,0.707106781186549,1.),(1.,0.813247871764214,
1.),(1.,0.999999994143254,1.),(1.,1.,1.)))
REPRESENTATION_ITEM('')
SURFACE()
);
#203=(
BOUNDED_SURFACE()
B_SPLINE_SURFACE(3,2,((#4144,#4145,#4146),(#4147,#4148,#4149),(#4150,#4151,
#4152),(#4153,#4154,#4155)),.UNSPECIFIED.,.F.,.F.,.F.)
B_SPLINE_SURFACE_WITH_KNOTS((4,4),(3,3),(0.,0.000520063242286952),(0.,1.),
 .PIECEWISE_BEZIER_KNOTS.)
GEOMETRIC_REPRESENTATION_ITEM()
RATIONAL_B_SPLINE_SURFACE(((1.,0.707106781186549,1.),(1.,0.813247871764215,
1.),(1.,0.999999994143254,1.),(1.,1.,1.)))
REPRESENTATION_ITEM('')
SURFACE()
);
#204=(
BOUNDED_SURFACE()
B_SPLINE_SURFACE(3,2,((#4177,#4178,#4179),(#4180,#4181,#4182),(#4183,#4184,
#4185),(#4186,#4187,#4188)),.UNSPECIFIED.,.F.,.F.,.F.)
B_SPLINE_SURFACE_WITH_KNOTS((4,4),(3,3),(0.,4.39306708557813E-5),(0.,1.),
 .PIECEWISE_BEZIER_KNOTS.)
GEOMETRIC_REPRESENTATION_ITEM()
RATIONAL_B_SPLINE_SURFACE(((1.,0.812091417930096,1.),(1.,0.812188122985644,
1.),(1.,1.00005708803296,1.),(1.,1.,1.)))
REPRESENTATION_ITEM('')
SURFACE()
);
#205=(
BOUNDED_SURFACE()
B_SPLINE_SURFACE(3,2,((#4193,#4194,#4195),(#4196,#4197,#4198),(#4199,#4200,
#4201),(#4202,#4203,#4204)),.UNSPECIFIED.,.F.,.F.,.F.)
B_SPLINE_SURFACE_WITH_KNOTS((4,4),(3,3),(6.28318530717959,7.85398163397448),
(0.,1.),.PIECEWISE_BEZIER_KNOTS.)
GEOMETRIC_REPRESENTATION_ITEM()
RATIONAL_B_SPLINE_SURFACE(((1.,0.73727733681012,1.),(1.,0.737278530253063,
1.),(1.,0.99999985763111,1.),(1.,1.,1.)))
REPRESENTATION_ITEM('')
SURFACE()
);
#206=(
BOUNDED_SURFACE()
B_SPLINE_SURFACE(3,2,((#4207,#4208,#4209),(#4210,#4211,#4212),(#4213,#4214,
#4215),(#4216,#4217,#4218)),.UNSPECIFIED.,.F.,.F.,.F.)
B_SPLINE_SURFACE_WITH_KNOTS((4,4),(3,3),(0.,0.000520063242286952),(0.,1.),
 .PIECEWISE_BEZIER_KNOTS.)
GEOMETRIC_REPRESENTATION_ITEM()
RATIONAL_B_SPLINE_SURFACE(((1.,0.707106781186548,1.),(1.,0.813247871764927,
1.),(1.,0.999999994143254,1.),(1.,1.,1.)))
REPRESENTATION_ITEM('')
SURFACE()
);
#207=(
BOUNDED_SURFACE()
B_SPLINE_SURFACE(3,2,((#4228,#4229,#4230),(#4231,#4232,#4233),(#4234,#4235,
#4236),(#4237,#4238,#4239)),.UNSPECIFIED.,.F.,.F.,.F.)
B_SPLINE_SURFACE_WITH_KNOTS((4,4),(3,3),(0.,0.000520063242286948),(0.,1.),
 .PIECEWISE_BEZIER_KNOTS.)
GEOMETRIC_REPRESENTATION_ITEM()
RATIONAL_B_SPLINE_SURFACE(((1.,0.707106781186548,1.),(1.,0.813247871764926,
1.),(1.,0.999999994143254,1.),(1.,1.,1.)))
REPRESENTATION_ITEM('')
SURFACE()
);
#208=(
BOUNDED_SURFACE()
B_SPLINE_SURFACE(3,2,((#4255,#4256,#4257),(#4258,#4259,#4260),(#4261,#4262,
#4263),(#4264,#4265,#4266)),.UNSPECIFIED.,.F.,.F.,.F.)
B_SPLINE_SURFACE_WITH_KNOTS((4,4),(3,3),(0.,4.39306708557814E-5),(0.,1.),
 .PIECEWISE_BEZIER_KNOTS.)
GEOMETRIC_REPRESENTATION_ITEM()
RATIONAL_B_SPLINE_SURFACE(((1.,0.812091417930106,1.),(1.,0.812188122985523,
1.),(1.,1.00005708772234,1.),(1.,1.,1.)))
REPRESENTATION_ITEM('')
SURFACE()
);
#209=(
BOUNDED_SURFACE()
B_SPLINE_SURFACE(3,2,((#4277,#4278,#4279),(#4280,#4281,#4282),(#4283,#4284,
#4285),(#4286,#4287,#4288)),.UNSPECIFIED.,.F.,.F.,.F.)
B_SPLINE_SURFACE_WITH_KNOTS((4,4),(3,3),(6.28318530717959,7.85398163397448),
(0.,1.),.PIECEWISE_BEZIER_KNOTS.)
GEOMETRIC_REPRESENTATION_ITEM()
RATIONAL_B_SPLINE_SURFACE(((1.,0.73727733681012,1.),(1.,0.737278530253291,
1.),(1.,0.99999985763111,1.),(1.,1.,1.)))
REPRESENTATION_ITEM('')
SURFACE()
);
#210=(
BOUNDED_SURFACE()
B_SPLINE_SURFACE(3,2,((#4387,#4388,#4389),(#4390,#4391,#4392),(#4393,#4394,
#4395),(#4396,#4397,#4398)),.UNSPECIFIED.,.F.,.F.,.F.)
B_SPLINE_SURFACE_WITH_KNOTS((4,4),(3,3),(0.,0.000520063242286899),(0.,1.),
 .PIECEWISE_BEZIER_KNOTS.)
GEOMETRIC_REPRESENTATION_ITEM()
RATIONAL_B_SPLINE_SURFACE(((1.,0.707106781186548,1.),(1.,0.81324787176473,
1.),(1.,0.999999994143254,1.),(1.,1.,1.)))
REPRESENTATION_ITEM('')
SURFACE()
);
#211=(
BOUNDED_SURFACE()
B_SPLINE_SURFACE(3,2,((#4403,#4404,#4405),(#4406,#4407,#4408),(#4409,#4410,
#4411),(#4412,#4413,#4414)),.UNSPECIFIED.,.F.,.F.,.F.)
B_SPLINE_SURFACE_WITH_KNOTS((4,4),(3,3),(0.,0.00052006324228691),(0.,1.),
 .PIECEWISE_BEZIER_KNOTS.)
GEOMETRIC_REPRESENTATION_ITEM()
RATIONAL_B_SPLINE_SURFACE(((1.,0.707106781186545,1.),(1.,0.81324787176473,
1.),(1.,0.999999994143254,1.),(1.,1.,1.)))
REPRESENTATION_ITEM('')
SURFACE()
);
#212=(
BOUNDED_SURFACE()
B_SPLINE_SURFACE(3,2,((#4436,#4437,#4438),(#4439,#4440,#4441),(#4442,#4443,
#4444),(#4445,#4446,#4447)),.UNSPECIFIED.,.F.,.F.,.F.)
B_SPLINE_SURFACE_WITH_KNOTS((4,4),(3,3),(0.,4.39306708557826E-5),(0.,1.),
 .PIECEWISE_BEZIER_KNOTS.)
GEOMETRIC_REPRESENTATION_ITEM()
RATIONAL_B_SPLINE_SURFACE(((1.,0.812091417930116,1.),(1.,0.812188122985501,
1.),(1.,1.00005708803298,1.),(1.,1.,1.)))
REPRESENTATION_ITEM('')
SURFACE()
);
#213=(
BOUNDED_SURFACE()
B_SPLINE_SURFACE(3,2,((#4452,#4453,#4454),(#4455,#4456,#4457),(#4458,#4459,
#4460),(#4461,#4462,#4463)),.UNSPECIFIED.,.F.,.F.,.F.)
B_SPLINE_SURFACE_WITH_KNOTS((4,4),(3,3),(6.28318530717959,7.85398163397448),
(0.,1.),.PIECEWISE_BEZIER_KNOTS.)
GEOMETRIC_REPRESENTATION_ITEM()
RATIONAL_B_SPLINE_SURFACE(((1.,0.737277336810119,1.),(1.,0.737278530253437,
1.),(1.,0.999999857631118,1.),(1.,1.,1.)))
REPRESENTATION_ITEM('')
SURFACE()
);
#214=(
BOUNDED_SURFACE()
B_SPLINE_SURFACE(3,2,((#4466,#4467,#4468),(#4469,#4470,#4471),(#4472,#4473,
#4474),(#4475,#4476,#4477)),.UNSPECIFIED.,.F.,.F.,.F.)
B_SPLINE_SURFACE_WITH_KNOTS((4,4),(3,3),(0.,0.00052006324228691),(0.,1.),
 .PIECEWISE_BEZIER_KNOTS.)
GEOMETRIC_REPRESENTATION_ITEM()
RATIONAL_B_SPLINE_SURFACE(((1.,0.707106781186548,1.),(1.,0.813247871764087,
1.),(1.,0.999999994143254,1.),(1.,1.,1.)))
REPRESENTATION_ITEM('')
SURFACE()
);
#215=(
BOUNDED_SURFACE()
B_SPLINE_SURFACE(3,2,((#4487,#4488,#4489),(#4490,#4491,#4492),(#4493,#4494,
#4495),(#4496,#4497,#4498)),.UNSPECIFIED.,.F.,.F.,.F.)
B_SPLINE_SURFACE_WITH_KNOTS((4,4),(3,3),(0.,0.000520063242286901),(0.,1.),
 .PIECEWISE_BEZIER_KNOTS.)
GEOMETRIC_REPRESENTATION_ITEM()
RATIONAL_B_SPLINE_SURFACE(((1.,0.707106781186548,1.),(1.,0.813247871763265,
1.),(1.,0.999999994143254,1.),(1.,1.,1.)))
REPRESENTATION_ITEM('')
SURFACE()
);
#216=(
BOUNDED_SURFACE()
B_SPLINE_SURFACE(3,2,((#4514,#4515,#4516),(#4517,#4518,#4519),(#4520,#4521,
#4522),(#4523,#4524,#4525)),.UNSPECIFIED.,.F.,.F.,.F.)
B_SPLINE_SURFACE_WITH_KNOTS((4,4),(3,3),(0.,4.39306708557836E-5),(0.,1.),
 .PIECEWISE_BEZIER_KNOTS.)
GEOMETRIC_REPRESENTATION_ITEM()
RATIONAL_B_SPLINE_SURFACE(((1.,0.812091417930126,1.),(1.,0.812188122985435,
1.),(1.,1.0000570877223,1.),(1.,1.,1.)))
REPRESENTATION_ITEM('')
SURFACE()
);
#217=(
BOUNDED_SURFACE()
B_SPLINE_SURFACE(3,2,((#4536,#4537,#4538),(#4539,#4540,#4541),(#4542,#4543,
#4544),(#4545,#4546,#4547)),.UNSPECIFIED.,.F.,.F.,.F.)
B_SPLINE_SURFACE_WITH_KNOTS((4,4),(3,3),(6.28318530717959,7.85398163397449),
(0.,1.),.PIECEWISE_BEZIER_KNOTS.)
GEOMETRIC_REPRESENTATION_ITEM()
RATIONAL_B_SPLINE_SURFACE(((1.,0.737277336810128,1.),(1.,0.737278530252739,
1.),(1.,0.99999985763111,1.),(1.,1.,1.)))
REPRESENTATION_ITEM('')
SURFACE()
);
#218=(
BOUNDED_SURFACE()
B_SPLINE_SURFACE(3,2,((#4646,#4647,#4648),(#4649,#4650,#4651),(#4652,#4653,
#4654),(#4655,#4656,#4657)),.UNSPECIFIED.,.F.,.F.,.F.)
B_SPLINE_SURFACE_WITH_KNOTS((4,4),(3,3),(0.,0.000520063242286918),(0.,1.),
 .PIECEWISE_BEZIER_KNOTS.)
GEOMETRIC_REPRESENTATION_ITEM()
RATIONAL_B_SPLINE_SURFACE(((1.,0.707106781186545,1.),(1.,0.813247871764732,
1.),(1.,0.999999994143254,1.),(1.,1.,1.)))
REPRESENTATION_ITEM('')
SURFACE()
);
#219=(
BOUNDED_SURFACE()
B_SPLINE_SURFACE(3,2,((#4662,#4663,#4664),(#4665,#4666,#4667),(#4668,#4669,
#4670),(#4671,#4672,#4673)),.UNSPECIFIED.,.F.,.F.,.F.)
B_SPLINE_SURFACE_WITH_KNOTS((4,4),(3,3),(0.,0.000520063242286921),(0.,1.),
 .PIECEWISE_BEZIER_KNOTS.)
GEOMETRIC_REPRESENTATION_ITEM()
RATIONAL_B_SPLINE_SURFACE(((1.,0.707106781186548,1.),(1.,0.813247871764735,
1.),(1.,0.999999994143254,1.),(1.,1.,1.)))
REPRESENTATION_ITEM('')
SURFACE()
);
#220=(
BOUNDED_SURFACE()
B_SPLINE_SURFACE(3,2,((#4695,#4696,#4697),(#4698,#4699,#4700),(#4701,#4702,
#4703),(#4704,#4705,#4706)),.UNSPECIFIED.,.F.,.F.,.F.)
B_SPLINE_SURFACE_WITH_KNOTS((4,4),(3,3),(0.,4.39306708557819E-5),(0.,1.),
 .PIECEWISE_BEZIER_KNOTS.)
GEOMETRIC_REPRESENTATION_ITEM()
RATIONAL_B_SPLINE_SURFACE(((1.,0.812091417930127,1.),(1.,0.812188122985494,
1.),(1.,1.00005708803298,1.),(1.,1.,1.)))
REPRESENTATION_ITEM('')
SURFACE()
);
#221=(
BOUNDED_SURFACE()
B_SPLINE_SURFACE(3,2,((#4711,#4712,#4713),(#4714,#4715,#4716),(#4717,#4718,
#4719),(#4720,#4721,#4722)),.UNSPECIFIED.,.F.,.F.,.F.)
B_SPLINE_SURFACE_WITH_KNOTS((4,4),(3,3),(6.28318530717959,7.85398163397448),
(0.,1.),.PIECEWISE_BEZIER_KNOTS.)
GEOMETRIC_REPRESENTATION_ITEM()
RATIONAL_B_SPLINE_SURFACE(((1.,0.737277336810116,1.),(1.,0.737278530252978,
1.),(1.,0.99999985763111,1.),(1.,1.,1.)))
REPRESENTATION_ITEM('')
SURFACE()
);
#222=(
BOUNDED_SURFACE()
B_SPLINE_SURFACE(3,2,((#4725,#4726,#4727),(#4728,#4729,#4730),(#4731,#4732,
#4733),(#4734,#4735,#4736)),.UNSPECIFIED.,.F.,.F.,.F.)
B_SPLINE_SURFACE_WITH_KNOTS((4,4),(3,3),(0.,0.000520063242286924),(0.,1.),
 .PIECEWISE_BEZIER_KNOTS.)
GEOMETRIC_REPRESENTATION_ITEM()
RATIONAL_B_SPLINE_SURFACE(((1.,0.707106781186548,1.),(1.,0.813247871763846,
1.),(1.,0.999999994143254,1.),(1.,1.,1.)))
REPRESENTATION_ITEM('')
SURFACE()
);
#223=(
BOUNDED_SURFACE()
B_SPLINE_SURFACE(3,2,((#4746,#4747,#4748),(#4749,#4750,#4751),(#4752,#4753,
#4754),(#4755,#4756,#4757)),.UNSPECIFIED.,.F.,.F.,.F.)
B_SPLINE_SURFACE_WITH_KNOTS((4,4),(3,3),(0.,0.000520063242286917),(0.,1.),
 .PIECEWISE_BEZIER_KNOTS.)
GEOMETRIC_REPRESENTATION_ITEM()
RATIONAL_B_SPLINE_SURFACE(((1.,0.707106781186548,1.),(1.,0.813247871764734,
1.),(1.,0.999999994143254,1.),(1.,1.,1.)))
REPRESENTATION_ITEM('')
SURFACE()
);
#224=(
BOUNDED_SURFACE()
B_SPLINE_SURFACE(3,2,((#4773,#4774,#4775),(#4776,#4777,#4778),(#4779,#4780,
#4781),(#4782,#4783,#4784)),.UNSPECIFIED.,.F.,.F.,.F.)
B_SPLINE_SURFACE_WITH_KNOTS((4,4),(3,3),(0.,4.39306708557849E-5),(0.,1.),
 .PIECEWISE_BEZIER_KNOTS.)
GEOMETRIC_REPRESENTATION_ITEM()
RATIONAL_B_SPLINE_SURFACE(((1.,0.81209141793013,1.),(1.,0.812188122985398,
1.),(1.,1.00005708772231,1.),(1.,1.,1.)))
REPRESENTATION_ITEM('')
SURFACE()
);
#225=(
BOUNDED_SURFACE()
B_SPLINE_SURFACE(3,2,((#4795,#4796,#4797),(#4798,#4799,#4800),(#4801,#4802,
#4803),(#4804,#4805,#4806)),.UNSPECIFIED.,.F.,.F.,.F.)
B_SPLINE_SURFACE_WITH_KNOTS((4,4),(3,3),(6.28318530717958,7.85398163397449),
(0.,1.),.PIECEWISE_BEZIER_KNOTS.)
GEOMETRIC_REPRESENTATION_ITEM()
RATIONAL_B_SPLINE_SURFACE(((1.,0.737277336810129,1.),(1.,0.737278530252197,
1.),(1.,0.99999985763111,1.),(1.,1.,1.)))
REPRESENTATION_ITEM('')
SURFACE()
);
#226=CYLINDRICAL_SURFACE('',#2788,0.75);
#227=CYLINDRICAL_SURFACE('',#2797,0.015);
#228=CYLINDRICAL_SURFACE('',#2800,0.015);
#229=CYLINDRICAL_SURFACE('',#2804,0.00300000000000008);
#230=CYLINDRICAL_SURFACE('',#2807,0.00400000000000016);
#231=CYLINDRICAL_SURFACE('',#2811,0.002);
#232=CYLINDRICAL_SURFACE('',#2815,0.015);
#233=CYLINDRICAL_SURFACE('',#2829,0.005);
#234=CYLINDRICAL_SURFACE('',#2836,0.005);
#235=CYLINDRICAL_SURFACE('',#2838,0.005);
#236=CYLINDRICAL_SURFACE('',#2843,0.005);
#237=CYLINDRICAL_SURFACE('',#2846,0.005);
#238=CYLINDRICAL_SURFACE('',#2848,0.005);
#239=CYLINDRICAL_SURFACE('',#2852,0.005);
#240=CYLINDRICAL_SURFACE('',#2857,0.005);
#241=CYLINDRICAL_SURFACE('',#2861,0.005);
#242=CYLINDRICAL_SURFACE('',#2863,0.005);
#243=CYLINDRICAL_SURFACE('',#2865,0.015);
#244=CYLINDRICAL_SURFACE('',#2868,0.015);
#245=CYLINDRICAL_SURFACE('',#2872,0.00300000000000008);
#246=CYLINDRICAL_SURFACE('',#2875,0.00400000000000016);
#247=CYLINDRICAL_SURFACE('',#2879,0.002);
#248=CYLINDRICAL_SURFACE('',#2883,0.015);
#249=CYLINDRICAL_SURFACE('',#2897,0.005);
#250=CYLINDRICAL_SURFACE('',#2904,0.005);
#251=CYLINDRICAL_SURFACE('',#2906,0.005);
#252=CYLINDRICAL_SURFACE('',#2911,0.005);
#253=CYLINDRICAL_SURFACE('',#2914,0.005);
#254=CYLINDRICAL_SURFACE('',#2916,0.005);
#255=CYLINDRICAL_SURFACE('',#2920,0.005);
#256=CYLINDRICAL_SURFACE('',#2925,0.005);
#257=CYLINDRICAL_SURFACE('',#2929,0.005);
#258=CYLINDRICAL_SURFACE('',#2931,0.005);
#259=CYLINDRICAL_SURFACE('',#2933,0.015);
#260=CYLINDRICAL_SURFACE('',#2936,0.015);
#261=CYLINDRICAL_SURFACE('',#2940,0.00300000000000008);
#262=CYLINDRICAL_SURFACE('',#2943,0.00400000000000016);
#263=CYLINDRICAL_SURFACE('',#2947,0.002);
#264=CYLINDRICAL_SURFACE('',#2951,0.015);
#265=CYLINDRICAL_SURFACE('',#2965,0.005);
#266=CYLINDRICAL_SURFACE('',#2972,0.005);
#267=CYLINDRICAL_SURFACE('',#2974,0.005);
#268=CYLINDRICAL_SURFACE('',#2979,0.005);
#269=CYLINDRICAL_SURFACE('',#2982,0.005);
#270=CYLINDRICAL_SURFACE('',#2984,0.005);
#271=CYLINDRICAL_SURFACE('',#2988,0.005);
#272=CYLINDRICAL_SURFACE('',#2993,0.005);
#273=CYLINDRICAL_SURFACE('',#2997,0.005);
#274=CYLINDRICAL_SURFACE('',#2999,0.005);
#275=CYLINDRICAL_SURFACE('',#3057,0.15625);
#276=CYLINDRICAL_SURFACE('',#3060,0.15625);
#277=CYLINDRICAL_SURFACE('',#3063,0.1875);
#278=CYLINDRICAL_SURFACE('',#3066,0.1875);
#279=B_SPLINE_CURVE_WITH_KNOTS('',3,(#3909,#3910,#3911,#3912),
 .UNSPECIFIED.,.F.,.F.,(4,4),(0.,0.000520063242286922),.UNSPECIFIED.);
#280=B_SPLINE_CURVE_WITH_KNOTS('',3,(#3916,#3917,#3918,#3919),
 .UNSPECIFIED.,.F.,.F.,(4,4),(1.73472347597681E-18,0.000520063242286924),
 .UNSPECIFIED.);
#281=B_SPLINE_CURVE_WITH_KNOTS('',3,(#3923,#3924,#3925,#3926),
 .UNSPECIFIED.,.F.,.F.,(4,4),(0.,0.000520063242286917),.UNSPECIFIED.);
#282=B_SPLINE_CURVE_WITH_KNOTS('',3,(#3930,#3931,#3932,#3933),
 .UNSPECIFIED.,.F.,.F.,(4,4),(0.,0.000520063242286918),.UNSPECIFIED.);
#283=B_SPLINE_CURVE_WITH_KNOTS('',3,(#3937,#3938,#3939,#3940),
 .UNSPECIFIED.,.F.,.F.,(4,4),(0.,0.00052006324228691),.UNSPECIFIED.);
#284=B_SPLINE_CURVE_WITH_KNOTS('',3,(#3944,#3945,#3946,#3947),
 .UNSPECIFIED.,.F.,.F.,(4,4),(0.,0.00052006324228691),.UNSPECIFIED.);
#285=B_SPLINE_CURVE_WITH_KNOTS('',3,(#3951,#3952,#3953,#3954),
 .UNSPECIFIED.,.F.,.F.,(4,4),(1.73472347597681E-18,0.000520063242286901),
 .UNSPECIFIED.);
#286=B_SPLINE_CURVE_WITH_KNOTS('',3,(#3958,#3959,#3960,#3961),
 .UNSPECIFIED.,.F.,.F.,(4,4),(0.,0.000520063242286899),.UNSPECIFIED.);
#287=B_SPLINE_CURVE_WITH_KNOTS('',3,(#3965,#3966,#3967,#3968),
 .UNSPECIFIED.,.F.,.F.,(4,4),(0.,0.000520063242286952),.UNSPECIFIED.);
#288=B_SPLINE_CURVE_WITH_KNOTS('',3,(#3972,#3973,#3974,#3975),
 .UNSPECIFIED.,.F.,.F.,(4,4),(0.,0.000520063242286952),.UNSPECIFIED.);
#289=B_SPLINE_CURVE_WITH_KNOTS('',3,(#3979,#3980,#3981,#3982),
 .UNSPECIFIED.,.F.,.F.,(4,4),(0.,0.000520063242286948),.UNSPECIFIED.);
#290=B_SPLINE_CURVE_WITH_KNOTS('',3,(#3986,#3987,#3988,#3989),
 .UNSPECIFIED.,.F.,.F.,(4,4),(0.,0.000520063242286948),.UNSPECIFIED.);
#291=B_SPLINE_CURVE_WITH_KNOTS('',3,(#3998,#3999,#4000,#4001,#4002),
 .UNSPECIFIED.,.F.,.F.,(4,1,4),(0.00225093838837583,0.0062184471610152,
0.0101859559336546),.UNSPECIFIED.);
#292=B_SPLINE_CURVE_WITH_KNOTS('',3,(#4007,#4008,#4009,#4010,#4011),
 .UNSPECIFIED.,.F.,.F.,(4,1,4),(0.000110327666652209,0.00407519658914329,
0.00804006551163436),.UNSPECIFIED.);
#293=B_SPLINE_CURVE_WITH_KNOTS('',3,(#4014,#4015,#4016,#4017,#4018),
 .UNSPECIFIED.,.F.,.F.,(4,1,4),(0.00225093838837586,0.00621844716101521,
0.0101859559336546),.UNSPECIFIED.);
#294=B_SPLINE_CURVE_WITH_KNOTS('',3,(#4023,#4024,#4025,#4026,#4027),
 .UNSPECIFIED.,.F.,.F.,(4,1,4),(0.000110327666652202,0.00407519658914329,
0.00804006551163438),.UNSPECIFIED.);
#295=B_SPLINE_CURVE_WITH_KNOTS('',3,(#4140,#4141,#4142,#4143),
 .UNSPECIFIED.,.F.,.F.,(4,4),(0.,0.000479052262518412),.UNSPECIFIED.);
#296=B_SPLINE_CURVE_WITH_KNOTS('',3,(#4156,#4157,#4158,#4159),
 .UNSPECIFIED.,.F.,.F.,(4,4),(0.,0.000479052262518412),.UNSPECIFIED.);
#297=B_SPLINE_CURVE_WITH_KNOTS('',3,(#4171,#4172,#4173,#4174),
 .UNSPECIFIED.,.F.,.F.,(4,4),(4.33680868994202E-19,0.000199630187511037),
 .UNSPECIFIED.);
#298=B_SPLINE_CURVE_WITH_KNOTS('',3,(#4189,#4190,#4191,#4192),
 .UNSPECIFIED.,.F.,.F.,(4,4),(0.,0.000199956454992881),.UNSPECIFIED.);
#299=B_SPLINE_CURVE_WITH_KNOTS('',3,(#4219,#4220,#4221,#4222),
 .UNSPECIFIED.,.F.,.F.,(4,4),(0.,0.000479052262518412),.UNSPECIFIED.);
#300=B_SPLINE_CURVE_WITH_KNOTS('',3,(#4240,#4241,#4242,#4243),
 .UNSPECIFIED.,.F.,.F.,(4,4),(0.,0.000479052262518412),.UNSPECIFIED.);
#301=B_SPLINE_CURVE_WITH_KNOTS('',3,(#4249,#4250,#4251,#4252),
 .UNSPECIFIED.,.F.,.F.,(4,4),(4.33680868994202E-19,0.000199630187511038),
 .UNSPECIFIED.);
#302=B_SPLINE_CURVE_WITH_KNOTS('',3,(#4267,#4268,#4269,#4270),
 .UNSPECIFIED.,.F.,.F.,(4,4),(4.33680868994202E-19,0.00019995645499288),
 .UNSPECIFIED.);
#303=B_SPLINE_CURVE_WITH_KNOTS('',3,(#4399,#4400,#4401,#4402),
 .UNSPECIFIED.,.F.,.F.,(4,4),(0.,0.000479052262518401),.UNSPECIFIED.);
#304=B_SPLINE_CURVE_WITH_KNOTS('',3,(#4415,#4416,#4417,#4418),
 .UNSPECIFIED.,.F.,.F.,(4,4),(0.,0.000479052262518404),.UNSPECIFIED.);
#305=B_SPLINE_CURVE_WITH_KNOTS('',3,(#4430,#4431,#4432,#4433),
 .UNSPECIFIED.,.F.,.F.,(4,4),(0.,0.000199630187511034),.UNSPECIFIED.);
#306=B_SPLINE_CURVE_WITH_KNOTS('',3,(#4448,#4449,#4450,#4451),
 .UNSPECIFIED.,.F.,.F.,(4,4),(0.,0.000199956454992878),.UNSPECIFIED.);
#307=B_SPLINE_CURVE_WITH_KNOTS('',3,(#4478,#4479,#4480,#4481),
 .UNSPECIFIED.,.F.,.F.,(4,4),(0.,0.000479052262518403),.UNSPECIFIED.);
#308=B_SPLINE_CURVE_WITH_KNOTS('',3,(#4499,#4500,#4501,#4502),
 .UNSPECIFIED.,.F.,.F.,(4,4),(0.,0.000479052262518401),.UNSPECIFIED.);
#309=B_SPLINE_CURVE_WITH_KNOTS('',3,(#4508,#4509,#4510,#4511),
 .UNSPECIFIED.,.F.,.F.,(4,4),(2.4532694666934E-18,0.000199630187511032),
 .UNSPECIFIED.);
#310=B_SPLINE_CURVE_WITH_KNOTS('',3,(#4526,#4527,#4528,#4529),
 .UNSPECIFIED.,.F.,.F.,(4,4),(1.73472347597681E-18,0.000199956454992877),
 .UNSPECIFIED.);
#311=B_SPLINE_CURVE_WITH_KNOTS('',3,(#4658,#4659,#4660,#4661),
 .UNSPECIFIED.,.F.,.F.,(4,4),(0.,0.000479052262518405),.UNSPECIFIED.);
#312=B_SPLINE_CURVE_WITH_KNOTS('',3,(#4674,#4675,#4676,#4677),
 .UNSPECIFIED.,.F.,.F.,(4,4),(0.,0.000479052262518406),.UNSPECIFIED.);
#313=B_SPLINE_CURVE_WITH_KNOTS('',3,(#4689,#4690,#4691,#4692),
 .UNSPECIFIED.,.F.,.F.,(4,4),(0.,0.000199630187511038),.UNSPECIFIED.);
#314=B_SPLINE_CURVE_WITH_KNOTS('',3,(#4707,#4708,#4709,#4710),
 .UNSPECIFIED.,.F.,.F.,(4,4),(8.67361737988403E-19,0.000199956454992882),
 .UNSPECIFIED.);
#315=B_SPLINE_CURVE_WITH_KNOTS('',3,(#4737,#4738,#4739,#4740),
 .UNSPECIFIED.,.F.,.F.,(4,4),(0.,0.000479052262518406),.UNSPECIFIED.);
#316=B_SPLINE_CURVE_WITH_KNOTS('',3,(#4758,#4759,#4760,#4761),
 .UNSPECIFIED.,.F.,.F.,(4,4),(0.,0.000479052262518406),.UNSPECIFIED.);
#317=B_SPLINE_CURVE_WITH_KNOTS('',3,(#4767,#4768,#4769,#4770),
 .UNSPECIFIED.,.F.,.F.,(4,4),(0.,0.000199630187511035),.UNSPECIFIED.);
#318=B_SPLINE_CURVE_WITH_KNOTS('',3,(#4785,#4786,#4787,#4788),
 .UNSPECIFIED.,.F.,.F.,(4,4),(0.,0.000199956454992876),.UNSPECIFIED.);
#319=B_SPLINE_CURVE_WITH_KNOTS('',3,(#5314,#5315,#5316,#5317,#5318,#5319,
#5320,#5321,#5322,#5323,#5324,#5325,#5326,#5327,#5328,#5329,#5330,#5331,
#5332),.UNSPECIFIED.,.F.,.F.,(4,1,1,1,1,1,1,1,1,1,1,1,1,1,1,1,4),(2.47924134463205E-14,
0.00370419872296335,0.00740839744590191,0.0111125961688405,0.014816794891779,
0.0185209936147176,0.0222251923376562,0.0259293910605947,0.0296335897835333,
0.0333377885064718,0.0370419872294104,0.040746185952349,0.0444503846752875,
0.0481545833982261,0.0518587821211646,0.0555629808441032,0.0592671795670418),
 .UNSPECIFIED.);
#320=B_SPLINE_CURVE_WITH_KNOTS('',3,(#5336,#5337,#5338,#5339,#5340,#5341,
#5342,#5343,#5344,#5345,#5346,#5347,#5348,#5349,#5350,#5351,#5352,#5353,
#5354,#5355,#5356,#5357,#5358,#5359,#5360,#5361,#5362,#5363,#5364,#5365,
#5366,#5367,#5368,#5369,#5370),.UNSPECIFIED.,.F.,.F.,(4,1,1,1,1,1,1,1,1,
1,1,1,1,1,1,1,1,1,1,1,1,1,1,1,1,1,1,1,1,1,1,1,4),(1.0842021724855E-19,0.00245975081452193,
0.00491950162904386,0.00737925244356579,0.00983900325808772,0.0122987540726097,
0.0147585048871316,0.0172182557016535,0.0196780065161754,0.0221377573306974,
0.0245975081452193,0.0270572589597412,0.0295170097742632,0.0319767605887851,
0.034436511403307,0.036896262217829,0.0393560130323509,0.0418157638468728,
0.0442755146613948,0.0467352654759167,0.0491950162904386,0.0516547671049605,
0.0541145179194825,0.0565742687340044,0.0590340195485263,0.0614937703630483,
0.0639535211775702,0.0664132719920921,0.0688730228066141,0.071332773621136,
0.0737925244356579,0.0762522752501799,0.0787120260647018),.UNSPECIFIED.);
#321=B_SPLINE_CURVE_WITH_KNOTS('',3,(#5372,#5373,#5374,#5375),
 .UNSPECIFIED.,.F.,.F.,(4,4),(2.16840434497101E-19,0.00138505710935311),
 .UNSPECIFIED.);
#322=B_SPLINE_CURVE_WITH_KNOTS('',3,(#5380,#5381,#5382,#5383),
 .UNSPECIFIED.,.F.,.F.,(4,4),(0.,0.00134670042635188),.UNSPECIFIED.);
#323=B_SPLINE_CURVE_WITH_KNOTS('',3,(#5387,#5388,#5389,#5390,#5391,#5392,
#5393,#5394,#5395,#5396,#5397,#5398,#5399,#5400,#5401,#5402,#5403,#5404,
#5405),.UNSPECIFIED.,.F.,.F.,(4,1,1,1,1,1,1,1,1,1,1,1,1,1,1,1,4),(2.48206603931656E-14,
0.00370419872296338,0.00740839744590193,0.0111125961688405,0.014816794891779,
0.0185209936147176,0.0222251923376562,0.0259293910605947,0.0296335897835333,
0.0333377885064718,0.0370419872294104,0.0407461859523489,0.0444503846752875,
0.0481545833982261,0.0518587821211646,0.0555629808441032,0.0592671795670417),
 .UNSPECIFIED.);
#324=B_SPLINE_CURVE_WITH_KNOTS('',3,(#5409,#5410,#5411,#5412,#5413,#5414,
#5415,#5416,#5417,#5418,#5419,#5420,#5421,#5422,#5423,#5424,#5425,#5426,
#5427,#5428,#5429,#5430,#5431,#5432,#5433,#5434,#5435,#5436,#5437,#5438,
#5439,#5440,#5441,#5442,#5443),.UNSPECIFIED.,.F.,.F.,(4,1,1,1,1,1,1,1,1,
1,1,1,1,1,1,1,1,1,1,1,1,1,1,1,1,1,1,1,1,1,1,1,4),(0.,0.00245975081452193,
0.00491950162904386,0.00737925244356578,0.00983900325808771,0.0122987540726096,
0.0147585048871316,0.0172182557016535,0.0196780065161754,0.0221377573306974,
0.0245975081452193,0.0270572589597412,0.0295170097742631,0.0319767605887851,
0.034436511403307,0.0368962622178289,0.0393560130323508,0.0418157638468728,
0.0442755146613947,0.0467352654759166,0.0491950162904386,0.0516547671049605,
0.0541145179194824,0.0565742687340043,0.0590340195485263,0.0614937703630482,
0.0639535211775701,0.066413271992092,0.068873022806614,0.0713327736211359,
0.0737925244356578,0.0762522752501798,0.0787120260647017),.UNSPECIFIED.);
#325=B_SPLINE_CURVE_WITH_KNOTS('',3,(#5445,#5446,#5447,#5448),
 .UNSPECIFIED.,.F.,.F.,(4,4),(2.16840434497101E-19,0.00138505710935311),
 .UNSPECIFIED.);
#326=B_SPLINE_CURVE_WITH_KNOTS('',3,(#5453,#5454,#5455,#5456),
 .UNSPECIFIED.,.F.,.F.,(4,4),(0.,0.00134670042635188),.UNSPECIFIED.);
#327=B_SPLINE_CURVE_WITH_KNOTS('',1,(#5517,#5518),.UNSPECIFIED.,.F.,.F.,
(2,2),(0.,1.),.PIECEWISE_BEZIER_KNOTS.);
#328=B_SPLINE_CURVE_WITH_KNOTS('',3,(#5520,#5521,#5522,#5523,#5524,#5525,
#5526,#5527,#5528,#5529,#5530,#5531,#5532,#5533,#5534,#5535,#5536,#5537,
#5538,#5539,#5540,#5541,#5542,#5543,#5544,#5545,#5546,#5547,#5548,#5549,
#5550,#5551,#5552,#5553),.UNSPECIFIED.,.F.,.F.,(4,1,1,1,1,1,1,1,1,1,1,1,
1,1,1,1,1,1,1,1,1,1,1,1,1,1,1,1,1,1,1,4),(0.0118821205921862,0.0145639873492983,
0.0172458541064104,0.0199277208635225,0.0226095876206346,0.0252914543777467,
0.0279733211348588,0.0306551878919709,0.033337054649083,0.0360189214061951,
0.0387007881633072,0.0413826549204193,0.0440645216775313,0.0467463884346434,
0.0494282551917555,0.0521101219488676,0.0547919887059797,0.0574738554630918,
0.0601557222202039,0.062837588977316,0.0655194557344281,0.0682013224915402,
0.0708831892486523,0.0735650560057644,0.0762469227628765,0.0789287895199886,
0.0816106562771007,0.0842925230342128,0.0869743897913249,0.089656256548437,
0.092338123305549,0.0977018568197732),.UNSPECIFIED.);
#329=B_SPLINE_CURVE_WITH_KNOTS('',3,(#5557,#5558,#5559,#5560,#5561,#5562,
#5563,#5564,#5565,#5566,#5567,#5568,#5569,#5570,#5571,#5572,#5573,#5574,
#5575),.UNSPECIFIED.,.F.,.F.,(4,1,1,1,1,1,1,1,1,1,1,1,1,1,1,1,4),(0.,0.0049842392030699,
0.00996847840613979,0.0149527176092097,0.0199369568122796,0.0249211960153495,
0.0299054352184194,0.0348896744214893,0.0398739136245592,0.0448581528276291,
0.049842392030699,0.0548266312337689,0.0598108704368388,0.0647951096399087,
0.0697793488429786,0.0747635880460485,0.0797478272491184),.UNSPECIFIED.);
#330=B_SPLINE_CURVE_WITH_KNOTS('',1,(#5628,#5629),.UNSPECIFIED.,.F.,.F.,
(2,2),(0.,1.),.PIECEWISE_BEZIER_KNOTS.);
#331=B_SPLINE_CURVE_WITH_KNOTS('',3,(#5641,#5642,#5643,#5644,#5645,#5646,
#5647,#5648,#5649,#5650,#5651,#5652,#5653,#5654,#5655,#5656,#5657,#5658,
#5659,#5660,#5661,#5662,#5663,#5664,#5665,#5666,#5667,#5668,#5669,#5670),
 .UNSPECIFIED.,.F.,.F.,(4,1,1,1,1,1,1,1,1,1,1,1,1,1,1,1,1,1,1,1,1,1,1,1,
1,1,1,4),(0.,0.0381766283042393,0.0763532566084786,0.114529884912718,0.152706513216957,
0.190883141521196,0.229059769825436,0.267236398129675,0.305413026433914,
0.343589654738154,0.381766283042393,0.419942911346632,0.458119539650871,
0.496296167955111,0.53447279625935,0.572649424563589,0.610826052867829,
0.649002681172068,0.687179309476307,0.725355937780546,0.763532566084786,
0.801709194389025,0.839885822693264,0.878062450997504,0.916239079301743,
0.954415707605982,0.992592335910221,1.),.UNSPECIFIED.);
#332=B_SPLINE_CURVE_WITH_KNOTS('',1,(#5672,#5673),.UNSPECIFIED.,.F.,.F.,
(2,2),(0.,1.),.PIECEWISE_BEZIER_KNOTS.);
#333=B_SPLINE_CURVE_WITH_KNOTS('',1,(#5675,#5676),.UNSPECIFIED.,.F.,.F.,
(2,2),(0.,1.),.PIECEWISE_BEZIER_KNOTS.);
#334=B_SPLINE_CURVE_WITH_KNOTS('',1,(#5747,#5748),.UNSPECIFIED.,.F.,.F.,
(2,2),(0.,1.),.PIECEWISE_BEZIER_KNOTS.);
#335=B_SPLINE_CURVE_WITH_KNOTS('',3,(#5750,#5751,#5752,#5753,#5754,#5755,
#5756,#5757,#5758,#5759,#5760,#5761,#5762,#5763,#5764,#5765,#5766,#5767,
#5768,#5769,#5770,#5771,#5772,#5773,#5774,#5775,#5776,#5777,#5778,#5779,
#5780,#5781,#5782,#5783),.UNSPECIFIED.,.F.,.F.,(4,1,1,1,1,1,1,1,1,1,1,1,
1,1,1,1,1,1,1,1,1,1,1,1,1,1,1,1,1,1,1,4),(0.0118821205921862,0.0145639873492983,
0.0172458541064104,0.0199277208635225,0.0226095876206346,0.0252914543777467,
0.0279733211348588,0.0306551878919708,0.0333370546490829,0.036018921406195,
0.0387007881633071,0.0413826549204192,0.0440645216775313,0.0467463884346434,
0.0494282551917555,0.0521101219488676,0.0547919887059797,0.0574738554630917,
0.0601557222202038,0.0628375889773159,0.065519455734428,0.0682013224915401,
0.0708831892486522,0.0735650560057643,0.0762469227628764,0.0789287895199885,
0.0816106562771006,0.0842925230342127,0.0869743897913247,0.0896562565484368,
0.0923381233055489,0.0977018568197731),.UNSPECIFIED.);
#336=B_SPLINE_CURVE_WITH_KNOTS('',3,(#5836,#5837,#5838,#5839,#5840,#5841,
#5842,#5843,#5844,#5845,#5846,#5847,#5848,#5849,#5850,#5851,#5852,#5853,
#5854),.UNSPECIFIED.,.F.,.F.,(4,1,1,1,1,1,1,1,1,1,1,1,1,1,1,1,4),(2.16840434497101E-19,
0.0049842392030699,0.00996847840613979,0.0149527176092097,0.0199369568122796,
0.0249211960153495,0.0299054352184194,0.0348896744214893,0.0398739136245592,
0.0448581528276291,0.049842392030699,0.0548266312337689,0.0598108704368387,
0.0647951096399086,0.0697793488429785,0.0747635880460484,0.0797478272491183),
 .UNSPECIFIED.);
#337=B_SPLINE_CURVE_WITH_KNOTS('',1,(#5856,#5857),.UNSPECIFIED.,.F.,.F.,
(2,2),(0.,1.),.PIECEWISE_BEZIER_KNOTS.);
#338=B_SPLINE_CURVE_WITH_KNOTS('',3,(#5871,#5872,#5873,#5874,#5875,#5876,
#5877,#5878,#5879,#5880,#5881,#5882,#5883,#5884,#5885,#5886,#5887,#5888,
#5889,#5890,#5891,#5892,#5893,#5894,#5895,#5896,#5897,#5898,#5899,#5900),
 .UNSPECIFIED.,.F.,.F.,(4,1,1,1,1,1,1,1,1,1,1,1,1,1,1,1,1,1,1,1,1,1,1,1,
1,1,1,4),(0.,0.0381766283042393,0.0763532566084786,0.114529884912718,0.152706513216957,
0.190883141521196,0.229059769825436,0.267236398129675,0.305413026433914,
0.343589654738154,0.381766283042393,0.419942911346632,0.458119539650871,
0.496296167955111,0.53447279625935,0.572649424563589,0.610826052867829,
0.649002681172068,0.687179309476307,0.725355937780546,0.763532566084786,
0.801709194389025,0.839885822693264,0.878062450997504,0.916239079301743,
0.954415707605982,0.992592335910221,1.),.UNSPECIFIED.);
#339=B_SPLINE_CURVE_WITH_KNOTS('',1,(#5902,#5903),.UNSPECIFIED.,.F.,.F.,
(2,2),(0.,1.),.PIECEWISE_BEZIER_KNOTS.);
#340=B_SPLINE_CURVE_WITH_KNOTS('',1,(#5905,#5906),.UNSPECIFIED.,.F.,.F.,
(2,2),(0.,1.),.PIECEWISE_BEZIER_KNOTS.);
#341=LINE('',#3906,#440);
#342=LINE('',#3914,#441);
#343=LINE('',#3921,#442);
#344=LINE('',#3928,#443);
#345=LINE('',#3934,#444);
#346=LINE('',#3942,#445);
#347=LINE('',#3949,#446);
#348=LINE('',#3956,#447);
#349=LINE('',#3962,#448);
#350=LINE('',#3970,#449);
#351=LINE('',#3977,#450);
#352=LINE('',#3984,#451);
#353=LINE('',#4033,#452);
#354=LINE('',#4037,#453);
#355=LINE('',#4043,#454);
#356=LINE('',#4046,#455);
#357=LINE('',#4047,#456);
#358=LINE('',#4049,#457);
#359=LINE('',#4055,#458);
#360=LINE('',#4061,#459);
#361=LINE('',#4063,#460);
#362=LINE('',#4065,#461);
#363=LINE('',#4069,#462);
#364=LINE('',#4073,#463);
#365=LINE('',#4076,#464);
#366=LINE('',#4077,#465);
#367=LINE('',#4079,#466);
#368=LINE('',#4085,#467);
#369=LINE('',#4086,#468);
#370=LINE('',#4091,#469);
#371=LINE('',#4093,#470);
#372=LINE('',#4097,#471);
#373=LINE('',#4101,#472);
#374=LINE('',#4105,#473);
#375=LINE('',#4110,#474);
#376=LINE('',#4114,#475);
#377=LINE('',#4116,#476);
#378=LINE('',#4120,#477);
#379=LINE('',#4124,#478);
#380=LINE('',#4292,#479);
#381=LINE('',#4296,#480);
#382=LINE('',#4302,#481);
#383=LINE('',#4305,#482);
#384=LINE('',#4306,#483);
#385=LINE('',#4308,#484);
#386=LINE('',#4314,#485);
#387=LINE('',#4320,#486);
#388=LINE('',#4322,#487);
#389=LINE('',#4324,#488);
#390=LINE('',#4328,#489);
#391=LINE('',#4332,#490);
#392=LINE('',#4335,#491);
#393=LINE('',#4336,#492);
#394=LINE('',#4338,#493);
#395=LINE('',#4344,#494);
#396=LINE('',#4345,#495);
#397=LINE('',#4350,#496);
#398=LINE('',#4352,#497);
#399=LINE('',#4356,#498);
#400=LINE('',#4360,#499);
#401=LINE('',#4364,#500);
#402=LINE('',#4369,#501);
#403=LINE('',#4373,#502);
#404=LINE('',#4375,#503);
#405=LINE('',#4379,#504);
#406=LINE('',#4383,#505);
#407=LINE('',#4551,#506);
#408=LINE('',#4555,#507);
#409=LINE('',#4561,#508);
#410=LINE('',#4564,#509);
#411=LINE('',#4565,#510);
#412=LINE('',#4567,#511);
#413=LINE('',#4573,#512);
#414=LINE('',#4579,#513);
#415=LINE('',#4581,#514);
#416=LINE('',#4583,#515);
#417=LINE('',#4587,#516);
#418=LINE('',#4591,#517);
#419=LINE('',#4594,#518);
#420=LINE('',#4595,#519);
#421=LINE('',#4597,#520);
#422=LINE('',#4603,#521);
#423=LINE('',#4604,#522);
#424=LINE('',#4609,#523);
#425=LINE('',#4611,#524);
#426=LINE('',#4615,#525);
#427=LINE('',#4619,#526);
#428=LINE('',#4623,#527);
#429=LINE('',#4628,#528);
#430=LINE('',#4632,#529);
#431=LINE('',#4634,#530);
#432=LINE('',#4638,#531);
#433=LINE('',#4642,#532);
#434=LINE('',#5334,#533);
#435=LINE('',#5378,#534);
#436=LINE('',#5407,#535);
#437=LINE('',#5451,#536);
#438=LINE('',#5555,#537);
#439=LINE('',#5859,#538);
#440=VECTOR('',#3149,39.3700787401575);
#441=VECTOR('',#3150,39.3700787401575);
#442=VECTOR('',#3151,39.3700787401575);
#443=VECTOR('',#3152,39.3700787401575);
#444=VECTOR('',#3153,39.3700787401575);
#445=VECTOR('',#3154,39.3700787401575);
#446=VECTOR('',#3155,39.3700787401575);
#447=VECTOR('',#3156,39.3700787401575);
#448=VECTOR('',#3157,39.3700787401575);
#449=VECTOR('',#3158,39.3700787401575);
#450=VECTOR('',#3159,39.3700787401575);
#451=VECTOR('',#3160,39.3700787401575);
#452=VECTOR('',#3183,39.3700787401575);
#453=VECTOR('',#3188,39.3700787401575);
#454=VECTOR('',#3195,39.3700787401575);
#455=VECTOR('',#3196,39.3700787401575);
#456=VECTOR('',#3197,39.3700787401575);
#457=VECTOR('',#3200,39.3700787401575);
#458=VECTOR('',#3207,39.3700787401575);
#459=VECTOR('',#3214,39.3700787401575);
#460=VECTOR('',#3215,39.3700787401575);
#461=VECTOR('',#3216,39.3700787401575);
#462=VECTOR('',#3221,39.3700787401575);
#463=VECTOR('',#3226,39.3700787401575);
#464=VECTOR('',#3227,39.3700787401575);
#465=VECTOR('',#3228,39.3700787401575);
#466=VECTOR('',#3231,39.3700787401575);
#467=VECTOR('',#3238,39.3700787401575);
#468=VECTOR('',#3239,39.3700787401575);
#469=VECTOR('',#3244,39.3700787401575);
#470=VECTOR('',#3245,39.3700787401575);
#471=VECTOR('',#3248,39.3700787401575);
#472=VECTOR('',#3251,39.3700787401575);
#473=VECTOR('',#3254,39.3700787401575);
#474=VECTOR('',#3259,39.3700787401575);
#475=VECTOR('',#3262,39.3700787401575);
#476=VECTOR('',#3263,39.3700787401575);
#477=VECTOR('',#3266,39.3700787401575);
#478=VECTOR('',#3269,39.3700787401575);
#479=VECTOR('',#3346,39.3700787401575);
#480=VECTOR('',#3351,39.3700787401575);
#481=VECTOR('',#3358,39.3700787401575);
#482=VECTOR('',#3359,39.3700787401575);
#483=VECTOR('',#3360,39.3700787401575);
#484=VECTOR('',#3363,39.3700787401575);
#485=VECTOR('',#3370,39.3700787401575);
#486=VECTOR('',#3377,39.3700787401575);
#487=VECTOR('',#3378,39.3700787401575);
#488=VECTOR('',#3379,39.3700787401575);
#489=VECTOR('',#3384,39.3700787401575);
#490=VECTOR('',#3389,39.3700787401575);
#491=VECTOR('',#3390,39.3700787401575);
#492=VECTOR('',#3391,39.3700787401575);
#493=VECTOR('',#3394,39.3700787401575);
#494=VECTOR('',#3401,39.3700787401575);
#495=VECTOR('',#3402,39.3700787401575);
#496=VECTOR('',#3407,39.3700787401575);
#497=VECTOR('',#3408,39.3700787401575);
#498=VECTOR('',#3411,39.3700787401575);
#499=VECTOR('',#3414,39.3700787401575);
#500=VECTOR('',#3417,39.3700787401575);
#501=VECTOR('',#3422,39.3700787401575);
#502=VECTOR('',#3425,39.3700787401575);
#503=VECTOR('',#3426,39.3700787401575);
#504=VECTOR('',#3429,39.3700787401575);
#505=VECTOR('',#3432,39.3700787401575);
#506=VECTOR('',#3509,39.3700787401575);
#507=VECTOR('',#3514,39.3700787401575);
#508=VECTOR('',#3521,39.3700787401575);
#509=VECTOR('',#3522,39.3700787401575);
#510=VECTOR('',#3523,39.3700787401575);
#511=VECTOR('',#3526,39.3700787401575);
#512=VECTOR('',#3533,39.3700787401575);
#513=VECTOR('',#3540,39.3700787401575);
#514=VECTOR('',#3541,39.3700787401575);
#515=VECTOR('',#3542,39.3700787401575);
#516=VECTOR('',#3547,39.3700787401575);
#517=VECTOR('',#3552,39.3700787401575);
#518=VECTOR('',#3553,39.3700787401575);
#519=VECTOR('',#3554,39.3700787401575);
#520=VECTOR('',#3557,39.3700787401575);
#521=VECTOR('',#3564,39.3700787401575);
#522=VECTOR('',#3565,39.3700787401575);
#523=VECTOR('',#3570,39.3700787401575);
#524=VECTOR('',#3571,39.3700787401575);
#525=VECTOR('',#3574,39.3700787401575);
#526=VECTOR('',#3577,39.3700787401575);
#527=VECTOR('',#3580,39.3700787401575);
#528=VECTOR('',#3585,39.3700787401575);
#529=VECTOR('',#3588,39.3700787401575);
#530=VECTOR('',#3589,39.3700787401575);
#531=VECTOR('',#3592,39.3700787401575);
#532=VECTOR('',#3595,39.3700787401575);
#533=VECTOR('',#3784,39.3700787401575);
#534=VECTOR('',#3787,39.3700787401575);
#535=VECTOR('',#3792,39.3700787401575);
#536=VECTOR('',#3795,39.3700787401575);
#537=VECTOR('',#3798,39.3700787401575);
#538=VECTOR('',#3805,39.3700787401575);
#539=ORIENTED_EDGE('',*,*,#1221,.T.);
#540=ORIENTED_EDGE('',*,*,#1222,.F.);
#541=ORIENTED_EDGE('',*,*,#1223,.F.);
#542=ORIENTED_EDGE('',*,*,#1224,.F.);
#543=ORIENTED_EDGE('',*,*,#1225,.F.);
#544=ORIENTED_EDGE('',*,*,#1226,.F.);
#545=ORIENTED_EDGE('',*,*,#1227,.F.);
#546=ORIENTED_EDGE('',*,*,#1228,.F.);
#547=ORIENTED_EDGE('',*,*,#1229,.F.);
#548=ORIENTED_EDGE('',*,*,#1230,.F.);
#549=ORIENTED_EDGE('',*,*,#1231,.F.);
#550=ORIENTED_EDGE('',*,*,#1232,.F.);
#551=ORIENTED_EDGE('',*,*,#1233,.F.);
#552=ORIENTED_EDGE('',*,*,#1234,.F.);
#553=ORIENTED_EDGE('',*,*,#1235,.F.);
#554=ORIENTED_EDGE('',*,*,#1236,.F.);
#555=ORIENTED_EDGE('',*,*,#1237,.F.);
#556=ORIENTED_EDGE('',*,*,#1238,.F.);
#557=ORIENTED_EDGE('',*,*,#1239,.F.);
#558=ORIENTED_EDGE('',*,*,#1240,.F.);
#559=ORIENTED_EDGE('',*,*,#1241,.F.);
#560=ORIENTED_EDGE('',*,*,#1242,.F.);
#561=ORIENTED_EDGE('',*,*,#1243,.F.);
#562=ORIENTED_EDGE('',*,*,#1244,.F.);
#563=ORIENTED_EDGE('',*,*,#1245,.F.);
#564=ORIENTED_EDGE('',*,*,#1246,.F.);
#565=ORIENTED_EDGE('',*,*,#1247,.F.);
#566=ORIENTED_EDGE('',*,*,#1248,.F.);
#567=ORIENTED_EDGE('',*,*,#1249,.F.);
#568=ORIENTED_EDGE('',*,*,#1250,.T.);
#569=ORIENTED_EDGE('',*,*,#1251,.T.);
#570=ORIENTED_EDGE('',*,*,#1252,.T.);
#571=ORIENTED_EDGE('',*,*,#1253,.T.);
#572=ORIENTED_EDGE('',*,*,#1254,.T.);
#573=ORIENTED_EDGE('',*,*,#1255,.T.);
#574=ORIENTED_EDGE('',*,*,#1256,.F.);
#575=ORIENTED_EDGE('',*,*,#1257,.T.);
#576=ORIENTED_EDGE('',*,*,#1258,.T.);
#577=ORIENTED_EDGE('',*,*,#1259,.T.);
#578=ORIENTED_EDGE('',*,*,#1260,.T.);
#579=ORIENTED_EDGE('',*,*,#1261,.T.);
#580=ORIENTED_EDGE('',*,*,#1262,.T.);
#581=ORIENTED_EDGE('',*,*,#1263,.T.);
#582=ORIENTED_EDGE('',*,*,#1264,.F.);
#583=ORIENTED_EDGE('',*,*,#1265,.T.);
#584=ORIENTED_EDGE('',*,*,#1266,.T.);
#585=ORIENTED_EDGE('',*,*,#1267,.T.);
#586=ORIENTED_EDGE('',*,*,#1268,.T.);
#587=ORIENTED_EDGE('',*,*,#1269,.T.);
#588=ORIENTED_EDGE('',*,*,#1270,.T.);
#589=ORIENTED_EDGE('',*,*,#1271,.T.);
#590=ORIENTED_EDGE('',*,*,#1272,.F.);
#591=ORIENTED_EDGE('',*,*,#1273,.T.);
#592=ORIENTED_EDGE('',*,*,#1274,.T.);
#593=ORIENTED_EDGE('',*,*,#1275,.T.);
#594=ORIENTED_EDGE('',*,*,#1276,.T.);
#595=ORIENTED_EDGE('',*,*,#1277,.F.);
#596=ORIENTED_EDGE('',*,*,#1278,.F.);
#597=ORIENTED_EDGE('',*,*,#1279,.F.);
#598=ORIENTED_EDGE('',*,*,#1280,.F.);
#599=ORIENTED_EDGE('',*,*,#1281,.F.);
#600=ORIENTED_EDGE('',*,*,#1282,.F.);
#601=ORIENTED_EDGE('',*,*,#1283,.F.);
#602=ORIENTED_EDGE('',*,*,#1284,.F.);
#603=ORIENTED_EDGE('',*,*,#1272,.T.);
#604=ORIENTED_EDGE('',*,*,#1285,.T.);
#605=ORIENTED_EDGE('',*,*,#1286,.F.);
#606=ORIENTED_EDGE('',*,*,#1287,.T.);
#607=ORIENTED_EDGE('',*,*,#1288,.T.);
#608=ORIENTED_EDGE('',*,*,#1289,.T.);
#609=ORIENTED_EDGE('',*,*,#1268,.F.);
#610=ORIENTED_EDGE('',*,*,#1290,.T.);
#611=ORIENTED_EDGE('',*,*,#1291,.T.);
#612=ORIENTED_EDGE('',*,*,#1292,.T.);
#613=ORIENTED_EDGE('',*,*,#1288,.F.);
#614=ORIENTED_EDGE('',*,*,#1293,.T.);
#615=ORIENTED_EDGE('',*,*,#1294,.T.);
#616=ORIENTED_EDGE('',*,*,#1295,.T.);
#617=ORIENTED_EDGE('',*,*,#1291,.F.);
#618=ORIENTED_EDGE('',*,*,#1296,.T.);
#619=ORIENTED_EDGE('',*,*,#1297,.T.);
#620=ORIENTED_EDGE('',*,*,#1298,.T.);
#621=ORIENTED_EDGE('',*,*,#1294,.F.);
#622=ORIENTED_EDGE('',*,*,#1299,.T.);
#623=ORIENTED_EDGE('',*,*,#1297,.F.);
#624=ORIENTED_EDGE('',*,*,#1300,.T.);
#625=ORIENTED_EDGE('',*,*,#1301,.T.);
#626=ORIENTED_EDGE('',*,*,#1302,.T.);
#627=ORIENTED_EDGE('',*,*,#1301,.F.);
#628=ORIENTED_EDGE('',*,*,#1303,.T.);
#629=ORIENTED_EDGE('',*,*,#1304,.T.);
#630=ORIENTED_EDGE('',*,*,#1305,.T.);
#631=ORIENTED_EDGE('',*,*,#1306,.T.);
#632=ORIENTED_EDGE('',*,*,#1307,.T.);
#633=ORIENTED_EDGE('',*,*,#1304,.F.);
#634=ORIENTED_EDGE('',*,*,#1308,.T.);
#635=ORIENTED_EDGE('',*,*,#1309,.T.);
#636=ORIENTED_EDGE('',*,*,#1310,.T.);
#637=ORIENTED_EDGE('',*,*,#1306,.F.);
#638=ORIENTED_EDGE('',*,*,#1311,.T.);
#639=ORIENTED_EDGE('',*,*,#1286,.T.);
#640=ORIENTED_EDGE('',*,*,#1312,.T.);
#641=ORIENTED_EDGE('',*,*,#1309,.F.);
#642=ORIENTED_EDGE('',*,*,#1313,.T.);
#643=ORIENTED_EDGE('',*,*,#1314,.T.);
#644=ORIENTED_EDGE('',*,*,#1315,.T.);
#645=ORIENTED_EDGE('',*,*,#1316,.T.);
#646=ORIENTED_EDGE('',*,*,#1317,.T.);
#647=ORIENTED_EDGE('',*,*,#1318,.T.);
#648=ORIENTED_EDGE('',*,*,#1319,.T.);
#649=ORIENTED_EDGE('',*,*,#1320,.T.);
#650=ORIENTED_EDGE('',*,*,#1321,.T.);
#651=ORIENTED_EDGE('',*,*,#1322,.T.);
#652=ORIENTED_EDGE('',*,*,#1323,.T.);
#653=ORIENTED_EDGE('',*,*,#1324,.T.);
#654=ORIENTED_EDGE('',*,*,#1325,.T.);
#655=ORIENTED_EDGE('',*,*,#1326,.T.);
#656=ORIENTED_EDGE('',*,*,#1327,.T.);
#657=ORIENTED_EDGE('',*,*,#1328,.T.);
#658=ORIENTED_EDGE('',*,*,#1329,.T.);
#659=ORIENTED_EDGE('',*,*,#1330,.T.);
#660=ORIENTED_EDGE('',*,*,#1331,.T.);
#661=ORIENTED_EDGE('',*,*,#1332,.F.);
#662=ORIENTED_EDGE('',*,*,#1266,.F.);
#663=ORIENTED_EDGE('',*,*,#1333,.T.);
#664=ORIENTED_EDGE('',*,*,#1320,.F.);
#665=ORIENTED_EDGE('',*,*,#1333,.F.);
#666=ORIENTED_EDGE('',*,*,#1273,.F.);
#667=ORIENTED_EDGE('',*,*,#1334,.F.);
#668=ORIENTED_EDGE('',*,*,#1267,.F.);
#669=ORIENTED_EDGE('',*,*,#1332,.T.);
#670=ORIENTED_EDGE('',*,*,#1335,.F.);
#671=ORIENTED_EDGE('',*,*,#1334,.T.);
#672=ORIENTED_EDGE('',*,*,#1287,.F.);
#673=ORIENTED_EDGE('',*,*,#1336,.F.);
#674=ORIENTED_EDGE('',*,*,#1321,.F.);
#675=ORIENTED_EDGE('',*,*,#1335,.T.);
#676=ORIENTED_EDGE('',*,*,#1319,.F.);
#677=ORIENTED_EDGE('',*,*,#1337,.F.);
#678=ORIENTED_EDGE('',*,*,#1290,.F.);
#679=ORIENTED_EDGE('',*,*,#1336,.T.);
#680=ORIENTED_EDGE('',*,*,#1313,.F.);
#681=ORIENTED_EDGE('',*,*,#1338,.F.);
#682=ORIENTED_EDGE('',*,*,#1322,.F.);
#683=ORIENTED_EDGE('',*,*,#1337,.T.);
#684=ORIENTED_EDGE('',*,*,#1318,.F.);
#685=ORIENTED_EDGE('',*,*,#1339,.T.);
#686=ORIENTED_EDGE('',*,*,#1293,.F.);
#687=ORIENTED_EDGE('',*,*,#1338,.T.);
#688=ORIENTED_EDGE('',*,*,#1311,.F.);
#689=ORIENTED_EDGE('',*,*,#1340,.T.);
#690=ORIENTED_EDGE('',*,*,#1314,.F.);
#691=ORIENTED_EDGE('',*,*,#1339,.F.);
#692=ORIENTED_EDGE('',*,*,#1317,.F.);
#693=ORIENTED_EDGE('',*,*,#1341,.F.);
#694=ORIENTED_EDGE('',*,*,#1296,.F.);
#695=ORIENTED_EDGE('',*,*,#1340,.F.);
#696=ORIENTED_EDGE('',*,*,#1308,.F.);
#697=ORIENTED_EDGE('',*,*,#1342,.F.);
#698=ORIENTED_EDGE('',*,*,#1315,.F.);
#699=ORIENTED_EDGE('',*,*,#1299,.F.);
#700=ORIENTED_EDGE('',*,*,#1341,.T.);
#701=ORIENTED_EDGE('',*,*,#1343,.F.);
#702=ORIENTED_EDGE('',*,*,#1342,.T.);
#703=ORIENTED_EDGE('',*,*,#1303,.F.);
#704=ORIENTED_EDGE('',*,*,#1344,.F.);
#705=ORIENTED_EDGE('',*,*,#1343,.T.);
#706=ORIENTED_EDGE('',*,*,#1316,.F.);
#707=ORIENTED_EDGE('',*,*,#1344,.T.);
#708=ORIENTED_EDGE('',*,*,#1300,.F.);
#709=ORIENTED_EDGE('',*,*,#1345,.F.);
#710=ORIENTED_EDGE('',*,*,#1346,.F.);
#711=ORIENTED_EDGE('',*,*,#1269,.F.);
#712=ORIENTED_EDGE('',*,*,#1346,.T.);
#713=ORIENTED_EDGE('',*,*,#1331,.F.);
#714=ORIENTED_EDGE('',*,*,#1347,.F.);
#715=ORIENTED_EDGE('',*,*,#1270,.F.);
#716=ORIENTED_EDGE('',*,*,#1345,.T.);
#717=ORIENTED_EDGE('',*,*,#1289,.F.);
#718=ORIENTED_EDGE('',*,*,#1348,.T.);
#719=ORIENTED_EDGE('',*,*,#1323,.F.);
#720=ORIENTED_EDGE('',*,*,#1271,.F.);
#721=ORIENTED_EDGE('',*,*,#1347,.T.);
#722=ORIENTED_EDGE('',*,*,#1349,.F.);
#723=ORIENTED_EDGE('',*,*,#1348,.F.);
#724=ORIENTED_EDGE('',*,*,#1292,.F.);
#725=ORIENTED_EDGE('',*,*,#1350,.T.);
#726=ORIENTED_EDGE('',*,*,#1324,.F.);
#727=ORIENTED_EDGE('',*,*,#1349,.T.);
#728=ORIENTED_EDGE('',*,*,#1330,.F.);
#729=ORIENTED_EDGE('',*,*,#1351,.F.);
#730=ORIENTED_EDGE('',*,*,#1285,.F.);
#731=ORIENTED_EDGE('',*,*,#1350,.F.);
#732=ORIENTED_EDGE('',*,*,#1295,.F.);
#733=ORIENTED_EDGE('',*,*,#1352,.T.);
#734=ORIENTED_EDGE('',*,*,#1325,.F.);
#735=ORIENTED_EDGE('',*,*,#1351,.T.);
#736=ORIENTED_EDGE('',*,*,#1329,.F.);
#737=ORIENTED_EDGE('',*,*,#1353,.T.);
#738=ORIENTED_EDGE('',*,*,#1312,.F.);
#739=ORIENTED_EDGE('',*,*,#1352,.F.);
#740=ORIENTED_EDGE('',*,*,#1298,.F.);
#741=ORIENTED_EDGE('',*,*,#1354,.F.);
#742=ORIENTED_EDGE('',*,*,#1353,.F.);
#743=ORIENTED_EDGE('',*,*,#1328,.F.);
#744=ORIENTED_EDGE('',*,*,#1355,.T.);
#745=ORIENTED_EDGE('',*,*,#1310,.F.);
#746=ORIENTED_EDGE('',*,*,#1354,.T.);
#747=ORIENTED_EDGE('',*,*,#1302,.F.);
#748=ORIENTED_EDGE('',*,*,#1356,.F.);
#749=ORIENTED_EDGE('',*,*,#1326,.F.);
#750=ORIENTED_EDGE('',*,*,#1355,.F.);
#751=ORIENTED_EDGE('',*,*,#1327,.F.);
#752=ORIENTED_EDGE('',*,*,#1357,.F.);
#753=ORIENTED_EDGE('',*,*,#1307,.F.);
#754=ORIENTED_EDGE('',*,*,#1305,.F.);
#755=ORIENTED_EDGE('',*,*,#1357,.T.);
#756=ORIENTED_EDGE('',*,*,#1356,.T.);
#757=ORIENTED_EDGE('',*,*,#1264,.T.);
#758=ORIENTED_EDGE('',*,*,#1358,.T.);
#759=ORIENTED_EDGE('',*,*,#1359,.F.);
#760=ORIENTED_EDGE('',*,*,#1360,.T.);
#761=ORIENTED_EDGE('',*,*,#1361,.T.);
#762=ORIENTED_EDGE('',*,*,#1362,.T.);
#763=ORIENTED_EDGE('',*,*,#1260,.F.);
#764=ORIENTED_EDGE('',*,*,#1363,.T.);
#765=ORIENTED_EDGE('',*,*,#1364,.T.);
#766=ORIENTED_EDGE('',*,*,#1365,.T.);
#767=ORIENTED_EDGE('',*,*,#1361,.F.);
#768=ORIENTED_EDGE('',*,*,#1366,.T.);
#769=ORIENTED_EDGE('',*,*,#1367,.T.);
#770=ORIENTED_EDGE('',*,*,#1368,.T.);
#771=ORIENTED_EDGE('',*,*,#1364,.F.);
#772=ORIENTED_EDGE('',*,*,#1369,.T.);
#773=ORIENTED_EDGE('',*,*,#1370,.T.);
#774=ORIENTED_EDGE('',*,*,#1371,.T.);
#775=ORIENTED_EDGE('',*,*,#1367,.F.);
#776=ORIENTED_EDGE('',*,*,#1372,.T.);
#777=ORIENTED_EDGE('',*,*,#1370,.F.);
#778=ORIENTED_EDGE('',*,*,#1373,.T.);
#779=ORIENTED_EDGE('',*,*,#1374,.T.);
#780=ORIENTED_EDGE('',*,*,#1375,.T.);
#781=ORIENTED_EDGE('',*,*,#1374,.F.);
#782=ORIENTED_EDGE('',*,*,#1376,.T.);
#783=ORIENTED_EDGE('',*,*,#1377,.T.);
#784=ORIENTED_EDGE('',*,*,#1378,.T.);
#785=ORIENTED_EDGE('',*,*,#1379,.T.);
#786=ORIENTED_EDGE('',*,*,#1380,.T.);
#787=ORIENTED_EDGE('',*,*,#1377,.F.);
#788=ORIENTED_EDGE('',*,*,#1381,.T.);
#789=ORIENTED_EDGE('',*,*,#1382,.T.);
#790=ORIENTED_EDGE('',*,*,#1383,.T.);
#791=ORIENTED_EDGE('',*,*,#1379,.F.);
#792=ORIENTED_EDGE('',*,*,#1384,.T.);
#793=ORIENTED_EDGE('',*,*,#1359,.T.);
#794=ORIENTED_EDGE('',*,*,#1385,.T.);
#795=ORIENTED_EDGE('',*,*,#1382,.F.);
#796=ORIENTED_EDGE('',*,*,#1386,.T.);
#797=ORIENTED_EDGE('',*,*,#1387,.T.);
#798=ORIENTED_EDGE('',*,*,#1388,.T.);
#799=ORIENTED_EDGE('',*,*,#1389,.T.);
#800=ORIENTED_EDGE('',*,*,#1390,.T.);
#801=ORIENTED_EDGE('',*,*,#1391,.T.);
#802=ORIENTED_EDGE('',*,*,#1392,.T.);
#803=ORIENTED_EDGE('',*,*,#1393,.T.);
#804=ORIENTED_EDGE('',*,*,#1394,.T.);
#805=ORIENTED_EDGE('',*,*,#1395,.T.);
#806=ORIENTED_EDGE('',*,*,#1396,.T.);
#807=ORIENTED_EDGE('',*,*,#1397,.T.);
#808=ORIENTED_EDGE('',*,*,#1398,.T.);
#809=ORIENTED_EDGE('',*,*,#1399,.T.);
#810=ORIENTED_EDGE('',*,*,#1400,.T.);
#811=ORIENTED_EDGE('',*,*,#1401,.T.);
#812=ORIENTED_EDGE('',*,*,#1402,.T.);
#813=ORIENTED_EDGE('',*,*,#1403,.T.);
#814=ORIENTED_EDGE('',*,*,#1404,.T.);
#815=ORIENTED_EDGE('',*,*,#1405,.F.);
#816=ORIENTED_EDGE('',*,*,#1258,.F.);
#817=ORIENTED_EDGE('',*,*,#1406,.T.);
#818=ORIENTED_EDGE('',*,*,#1393,.F.);
#819=ORIENTED_EDGE('',*,*,#1406,.F.);
#820=ORIENTED_EDGE('',*,*,#1265,.F.);
#821=ORIENTED_EDGE('',*,*,#1407,.F.);
#822=ORIENTED_EDGE('',*,*,#1259,.F.);
#823=ORIENTED_EDGE('',*,*,#1405,.T.);
#824=ORIENTED_EDGE('',*,*,#1408,.F.);
#825=ORIENTED_EDGE('',*,*,#1407,.T.);
#826=ORIENTED_EDGE('',*,*,#1360,.F.);
#827=ORIENTED_EDGE('',*,*,#1409,.F.);
#828=ORIENTED_EDGE('',*,*,#1394,.F.);
#829=ORIENTED_EDGE('',*,*,#1408,.T.);
#830=ORIENTED_EDGE('',*,*,#1392,.F.);
#831=ORIENTED_EDGE('',*,*,#1410,.F.);
#832=ORIENTED_EDGE('',*,*,#1363,.F.);
#833=ORIENTED_EDGE('',*,*,#1409,.T.);
#834=ORIENTED_EDGE('',*,*,#1386,.F.);
#835=ORIENTED_EDGE('',*,*,#1411,.F.);
#836=ORIENTED_EDGE('',*,*,#1395,.F.);
#837=ORIENTED_EDGE('',*,*,#1410,.T.);
#838=ORIENTED_EDGE('',*,*,#1391,.F.);
#839=ORIENTED_EDGE('',*,*,#1412,.T.);
#840=ORIENTED_EDGE('',*,*,#1366,.F.);
#841=ORIENTED_EDGE('',*,*,#1411,.T.);
#842=ORIENTED_EDGE('',*,*,#1384,.F.);
#843=ORIENTED_EDGE('',*,*,#1413,.T.);
#844=ORIENTED_EDGE('',*,*,#1387,.F.);
#845=ORIENTED_EDGE('',*,*,#1412,.F.);
#846=ORIENTED_EDGE('',*,*,#1390,.F.);
#847=ORIENTED_EDGE('',*,*,#1414,.F.);
#848=ORIENTED_EDGE('',*,*,#1369,.F.);
#849=ORIENTED_EDGE('',*,*,#1413,.F.);
#850=ORIENTED_EDGE('',*,*,#1381,.F.);
#851=ORIENTED_EDGE('',*,*,#1415,.F.);
#852=ORIENTED_EDGE('',*,*,#1388,.F.);
#853=ORIENTED_EDGE('',*,*,#1372,.F.);
#854=ORIENTED_EDGE('',*,*,#1414,.T.);
#855=ORIENTED_EDGE('',*,*,#1416,.F.);
#856=ORIENTED_EDGE('',*,*,#1415,.T.);
#857=ORIENTED_EDGE('',*,*,#1376,.F.);
#858=ORIENTED_EDGE('',*,*,#1417,.F.);
#859=ORIENTED_EDGE('',*,*,#1416,.T.);
#860=ORIENTED_EDGE('',*,*,#1389,.F.);
#861=ORIENTED_EDGE('',*,*,#1417,.T.);
#862=ORIENTED_EDGE('',*,*,#1373,.F.);
#863=ORIENTED_EDGE('',*,*,#1418,.F.);
#864=ORIENTED_EDGE('',*,*,#1419,.F.);
#865=ORIENTED_EDGE('',*,*,#1261,.F.);
#866=ORIENTED_EDGE('',*,*,#1419,.T.);
#867=ORIENTED_EDGE('',*,*,#1404,.F.);
#868=ORIENTED_EDGE('',*,*,#1420,.F.);
#869=ORIENTED_EDGE('',*,*,#1262,.F.);
#870=ORIENTED_EDGE('',*,*,#1418,.T.);
#871=ORIENTED_EDGE('',*,*,#1362,.F.);
#872=ORIENTED_EDGE('',*,*,#1421,.T.);
#873=ORIENTED_EDGE('',*,*,#1396,.F.);
#874=ORIENTED_EDGE('',*,*,#1263,.F.);
#875=ORIENTED_EDGE('',*,*,#1420,.T.);
#876=ORIENTED_EDGE('',*,*,#1422,.F.);
#877=ORIENTED_EDGE('',*,*,#1421,.F.);
#878=ORIENTED_EDGE('',*,*,#1365,.F.);
#879=ORIENTED_EDGE('',*,*,#1423,.T.);
#880=ORIENTED_EDGE('',*,*,#1397,.F.);
#881=ORIENTED_EDGE('',*,*,#1422,.T.);
#882=ORIENTED_EDGE('',*,*,#1403,.F.);
#883=ORIENTED_EDGE('',*,*,#1424,.F.);
#884=ORIENTED_EDGE('',*,*,#1358,.F.);
#885=ORIENTED_EDGE('',*,*,#1423,.F.);
#886=ORIENTED_EDGE('',*,*,#1368,.F.);
#887=ORIENTED_EDGE('',*,*,#1425,.T.);
#888=ORIENTED_EDGE('',*,*,#1398,.F.);
#889=ORIENTED_EDGE('',*,*,#1424,.T.);
#890=ORIENTED_EDGE('',*,*,#1402,.F.);
#891=ORIENTED_EDGE('',*,*,#1426,.T.);
#892=ORIENTED_EDGE('',*,*,#1385,.F.);
#893=ORIENTED_EDGE('',*,*,#1425,.F.);
#894=ORIENTED_EDGE('',*,*,#1371,.F.);
#895=ORIENTED_EDGE('',*,*,#1427,.F.);
#896=ORIENTED_EDGE('',*,*,#1426,.F.);
#897=ORIENTED_EDGE('',*,*,#1401,.F.);
#898=ORIENTED_EDGE('',*,*,#1428,.T.);
#899=ORIENTED_EDGE('',*,*,#1383,.F.);
#900=ORIENTED_EDGE('',*,*,#1427,.T.);
#901=ORIENTED_EDGE('',*,*,#1375,.F.);
#902=ORIENTED_EDGE('',*,*,#1429,.F.);
#903=ORIENTED_EDGE('',*,*,#1399,.F.);
#904=ORIENTED_EDGE('',*,*,#1428,.F.);
#905=ORIENTED_EDGE('',*,*,#1400,.F.);
#906=ORIENTED_EDGE('',*,*,#1430,.F.);
#907=ORIENTED_EDGE('',*,*,#1380,.F.);
#908=ORIENTED_EDGE('',*,*,#1378,.F.);
#909=ORIENTED_EDGE('',*,*,#1430,.T.);
#910=ORIENTED_EDGE('',*,*,#1429,.T.);
#911=ORIENTED_EDGE('',*,*,#1256,.T.);
#912=ORIENTED_EDGE('',*,*,#1431,.T.);
#913=ORIENTED_EDGE('',*,*,#1432,.F.);
#914=ORIENTED_EDGE('',*,*,#1433,.T.);
#915=ORIENTED_EDGE('',*,*,#1434,.T.);
#916=ORIENTED_EDGE('',*,*,#1435,.T.);
#917=ORIENTED_EDGE('',*,*,#1252,.F.);
#918=ORIENTED_EDGE('',*,*,#1436,.T.);
#919=ORIENTED_EDGE('',*,*,#1437,.T.);
#920=ORIENTED_EDGE('',*,*,#1438,.T.);
#921=ORIENTED_EDGE('',*,*,#1434,.F.);
#922=ORIENTED_EDGE('',*,*,#1439,.T.);
#923=ORIENTED_EDGE('',*,*,#1440,.T.);
#924=ORIENTED_EDGE('',*,*,#1441,.T.);
#925=ORIENTED_EDGE('',*,*,#1437,.F.);
#926=ORIENTED_EDGE('',*,*,#1442,.T.);
#927=ORIENTED_EDGE('',*,*,#1443,.T.);
#928=ORIENTED_EDGE('',*,*,#1444,.T.);
#929=ORIENTED_EDGE('',*,*,#1440,.F.);
#930=ORIENTED_EDGE('',*,*,#1445,.T.);
#931=ORIENTED_EDGE('',*,*,#1443,.F.);
#932=ORIENTED_EDGE('',*,*,#1446,.T.);
#933=ORIENTED_EDGE('',*,*,#1447,.T.);
#934=ORIENTED_EDGE('',*,*,#1448,.T.);
#935=ORIENTED_EDGE('',*,*,#1447,.F.);
#936=ORIENTED_EDGE('',*,*,#1449,.T.);
#937=ORIENTED_EDGE('',*,*,#1450,.T.);
#938=ORIENTED_EDGE('',*,*,#1451,.T.);
#939=ORIENTED_EDGE('',*,*,#1452,.T.);
#940=ORIENTED_EDGE('',*,*,#1453,.T.);
#941=ORIENTED_EDGE('',*,*,#1450,.F.);
#942=ORIENTED_EDGE('',*,*,#1454,.T.);
#943=ORIENTED_EDGE('',*,*,#1455,.T.);
#944=ORIENTED_EDGE('',*,*,#1456,.T.);
#945=ORIENTED_EDGE('',*,*,#1452,.F.);
#946=ORIENTED_EDGE('',*,*,#1457,.T.);
#947=ORIENTED_EDGE('',*,*,#1432,.T.);
#948=ORIENTED_EDGE('',*,*,#1458,.T.);
#949=ORIENTED_EDGE('',*,*,#1455,.F.);
#950=ORIENTED_EDGE('',*,*,#1459,.T.);
#951=ORIENTED_EDGE('',*,*,#1460,.T.);
#952=ORIENTED_EDGE('',*,*,#1461,.T.);
#953=ORIENTED_EDGE('',*,*,#1462,.T.);
#954=ORIENTED_EDGE('',*,*,#1463,.T.);
#955=ORIENTED_EDGE('',*,*,#1464,.T.);
#956=ORIENTED_EDGE('',*,*,#1465,.T.);
#957=ORIENTED_EDGE('',*,*,#1466,.T.);
#958=ORIENTED_EDGE('',*,*,#1467,.T.);
#959=ORIENTED_EDGE('',*,*,#1468,.T.);
#960=ORIENTED_EDGE('',*,*,#1469,.T.);
#961=ORIENTED_EDGE('',*,*,#1470,.T.);
#962=ORIENTED_EDGE('',*,*,#1471,.T.);
#963=ORIENTED_EDGE('',*,*,#1472,.T.);
#964=ORIENTED_EDGE('',*,*,#1473,.T.);
#965=ORIENTED_EDGE('',*,*,#1474,.T.);
#966=ORIENTED_EDGE('',*,*,#1475,.T.);
#967=ORIENTED_EDGE('',*,*,#1476,.T.);
#968=ORIENTED_EDGE('',*,*,#1477,.T.);
#969=ORIENTED_EDGE('',*,*,#1478,.F.);
#970=ORIENTED_EDGE('',*,*,#1250,.F.);
#971=ORIENTED_EDGE('',*,*,#1479,.T.);
#972=ORIENTED_EDGE('',*,*,#1466,.F.);
#973=ORIENTED_EDGE('',*,*,#1479,.F.);
#974=ORIENTED_EDGE('',*,*,#1257,.F.);
#975=ORIENTED_EDGE('',*,*,#1480,.F.);
#976=ORIENTED_EDGE('',*,*,#1251,.F.);
#977=ORIENTED_EDGE('',*,*,#1478,.T.);
#978=ORIENTED_EDGE('',*,*,#1481,.F.);
#979=ORIENTED_EDGE('',*,*,#1480,.T.);
#980=ORIENTED_EDGE('',*,*,#1433,.F.);
#981=ORIENTED_EDGE('',*,*,#1482,.F.);
#982=ORIENTED_EDGE('',*,*,#1467,.F.);
#983=ORIENTED_EDGE('',*,*,#1481,.T.);
#984=ORIENTED_EDGE('',*,*,#1465,.F.);
#985=ORIENTED_EDGE('',*,*,#1483,.F.);
#986=ORIENTED_EDGE('',*,*,#1436,.F.);
#987=ORIENTED_EDGE('',*,*,#1482,.T.);
#988=ORIENTED_EDGE('',*,*,#1459,.F.);
#989=ORIENTED_EDGE('',*,*,#1484,.F.);
#990=ORIENTED_EDGE('',*,*,#1468,.F.);
#991=ORIENTED_EDGE('',*,*,#1483,.T.);
#992=ORIENTED_EDGE('',*,*,#1464,.F.);
#993=ORIENTED_EDGE('',*,*,#1485,.T.);
#994=ORIENTED_EDGE('',*,*,#1439,.F.);
#995=ORIENTED_EDGE('',*,*,#1484,.T.);
#996=ORIENTED_EDGE('',*,*,#1457,.F.);
#997=ORIENTED_EDGE('',*,*,#1486,.T.);
#998=ORIENTED_EDGE('',*,*,#1460,.F.);
#999=ORIENTED_EDGE('',*,*,#1485,.F.);
#1000=ORIENTED_EDGE('',*,*,#1463,.F.);
#1001=ORIENTED_EDGE('',*,*,#1487,.F.);
#1002=ORIENTED_EDGE('',*,*,#1442,.F.);
#1003=ORIENTED_EDGE('',*,*,#1486,.F.);
#1004=ORIENTED_EDGE('',*,*,#1454,.F.);
#1005=ORIENTED_EDGE('',*,*,#1488,.F.);
#1006=ORIENTED_EDGE('',*,*,#1461,.F.);
#1007=ORIENTED_EDGE('',*,*,#1445,.F.);
#1008=ORIENTED_EDGE('',*,*,#1487,.T.);
#1009=ORIENTED_EDGE('',*,*,#1489,.F.);
#1010=ORIENTED_EDGE('',*,*,#1488,.T.);
#1011=ORIENTED_EDGE('',*,*,#1449,.F.);
#1012=ORIENTED_EDGE('',*,*,#1490,.F.);
#1013=ORIENTED_EDGE('',*,*,#1489,.T.);
#1014=ORIENTED_EDGE('',*,*,#1462,.F.);
#1015=ORIENTED_EDGE('',*,*,#1490,.T.);
#1016=ORIENTED_EDGE('',*,*,#1446,.F.);
#1017=ORIENTED_EDGE('',*,*,#1491,.F.);
#1018=ORIENTED_EDGE('',*,*,#1492,.F.);
#1019=ORIENTED_EDGE('',*,*,#1253,.F.);
#1020=ORIENTED_EDGE('',*,*,#1492,.T.);
#1021=ORIENTED_EDGE('',*,*,#1477,.F.);
#1022=ORIENTED_EDGE('',*,*,#1493,.F.);
#1023=ORIENTED_EDGE('',*,*,#1254,.F.);
#1024=ORIENTED_EDGE('',*,*,#1491,.T.);
#1025=ORIENTED_EDGE('',*,*,#1435,.F.);
#1026=ORIENTED_EDGE('',*,*,#1494,.T.);
#1027=ORIENTED_EDGE('',*,*,#1469,.F.);
#1028=ORIENTED_EDGE('',*,*,#1255,.F.);
#1029=ORIENTED_EDGE('',*,*,#1493,.T.);
#1030=ORIENTED_EDGE('',*,*,#1495,.F.);
#1031=ORIENTED_EDGE('',*,*,#1494,.F.);
#1032=ORIENTED_EDGE('',*,*,#1438,.F.);
#1033=ORIENTED_EDGE('',*,*,#1496,.T.);
#1034=ORIENTED_EDGE('',*,*,#1470,.F.);
#1035=ORIENTED_EDGE('',*,*,#1495,.T.);
#1036=ORIENTED_EDGE('',*,*,#1476,.F.);
#1037=ORIENTED_EDGE('',*,*,#1497,.F.);
#1038=ORIENTED_EDGE('',*,*,#1431,.F.);
#1039=ORIENTED_EDGE('',*,*,#1496,.F.);
#1040=ORIENTED_EDGE('',*,*,#1441,.F.);
#1041=ORIENTED_EDGE('',*,*,#1498,.T.);
#1042=ORIENTED_EDGE('',*,*,#1471,.F.);
#1043=ORIENTED_EDGE('',*,*,#1497,.T.);
#1044=ORIENTED_EDGE('',*,*,#1475,.F.);
#1045=ORIENTED_EDGE('',*,*,#1499,.T.);
#1046=ORIENTED_EDGE('',*,*,#1458,.F.);
#1047=ORIENTED_EDGE('',*,*,#1498,.F.);
#1048=ORIENTED_EDGE('',*,*,#1444,.F.);
#1049=ORIENTED_EDGE('',*,*,#1500,.F.);
#1050=ORIENTED_EDGE('',*,*,#1499,.F.);
#1051=ORIENTED_EDGE('',*,*,#1474,.F.);
#1052=ORIENTED_EDGE('',*,*,#1501,.T.);
#1053=ORIENTED_EDGE('',*,*,#1456,.F.);
#1054=ORIENTED_EDGE('',*,*,#1500,.T.);
#1055=ORIENTED_EDGE('',*,*,#1448,.F.);
#1056=ORIENTED_EDGE('',*,*,#1502,.F.);
#1057=ORIENTED_EDGE('',*,*,#1472,.F.);
#1058=ORIENTED_EDGE('',*,*,#1501,.F.);
#1059=ORIENTED_EDGE('',*,*,#1473,.F.);
#1060=ORIENTED_EDGE('',*,*,#1503,.F.);
#1061=ORIENTED_EDGE('',*,*,#1453,.F.);
#1062=ORIENTED_EDGE('',*,*,#1451,.F.);
#1063=ORIENTED_EDGE('',*,*,#1503,.T.);
#1064=ORIENTED_EDGE('',*,*,#1502,.T.);
#1065=ORIENTED_EDGE('',*,*,#1504,.F.);
#1066=ORIENTED_EDGE('',*,*,#1249,.T.);
#1067=ORIENTED_EDGE('',*,*,#1504,.T.);
#1068=ORIENTED_EDGE('',*,*,#1505,.F.);
#1069=ORIENTED_EDGE('',*,*,#1248,.T.);
#1070=ORIENTED_EDGE('',*,*,#1505,.T.);
#1071=ORIENTED_EDGE('',*,*,#1506,.F.);
#1072=ORIENTED_EDGE('',*,*,#1247,.T.);
#1073=ORIENTED_EDGE('',*,*,#1506,.T.);
#1074=ORIENTED_EDGE('',*,*,#1507,.F.);
#1075=ORIENTED_EDGE('',*,*,#1246,.T.);
#1076=ORIENTED_EDGE('',*,*,#1507,.T.);
#1077=ORIENTED_EDGE('',*,*,#1508,.F.);
#1078=ORIENTED_EDGE('',*,*,#1245,.T.);
#1079=ORIENTED_EDGE('',*,*,#1508,.T.);
#1080=ORIENTED_EDGE('',*,*,#1509,.F.);
#1081=ORIENTED_EDGE('',*,*,#1244,.T.);
#1082=ORIENTED_EDGE('',*,*,#1509,.T.);
#1083=ORIENTED_EDGE('',*,*,#1510,.F.);
#1084=ORIENTED_EDGE('',*,*,#1243,.T.);
#1085=ORIENTED_EDGE('',*,*,#1510,.T.);
#1086=ORIENTED_EDGE('',*,*,#1511,.F.);
#1087=ORIENTED_EDGE('',*,*,#1242,.T.);
#1088=ORIENTED_EDGE('',*,*,#1511,.T.);
#1089=ORIENTED_EDGE('',*,*,#1512,.F.);
#1090=ORIENTED_EDGE('',*,*,#1241,.T.);
#1091=ORIENTED_EDGE('',*,*,#1512,.T.);
#1092=ORIENTED_EDGE('',*,*,#1513,.F.);
#1093=ORIENTED_EDGE('',*,*,#1240,.T.);
#1094=ORIENTED_EDGE('',*,*,#1513,.T.);
#1095=ORIENTED_EDGE('',*,*,#1514,.F.);
#1096=ORIENTED_EDGE('',*,*,#1239,.T.);
#1097=ORIENTED_EDGE('',*,*,#1514,.T.);
#1098=ORIENTED_EDGE('',*,*,#1515,.F.);
#1099=ORIENTED_EDGE('',*,*,#1238,.T.);
#1100=ORIENTED_EDGE('',*,*,#1515,.T.);
#1101=ORIENTED_EDGE('',*,*,#1516,.F.);
#1102=ORIENTED_EDGE('',*,*,#1237,.T.);
#1103=ORIENTED_EDGE('',*,*,#1516,.T.);
#1104=ORIENTED_EDGE('',*,*,#1517,.F.);
#1105=ORIENTED_EDGE('',*,*,#1236,.T.);
#1106=ORIENTED_EDGE('',*,*,#1517,.T.);
#1107=ORIENTED_EDGE('',*,*,#1518,.F.);
#1108=ORIENTED_EDGE('',*,*,#1235,.T.);
#1109=ORIENTED_EDGE('',*,*,#1518,.T.);
#1110=ORIENTED_EDGE('',*,*,#1519,.F.);
#1111=ORIENTED_EDGE('',*,*,#1234,.T.);
#1112=ORIENTED_EDGE('',*,*,#1519,.T.);
#1113=ORIENTED_EDGE('',*,*,#1520,.F.);
#1114=ORIENTED_EDGE('',*,*,#1233,.T.);
#1115=ORIENTED_EDGE('',*,*,#1520,.T.);
#1116=ORIENTED_EDGE('',*,*,#1521,.F.);
#1117=ORIENTED_EDGE('',*,*,#1232,.T.);
#1118=ORIENTED_EDGE('',*,*,#1521,.T.);
#1119=ORIENTED_EDGE('',*,*,#1522,.F.);
#1120=ORIENTED_EDGE('',*,*,#1231,.T.);
#1121=ORIENTED_EDGE('',*,*,#1522,.T.);
#1122=ORIENTED_EDGE('',*,*,#1523,.F.);
#1123=ORIENTED_EDGE('',*,*,#1230,.T.);
#1124=ORIENTED_EDGE('',*,*,#1523,.T.);
#1125=ORIENTED_EDGE('',*,*,#1524,.F.);
#1126=ORIENTED_EDGE('',*,*,#1229,.T.);
#1127=ORIENTED_EDGE('',*,*,#1524,.T.);
#1128=ORIENTED_EDGE('',*,*,#1525,.F.);
#1129=ORIENTED_EDGE('',*,*,#1228,.T.);
#1130=ORIENTED_EDGE('',*,*,#1525,.T.);
#1131=ORIENTED_EDGE('',*,*,#1526,.F.);
#1132=ORIENTED_EDGE('',*,*,#1227,.T.);
#1133=ORIENTED_EDGE('',*,*,#1526,.T.);
#1134=ORIENTED_EDGE('',*,*,#1527,.F.);
#1135=ORIENTED_EDGE('',*,*,#1226,.T.);
#1136=ORIENTED_EDGE('',*,*,#1527,.T.);
#1137=ORIENTED_EDGE('',*,*,#1528,.F.);
#1138=ORIENTED_EDGE('',*,*,#1225,.T.);
#1139=ORIENTED_EDGE('',*,*,#1528,.T.);
#1140=ORIENTED_EDGE('',*,*,#1529,.F.);
#1141=ORIENTED_EDGE('',*,*,#1224,.T.);
#1142=ORIENTED_EDGE('',*,*,#1529,.T.);
#1143=ORIENTED_EDGE('',*,*,#1530,.F.);
#1144=ORIENTED_EDGE('',*,*,#1223,.T.);
#1145=ORIENTED_EDGE('',*,*,#1530,.T.);
#1146=ORIENTED_EDGE('',*,*,#1531,.F.);
#1147=ORIENTED_EDGE('',*,*,#1222,.T.);
#1148=ORIENTED_EDGE('',*,*,#1531,.T.);
#1149=ORIENTED_EDGE('',*,*,#1532,.F.);
#1150=ORIENTED_EDGE('',*,*,#1282,.T.);
#1151=ORIENTED_EDGE('',*,*,#1533,.T.);
#1152=ORIENTED_EDGE('',*,*,#1534,.F.);
#1153=ORIENTED_EDGE('',*,*,#1535,.T.);
#1154=ORIENTED_EDGE('',*,*,#1536,.F.);
#1155=ORIENTED_EDGE('',*,*,#1537,.F.);
#1156=ORIENTED_EDGE('',*,*,#1538,.F.);
#1157=ORIENTED_EDGE('',*,*,#1532,.T.);
#1158=ORIENTED_EDGE('',*,*,#1539,.F.);
#1159=ORIENTED_EDGE('',*,*,#1278,.T.);
#1160=ORIENTED_EDGE('',*,*,#1540,.T.);
#1161=ORIENTED_EDGE('',*,*,#1541,.F.);
#1162=ORIENTED_EDGE('',*,*,#1542,.T.);
#1163=ORIENTED_EDGE('',*,*,#1543,.F.);
#1164=ORIENTED_EDGE('',*,*,#1544,.T.);
#1165=ORIENTED_EDGE('',*,*,#1545,.F.);
#1166=ORIENTED_EDGE('',*,*,#1539,.T.);
#1167=ORIENTED_EDGE('',*,*,#1546,.F.);
#1168=ORIENTED_EDGE('',*,*,#1547,.T.);
#1169=ORIENTED_EDGE('',*,*,#1283,.T.);
#1170=ORIENTED_EDGE('',*,*,#1535,.F.);
#1171=ORIENTED_EDGE('',*,*,#1284,.T.);
#1172=ORIENTED_EDGE('',*,*,#1547,.F.);
#1173=ORIENTED_EDGE('',*,*,#1548,.T.);
#1174=ORIENTED_EDGE('',*,*,#1549,.F.);
#1175=ORIENTED_EDGE('',*,*,#1281,.T.);
#1176=ORIENTED_EDGE('',*,*,#1549,.T.);
#1177=ORIENTED_EDGE('',*,*,#1550,.T.);
#1178=ORIENTED_EDGE('',*,*,#1533,.F.);
#1179=ORIENTED_EDGE('',*,*,#1534,.T.);
#1180=ORIENTED_EDGE('',*,*,#1550,.F.);
#1181=ORIENTED_EDGE('',*,*,#1548,.F.);
#1182=ORIENTED_EDGE('',*,*,#1546,.T.);
#1183=ORIENTED_EDGE('',*,*,#1536,.T.);
#1184=ORIENTED_EDGE('',*,*,#1551,.F.);
#1185=ORIENTED_EDGE('',*,*,#1552,.F.);
#1186=ORIENTED_EDGE('',*,*,#1552,.T.);
#1187=ORIENTED_EDGE('',*,*,#1553,.T.);
#1188=ORIENTED_EDGE('',*,*,#1537,.T.);
#1189=ORIENTED_EDGE('',*,*,#1538,.T.);
#1190=ORIENTED_EDGE('',*,*,#1553,.F.);
#1191=ORIENTED_EDGE('',*,*,#1551,.T.);
#1192=ORIENTED_EDGE('',*,*,#1554,.F.);
#1193=ORIENTED_EDGE('',*,*,#1555,.T.);
#1194=ORIENTED_EDGE('',*,*,#1279,.T.);
#1195=ORIENTED_EDGE('',*,*,#1542,.F.);
#1196=ORIENTED_EDGE('',*,*,#1277,.T.);
#1197=ORIENTED_EDGE('',*,*,#1556,.T.);
#1198=ORIENTED_EDGE('',*,*,#1557,.T.);
#1199=ORIENTED_EDGE('',*,*,#1540,.F.);
#1200=ORIENTED_EDGE('',*,*,#1280,.T.);
#1201=ORIENTED_EDGE('',*,*,#1555,.F.);
#1202=ORIENTED_EDGE('',*,*,#1558,.T.);
#1203=ORIENTED_EDGE('',*,*,#1556,.F.);
#1204=ORIENTED_EDGE('',*,*,#1541,.T.);
#1205=ORIENTED_EDGE('',*,*,#1557,.F.);
#1206=ORIENTED_EDGE('',*,*,#1558,.F.);
#1207=ORIENTED_EDGE('',*,*,#1554,.T.);
#1208=ORIENTED_EDGE('',*,*,#1543,.T.);
#1209=ORIENTED_EDGE('',*,*,#1559,.F.);
#1210=ORIENTED_EDGE('',*,*,#1560,.F.);
#1211=ORIENTED_EDGE('',*,*,#1560,.T.);
#1212=ORIENTED_EDGE('',*,*,#1561,.F.);
#1213=ORIENTED_EDGE('',*,*,#1544,.F.);
#1214=ORIENTED_EDGE('',*,*,#1545,.T.);
#1215=ORIENTED_EDGE('',*,*,#1561,.T.);
#1216=ORIENTED_EDGE('',*,*,#1559,.T.);
#1217=ORIENTED_EDGE('',*,*,#1274,.F.);
#1218=ORIENTED_EDGE('',*,*,#1221,.F.);
#1219=ORIENTED_EDGE('',*,*,#1276,.F.);
#1220=ORIENTED_EDGE('',*,*,#1275,.F.);
#1221=EDGE_CURVE('',#1562,#1562,#1808,.T.);
#1222=EDGE_CURVE('',#1563,#1563,#1809,.T.);
#1223=EDGE_CURVE('',#1564,#1564,#1810,.T.);
#1224=EDGE_CURVE('',#1565,#1565,#1811,.T.);
#1225=EDGE_CURVE('',#1566,#1566,#1812,.T.);
#1226=EDGE_CURVE('',#1567,#1567,#1813,.T.);
#1227=EDGE_CURVE('',#1568,#1568,#1814,.T.);
#1228=EDGE_CURVE('',#1569,#1569,#1815,.T.);
#1229=EDGE_CURVE('',#1570,#1570,#1816,.T.);
#1230=EDGE_CURVE('',#1571,#1571,#1817,.T.);
#1231=EDGE_CURVE('',#1572,#1572,#1818,.T.);
#1232=EDGE_CURVE('',#1573,#1573,#1819,.T.);
#1233=EDGE_CURVE('',#1574,#1574,#1820,.T.);
#1234=EDGE_CURVE('',#1575,#1575,#1821,.T.);
#1235=EDGE_CURVE('',#1576,#1576,#1822,.T.);
#1236=EDGE_CURVE('',#1577,#1577,#1823,.T.);
#1237=EDGE_CURVE('',#1578,#1578,#1824,.T.);
#1238=EDGE_CURVE('',#1579,#1579,#1825,.T.);
#1239=EDGE_CURVE('',#1580,#1580,#1826,.T.);
#1240=EDGE_CURVE('',#1581,#1581,#1827,.T.);
#1241=EDGE_CURVE('',#1582,#1582,#1828,.T.);
#1242=EDGE_CURVE('',#1583,#1583,#1829,.T.);
#1243=EDGE_CURVE('',#1584,#1584,#1830,.T.);
#1244=EDGE_CURVE('',#1585,#1585,#1831,.T.);
#1245=EDGE_CURVE('',#1586,#1586,#1832,.T.);
#1246=EDGE_CURVE('',#1587,#1587,#1833,.T.);
#1247=EDGE_CURVE('',#1588,#1588,#1834,.T.);
#1248=EDGE_CURVE('',#1589,#1589,#1835,.T.);
#1249=EDGE_CURVE('',#1590,#1590,#1836,.T.);
#1250=EDGE_CURVE('',#1591,#1592,#341,.T.);
#1251=EDGE_CURVE('',#1592,#1593,#279,.T.);
#1252=EDGE_CURVE('',#1593,#1594,#342,.T.);
#1253=EDGE_CURVE('',#1594,#1595,#280,.F.);
#1254=EDGE_CURVE('',#1595,#1596,#343,.F.);
#1255=EDGE_CURVE('',#1596,#1597,#281,.T.);
#1256=EDGE_CURVE('',#1598,#1597,#344,.T.);
#1257=EDGE_CURVE('',#1598,#1591,#282,.F.);
#1258=EDGE_CURVE('',#1599,#1600,#345,.T.);
#1259=EDGE_CURVE('',#1600,#1601,#283,.T.);
#1260=EDGE_CURVE('',#1601,#1602,#346,.T.);
#1261=EDGE_CURVE('',#1602,#1603,#284,.F.);
#1262=EDGE_CURVE('',#1603,#1604,#347,.F.);
#1263=EDGE_CURVE('',#1604,#1605,#285,.T.);
#1264=EDGE_CURVE('',#1606,#1605,#348,.T.);
#1265=EDGE_CURVE('',#1606,#1599,#286,.F.);
#1266=EDGE_CURVE('',#1607,#1608,#349,.T.);
#1267=EDGE_CURVE('',#1608,#1609,#287,.T.);
#1268=EDGE_CURVE('',#1609,#1610,#350,.T.);
#1269=EDGE_CURVE('',#1610,#1611,#288,.F.);
#1270=EDGE_CURVE('',#1611,#1612,#351,.F.);
#1271=EDGE_CURVE('',#1612,#1613,#289,.T.);
#1272=EDGE_CURVE('',#1614,#1613,#352,.T.);
#1273=EDGE_CURVE('',#1614,#1607,#290,.F.);
#1274=EDGE_CURVE('',#1615,#1615,#1837,.F.);
#1275=EDGE_CURVE('',#1616,#1616,#1838,.F.);
#1276=EDGE_CURVE('',#1617,#1617,#1839,.T.);
#1277=EDGE_CURVE('',#1618,#1619,#291,.T.);
#1278=EDGE_CURVE('',#1620,#1618,#1840,.T.);
#1279=EDGE_CURVE('',#1621,#1620,#292,.T.);
#1280=EDGE_CURVE('',#1619,#1621,#1841,.T.);
#1281=EDGE_CURVE('',#1622,#1623,#293,.T.);
#1282=EDGE_CURVE('',#1624,#1622,#1842,.T.);
#1283=EDGE_CURVE('',#1625,#1624,#294,.T.);
#1284=EDGE_CURVE('',#1623,#1625,#1843,.T.);
#1285=EDGE_CURVE('',#1613,#1626,#1844,.F.);
#1286=EDGE_CURVE('',#1627,#1626,#353,.T.);
#1287=EDGE_CURVE('',#1627,#1614,#1845,.T.);
#1288=EDGE_CURVE('',#1628,#1629,#354,.T.);
#1289=EDGE_CURVE('',#1629,#1610,#1846,.F.);
#1290=EDGE_CURVE('',#1609,#1628,#1847,.T.);
#1291=EDGE_CURVE('',#1630,#1631,#355,.T.);
#1292=EDGE_CURVE('',#1631,#1629,#356,.F.);
#1293=EDGE_CURVE('',#1628,#1630,#357,.T.);
#1294=EDGE_CURVE('',#1632,#1633,#358,.T.);
#1295=EDGE_CURVE('',#1633,#1631,#1848,.F.);
#1296=EDGE_CURVE('',#1630,#1632,#1849,.T.);
#1297=EDGE_CURVE('',#1634,#1635,#359,.T.);
#1298=EDGE_CURVE('',#1635,#1633,#1850,.T.);
#1299=EDGE_CURVE('',#1632,#1634,#1851,.T.);
#1300=EDGE_CURVE('',#1634,#1636,#360,.T.);
#1301=EDGE_CURVE('',#1636,#1637,#361,.T.);
#1302=EDGE_CURVE('',#1637,#1635,#362,.F.);
#1303=EDGE_CURVE('',#1636,#1638,#1852,.T.);
#1304=EDGE_CURVE('',#1638,#1639,#363,.T.);
#1305=EDGE_CURVE('',#1639,#1637,#1853,.T.);
#1306=EDGE_CURVE('',#1640,#1641,#364,.T.);
#1307=EDGE_CURVE('',#1641,#1639,#365,.F.);
#1308=EDGE_CURVE('',#1638,#1640,#366,.T.);
#1309=EDGE_CURVE('',#1642,#1643,#367,.T.);
#1310=EDGE_CURVE('',#1643,#1641,#1854,.T.);
#1311=EDGE_CURVE('',#1640,#1642,#1855,.F.);
#1312=EDGE_CURVE('',#1626,#1643,#368,.F.);
#1313=EDGE_CURVE('',#1642,#1627,#369,.T.);
#1314=EDGE_CURVE('',#1644,#1645,#1856,.T.);
#1315=EDGE_CURVE('',#1645,#1646,#370,.F.);
#1316=EDGE_CURVE('',#1646,#1647,#371,.F.);
#1317=EDGE_CURVE('',#1647,#1648,#1857,.F.);
#1318=EDGE_CURVE('',#1648,#1649,#372,.F.);
#1319=EDGE_CURVE('',#1649,#1650,#1858,.F.);
#1320=EDGE_CURVE('',#1650,#1651,#373,.F.);
#1321=EDGE_CURVE('',#1651,#1652,#1859,.F.);
#1322=EDGE_CURVE('',#1652,#1644,#374,.F.);
#1323=EDGE_CURVE('',#1653,#1654,#1860,.T.);
#1324=EDGE_CURVE('',#1654,#1655,#375,.T.);
#1325=EDGE_CURVE('',#1655,#1656,#1861,.T.);
#1326=EDGE_CURVE('',#1656,#1657,#376,.T.);
#1327=EDGE_CURVE('',#1657,#1658,#377,.T.);
#1328=EDGE_CURVE('',#1658,#1659,#1862,.F.);
#1329=EDGE_CURVE('',#1659,#1660,#378,.T.);
#1330=EDGE_CURVE('',#1660,#1661,#1863,.T.);
#1331=EDGE_CURVE('',#1661,#1653,#379,.T.);
#1332=EDGE_CURVE('',#1608,#1650,#1864,.T.);
#1333=EDGE_CURVE('',#1607,#1651,#1865,.F.);
#1334=EDGE_CURVE('',#1651,#1614,#295,.T.);
#1335=EDGE_CURVE('',#1609,#1650,#296,.F.);
#1336=EDGE_CURVE('',#1652,#1627,#1866,.T.);
#1337=EDGE_CURVE('',#1628,#1649,#1867,.T.);
#1338=EDGE_CURVE('',#1644,#1642,#1868,.T.);
#1339=EDGE_CURVE('',#1648,#1630,#1869,.F.);
#1340=EDGE_CURVE('',#1640,#1645,#1870,.F.);
#1341=EDGE_CURVE('',#1632,#1647,#297,.T.);
#1342=EDGE_CURVE('',#1646,#1638,#166,.T.);
#1343=EDGE_CURVE('',#1634,#1647,#298,.T.);
#1344=EDGE_CURVE('',#1646,#1636,#167,.T.);
#1345=EDGE_CURVE('',#1653,#1610,#299,.T.);
#1346=EDGE_CURVE('',#1611,#1653,#1871,.T.);
#1347=EDGE_CURVE('',#1612,#1661,#1872,.T.);
#1348=EDGE_CURVE('',#1629,#1654,#1873,.F.);
#1349=EDGE_CURVE('',#1613,#1661,#300,.F.);
#1350=EDGE_CURVE('',#1631,#1655,#1874,.F.);
#1351=EDGE_CURVE('',#1626,#1660,#1875,.T.);
#1352=EDGE_CURVE('',#1633,#1656,#301,.T.);
#1353=EDGE_CURVE('',#1659,#1643,#1876,.F.);
#1354=EDGE_CURVE('',#1656,#1635,#302,.F.);
#1355=EDGE_CURVE('',#1658,#1641,#1877,.F.);
#1356=EDGE_CURVE('',#1657,#1637,#168,.T.);
#1357=EDGE_CURVE('',#1639,#1657,#169,.F.);
#1358=EDGE_CURVE('',#1605,#1662,#1878,.F.);
#1359=EDGE_CURVE('',#1663,#1662,#380,.T.);
#1360=EDGE_CURVE('',#1663,#1606,#1879,.T.);
#1361=EDGE_CURVE('',#1664,#1665,#381,.T.);
#1362=EDGE_CURVE('',#1665,#1602,#1880,.F.);
#1363=EDGE_CURVE('',#1601,#1664,#1881,.T.);
#1364=EDGE_CURVE('',#1666,#1667,#382,.T.);
#1365=EDGE_CURVE('',#1667,#1665,#383,.F.);
#1366=EDGE_CURVE('',#1664,#1666,#384,.T.);
#1367=EDGE_CURVE('',#1668,#1669,#385,.T.);
#1368=EDGE_CURVE('',#1669,#1667,#1882,.F.);
#1369=EDGE_CURVE('',#1666,#1668,#1883,.T.);
#1370=EDGE_CURVE('',#1670,#1671,#386,.T.);
#1371=EDGE_CURVE('',#1671,#1669,#1884,.T.);
#1372=EDGE_CURVE('',#1668,#1670,#1885,.T.);
#1373=EDGE_CURVE('',#1670,#1672,#387,.T.);
#1374=EDGE_CURVE('',#1672,#1673,#388,.T.);
#1375=EDGE_CURVE('',#1673,#1671,#389,.F.);
#1376=EDGE_CURVE('',#1672,#1674,#1886,.T.);
#1377=EDGE_CURVE('',#1674,#1675,#390,.T.);
#1378=EDGE_CURVE('',#1675,#1673,#1887,.T.);
#1379=EDGE_CURVE('',#1676,#1677,#391,.T.);
#1380=EDGE_CURVE('',#1677,#1675,#392,.F.);
#1381=EDGE_CURVE('',#1674,#1676,#393,.T.);
#1382=EDGE_CURVE('',#1678,#1679,#394,.T.);
#1383=EDGE_CURVE('',#1679,#1677,#1888,.T.);
#1384=EDGE_CURVE('',#1676,#1678,#1889,.F.);
#1385=EDGE_CURVE('',#1662,#1679,#395,.F.);
#1386=EDGE_CURVE('',#1678,#1663,#396,.T.);
#1387=EDGE_CURVE('',#1680,#1681,#1890,.T.);
#1388=EDGE_CURVE('',#1681,#1682,#397,.F.);
#1389=EDGE_CURVE('',#1682,#1683,#398,.F.);
#1390=EDGE_CURVE('',#1683,#1684,#1891,.F.);
#1391=EDGE_CURVE('',#1684,#1685,#399,.F.);
#1392=EDGE_CURVE('',#1685,#1686,#1892,.F.);
#1393=EDGE_CURVE('',#1686,#1687,#400,.F.);
#1394=EDGE_CURVE('',#1687,#1688,#1893,.F.);
#1395=EDGE_CURVE('',#1688,#1680,#401,.F.);
#1396=EDGE_CURVE('',#1689,#1690,#1894,.T.);
#1397=EDGE_CURVE('',#1690,#1691,#402,.T.);
#1398=EDGE_CURVE('',#1691,#1692,#1895,.T.);
#1399=EDGE_CURVE('',#1692,#1693,#403,.T.);
#1400=EDGE_CURVE('',#1693,#1694,#404,.T.);
#1401=EDGE_CURVE('',#1694,#1695,#1896,.F.);
#1402=EDGE_CURVE('',#1695,#1696,#405,.T.);
#1403=EDGE_CURVE('',#1696,#1697,#1897,.T.);
#1404=EDGE_CURVE('',#1697,#1689,#406,.T.);
#1405=EDGE_CURVE('',#1600,#1686,#1898,.T.);
#1406=EDGE_CURVE('',#1599,#1687,#1899,.F.);
#1407=EDGE_CURVE('',#1687,#1606,#303,.T.);
#1408=EDGE_CURVE('',#1601,#1686,#304,.F.);
#1409=EDGE_CURVE('',#1688,#1663,#1900,.T.);
#1410=EDGE_CURVE('',#1664,#1685,#1901,.T.);
#1411=EDGE_CURVE('',#1680,#1678,#1902,.T.);
#1412=EDGE_CURVE('',#1684,#1666,#1903,.F.);
#1413=EDGE_CURVE('',#1676,#1681,#1904,.F.);
#1414=EDGE_CURVE('',#1668,#1683,#305,.T.);
#1415=EDGE_CURVE('',#1682,#1674,#170,.T.);
#1416=EDGE_CURVE('',#1670,#1683,#306,.T.);
#1417=EDGE_CURVE('',#1682,#1672,#171,.T.);
#1418=EDGE_CURVE('',#1689,#1602,#307,.T.);
#1419=EDGE_CURVE('',#1603,#1689,#1905,.T.);
#1420=EDGE_CURVE('',#1604,#1697,#1906,.T.);
#1421=EDGE_CURVE('',#1665,#1690,#1907,.F.);
#1422=EDGE_CURVE('',#1605,#1697,#308,.F.);
#1423=EDGE_CURVE('',#1667,#1691,#1908,.F.);
#1424=EDGE_CURVE('',#1662,#1696,#1909,.T.);
#1425=EDGE_CURVE('',#1669,#1692,#309,.T.);
#1426=EDGE_CURVE('',#1695,#1679,#1910,.F.);
#1427=EDGE_CURVE('',#1692,#1671,#310,.F.);
#1428=EDGE_CURVE('',#1694,#1677,#1911,.F.);
#1429=EDGE_CURVE('',#1693,#1673,#172,.T.);
#1430=EDGE_CURVE('',#1675,#1693,#173,.F.);
#1431=EDGE_CURVE('',#1597,#1698,#1912,.F.);
#1432=EDGE_CURVE('',#1699,#1698,#407,.T.);
#1433=EDGE_CURVE('',#1699,#1598,#1913,.T.);
#1434=EDGE_CURVE('',#1700,#1701,#408,.T.);
#1435=EDGE_CURVE('',#1701,#1594,#1914,.F.);
#1436=EDGE_CURVE('',#1593,#1700,#1915,.T.);
#1437=EDGE_CURVE('',#1702,#1703,#409,.T.);
#1438=EDGE_CURVE('',#1703,#1701,#410,.F.);
#1439=EDGE_CURVE('',#1700,#1702,#411,.T.);
#1440=EDGE_CURVE('',#1704,#1705,#412,.T.);
#1441=EDGE_CURVE('',#1705,#1703,#1916,.F.);
#1442=EDGE_CURVE('',#1702,#1704,#1917,.T.);
#1443=EDGE_CURVE('',#1706,#1707,#413,.T.);
#1444=EDGE_CURVE('',#1707,#1705,#1918,.T.);
#1445=EDGE_CURVE('',#1704,#1706,#1919,.T.);
#1446=EDGE_CURVE('',#1706,#1708,#414,.T.);
#1447=EDGE_CURVE('',#1708,#1709,#415,.T.);
#1448=EDGE_CURVE('',#1709,#1707,#416,.F.);
#1449=EDGE_CURVE('',#1708,#1710,#1920,.T.);
#1450=EDGE_CURVE('',#1710,#1711,#417,.T.);
#1451=EDGE_CURVE('',#1711,#1709,#1921,.T.);
#1452=EDGE_CURVE('',#1712,#1713,#418,.T.);
#1453=EDGE_CURVE('',#1713,#1711,#419,.F.);
#1454=EDGE_CURVE('',#1710,#1712,#420,.T.);
#1455=EDGE_CURVE('',#1714,#1715,#421,.T.);
#1456=EDGE_CURVE('',#1715,#1713,#1922,.T.);
#1457=EDGE_CURVE('',#1712,#1714,#1923,.F.);
#1458=EDGE_CURVE('',#1698,#1715,#422,.F.);
#1459=EDGE_CURVE('',#1714,#1699,#423,.T.);
#1460=EDGE_CURVE('',#1716,#1717,#1924,.T.);
#1461=EDGE_CURVE('',#1717,#1718,#424,.F.);
#1462=EDGE_CURVE('',#1718,#1719,#425,.F.);
#1463=EDGE_CURVE('',#1719,#1720,#1925,.F.);
#1464=EDGE_CURVE('',#1720,#1721,#426,.F.);
#1465=EDGE_CURVE('',#1721,#1722,#1926,.F.);
#1466=EDGE_CURVE('',#1722,#1723,#427,.F.);
#1467=EDGE_CURVE('',#1723,#1724,#1927,.F.);
#1468=EDGE_CURVE('',#1724,#1716,#428,.F.);
#1469=EDGE_CURVE('',#1725,#1726,#1928,.T.);
#1470=EDGE_CURVE('',#1726,#1727,#429,.T.);
#1471=EDGE_CURVE('',#1727,#1728,#1929,.T.);
#1472=EDGE_CURVE('',#1728,#1729,#430,.T.);
#1473=EDGE_CURVE('',#1729,#1730,#431,.T.);
#1474=EDGE_CURVE('',#1730,#1731,#1930,.F.);
#1475=EDGE_CURVE('',#1731,#1732,#432,.T.);
#1476=EDGE_CURVE('',#1732,#1733,#1931,.T.);
#1477=EDGE_CURVE('',#1733,#1725,#433,.T.);
#1478=EDGE_CURVE('',#1592,#1722,#1932,.T.);
#1479=EDGE_CURVE('',#1591,#1723,#1933,.F.);
#1480=EDGE_CURVE('',#1723,#1598,#311,.T.);
#1481=EDGE_CURVE('',#1593,#1722,#312,.F.);
#1482=EDGE_CURVE('',#1724,#1699,#1934,.T.);
#1483=EDGE_CURVE('',#1700,#1721,#1935,.T.);
#1484=EDGE_CURVE('',#1716,#1714,#1936,.T.);
#1485=EDGE_CURVE('',#1720,#1702,#1937,.F.);
#1486=EDGE_CURVE('',#1712,#1717,#1938,.F.);
#1487=EDGE_CURVE('',#1704,#1719,#313,.T.);
#1488=EDGE_CURVE('',#1718,#1710,#174,.T.);
#1489=EDGE_CURVE('',#1706,#1719,#314,.T.);
#1490=EDGE_CURVE('',#1718,#1708,#175,.T.);
#1491=EDGE_CURVE('',#1725,#1594,#315,.T.);
#1492=EDGE_CURVE('',#1595,#1725,#1939,.T.);
#1493=EDGE_CURVE('',#1596,#1733,#1940,.T.);
#1494=EDGE_CURVE('',#1701,#1726,#1941,.F.);
#1495=EDGE_CURVE('',#1597,#1733,#316,.F.);
#1496=EDGE_CURVE('',#1703,#1727,#1942,.F.);
#1497=EDGE_CURVE('',#1698,#1732,#1943,.T.);
#1498=EDGE_CURVE('',#1705,#1728,#317,.T.);
#1499=EDGE_CURVE('',#1731,#1715,#1944,.F.);
#1500=EDGE_CURVE('',#1728,#1707,#318,.F.);
#1501=EDGE_CURVE('',#1730,#1713,#1945,.F.);
#1502=EDGE_CURVE('',#1729,#1709,#176,.T.);
#1503=EDGE_CURVE('',#1711,#1729,#177,.F.);
#1504=EDGE_CURVE('',#1734,#1734,#1946,.T.);
#1505=EDGE_CURVE('',#1736,#1736,#1947,.T.);
#1506=EDGE_CURVE('',#1738,#1738,#1948,.T.);
#1507=EDGE_CURVE('',#1740,#1740,#1949,.T.);
#1508=EDGE_CURVE('',#1742,#1742,#1950,.T.);
#1509=EDGE_CURVE('',#1744,#1744,#1951,.T.);
#1510=EDGE_CURVE('',#1746,#1746,#1952,.T.);
#1511=EDGE_CURVE('',#1748,#1748,#1953,.T.);
#1512=EDGE_CURVE('',#1750,#1750,#1954,.T.);
#1513=EDGE_CURVE('',#1752,#1752,#1955,.T.);
#1514=EDGE_CURVE('',#1754,#1754,#1956,.T.);
#1515=EDGE_CURVE('',#1756,#1756,#1957,.T.);
#1516=EDGE_CURVE('',#1758,#1758,#1958,.T.);
#1517=EDGE_CURVE('',#1760,#1760,#1959,.T.);
#1518=EDGE_CURVE('',#1762,#1762,#1960,.T.);
#1519=EDGE_CURVE('',#1764,#1764,#1961,.T.);
#1520=EDGE_CURVE('',#1766,#1766,#1962,.T.);
#1521=EDGE_CURVE('',#1768,#1768,#1963,.T.);
#1522=EDGE_CURVE('',#1770,#1770,#1964,.T.);
#1523=EDGE_CURVE('',#1772,#1772,#1965,.T.);
#1524=EDGE_CURVE('',#1774,#1774,#1966,.T.);
#1525=EDGE_CURVE('',#1776,#1776,#1967,.T.);
#1526=EDGE_CURVE('',#1778,#1778,#1968,.T.);
#1527=EDGE_CURVE('',#1780,#1780,#1969,.T.);
#1528=EDGE_CURVE('',#1782,#1782,#1970,.T.);
#1529=EDGE_CURVE('',#1784,#1784,#1971,.T.);
#1530=EDGE_CURVE('',#1786,#1786,#1972,.T.);
#1531=EDGE_CURVE('',#1788,#1788,#1973,.T.);
#1532=EDGE_CURVE('',#1790,#1790,#1974,.T.);
#1533=EDGE_CURVE('',#1622,#1791,#319,.T.);
#1534=EDGE_CURVE('',#1792,#1791,#434,.T.);
#1535=EDGE_CURVE('',#1792,#1624,#320,.T.);
#1536=EDGE_CURVE('',#1793,#1794,#321,.T.);
#1537=EDGE_CURVE('',#1795,#1793,#435,.F.);
#1538=EDGE_CURVE('',#1794,#1795,#322,.T.);
#1539=EDGE_CURVE('',#1796,#1796,#1975,.T.);
#1540=EDGE_CURVE('',#1618,#1797,#323,.T.);
#1541=EDGE_CURVE('',#1798,#1797,#436,.T.);
#1542=EDGE_CURVE('',#1798,#1620,#324,.T.);
#1543=EDGE_CURVE('',#1799,#1800,#325,.T.);
#1544=EDGE_CURVE('',#1799,#1801,#437,.T.);
#1545=EDGE_CURVE('',#1800,#1801,#326,.T.);
#1546=EDGE_CURVE('',#1802,#1792,#327,.F.);
#1547=EDGE_CURVE('',#1802,#1625,#328,.F.);
#1548=EDGE_CURVE('',#1802,#1803,#438,.F.);
#1549=EDGE_CURVE('',#1623,#1803,#329,.F.);
#1550=EDGE_CURVE('',#1803,#1791,#330,.T.);
#1551=EDGE_CURVE('',#1804,#1794,#331,.F.);
#1552=EDGE_CURVE('',#1793,#1804,#332,.F.);
#1553=EDGE_CURVE('',#1804,#1795,#333,.F.);
#1554=EDGE_CURVE('',#1805,#1798,#334,.F.);
#1555=EDGE_CURVE('',#1805,#1621,#335,.F.);
#1556=EDGE_CURVE('',#1619,#1806,#336,.F.);
#1557=EDGE_CURVE('',#1806,#1797,#337,.T.);
#1558=EDGE_CURVE('',#1805,#1806,#439,.F.);
#1559=EDGE_CURVE('',#1807,#1800,#338,.F.);
#1560=EDGE_CURVE('',#1799,#1807,#339,.F.);
#1561=EDGE_CURVE('',#1801,#1807,#340,.T.);
#1562=VERTEX_POINT('',#3849);
#1563=VERTEX_POINT('',#3851);
#1564=VERTEX_POINT('',#3853);
#1565=VERTEX_POINT('',#3855);
#1566=VERTEX_POINT('',#3857);
#1567=VERTEX_POINT('',#3859);
#1568=VERTEX_POINT('',#3861);
#1569=VERTEX_POINT('',#3863);
#1570=VERTEX_POINT('',#3865);
#1571=VERTEX_POINT('',#3867);
#1572=VERTEX_POINT('',#3869);
#1573=VERTEX_POINT('',#3871);
#1574=VERTEX_POINT('',#3873);
#1575=VERTEX_POINT('',#3875);
#1576=VERTEX_POINT('',#3877);
#1577=VERTEX_POINT('',#3879);
#1578=VERTEX_POINT('',#3881);
#1579=VERTEX_POINT('',#3883);
#1580=VERTEX_POINT('',#3885);
#1581=VERTEX_POINT('',#3887);
#1582=VERTEX_POINT('',#3889);
#1583=VERTEX_POINT('',#3891);
#1584=VERTEX_POINT('',#3893);
#1585=VERTEX_POINT('',#3895);
#1586=VERTEX_POINT('',#3897);
#1587=VERTEX_POINT('',#3899);
#1588=VERTEX_POINT('',#3901);
#1589=VERTEX_POINT('',#3903);
#1590=VERTEX_POINT('',#3905);
#1591=VERTEX_POINT('',#3907);
#1592=VERTEX_POINT('',#3908);
#1593=VERTEX_POINT('',#3913);
#1594=VERTEX_POINT('',#3915);
#1595=VERTEX_POINT('',#3920);
#1596=VERTEX_POINT('',#3922);
#1597=VERTEX_POINT('',#3927);
#1598=VERTEX_POINT('',#3929);
#1599=VERTEX_POINT('',#3935);
#1600=VERTEX_POINT('',#3936);
#1601=VERTEX_POINT('',#3941);
#1602=VERTEX_POINT('',#3943);
#1603=VERTEX_POINT('',#3948);
#1604=VERTEX_POINT('',#3950);
#1605=VERTEX_POINT('',#3955);
#1606=VERTEX_POINT('',#3957);
#1607=VERTEX_POINT('',#3963);
#1608=VERTEX_POINT('',#3964);
#1609=VERTEX_POINT('',#3969);
#1610=VERTEX_POINT('',#3971);
#1611=VERTEX_POINT('',#3976);
#1612=VERTEX_POINT('',#3978);
#1613=VERTEX_POINT('',#3983);
#1614=VERTEX_POINT('',#3985);
#1615=VERTEX_POINT('',#3992);
#1616=VERTEX_POINT('',#3994);
#1617=VERTEX_POINT('',#3997);
#1618=VERTEX_POINT('',#4003);
#1619=VERTEX_POINT('',#4004);
#1620=VERTEX_POINT('',#4006);
#1621=VERTEX_POINT('',#4012);
#1622=VERTEX_POINT('',#4019);
#1623=VERTEX_POINT('',#4020);
#1624=VERTEX_POINT('',#4022);
#1625=VERTEX_POINT('',#4028);
#1626=VERTEX_POINT('',#4032);
#1627=VERTEX_POINT('',#4034);
#1628=VERTEX_POINT('',#4038);
#1629=VERTEX_POINT('',#4039);
#1630=VERTEX_POINT('',#4044);
#1631=VERTEX_POINT('',#4045);
#1632=VERTEX_POINT('',#4050);
#1633=VERTEX_POINT('',#4051);
#1634=VERTEX_POINT('',#4056);
#1635=VERTEX_POINT('',#4057);
#1636=VERTEX_POINT('',#4062);
#1637=VERTEX_POINT('',#4064);
#1638=VERTEX_POINT('',#4068);
#1639=VERTEX_POINT('',#4070);
#1640=VERTEX_POINT('',#4074);
#1641=VERTEX_POINT('',#4075);
#1642=VERTEX_POINT('',#4080);
#1643=VERTEX_POINT('',#4081);
#1644=VERTEX_POINT('',#4089);
#1645=VERTEX_POINT('',#4090);
#1646=VERTEX_POINT('',#4092);
#1647=VERTEX_POINT('',#4094);
#1648=VERTEX_POINT('',#4096);
#1649=VERTEX_POINT('',#4098);
#1650=VERTEX_POINT('',#4100);
#1651=VERTEX_POINT('',#4102);
#1652=VERTEX_POINT('',#4104);
#1653=VERTEX_POINT('',#4108);
#1654=VERTEX_POINT('',#4109);
#1655=VERTEX_POINT('',#4111);
#1656=VERTEX_POINT('',#4113);
#1657=VERTEX_POINT('',#4115);
#1658=VERTEX_POINT('',#4117);
#1659=VERTEX_POINT('',#4119);
#1660=VERTEX_POINT('',#4121);
#1661=VERTEX_POINT('',#4123);
#1662=VERTEX_POINT('',#4291);
#1663=VERTEX_POINT('',#4293);
#1664=VERTEX_POINT('',#4297);
#1665=VERTEX_POINT('',#4298);
#1666=VERTEX_POINT('',#4303);
#1667=VERTEX_POINT('',#4304);
#1668=VERTEX_POINT('',#4309);
#1669=VERTEX_POINT('',#4310);
#1670=VERTEX_POINT('',#4315);
#1671=VERTEX_POINT('',#4316);
#1672=VERTEX_POINT('',#4321);
#1673=VERTEX_POINT('',#4323);
#1674=VERTEX_POINT('',#4327);
#1675=VERTEX_POINT('',#4329);
#1676=VERTEX_POINT('',#4333);
#1677=VERTEX_POINT('',#4334);
#1678=VERTEX_POINT('',#4339);
#1679=VERTEX_POINT('',#4340);
#1680=VERTEX_POINT('',#4348);
#1681=VERTEX_POINT('',#4349);
#1682=VERTEX_POINT('',#4351);
#1683=VERTEX_POINT('',#4353);
#1684=VERTEX_POINT('',#4355);
#1685=VERTEX_POINT('',#4357);
#1686=VERTEX_POINT('',#4359);
#1687=VERTEX_POINT('',#4361);
#1688=VERTEX_POINT('',#4363);
#1689=VERTEX_POINT('',#4367);
#1690=VERTEX_POINT('',#4368);
#1691=VERTEX_POINT('',#4370);
#1692=VERTEX_POINT('',#4372);
#1693=VERTEX_POINT('',#4374);
#1694=VERTEX_POINT('',#4376);
#1695=VERTEX_POINT('',#4378);
#1696=VERTEX_POINT('',#4380);
#1697=VERTEX_POINT('',#4382);
#1698=VERTEX_POINT('',#4550);
#1699=VERTEX_POINT('',#4552);
#1700=VERTEX_POINT('',#4556);
#1701=VERTEX_POINT('',#4557);
#1702=VERTEX_POINT('',#4562);
#1703=VERTEX_POINT('',#4563);
#1704=VERTEX_POINT('',#4568);
#1705=VERTEX_POINT('',#4569);
#1706=VERTEX_POINT('',#4574);
#1707=VERTEX_POINT('',#4575);
#1708=VERTEX_POINT('',#4580);
#1709=VERTEX_POINT('',#4582);
#1710=VERTEX_POINT('',#4586);
#1711=VERTEX_POINT('',#4588);
#1712=VERTEX_POINT('',#4592);
#1713=VERTEX_POINT('',#4593);
#1714=VERTEX_POINT('',#4598);
#1715=VERTEX_POINT('',#4599);
#1716=VERTEX_POINT('',#4607);
#1717=VERTEX_POINT('',#4608);
#1718=VERTEX_POINT('',#4610);
#1719=VERTEX_POINT('',#4612);
#1720=VERTEX_POINT('',#4614);
#1721=VERTEX_POINT('',#4616);
#1722=VERTEX_POINT('',#4618);
#1723=VERTEX_POINT('',#4620);
#1724=VERTEX_POINT('',#4622);
#1725=VERTEX_POINT('',#4626);
#1726=VERTEX_POINT('',#4627);
#1727=VERTEX_POINT('',#4629);
#1728=VERTEX_POINT('',#4631);
#1729=VERTEX_POINT('',#4633);
#1730=VERTEX_POINT('',#4635);
#1731=VERTEX_POINT('',#4637);
#1732=VERTEX_POINT('',#4639);
#1733=VERTEX_POINT('',#4641);
#1734=VERTEX_POINT('',#4822);
#1735=VERTEX_POINT('',#4824);
#1736=VERTEX_POINT('',#4840);
#1737=VERTEX_POINT('',#4842);
#1738=VERTEX_POINT('',#4858);
#1739=VERTEX_POINT('',#4860);
#1740=VERTEX_POINT('',#4876);
#1741=VERTEX_POINT('',#4878);
#1742=VERTEX_POINT('',#4894);
#1743=VERTEX_POINT('',#4896);
#1744=VERTEX_POINT('',#4912);
#1745=VERTEX_POINT('',#4914);
#1746=VERTEX_POINT('',#4930);
#1747=VERTEX_POINT('',#4932);
#1748=VERTEX_POINT('',#4948);
#1749=VERTEX_POINT('',#4950);
#1750=VERTEX_POINT('',#4966);
#1751=VERTEX_POINT('',#4968);
#1752=VERTEX_POINT('',#4984);
#1753=VERTEX_POINT('',#4986);
#1754=VERTEX_POINT('',#5002);
#1755=VERTEX_POINT('',#5004);
#1756=VERTEX_POINT('',#5020);
#1757=VERTEX_POINT('',#5022);
#1758=VERTEX_POINT('',#5038);
#1759=VERTEX_POINT('',#5040);
#1760=VERTEX_POINT('',#5056);
#1761=VERTEX_POINT('',#5058);
#1762=VERTEX_POINT('',#5074);
#1763=VERTEX_POINT('',#5076);
#1764=VERTEX_POINT('',#5092);
#1765=VERTEX_POINT('',#5094);
#1766=VERTEX_POINT('',#5110);
#1767=VERTEX_POINT('',#5112);
#1768=VERTEX_POINT('',#5128);
#1769=VERTEX_POINT('',#5130);
#1770=VERTEX_POINT('',#5146);
#1771=VERTEX_POINT('',#5148);
#1772=VERTEX_POINT('',#5164);
#1773=VERTEX_POINT('',#5166);
#1774=VERTEX_POINT('',#5182);
#1775=VERTEX_POINT('',#5184);
#1776=VERTEX_POINT('',#5200);
#1777=VERTEX_POINT('',#5202);
#1778=VERTEX_POINT('',#5218);
#1779=VERTEX_POINT('',#5220);
#1780=VERTEX_POINT('',#5236);
#1781=VERTEX_POINT('',#5238);
#1782=VERTEX_POINT('',#5254);
#1783=VERTEX_POINT('',#5256);
#1784=VERTEX_POINT('',#5272);
#1785=VERTEX_POINT('',#5274);
#1786=VERTEX_POINT('',#5290);
#1787=VERTEX_POINT('',#5292);
#1788=VERTEX_POINT('',#5308);
#1789=VERTEX_POINT('',#5310);
#1790=VERTEX_POINT('',#5313);
#1791=VERTEX_POINT('',#5333);
#1792=VERTEX_POINT('',#5335);
#1793=VERTEX_POINT('',#5376);
#1794=VERTEX_POINT('',#5377);
#1795=VERTEX_POINT('',#5379);
#1796=VERTEX_POINT('',#5386);
#1797=VERTEX_POINT('',#5406);
#1798=VERTEX_POINT('',#5408);
#1799=VERTEX_POINT('',#5449);
#1800=VERTEX_POINT('',#5450);
#1801=VERTEX_POINT('',#5452);
#1802=VERTEX_POINT('',#5519);
#1803=VERTEX_POINT('',#5556);
#1804=VERTEX_POINT('',#5671);
#1805=VERTEX_POINT('',#5749);
#1806=VERTEX_POINT('',#5855);
#1807=VERTEX_POINT('',#5901);
#1808=CIRCLE('',#2759,0.71);
#1809=CIRCLE('',#2760,0.0250000000000001);
#1810=CIRCLE('',#2761,0.025);
#1811=CIRCLE('',#2762,0.0250000000000001);
#1812=CIRCLE('',#2763,0.025);
#1813=CIRCLE('',#2764,0.0250000000000001);
#1814=CIRCLE('',#2765,0.025);
#1815=CIRCLE('',#2766,0.0250000000000001);
#1816=CIRCLE('',#2767,0.025);
#1817=CIRCLE('',#2768,0.0250000000000001);
#1818=CIRCLE('',#2769,0.025);
#1819=CIRCLE('',#2770,0.0250000000000001);
#1820=CIRCLE('',#2771,0.025);
#1821=CIRCLE('',#2772,0.0250000000000001);
#1822=CIRCLE('',#2773,0.025);
#1823=CIRCLE('',#2774,0.0250000000000001);
#1824=CIRCLE('',#2775,0.025);
#1825=CIRCLE('',#2776,0.0250000000000001);
#1826=CIRCLE('',#2777,0.025);
#1827=CIRCLE('',#2778,0.025);
#1828=CIRCLE('',#2779,0.025);
#1829=CIRCLE('',#2780,0.025);
#1830=CIRCLE('',#2781,0.025);
#1831=CIRCLE('',#2782,0.025);
#1832=CIRCLE('',#2783,0.025);
#1833=CIRCLE('',#2784,0.025);
#1834=CIRCLE('',#2785,0.025);
#1835=CIRCLE('',#2786,0.025);
#1836=CIRCLE('',#2787,0.025);
#1837=CIRCLE('',#2789,0.75);
#1838=CIRCLE('',#2790,0.75);
#1839=CIRCLE('',#2792,0.71);
#1840=CIRCLE('',#2793,0.15625);
#1841=CIRCLE('',#2794,0.1875);
#1842=CIRCLE('',#2795,0.15625);
#1843=CIRCLE('',#2796,0.1875);
#1844=CIRCLE('',#2798,0.015);
#1845=CIRCLE('',#2799,0.015);
#1846=CIRCLE('',#2801,0.015);
#1847=CIRCLE('',#2802,0.015);
#1848=CIRCLE('',#2805,0.00300000000000008);
#1849=CIRCLE('',#2806,0.00300000000000008);
#1850=CIRCLE('',#2808,0.00400000000000016);
#1851=CIRCLE('',#2809,0.00400000000000016);
#1852=CIRCLE('',#2812,0.002);
#1853=CIRCLE('',#2813,0.002);
#1854=CIRCLE('',#2816,0.015);
#1855=CIRCLE('',#2817,0.015);
#1856=CIRCLE('',#2820,0.01);
#1857=CIRCLE('',#2821,0.00800000000000008);
#1858=CIRCLE('',#2822,0.02);
#1859=CIRCLE('',#2823,0.02);
#1860=CIRCLE('',#2825,0.02);
#1861=CIRCLE('',#2826,0.00800000000000008);
#1862=CIRCLE('',#2827,0.01);
#1863=CIRCLE('',#2828,0.02);
#1864=CIRCLE('',#2830,0.005);
#1865=CIRCLE('',#2831,0.005);
#1866=CIRCLE('',#2833,0.005);
#1867=CIRCLE('',#2835,0.005);
#1868=CIRCLE('',#2837,0.005);
#1869=CIRCLE('',#2839,0.005);
#1870=CIRCLE('',#2841,0.005);
#1871=CIRCLE('',#2847,0.005);
#1872=CIRCLE('',#2849,0.005);
#1873=CIRCLE('',#2851,0.005);
#1874=CIRCLE('',#2853,0.005);
#1875=CIRCLE('',#2855,0.005);
#1876=CIRCLE('',#2858,0.005);
#1877=CIRCLE('',#2860,0.005);
#1878=CIRCLE('',#2866,0.015);
#1879=CIRCLE('',#2867,0.015);
#1880=CIRCLE('',#2869,0.015);
#1881=CIRCLE('',#2870,0.015);
#1882=CIRCLE('',#2873,0.00300000000000008);
#1883=CIRCLE('',#2874,0.00300000000000008);
#1884=CIRCLE('',#2876,0.00400000000000016);
#1885=CIRCLE('',#2877,0.00400000000000016);
#1886=CIRCLE('',#2880,0.002);
#1887=CIRCLE('',#2881,0.002);
#1888=CIRCLE('',#2884,0.015);
#1889=CIRCLE('',#2885,0.015);
#1890=CIRCLE('',#2888,0.01);
#1891=CIRCLE('',#2889,0.00800000000000008);
#1892=CIRCLE('',#2890,0.02);
#1893=CIRCLE('',#2891,0.02);
#1894=CIRCLE('',#2893,0.02);
#1895=CIRCLE('',#2894,0.00800000000000008);
#1896=CIRCLE('',#2895,0.01);
#1897=CIRCLE('',#2896,0.02);
#1898=CIRCLE('',#2898,0.005);
#1899=CIRCLE('',#2899,0.005);
#1900=CIRCLE('',#2901,0.005);
#1901=CIRCLE('',#2903,0.005);
#1902=CIRCLE('',#2905,0.005);
#1903=CIRCLE('',#2907,0.005);
#1904=CIRCLE('',#2909,0.005);
#1905=CIRCLE('',#2915,0.005);
#1906=CIRCLE('',#2917,0.005);
#1907=CIRCLE('',#2919,0.005);
#1908=CIRCLE('',#2921,0.005);
#1909=CIRCLE('',#2923,0.005);
#1910=CIRCLE('',#2926,0.005);
#1911=CIRCLE('',#2928,0.005);
#1912=CIRCLE('',#2934,0.015);
#1913=CIRCLE('',#2935,0.015);
#1914=CIRCLE('',#2937,0.015);
#1915=CIRCLE('',#2938,0.015);
#1916=CIRCLE('',#2941,0.00300000000000008);
#1917=CIRCLE('',#2942,0.00300000000000008);
#1918=CIRCLE('',#2944,0.00400000000000016);
#1919=CIRCLE('',#2945,0.00400000000000016);
#1920=CIRCLE('',#2948,0.002);
#1921=CIRCLE('',#2949,0.002);
#1922=CIRCLE('',#2952,0.015);
#1923=CIRCLE('',#2953,0.015);
#1924=CIRCLE('',#2956,0.01);
#1925=CIRCLE('',#2957,0.00800000000000008);
#1926=CIRCLE('',#2958,0.02);
#1927=CIRCLE('',#2959,0.02);
#1928=CIRCLE('',#2961,0.02);
#1929=CIRCLE('',#2962,0.00800000000000008);
#1930=CIRCLE('',#2963,0.01);
#1931=CIRCLE('',#2964,0.02);
#1932=CIRCLE('',#2966,0.005);
#1933=CIRCLE('',#2967,0.005);
#1934=CIRCLE('',#2969,0.005);
#1935=CIRCLE('',#2971,0.005);
#1936=CIRCLE('',#2973,0.005);
#1937=CIRCLE('',#2975,0.005);
#1938=CIRCLE('',#2977,0.005);
#1939=CIRCLE('',#2983,0.005);
#1940=CIRCLE('',#2985,0.005);
#1941=CIRCLE('',#2987,0.005);
#1942=CIRCLE('',#2989,0.005);
#1943=CIRCLE('',#2991,0.005);
#1944=CIRCLE('',#2994,0.005);
#1945=CIRCLE('',#2996,0.005);
#1946=CIRCLE('',#3001,0.025);
#1947=CIRCLE('',#3003,0.0250000000000001);
#1948=CIRCLE('',#3005,0.0250000000000001);
#1949=CIRCLE('',#3007,0.025);
#1950=CIRCLE('',#3009,0.0250000000000005);
#1951=CIRCLE('',#3011,0.025);
#1952=CIRCLE('',#3013,0.0249999999999995);
#1953=CIRCLE('',#3015,0.025);
#1954=CIRCLE('',#3017,0.0250000000000002);
#1955=CIRCLE('',#3019,0.0249999999999998);
#1956=CIRCLE('',#3021,0.025);
#1957=CIRCLE('',#3023,0.025);
#1958=CIRCLE('',#3025,0.025);
#1959=CIRCLE('',#3027,0.0250000000000002);
#1960=CIRCLE('',#3029,0.025);
#1961=CIRCLE('',#3031,0.0249999999999996);
#1962=CIRCLE('',#3033,0.025);
#1963=CIRCLE('',#3035,0.025);
#1964=CIRCLE('',#3037,0.025);
#1965=CIRCLE('',#3039,0.0250000000000001);
#1966=CIRCLE('',#3041,0.025);
#1967=CIRCLE('',#3043,0.025);
#1968=CIRCLE('',#3045,0.025);
#1969=CIRCLE('',#3047,0.0249999999999998);
#1970=CIRCLE('',#3049,0.025);
#1971=CIRCLE('',#3051,0.0249999999999997);
#1972=CIRCLE('',#3053,0.025);
#1973=CIRCLE('',#3055,0.0250000000000001);
#1974=CIRCLE('',#3058,0.15625);
#1975=CIRCLE('',#3061,0.15625);
#1976=EDGE_LOOP('',(#539));
#1977=EDGE_LOOP('',(#540));
#1978=EDGE_LOOP('',(#541));
#1979=EDGE_LOOP('',(#542));
#1980=EDGE_LOOP('',(#543));
#1981=EDGE_LOOP('',(#544));
#1982=EDGE_LOOP('',(#545));
#1983=EDGE_LOOP('',(#546));
#1984=EDGE_LOOP('',(#547));
#1985=EDGE_LOOP('',(#548));
#1986=EDGE_LOOP('',(#549));
#1987=EDGE_LOOP('',(#550));
#1988=EDGE_LOOP('',(#551));
#1989=EDGE_LOOP('',(#552));
#1990=EDGE_LOOP('',(#553));
#1991=EDGE_LOOP('',(#554));
#1992=EDGE_LOOP('',(#555));
#1993=EDGE_LOOP('',(#556));
#1994=EDGE_LOOP('',(#557));
#1995=EDGE_LOOP('',(#558));
#1996=EDGE_LOOP('',(#559));
#1997=EDGE_LOOP('',(#560));
#1998=EDGE_LOOP('',(#561));
#1999=EDGE_LOOP('',(#562));
#2000=EDGE_LOOP('',(#563));
#2001=EDGE_LOOP('',(#564));
#2002=EDGE_LOOP('',(#565));
#2003=EDGE_LOOP('',(#566));
#2004=EDGE_LOOP('',(#567));
#2005=EDGE_LOOP('',(#568,#569,#570,#571,#572,#573,#574,#575));
#2006=EDGE_LOOP('',(#576,#577,#578,#579,#580,#581,#582,#583));
#2007=EDGE_LOOP('',(#584,#585,#586,#587,#588,#589,#590,#591));
#2008=EDGE_LOOP('',(#592));
#2009=EDGE_LOOP('',(#593));
#2010=EDGE_LOOP('',(#594));
#2011=EDGE_LOOP('',(#595,#596,#597,#598));
#2012=EDGE_LOOP('',(#599,#600,#601,#602));
#2013=EDGE_LOOP('',(#603,#604,#605,#606));
#2014=EDGE_LOOP('',(#607,#608,#609,#610));
#2015=EDGE_LOOP('',(#611,#612,#613,#614));
#2016=EDGE_LOOP('',(#615,#616,#617,#618));
#2017=EDGE_LOOP('',(#619,#620,#621,#622));
#2018=EDGE_LOOP('',(#623,#624,#625,#626));
#2019=EDGE_LOOP('',(#627,#628,#629,#630));
#2020=EDGE_LOOP('',(#631,#632,#633,#634));
#2021=EDGE_LOOP('',(#635,#636,#637,#638));
#2022=EDGE_LOOP('',(#639,#640,#641,#642));
#2023=EDGE_LOOP('',(#643,#644,#645,#646,#647,#648,#649,#650,#651));
#2024=EDGE_LOOP('',(#652,#653,#654,#655,#656,#657,#658,#659,#660));
#2025=EDGE_LOOP('',(#661,#662,#663,#664));
#2026=EDGE_LOOP('',(#665,#666,#667));
#2027=EDGE_LOOP('',(#668,#669,#670));
#2028=EDGE_LOOP('',(#671,#672,#673,#674));
#2029=EDGE_LOOP('',(#675,#676,#677,#678));
#2030=EDGE_LOOP('',(#679,#680,#681,#682));
#2031=EDGE_LOOP('',(#683,#684,#685,#686));
#2032=EDGE_LOOP('',(#687,#688,#689,#690));
#2033=EDGE_LOOP('',(#691,#692,#693,#694));
#2034=EDGE_LOOP('',(#695,#696,#697,#698));
#2035=EDGE_LOOP('',(#699,#700,#701));
#2036=EDGE_LOOP('',(#702,#703,#704));
#2037=EDGE_LOOP('',(#705,#706,#707,#708));
#2038=EDGE_LOOP('',(#709,#710,#711));
#2039=EDGE_LOOP('',(#712,#713,#714,#715));
#2040=EDGE_LOOP('',(#716,#717,#718,#719));
#2041=EDGE_LOOP('',(#720,#721,#722));
#2042=EDGE_LOOP('',(#723,#724,#725,#726));
#2043=EDGE_LOOP('',(#727,#728,#729,#730));
#2044=EDGE_LOOP('',(#731,#732,#733,#734));
#2045=EDGE_LOOP('',(#735,#736,#737,#738));
#2046=EDGE_LOOP('',(#739,#740,#741));
#2047=EDGE_LOOP('',(#742,#743,#744,#745));
#2048=EDGE_LOOP('',(#746,#747,#748,#749));
#2049=EDGE_LOOP('',(#750,#751,#752,#753));
#2050=EDGE_LOOP('',(#754,#755,#756));
#2051=EDGE_LOOP('',(#757,#758,#759,#760));
#2052=EDGE_LOOP('',(#761,#762,#763,#764));
#2053=EDGE_LOOP('',(#765,#766,#767,#768));
#2054=EDGE_LOOP('',(#769,#770,#771,#772));
#2055=EDGE_LOOP('',(#773,#774,#775,#776));
#2056=EDGE_LOOP('',(#777,#778,#779,#780));
#2057=EDGE_LOOP('',(#781,#782,#783,#784));
#2058=EDGE_LOOP('',(#785,#786,#787,#788));
#2059=EDGE_LOOP('',(#789,#790,#791,#792));
#2060=EDGE_LOOP('',(#793,#794,#795,#796));
#2061=EDGE_LOOP('',(#797,#798,#799,#800,#801,#802,#803,#804,#805));
#2062=EDGE_LOOP('',(#806,#807,#808,#809,#810,#811,#812,#813,#814));
#2063=EDGE_LOOP('',(#815,#816,#817,#818));
#2064=EDGE_LOOP('',(#819,#820,#821));
#2065=EDGE_LOOP('',(#822,#823,#824));
#2066=EDGE_LOOP('',(#825,#826,#827,#828));
#2067=EDGE_LOOP('',(#829,#830,#831,#832));
#2068=EDGE_LOOP('',(#833,#834,#835,#836));
#2069=EDGE_LOOP('',(#837,#838,#839,#840));
#2070=EDGE_LOOP('',(#841,#842,#843,#844));
#2071=EDGE_LOOP('',(#845,#846,#847,#848));
#2072=EDGE_LOOP('',(#849,#850,#851,#852));
#2073=EDGE_LOOP('',(#853,#854,#855));
#2074=EDGE_LOOP('',(#856,#857,#858));
#2075=EDGE_LOOP('',(#859,#860,#861,#862));
#2076=EDGE_LOOP('',(#863,#864,#865));
#2077=EDGE_LOOP('',(#866,#867,#868,#869));
#2078=EDGE_LOOP('',(#870,#871,#872,#873));
#2079=EDGE_LOOP('',(#874,#875,#876));
#2080=EDGE_LOOP('',(#877,#878,#879,#880));
#2081=EDGE_LOOP('',(#881,#882,#883,#884));
#2082=EDGE_LOOP('',(#885,#886,#887,#888));
#2083=EDGE_LOOP('',(#889,#890,#891,#892));
#2084=EDGE_LOOP('',(#893,#894,#895));
#2085=EDGE_LOOP('',(#896,#897,#898,#899));
#2086=EDGE_LOOP('',(#900,#901,#902,#903));
#2087=EDGE_LOOP('',(#904,#905,#906,#907));
#2088=EDGE_LOOP('',(#908,#909,#910));
#2089=EDGE_LOOP('',(#911,#912,#913,#914));
#2090=EDGE_LOOP('',(#915,#916,#917,#918));
#2091=EDGE_LOOP('',(#919,#920,#921,#922));
#2092=EDGE_LOOP('',(#923,#924,#925,#926));
#2093=EDGE_LOOP('',(#927,#928,#929,#930));
#2094=EDGE_LOOP('',(#931,#932,#933,#934));
#2095=EDGE_LOOP('',(#935,#936,#937,#938));
#2096=EDGE_LOOP('',(#939,#940,#941,#942));
#2097=EDGE_LOOP('',(#943,#944,#945,#946));
#2098=EDGE_LOOP('',(#947,#948,#949,#950));
#2099=EDGE_LOOP('',(#951,#952,#953,#954,#955,#956,#957,#958,#959));
#2100=EDGE_LOOP('',(#960,#961,#962,#963,#964,#965,#966,#967,#968));
#2101=EDGE_LOOP('',(#969,#970,#971,#972));
#2102=EDGE_LOOP('',(#973,#974,#975));
#2103=EDGE_LOOP('',(#976,#977,#978));
#2104=EDGE_LOOP('',(#979,#980,#981,#982));
#2105=EDGE_LOOP('',(#983,#984,#985,#986));
#2106=EDGE_LOOP('',(#987,#988,#989,#990));
#2107=EDGE_LOOP('',(#991,#992,#993,#994));
#2108=EDGE_LOOP('',(#995,#996,#997,#998));
#2109=EDGE_LOOP('',(#999,#1000,#1001,#1002));
#2110=EDGE_LOOP('',(#1003,#1004,#1005,#1006));
#2111=EDGE_LOOP('',(#1007,#1008,#1009));
#2112=EDGE_LOOP('',(#1010,#1011,#1012));
#2113=EDGE_LOOP('',(#1013,#1014,#1015,#1016));
#2114=EDGE_LOOP('',(#1017,#1018,#1019));
#2115=EDGE_LOOP('',(#1020,#1021,#1022,#1023));
#2116=EDGE_LOOP('',(#1024,#1025,#1026,#1027));
#2117=EDGE_LOOP('',(#1028,#1029,#1030));
#2118=EDGE_LOOP('',(#1031,#1032,#1033,#1034));
#2119=EDGE_LOOP('',(#1035,#1036,#1037,#1038));
#2120=EDGE_LOOP('',(#1039,#1040,#1041,#1042));
#2121=EDGE_LOOP('',(#1043,#1044,#1045,#1046));
#2122=EDGE_LOOP('',(#1047,#1048,#1049));
#2123=EDGE_LOOP('',(#1050,#1051,#1052,#1053));
#2124=EDGE_LOOP('',(#1054,#1055,#1056,#1057));
#2125=EDGE_LOOP('',(#1058,#1059,#1060,#1061));
#2126=EDGE_LOOP('',(#1062,#1063,#1064));
#2127=EDGE_LOOP('',(#1065));
#2128=EDGE_LOOP('',(#1066));
#2129=EDGE_LOOP('',(#1067));
#2130=EDGE_LOOP('',(#1068));
#2131=EDGE_LOOP('',(#1069));
#2132=EDGE_LOOP('',(#1070));
#2133=EDGE_LOOP('',(#1071));
#2134=EDGE_LOOP('',(#1072));
#2135=EDGE_LOOP('',(#1073));
#2136=EDGE_LOOP('',(#1074));
#2137=EDGE_LOOP('',(#1075));
#2138=EDGE_LOOP('',(#1076));
#2139=EDGE_LOOP('',(#1077));
#2140=EDGE_LOOP('',(#1078));
#2141=EDGE_LOOP('',(#1079));
#2142=EDGE_LOOP('',(#1080));
#2143=EDGE_LOOP('',(#1081));
#2144=EDGE_LOOP('',(#1082));
#2145=EDGE_LOOP('',(#1083));
#2146=EDGE_LOOP('',(#1084));
#2147=EDGE_LOOP('',(#1085));
#2148=EDGE_LOOP('',(#1086));
#2149=EDGE_LOOP('',(#1087));
#2150=EDGE_LOOP('',(#1088));
#2151=EDGE_LOOP('',(#1089));
#2152=EDGE_LOOP('',(#1090));
#2153=EDGE_LOOP('',(#1091));
#2154=EDGE_LOOP('',(#1092));
#2155=EDGE_LOOP('',(#1093));
#2156=EDGE_LOOP('',(#1094));
#2157=EDGE_LOOP('',(#1095));
#2158=EDGE_LOOP('',(#1096));
#2159=EDGE_LOOP('',(#1097));
#2160=EDGE_LOOP('',(#1098));
#2161=EDGE_LOOP('',(#1099));
#2162=EDGE_LOOP('',(#1100));
#2163=EDGE_LOOP('',(#1101));
#2164=EDGE_LOOP('',(#1102));
#2165=EDGE_LOOP('',(#1103));
#2166=EDGE_LOOP('',(#1104));
#2167=EDGE_LOOP('',(#1105));
#2168=EDGE_LOOP('',(#1106));
#2169=EDGE_LOOP('',(#1107));
#2170=EDGE_LOOP('',(#1108));
#2171=EDGE_LOOP('',(#1109));
#2172=EDGE_LOOP('',(#1110));
#2173=EDGE_LOOP('',(#1111));
#2174=EDGE_LOOP('',(#1112));
#2175=EDGE_LOOP('',(#1113));
#2176=EDGE_LOOP('',(#1114));
#2177=EDGE_LOOP('',(#1115));
#2178=EDGE_LOOP('',(#1116));
#2179=EDGE_LOOP('',(#1117));
#2180=EDGE_LOOP('',(#1118));
#2181=EDGE_LOOP('',(#1119));
#2182=EDGE_LOOP('',(#1120));
#2183=EDGE_LOOP('',(#1121));
#2184=EDGE_LOOP('',(#1122));
#2185=EDGE_LOOP('',(#1123));
#2186=EDGE_LOOP('',(#1124));
#2187=EDGE_LOOP('',(#1125));
#2188=EDGE_LOOP('',(#1126));
#2189=EDGE_LOOP('',(#1127));
#2190=EDGE_LOOP('',(#1128));
#2191=EDGE_LOOP('',(#1129));
#2192=EDGE_LOOP('',(#1130));
#2193=EDGE_LOOP('',(#1131));
#2194=EDGE_LOOP('',(#1132));
#2195=EDGE_LOOP('',(#1133));
#2196=EDGE_LOOP('',(#1134));
#2197=EDGE_LOOP('',(#1135));
#2198=EDGE_LOOP('',(#1136));
#2199=EDGE_LOOP('',(#1137));
#2200=EDGE_LOOP('',(#1138));
#2201=EDGE_LOOP('',(#1139));
#2202=EDGE_LOOP('',(#1140));
#2203=EDGE_LOOP('',(#1141));
#2204=EDGE_LOOP('',(#1142));
#2205=EDGE_LOOP('',(#1143));
#2206=EDGE_LOOP('',(#1144));
#2207=EDGE_LOOP('',(#1145));
#2208=EDGE_LOOP('',(#1146));
#2209=EDGE_LOOP('',(#1147));
#2210=EDGE_LOOP('',(#1148));
#2211=EDGE_LOOP('',(#1149));
#2212=EDGE_LOOP('',(#1150,#1151,#1152,#1153));
#2213=EDGE_LOOP('',(#1154,#1155,#1156));
#2214=EDGE_LOOP('',(#1157));
#2215=EDGE_LOOP('',(#1158));
#2216=EDGE_LOOP('',(#1159,#1160,#1161,#1162));
#2217=EDGE_LOOP('',(#1163,#1164,#1165));
#2218=EDGE_LOOP('',(#1166));
#2219=EDGE_LOOP('',(#1167,#1168,#1169,#1170));
#2220=EDGE_LOOP('',(#1171,#1172,#1173,#1174));
#2221=EDGE_LOOP('',(#1175,#1176,#1177,#1178));
#2222=EDGE_LOOP('',(#1179,#1180,#1181,#1182));
#2223=EDGE_LOOP('',(#1183,#1184,#1185));
#2224=EDGE_LOOP('',(#1186,#1187,#1188));
#2225=EDGE_LOOP('',(#1189,#1190,#1191));
#2226=EDGE_LOOP('',(#1192,#1193,#1194,#1195));
#2227=EDGE_LOOP('',(#1196,#1197,#1198,#1199));
#2228=EDGE_LOOP('',(#1200,#1201,#1202,#1203));
#2229=EDGE_LOOP('',(#1204,#1205,#1206,#1207));
#2230=EDGE_LOOP('',(#1208,#1209,#1210));
#2231=EDGE_LOOP('',(#1211,#1212,#1213));
#2232=EDGE_LOOP('',(#1214,#1215,#1216));
#2233=EDGE_LOOP('',(#1217));
#2234=EDGE_LOOP('',(#1218));
#2235=EDGE_LOOP('',(#1219));
#2236=EDGE_LOOP('',(#1220));
#2237=FACE_BOUND('',#1976,.T.);
#2238=FACE_BOUND('',#1977,.T.);
#2239=FACE_BOUND('',#1978,.T.);
#2240=FACE_BOUND('',#1979,.T.);
#2241=FACE_BOUND('',#1980,.T.);
#2242=FACE_BOUND('',#1981,.T.);
#2243=FACE_BOUND('',#1982,.T.);
#2244=FACE_BOUND('',#1983,.T.);
#2245=FACE_BOUND('',#1984,.T.);
#2246=FACE_BOUND('',#1985,.T.);
#2247=FACE_BOUND('',#1986,.T.);
#2248=FACE_BOUND('',#1987,.T.);
#2249=FACE_BOUND('',#1988,.T.);
#2250=FACE_BOUND('',#1989,.T.);
#2251=FACE_BOUND('',#1990,.T.);
#2252=FACE_BOUND('',#1991,.T.);
#2253=FACE_BOUND('',#1992,.T.);
#2254=FACE_BOUND('',#1993,.T.);
#2255=FACE_BOUND('',#1994,.T.);
#2256=FACE_BOUND('',#1995,.T.);
#2257=FACE_BOUND('',#1996,.T.);
#2258=FACE_BOUND('',#1997,.T.);
#2259=FACE_BOUND('',#1998,.T.);
#2260=FACE_BOUND('',#1999,.T.);
#2261=FACE_BOUND('',#2000,.T.);
#2262=FACE_BOUND('',#2001,.T.);
#2263=FACE_BOUND('',#2002,.T.);
#2264=FACE_BOUND('',#2003,.T.);
#2265=FACE_BOUND('',#2004,.T.);
#2266=FACE_BOUND('',#2005,.T.);
#2267=FACE_BOUND('',#2006,.T.);
#2268=FACE_BOUND('',#2007,.T.);
#2269=FACE_BOUND('',#2008,.T.);
#2270=FACE_BOUND('',#2009,.T.);
#2271=FACE_BOUND('',#2010,.T.);
#2272=FACE_BOUND('',#2011,.T.);
#2273=FACE_BOUND('',#2012,.T.);
#2274=FACE_BOUND('',#2013,.T.);
#2275=FACE_BOUND('',#2014,.T.);
#2276=FACE_BOUND('',#2015,.T.);
#2277=FACE_BOUND('',#2016,.T.);
#2278=FACE_BOUND('',#2017,.T.);
#2279=FACE_BOUND('',#2018,.T.);
#2280=FACE_BOUND('',#2019,.T.);
#2281=FACE_BOUND('',#2020,.T.);
#2282=FACE_BOUND('',#2021,.T.);
#2283=FACE_BOUND('',#2022,.T.);
#2284=FACE_BOUND('',#2023,.T.);
#2285=FACE_BOUND('',#2024,.T.);
#2286=FACE_BOUND('',#2025,.T.);
#2287=FACE_BOUND('',#2026,.T.);
#2288=FACE_BOUND('',#2027,.T.);
#2289=FACE_BOUND('',#2028,.T.);
#2290=FACE_BOUND('',#2029,.T.);
#2291=FACE_BOUND('',#2030,.T.);
#2292=FACE_BOUND('',#2031,.T.);
#2293=FACE_BOUND('',#2032,.T.);
#2294=FACE_BOUND('',#2033,.T.);
#2295=FACE_BOUND('',#2034,.T.);
#2296=FACE_BOUND('',#2035,.T.);
#2297=FACE_BOUND('',#2036,.T.);
#2298=FACE_BOUND('',#2037,.T.);
#2299=FACE_BOUND('',#2038,.T.);
#2300=FACE_BOUND('',#2039,.T.);
#2301=FACE_BOUND('',#2040,.T.);
#2302=FACE_BOUND('',#2041,.T.);
#2303=FACE_BOUND('',#2042,.T.);
#2304=FACE_BOUND('',#2043,.T.);
#2305=FACE_BOUND('',#2044,.T.);
#2306=FACE_BOUND('',#2045,.T.);
#2307=FACE_BOUND('',#2046,.T.);
#2308=FACE_BOUND('',#2047,.T.);
#2309=FACE_BOUND('',#2048,.T.);
#2310=FACE_BOUND('',#2049,.T.);
#2311=FACE_BOUND('',#2050,.T.);
#2312=FACE_BOUND('',#2051,.T.);
#2313=FACE_BOUND('',#2052,.T.);
#2314=FACE_BOUND('',#2053,.T.);
#2315=FACE_BOUND('',#2054,.T.);
#2316=FACE_BOUND('',#2055,.T.);
#2317=FACE_BOUND('',#2056,.T.);
#2318=FACE_BOUND('',#2057,.T.);
#2319=FACE_BOUND('',#2058,.T.);
#2320=FACE_BOUND('',#2059,.T.);
#2321=FACE_BOUND('',#2060,.T.);
#2322=FACE_BOUND('',#2061,.T.);
#2323=FACE_BOUND('',#2062,.T.);
#2324=FACE_BOUND('',#2063,.T.);
#2325=FACE_BOUND('',#2064,.T.);
#2326=FACE_BOUND('',#2065,.T.);
#2327=FACE_BOUND('',#2066,.T.);
#2328=FACE_BOUND('',#2067,.T.);
#2329=FACE_BOUND('',#2068,.T.);
#2330=FACE_BOUND('',#2069,.T.);
#2331=FACE_BOUND('',#2070,.T.);
#2332=FACE_BOUND('',#2071,.T.);
#2333=FACE_BOUND('',#2072,.T.);
#2334=FACE_BOUND('',#2073,.T.);
#2335=FACE_BOUND('',#2074,.T.);
#2336=FACE_BOUND('',#2075,.T.);
#2337=FACE_BOUND('',#2076,.T.);
#2338=FACE_BOUND('',#2077,.T.);
#2339=FACE_BOUND('',#2078,.T.);
#2340=FACE_BOUND('',#2079,.T.);
#2341=FACE_BOUND('',#2080,.T.);
#2342=FACE_BOUND('',#2081,.T.);
#2343=FACE_BOUND('',#2082,.T.);
#2344=FACE_BOUND('',#2083,.T.);
#2345=FACE_BOUND('',#2084,.T.);
#2346=FACE_BOUND('',#2085,.T.);
#2347=FACE_BOUND('',#2086,.T.);
#2348=FACE_BOUND('',#2087,.T.);
#2349=FACE_BOUND('',#2088,.T.);
#2350=FACE_BOUND('',#2089,.T.);
#2351=FACE_BOUND('',#2090,.T.);
#2352=FACE_BOUND('',#2091,.T.);
#2353=FACE_BOUND('',#2092,.T.);
#2354=FACE_BOUND('',#2093,.T.);
#2355=FACE_BOUND('',#2094,.T.);
#2356=FACE_BOUND('',#2095,.T.);
#2357=FACE_BOUND('',#2096,.T.);
#2358=FACE_BOUND('',#2097,.T.);
#2359=FACE_BOUND('',#2098,.T.);
#2360=FACE_BOUND('',#2099,.T.);
#2361=FACE_BOUND('',#2100,.T.);
#2362=FACE_BOUND('',#2101,.T.);
#2363=FACE_BOUND('',#2102,.T.);
#2364=FACE_BOUND('',#2103,.T.);
#2365=FACE_BOUND('',#2104,.T.);
#2366=FACE_BOUND('',#2105,.T.);
#2367=FACE_BOUND('',#2106,.T.);
#2368=FACE_BOUND('',#2107,.T.);
#2369=FACE_BOUND('',#2108,.T.);
#2370=FACE_BOUND('',#2109,.T.);
#2371=FACE_BOUND('',#2110,.T.);
#2372=FACE_BOUND('',#2111,.T.);
#2373=FACE_BOUND('',#2112,.T.);
#2374=FACE_BOUND('',#2113,.T.);
#2375=FACE_BOUND('',#2114,.T.);
#2376=FACE_BOUND('',#2115,.T.);
#2377=FACE_BOUND('',#2116,.T.);
#2378=FACE_BOUND('',#2117,.T.);
#2379=FACE_BOUND('',#2118,.T.);
#2380=FACE_BOUND('',#2119,.T.);
#2381=FACE_BOUND('',#2120,.T.);
#2382=FACE_BOUND('',#2121,.T.);
#2383=FACE_BOUND('',#2122,.T.);
#2384=FACE_BOUND('',#2123,.T.);
#2385=FACE_BOUND('',#2124,.T.);
#2386=FACE_BOUND('',#2125,.T.);
#2387=FACE_BOUND('',#2126,.T.);
#2388=FACE_BOUND('',#2127,.T.);
#2389=FACE_BOUND('',#2128,.T.);
#2390=FACE_BOUND('',#72,.T.);
#2391=FACE_BOUND('',#2129,.T.);
#2392=FACE_BOUND('',#2130,.T.);
#2393=FACE_BOUND('',#2131,.T.);
#2394=FACE_BOUND('',#2132,.T.);
#2395=FACE_BOUND('',#73,.T.);
#2396=FACE_BOUND('',#2133,.T.);
#2397=FACE_BOUND('',#2134,.T.);
#2398=FACE_BOUND('',#74,.T.);
#2399=FACE_BOUND('',#2135,.T.);
#2400=FACE_BOUND('',#2136,.T.);
#2401=FACE_BOUND('',#2137,.T.);
#2402=FACE_BOUND('',#2138,.T.);
#2403=FACE_BOUND('',#75,.T.);
#2404=FACE_BOUND('',#2139,.T.);
#2405=FACE_BOUND('',#2140,.T.);
#2406=FACE_BOUND('',#76,.T.);
#2407=FACE_BOUND('',#2141,.T.);
#2408=FACE_BOUND('',#2142,.T.);
#2409=FACE_BOUND('',#2143,.T.);
#2410=FACE_BOUND('',#2144,.T.);
#2411=FACE_BOUND('',#77,.T.);
#2412=FACE_BOUND('',#2145,.T.);
#2413=FACE_BOUND('',#2146,.T.);
#2414=FACE_BOUND('',#78,.T.);
#2415=FACE_BOUND('',#2147,.T.);
#2416=FACE_BOUND('',#2148,.T.);
#2417=FACE_BOUND('',#2149,.T.);
#2418=FACE_BOUND('',#2150,.T.);
#2419=FACE_BOUND('',#79,.T.);
#2420=FACE_BOUND('',#2151,.T.);
#2421=FACE_BOUND('',#2152,.T.);
#2422=FACE_BOUND('',#80,.T.);
#2423=FACE_BOUND('',#2153,.T.);
#2424=FACE_BOUND('',#2154,.T.);
#2425=FACE_BOUND('',#2155,.T.);
#2426=FACE_BOUND('',#2156,.T.);
#2427=FACE_BOUND('',#81,.T.);
#2428=FACE_BOUND('',#2157,.T.);
#2429=FACE_BOUND('',#2158,.T.);
#2430=FACE_BOUND('',#82,.T.);
#2431=FACE_BOUND('',#2159,.T.);
#2432=FACE_BOUND('',#2160,.T.);
#2433=FACE_BOUND('',#2161,.T.);
#2434=FACE_BOUND('',#2162,.T.);
#2435=FACE_BOUND('',#83,.T.);
#2436=FACE_BOUND('',#2163,.T.);
#2437=FACE_BOUND('',#2164,.T.);
#2438=FACE_BOUND('',#84,.T.);
#2439=FACE_BOUND('',#2165,.T.);
#2440=FACE_BOUND('',#2166,.T.);
#2441=FACE_BOUND('',#2167,.T.);
#2442=FACE_BOUND('',#2168,.T.);
#2443=FACE_BOUND('',#85,.T.);
#2444=FACE_BOUND('',#2169,.T.);
#2445=FACE_BOUND('',#2170,.T.);
#2446=FACE_BOUND('',#86,.T.);
#2447=FACE_BOUND('',#2171,.T.);
#2448=FACE_BOUND('',#2172,.T.);
#2449=FACE_BOUND('',#2173,.T.);
#2450=FACE_BOUND('',#2174,.T.);
#2451=FACE_BOUND('',#87,.T.);
#2452=FACE_BOUND('',#2175,.T.);
#2453=FACE_BOUND('',#2176,.T.);
#2454=FACE_BOUND('',#88,.T.);
#2455=FACE_BOUND('',#2177,.T.);
#2456=FACE_BOUND('',#2178,.T.);
#2457=FACE_BOUND('',#2179,.T.);
#2458=FACE_BOUND('',#2180,.T.);
#2459=FACE_BOUND('',#89,.T.);
#2460=FACE_BOUND('',#2181,.T.);
#2461=FACE_BOUND('',#2182,.T.);
#2462=FACE_BOUND('',#90,.T.);
#2463=FACE_BOUND('',#2183,.T.);
#2464=FACE_BOUND('',#2184,.T.);
#2465=FACE_BOUND('',#2185,.T.);
#2466=FACE_BOUND('',#2186,.T.);
#2467=FACE_BOUND('',#91,.T.);
#2468=FACE_BOUND('',#2187,.T.);
#2469=FACE_BOUND('',#2188,.T.);
#2470=FACE_BOUND('',#92,.T.);
#2471=FACE_BOUND('',#2189,.T.);
#2472=FACE_BOUND('',#2190,.T.);
#2473=FACE_BOUND('',#2191,.T.);
#2474=FACE_BOUND('',#2192,.T.);
#2475=FACE_BOUND('',#93,.T.);
#2476=FACE_BOUND('',#2193,.T.);
#2477=FACE_BOUND('',#2194,.T.);
#2478=FACE_BOUND('',#94,.T.);
#2479=FACE_BOUND('',#2195,.T.);
#2480=FACE_BOUND('',#2196,.T.);
#2481=FACE_BOUND('',#2197,.T.);
#2482=FACE_BOUND('',#2198,.T.);
#2483=FACE_BOUND('',#95,.T.);
#2484=FACE_BOUND('',#2199,.T.);
#2485=FACE_BOUND('',#2200,.T.);
#2486=FACE_BOUND('',#96,.T.);
#2487=FACE_BOUND('',#2201,.T.);
#2488=FACE_BOUND('',#2202,.T.);
#2489=FACE_BOUND('',#2203,.T.);
#2490=FACE_BOUND('',#2204,.T.);
#2491=FACE_BOUND('',#97,.T.);
#2492=FACE_BOUND('',#2205,.T.);
#2493=FACE_BOUND('',#2206,.T.);
#2494=FACE_BOUND('',#98,.T.);
#2495=FACE_BOUND('',#2207,.T.);
#2496=FACE_BOUND('',#2208,.T.);
#2497=FACE_BOUND('',#2209,.T.);
#2498=FACE_BOUND('',#2210,.T.);
#2499=FACE_BOUND('',#99,.T.);
#2500=FACE_BOUND('',#2211,.T.);
#2501=FACE_BOUND('',#2212,.T.);
#2502=FACE_BOUND('',#2213,.T.);
#2503=FACE_BOUND('',#2214,.T.);
#2504=FACE_BOUND('',#2215,.T.);
#2505=FACE_BOUND('',#2216,.T.);
#2506=FACE_BOUND('',#2217,.T.);
#2507=FACE_BOUND('',#2218,.T.);
#2508=FACE_BOUND('',#2219,.T.);
#2509=FACE_BOUND('',#2220,.T.);
#2510=FACE_BOUND('',#2221,.T.);
#2511=FACE_BOUND('',#2222,.T.);
#2512=FACE_BOUND('',#2223,.T.);
#2513=FACE_BOUND('',#2224,.T.);
#2514=FACE_BOUND('',#2225,.T.);
#2515=FACE_BOUND('',#2226,.T.);
#2516=FACE_BOUND('',#2227,.T.);
#2517=FACE_BOUND('',#2228,.T.);
#2518=FACE_BOUND('',#2229,.T.);
#2519=FACE_BOUND('',#2230,.T.);
#2520=FACE_BOUND('',#2231,.T.);
#2521=FACE_BOUND('',#2232,.T.);
#2522=FACE_BOUND('',#2233,.T.);
#2523=FACE_BOUND('',#2234,.T.);
#2524=FACE_BOUND('',#2235,.T.);
#2525=FACE_BOUND('',#2236,.T.);
#2526=PLANE('',#2758);
#2527=PLANE('',#2791);
#2528=PLANE('',#2803);
#2529=PLANE('',#2810);
#2530=PLANE('',#2814);
#2531=PLANE('',#2818);
#2532=PLANE('',#2819);
#2533=PLANE('',#2824);
#2534=PLANE('',#2871);
#2535=PLANE('',#2878);
#2536=PLANE('',#2882);
#2537=PLANE('',#2886);
#2538=PLANE('',#2887);
#2539=PLANE('',#2892);
#2540=PLANE('',#2939);
#2541=PLANE('',#2946);
#2542=PLANE('',#2950);
#2543=PLANE('',#2954);
#2544=PLANE('',#2955);
#2545=PLANE('',#2960);
#2546=PLANE('',#3059);
#2547=PLANE('',#3062);
#2548=PLANE('',#3064);
#2549=PLANE('',#3065);
#2550=PLANE('',#3067);
#2551=PLANE('',#3068);
#2552=ADVANCED_FACE('',(#2237,#2238,#2239,#2240,#2241,#2242,#2243,#2244,
#2245,#2246,#2247,#2248,#2249,#2250,#2251,#2252,#2253,#2254,#2255,#2256,
#2257,#2258,#2259,#2260,#2261,#2262,#2263,#2264,#2265,#2266,#2267,#2268),
#2526,.T.);
#2553=ADVANCED_FACE('',(#2269,#2270),#226,.T.);
#2554=ADVANCED_FACE('',(#2271,#2272,#2273),#2527,.T.);
#2555=ADVANCED_FACE('',(#2274),#227,.F.);
#2556=ADVANCED_FACE('',(#2275),#228,.F.);
#2557=ADVANCED_FACE('',(#2276),#2528,.T.);
#2558=ADVANCED_FACE('',(#2277),#229,.F.);
#2559=ADVANCED_FACE('',(#2278),#230,.T.);
#2560=ADVANCED_FACE('',(#2279),#2529,.T.);
#2561=ADVANCED_FACE('',(#2280),#231,.T.);
#2562=ADVANCED_FACE('',(#2281),#2530,.T.);
#2563=ADVANCED_FACE('',(#2282),#232,.T.);
#2564=ADVANCED_FACE('',(#2283),#2531,.T.);
#2565=ADVANCED_FACE('',(#2284),#2532,.T.);
#2566=ADVANCED_FACE('',(#2285),#2533,.F.);
#2567=ADVANCED_FACE('',(#2286),#233,.F.);
#2568=ADVANCED_FACE('',(#2287),#202,.F.);
#2569=ADVANCED_FACE('',(#2288),#203,.F.);
#2570=ADVANCED_FACE('',(#2289),#178,.T.);
#2571=ADVANCED_FACE('',(#2290),#179,.T.);
#2572=ADVANCED_FACE('',(#2291),#234,.T.);
#2573=ADVANCED_FACE('',(#2292),#235,.T.);
#2574=ADVANCED_FACE('',(#2293),#180,.T.);
#2575=ADVANCED_FACE('',(#2294),#181,.T.);
#2576=ADVANCED_FACE('',(#2295),#236,.T.);
#2577=ADVANCED_FACE('',(#2296),#204,.T.);
#2578=ADVANCED_FACE('',(#2297),#205,.T.);
#2579=ADVANCED_FACE('',(#2298),#237,.T.);
#2580=ADVANCED_FACE('',(#2299),#206,.F.);
#2581=ADVANCED_FACE('',(#2300),#238,.F.);
#2582=ADVANCED_FACE('',(#2301),#182,.T.);
#2583=ADVANCED_FACE('',(#2302),#207,.F.);
#2584=ADVANCED_FACE('',(#2303),#239,.T.);
#2585=ADVANCED_FACE('',(#2304),#183,.T.);
#2586=ADVANCED_FACE('',(#2305),#184,.T.);
#2587=ADVANCED_FACE('',(#2306),#240,.T.);
#2588=ADVANCED_FACE('',(#2307),#208,.T.);
#2589=ADVANCED_FACE('',(#2308),#185,.T.);
#2590=ADVANCED_FACE('',(#2309),#241,.T.);
#2591=ADVANCED_FACE('',(#2310),#242,.T.);
#2592=ADVANCED_FACE('',(#2311),#209,.T.);
#2593=ADVANCED_FACE('',(#2312),#243,.F.);
#2594=ADVANCED_FACE('',(#2313),#244,.F.);
#2595=ADVANCED_FACE('',(#2314),#2534,.T.);
#2596=ADVANCED_FACE('',(#2315),#245,.F.);
#2597=ADVANCED_FACE('',(#2316),#246,.T.);
#2598=ADVANCED_FACE('',(#2317),#2535,.T.);
#2599=ADVANCED_FACE('',(#2318),#247,.T.);
#2600=ADVANCED_FACE('',(#2319),#2536,.T.);
#2601=ADVANCED_FACE('',(#2320),#248,.T.);
#2602=ADVANCED_FACE('',(#2321),#2537,.T.);
#2603=ADVANCED_FACE('',(#2322),#2538,.T.);
#2604=ADVANCED_FACE('',(#2323),#2539,.F.);
#2605=ADVANCED_FACE('',(#2324),#249,.F.);
#2606=ADVANCED_FACE('',(#2325),#210,.F.);
#2607=ADVANCED_FACE('',(#2326),#211,.F.);
#2608=ADVANCED_FACE('',(#2327),#186,.T.);
#2609=ADVANCED_FACE('',(#2328),#187,.T.);
#2610=ADVANCED_FACE('',(#2329),#250,.T.);
#2611=ADVANCED_FACE('',(#2330),#251,.T.);
#2612=ADVANCED_FACE('',(#2331),#188,.T.);
#2613=ADVANCED_FACE('',(#2332),#189,.T.);
#2614=ADVANCED_FACE('',(#2333),#252,.T.);
#2615=ADVANCED_FACE('',(#2334),#212,.T.);
#2616=ADVANCED_FACE('',(#2335),#213,.T.);
#2617=ADVANCED_FACE('',(#2336),#253,.T.);
#2618=ADVANCED_FACE('',(#2337),#214,.F.);
#2619=ADVANCED_FACE('',(#2338),#254,.F.);
#2620=ADVANCED_FACE('',(#2339),#190,.T.);
#2621=ADVANCED_FACE('',(#2340),#215,.F.);
#2622=ADVANCED_FACE('',(#2341),#255,.T.);
#2623=ADVANCED_FACE('',(#2342),#191,.T.);
#2624=ADVANCED_FACE('',(#2343),#192,.T.);
#2625=ADVANCED_FACE('',(#2344),#256,.T.);
#2626=ADVANCED_FACE('',(#2345),#216,.T.);
#2627=ADVANCED_FACE('',(#2346),#193,.T.);
#2628=ADVANCED_FACE('',(#2347),#257,.T.);
#2629=ADVANCED_FACE('',(#2348),#258,.T.);
#2630=ADVANCED_FACE('',(#2349),#217,.T.);
#2631=ADVANCED_FACE('',(#2350),#259,.F.);
#2632=ADVANCED_FACE('',(#2351),#260,.F.);
#2633=ADVANCED_FACE('',(#2352),#2540,.T.);
#2634=ADVANCED_FACE('',(#2353),#261,.F.);
#2635=ADVANCED_FACE('',(#2354),#262,.T.);
#2636=ADVANCED_FACE('',(#2355),#2541,.T.);
#2637=ADVANCED_FACE('',(#2356),#263,.T.);
#2638=ADVANCED_FACE('',(#2357),#2542,.T.);
#2639=ADVANCED_FACE('',(#2358),#264,.T.);
#2640=ADVANCED_FACE('',(#2359),#2543,.T.);
#2641=ADVANCED_FACE('',(#2360),#2544,.T.);
#2642=ADVANCED_FACE('',(#2361),#2545,.F.);
#2643=ADVANCED_FACE('',(#2362),#265,.F.);
#2644=ADVANCED_FACE('',(#2363),#218,.F.);
#2645=ADVANCED_FACE('',(#2364),#219,.F.);
#2646=ADVANCED_FACE('',(#2365),#194,.T.);
#2647=ADVANCED_FACE('',(#2366),#195,.T.);
#2648=ADVANCED_FACE('',(#2367),#266,.T.);
#2649=ADVANCED_FACE('',(#2368),#267,.T.);
#2650=ADVANCED_FACE('',(#2369),#196,.T.);
#2651=ADVANCED_FACE('',(#2370),#197,.T.);
#2652=ADVANCED_FACE('',(#2371),#268,.T.);
#2653=ADVANCED_FACE('',(#2372),#220,.T.);
#2654=ADVANCED_FACE('',(#2373),#221,.T.);
#2655=ADVANCED_FACE('',(#2374),#269,.T.);
#2656=ADVANCED_FACE('',(#2375),#222,.F.);
#2657=ADVANCED_FACE('',(#2376),#270,.F.);
#2658=ADVANCED_FACE('',(#2377),#198,.T.);
#2659=ADVANCED_FACE('',(#2378),#223,.F.);
#2660=ADVANCED_FACE('',(#2379),#271,.T.);
#2661=ADVANCED_FACE('',(#2380),#199,.T.);
#2662=ADVANCED_FACE('',(#2381),#200,.T.);
#2663=ADVANCED_FACE('',(#2382),#272,.T.);
#2664=ADVANCED_FACE('',(#2383),#224,.T.);
#2665=ADVANCED_FACE('',(#2384),#201,.T.);
#2666=ADVANCED_FACE('',(#2385),#273,.T.);
#2667=ADVANCED_FACE('',(#2386),#274,.T.);
#2668=ADVANCED_FACE('',(#2387),#225,.T.);
#2669=ADVANCED_FACE('',(#2388,#2389),#130,.F.);
#2670=ADVANCED_FACE('',(#2390,#2391),#100,.F.);
#2671=ADVANCED_FACE('',(#2392,#2393),#131,.F.);
#2672=ADVANCED_FACE('',(#2394,#2395),#101,.F.);
#2673=ADVANCED_FACE('',(#2396,#2397),#132,.F.);
#2674=ADVANCED_FACE('',(#2398,#2399),#102,.F.);
#2675=ADVANCED_FACE('',(#2400,#2401),#133,.F.);
#2676=ADVANCED_FACE('',(#2402,#2403),#103,.F.);
#2677=ADVANCED_FACE('',(#2404,#2405),#134,.F.);
#2678=ADVANCED_FACE('',(#2406,#2407),#104,.F.);
#2679=ADVANCED_FACE('',(#2408,#2409),#135,.F.);
#2680=ADVANCED_FACE('',(#2410,#2411),#105,.F.);
#2681=ADVANCED_FACE('',(#2412,#2413),#136,.F.);
#2682=ADVANCED_FACE('',(#2414,#2415),#106,.F.);
#2683=ADVANCED_FACE('',(#2416,#2417),#137,.F.);
#2684=ADVANCED_FACE('',(#2418,#2419),#107,.F.);
#2685=ADVANCED_FACE('',(#2420,#2421),#138,.F.);
#2686=ADVANCED_FACE('',(#2422,#2423),#108,.F.);
#2687=ADVANCED_FACE('',(#2424,#2425),#139,.F.);
#2688=ADVANCED_FACE('',(#2426,#2427),#109,.F.);
#2689=ADVANCED_FACE('',(#2428,#2429),#140,.F.);
#2690=ADVANCED_FACE('',(#2430,#2431),#110,.F.);
#2691=ADVANCED_FACE('',(#2432,#2433),#141,.F.);
#2692=ADVANCED_FACE('',(#2434,#2435),#111,.F.);
#2693=ADVANCED_FACE('',(#2436,#2437),#142,.F.);
#2694=ADVANCED_FACE('',(#2438,#2439),#112,.F.);
#2695=ADVANCED_FACE('',(#2440,#2441),#143,.F.);
#2696=ADVANCED_FACE('',(#2442,#2443),#113,.F.);
#2697=ADVANCED_FACE('',(#2444,#2445),#144,.F.);
#2698=ADVANCED_FACE('',(#2446,#2447),#114,.F.);
#2699=ADVANCED_FACE('',(#2448,#2449),#145,.F.);
#2700=ADVANCED_FACE('',(#2450,#2451),#115,.F.);
#2701=ADVANCED_FACE('',(#2452,#2453),#146,.F.);
#2702=ADVANCED_FACE('',(#2454,#2455),#116,.F.);
#2703=ADVANCED_FACE('',(#2456,#2457),#147,.F.);
#2704=ADVANCED_FACE('',(#2458,#2459),#117,.F.);
#2705=ADVANCED_FACE('',(#2460,#2461),#148,.F.);
#2706=ADVANCED_FACE('',(#2462,#2463),#118,.F.);
#2707=ADVANCED_FACE('',(#2464,#2465),#149,.F.);
#2708=ADVANCED_FACE('',(#2466,#2467),#119,.F.);
#2709=ADVANCED_FACE('',(#2468,#2469),#150,.F.);
#2710=ADVANCED_FACE('',(#2470,#2471),#120,.F.);
#2711=ADVANCED_FACE('',(#2472,#2473),#151,.F.);
#2712=ADVANCED_FACE('',(#2474,#2475),#121,.F.);
#2713=ADVANCED_FACE('',(#2476,#2477),#152,.F.);
#2714=ADVANCED_FACE('',(#2478,#2479),#122,.F.);
#2715=ADVANCED_FACE('',(#2480,#2481),#153,.F.);
#2716=ADVANCED_FACE('',(#2482,#2483),#123,.F.);
#2717=ADVANCED_FACE('',(#2484,#2485),#154,.F.);
#2718=ADVANCED_FACE('',(#2486,#2487),#124,.F.);
#2719=ADVANCED_FACE('',(#2488,#2489),#155,.F.);
#2720=ADVANCED_FACE('',(#2490,#2491),#125,.F.);
#2721=ADVANCED_FACE('',(#2492,#2493),#156,.F.);
#2722=ADVANCED_FACE('',(#2494,#2495),#126,.F.);
#2723=ADVANCED_FACE('',(#2496,#2497),#157,.F.);
#2724=ADVANCED_FACE('',(#2498,#2499),#127,.F.);
#2725=ADVANCED_FACE('',(#2500,#2501),#275,.F.);
#2726=ADVANCED_FACE('',(#2502,#2503),#2546,.T.);
#2727=ADVANCED_FACE('',(#2504,#2505),#276,.F.);
#2728=ADVANCED_FACE('',(#2506,#2507),#2547,.T.);
#2729=ADVANCED_FACE('',(#2508),#158,.F.);
#2730=ADVANCED_FACE('',(#2509),#277,.F.);
#2731=ADVANCED_FACE('',(#2510),#159,.F.);
#2732=ADVANCED_FACE('',(#2511),#2548,.T.);
#2733=ADVANCED_FACE('',(#2512),#160,.F.);
#2734=ADVANCED_FACE('',(#2513),#2549,.T.);
#2735=ADVANCED_FACE('',(#2514),#161,.F.);
#2736=ADVANCED_FACE('',(#2515),#162,.F.);
#2737=ADVANCED_FACE('',(#2516),#163,.F.);
#2738=ADVANCED_FACE('',(#2517),#278,.F.);
#2739=ADVANCED_FACE('',(#2518),#2550,.T.);
#2740=ADVANCED_FACE('',(#2519),#164,.F.);
#2741=ADVANCED_FACE('',(#2520),#2551,.T.);
#2742=ADVANCED_FACE('',(#2521),#165,.F.);
#2743=ADVANCED_FACE('',(#2522,#2523),#128,.T.);
#2744=ADVANCED_FACE('',(#2524,#2525),#129,.T.);
#2745=CLOSED_SHELL('',(#2552,#2553,#2554,#2555,#2556,#2557,#2558,#2559,
#2560,#2561,#2562,#2563,#2564,#2565,#2566,#2567,#2568,#2569,#2570,#2571,
#2572,#2573,#2574,#2575,#2576,#2577,#2578,#2579,#2580,#2581,#2582,#2583,
#2584,#2585,#2586,#2587,#2588,#2589,#2590,#2591,#2592,#2593,#2594,#2595,
#2596,#2597,#2598,#2599,#2600,#2601,#2602,#2603,#2604,#2605,#2606,#2607,
#2608,#2609,#2610,#2611,#2612,#2613,#2614,#2615,#2616,#2617,#2618,#2619,
#2620,#2621,#2622,#2623,#2624,#2625,#2626,#2627,#2628,#2629,#2630,#2631,
#2632,#2633,#2634,#2635,#2636,#2637,#2638,#2639,#2640,#2641,#2642,#2643,
#2644,#2645,#2646,#2647,#2648,#2649,#2650,#2651,#2652,#2653,#2654,#2655,
#2656,#2657,#2658,#2659,#2660,#2661,#2662,#2663,#2664,#2665,#2666,#2667,
#2668,#2669,#2670,#2671,#2672,#2673,#2674,#2675,#2676,#2677,#2678,#2679,
#2680,#2681,#2682,#2683,#2684,#2685,#2686,#2687,#2688,#2689,#2690,#2691,
#2692,#2693,#2694,#2695,#2696,#2697,#2698,#2699,#2700,#2701,#2702,#2703,
#2704,#2705,#2706,#2707,#2708,#2709,#2710,#2711,#2712,#2713,#2714,#2715,
#2716,#2717,#2718,#2719,#2720,#2721,#2722,#2723,#2724,#2725,#2726,#2727,
#2728,#2729,#2730,#2731,#2732,#2733,#2734,#2735,#2736,#2737,#2738,#2739,
#2740,#2741,#2742,#2743,#2744));
#2746=STYLED_ITEM('',(#2747),#2754);
#2747=PRESENTATION_STYLE_ASSIGNMENT((#2748));
#2748=SURFACE_STYLE_USAGE(.BOTH.,#2749);
#2749=SURFACE_SIDE_STYLE('',(#2750));
#2750=SURFACE_STYLE_FILL_AREA(#2751);
#2751=FILL_AREA_STYLE('',(#2752));
#2752=FILL_AREA_STYLE_COLOUR('',#2753);
#2753=COLOUR_RGB('',0.4,0.2,0.8);
#2754=MANIFOLD_SOLID_BREP('Body (0)',#2745);
#2755=SHAPE_DEFINITION_REPRESENTATION(#5952,#2756);
#2756=SHAPE_REPRESENTATION('injector',(#2757),#5944);
#2757=AXIS2_PLACEMENT_3D('',#3846,#3087,#3088);
#2758=AXIS2_PLACEMENT_3D('',#3847,#3089,#3090);
#2759=AXIS2_PLACEMENT_3D('',#3848,#3091,#3092);
#2760=AXIS2_PLACEMENT_3D('',#3850,#3093,#3094);
#2761=AXIS2_PLACEMENT_3D('',#3852,#3095,#3096);
#2762=AXIS2_PLACEMENT_3D('',#3854,#3097,#3098);
#2763=AXIS2_PLACEMENT_3D('',#3856,#3099,#3100);
#2764=AXIS2_PLACEMENT_3D('',#3858,#3101,#3102);
#2765=AXIS2_PLACEMENT_3D('',#3860,#3103,#3104);
#2766=AXIS2_PLACEMENT_3D('',#3862,#3105,#3106);
#2767=AXIS2_PLACEMENT_3D('',#3864,#3107,#3108);
#2768=AXIS2_PLACEMENT_3D('',#3866,#3109,#3110);
#2769=AXIS2_PLACEMENT_3D('',#3868,#3111,#3112);
#2770=AXIS2_PLACEMENT_3D('',#3870,#3113,#3114);
#2771=AXIS2_PLACEMENT_3D('',#3872,#3115,#3116);
#2772=AXIS2_PLACEMENT_3D('',#3874,#3117,#3118);
#2773=AXIS2_PLACEMENT_3D('',#3876,#3119,#3120);
#2774=AXIS2_PLACEMENT_3D('',#3878,#3121,#3122);
#2775=AXIS2_PLACEMENT_3D('',#3880,#3123,#3124);
#2776=AXIS2_PLACEMENT_3D('',#3882,#3125,#3126);
#2777=AXIS2_PLACEMENT_3D('',#3884,#3127,#3128);
#2778=AXIS2_PLACEMENT_3D('',#3886,#3129,#3130);
#2779=AXIS2_PLACEMENT_3D('',#3888,#3131,#3132);
#2780=AXIS2_PLACEMENT_3D('',#3890,#3133,#3134);
#2781=AXIS2_PLACEMENT_3D('',#3892,#3135,#3136);
#2782=AXIS2_PLACEMENT_3D('',#3894,#3137,#3138);
#2783=AXIS2_PLACEMENT_3D('',#3896,#3139,#3140);
#2784=AXIS2_PLACEMENT_3D('',#3898,#3141,#3142);
#2785=AXIS2_PLACEMENT_3D('',#3900,#3143,#3144);
#2786=AXIS2_PLACEMENT_3D('',#3902,#3145,#3146);
#2787=AXIS2_PLACEMENT_3D('',#3904,#3147,#3148);
#2788=AXIS2_PLACEMENT_3D('',#3990,#3161,#3162);
#2789=AXIS2_PLACEMENT_3D('',#3991,#3163,#3164);
#2790=AXIS2_PLACEMENT_3D('',#3993,#3165,#3166);
#2791=AXIS2_PLACEMENT_3D('',#3995,#3167,#3168);
#2792=AXIS2_PLACEMENT_3D('',#3996,#3169,#3170);
#2793=AXIS2_PLACEMENT_3D('',#4005,#3171,#3172);
#2794=AXIS2_PLACEMENT_3D('',#4013,#3173,#3174);
#2795=AXIS2_PLACEMENT_3D('',#4021,#3175,#3176);
#2796=AXIS2_PLACEMENT_3D('',#4029,#3177,#3178);
#2797=AXIS2_PLACEMENT_3D('',#4030,#3179,#3180);
#2798=AXIS2_PLACEMENT_3D('',#4031,#3181,#3182);
#2799=AXIS2_PLACEMENT_3D('',#4035,#3184,#3185);
#2800=AXIS2_PLACEMENT_3D('',#4036,#3186,#3187);
#2801=AXIS2_PLACEMENT_3D('',#4040,#3189,#3190);
#2802=AXIS2_PLACEMENT_3D('',#4041,#3191,#3192);
#2803=AXIS2_PLACEMENT_3D('',#4042,#3193,#3194);
#2804=AXIS2_PLACEMENT_3D('',#4048,#3198,#3199);
#2805=AXIS2_PLACEMENT_3D('',#4052,#3201,#3202);
#2806=AXIS2_PLACEMENT_3D('',#4053,#3203,#3204);
#2807=AXIS2_PLACEMENT_3D('',#4054,#3205,#3206);
#2808=AXIS2_PLACEMENT_3D('',#4058,#3208,#3209);
#2809=AXIS2_PLACEMENT_3D('',#4059,#3210,#3211);
#2810=AXIS2_PLACEMENT_3D('',#4060,#3212,#3213);
#2811=AXIS2_PLACEMENT_3D('',#4066,#3217,#3218);
#2812=AXIS2_PLACEMENT_3D('',#4067,#3219,#3220);
#2813=AXIS2_PLACEMENT_3D('',#4071,#3222,#3223);
#2814=AXIS2_PLACEMENT_3D('',#4072,#3224,#3225);
#2815=AXIS2_PLACEMENT_3D('',#4078,#3229,#3230);
#2816=AXIS2_PLACEMENT_3D('',#4082,#3232,#3233);
#2817=AXIS2_PLACEMENT_3D('',#4083,#3234,#3235);
#2818=AXIS2_PLACEMENT_3D('',#4084,#3236,#3237);
#2819=AXIS2_PLACEMENT_3D('',#4087,#3240,#3241);
#2820=AXIS2_PLACEMENT_3D('',#4088,#3242,#3243);
#2821=AXIS2_PLACEMENT_3D('',#4095,#3246,#3247);
#2822=AXIS2_PLACEMENT_3D('',#4099,#3249,#3250);
#2823=AXIS2_PLACEMENT_3D('',#4103,#3252,#3253);
#2824=AXIS2_PLACEMENT_3D('',#4106,#3255,#3256);
#2825=AXIS2_PLACEMENT_3D('',#4107,#3257,#3258);
#2826=AXIS2_PLACEMENT_3D('',#4112,#3260,#3261);
#2827=AXIS2_PLACEMENT_3D('',#4118,#3264,#3265);
#2828=AXIS2_PLACEMENT_3D('',#4122,#3267,#3268);
#2829=AXIS2_PLACEMENT_3D('',#4125,#3270,#3271);
#2830=AXIS2_PLACEMENT_3D('',#4126,#3272,#3273);
#2831=AXIS2_PLACEMENT_3D('',#4127,#3274,#3275);
#2832=AXIS2_PLACEMENT_3D('',#4160,#3276,#3277);
#2833=AXIS2_PLACEMENT_3D('',#4161,#3278,#3279);
#2834=AXIS2_PLACEMENT_3D('',#4162,#3280,#3281);
#2835=AXIS2_PLACEMENT_3D('',#4163,#3282,#3283);
#2836=AXIS2_PLACEMENT_3D('',#4164,#3284,#3285);
#2837=AXIS2_PLACEMENT_3D('',#4165,#3286,#3287);
#2838=AXIS2_PLACEMENT_3D('',#4166,#3288,#3289);
#2839=AXIS2_PLACEMENT_3D('',#4167,#3290,#3291);
#2840=AXIS2_PLACEMENT_3D('',#4168,#3292,#3293);
#2841=AXIS2_PLACEMENT_3D('',#4169,#3294,#3295);
#2842=AXIS2_PLACEMENT_3D('',#4170,#3296,#3297);
#2843=AXIS2_PLACEMENT_3D('',#4175,#3298,#3299);
#2844=AXIS2_PLACEMENT_3D('',#4176,#3300,#3301);
#2845=AXIS2_PLACEMENT_3D('',#4205,#3302,#3303);
#2846=AXIS2_PLACEMENT_3D('',#4206,#3304,#3305);
#2847=AXIS2_PLACEMENT_3D('',#4223,#3306,#3307);
#2848=AXIS2_PLACEMENT_3D('',#4224,#3308,#3309);
#2849=AXIS2_PLACEMENT_3D('',#4225,#3310,#3311);
#2850=AXIS2_PLACEMENT_3D('',#4226,#3312,#3313);
#2851=AXIS2_PLACEMENT_3D('',#4227,#3314,#3315);
#2852=AXIS2_PLACEMENT_3D('',#4244,#3316,#3317);
#2853=AXIS2_PLACEMENT_3D('',#4245,#3318,#3319);
#2854=AXIS2_PLACEMENT_3D('',#4246,#3320,#3321);
#2855=AXIS2_PLACEMENT_3D('',#4247,#3322,#3323);
#2856=AXIS2_PLACEMENT_3D('',#4248,#3324,#3325);
#2857=AXIS2_PLACEMENT_3D('',#4253,#3326,#3327);
#2858=AXIS2_PLACEMENT_3D('',#4254,#3328,#3329);
#2859=AXIS2_PLACEMENT_3D('',#4271,#3330,#3331);
#2860=AXIS2_PLACEMENT_3D('',#4272,#3332,#3333);
#2861=AXIS2_PLACEMENT_3D('',#4273,#3334,#3335);
#2862=AXIS2_PLACEMENT_3D('',#4274,#3336,#3337);
#2863=AXIS2_PLACEMENT_3D('',#4275,#3338,#3339);
#2864=AXIS2_PLACEMENT_3D('',#4276,#3340,#3341);
#2865=AXIS2_PLACEMENT_3D('',#4289,#3342,#3343);
#2866=AXIS2_PLACEMENT_3D('',#4290,#3344,#3345);
#2867=AXIS2_PLACEMENT_3D('',#4294,#3347,#3348);
#2868=AXIS2_PLACEMENT_3D('',#4295,#3349,#3350);
#2869=AXIS2_PLACEMENT_3D('',#4299,#3352,#3353);
#2870=AXIS2_PLACEMENT_3D('',#4300,#3354,#3355);
#2871=AXIS2_PLACEMENT_3D('',#4301,#3356,#3357);
#2872=AXIS2_PLACEMENT_3D('',#4307,#3361,#3362);
#2873=AXIS2_PLACEMENT_3D('',#4311,#3364,#3365);
#2874=AXIS2_PLACEMENT_3D('',#4312,#3366,#3367);
#2875=AXIS2_PLACEMENT_3D('',#4313,#3368,#3369);
#2876=AXIS2_PLACEMENT_3D('',#4317,#3371,#3372);
#2877=AXIS2_PLACEMENT_3D('',#4318,#3373,#3374);
#2878=AXIS2_PLACEMENT_3D('',#4319,#3375,#3376);
#2879=AXIS2_PLACEMENT_3D('',#4325,#3380,#3381);
#2880=AXIS2_PLACEMENT_3D('',#4326,#3382,#3383);
#2881=AXIS2_PLACEMENT_3D('',#4330,#3385,#3386);
#2882=AXIS2_PLACEMENT_3D('',#4331,#3387,#3388);
#2883=AXIS2_PLACEMENT_3D('',#4337,#3392,#3393);
#2884=AXIS2_PLACEMENT_3D('',#4341,#3395,#3396);
#2885=AXIS2_PLACEMENT_3D('',#4342,#3397,#3398);
#2886=AXIS2_PLACEMENT_3D('',#4343,#3399,#3400);
#2887=AXIS2_PLACEMENT_3D('',#4346,#3403,#3404);
#2888=AXIS2_PLACEMENT_3D('',#4347,#3405,#3406);
#2889=AXIS2_PLACEMENT_3D('',#4354,#3409,#3410);
#2890=AXIS2_PLACEMENT_3D('',#4358,#3412,#3413);
#2891=AXIS2_PLACEMENT_3D('',#4362,#3415,#3416);
#2892=AXIS2_PLACEMENT_3D('',#4365,#3418,#3419);
#2893=AXIS2_PLACEMENT_3D('',#4366,#3420,#3421);
#2894=AXIS2_PLACEMENT_3D('',#4371,#3423,#3424);
#2895=AXIS2_PLACEMENT_3D('',#4377,#3427,#3428);
#2896=AXIS2_PLACEMENT_3D('',#4381,#3430,#3431);
#2897=AXIS2_PLACEMENT_3D('',#4384,#3433,#3434);
#2898=AXIS2_PLACEMENT_3D('',#4385,#3435,#3436);
#2899=AXIS2_PLACEMENT_3D('',#4386,#3437,#3438);
#2900=AXIS2_PLACEMENT_3D('',#4419,#3439,#3440);
#2901=AXIS2_PLACEMENT_3D('',#4420,#3441,#3442);
#2902=AXIS2_PLACEMENT_3D('',#4421,#3443,#3444);
#2903=AXIS2_PLACEMENT_3D('',#4422,#3445,#3446);
#2904=AXIS2_PLACEMENT_3D('',#4423,#3447,#3448);
#2905=AXIS2_PLACEMENT_3D('',#4424,#3449,#3450);
#2906=AXIS2_PLACEMENT_3D('',#4425,#3451,#3452);
#2907=AXIS2_PLACEMENT_3D('',#4426,#3453,#3454);
#2908=AXIS2_PLACEMENT_3D('',#4427,#3455,#3456);
#2909=AXIS2_PLACEMENT_3D('',#4428,#3457,#3458);
#2910=AXIS2_PLACEMENT_3D('',#4429,#3459,#3460);
#2911=AXIS2_PLACEMENT_3D('',#4434,#3461,#3462);
#2912=AXIS2_PLACEMENT_3D('',#4435,#3463,#3464);
#2913=AXIS2_PLACEMENT_3D('',#4464,#3465,#3466);
#2914=AXIS2_PLACEMENT_3D('',#4465,#3467,#3468);
#2915=AXIS2_PLACEMENT_3D('',#4482,#3469,#3470);
#2916=AXIS2_PLACEMENT_3D('',#4483,#3471,#3472);
#2917=AXIS2_PLACEMENT_3D('',#4484,#3473,#3474);
#2918=AXIS2_PLACEMENT_3D('',#4485,#3475,#3476);
#2919=AXIS2_PLACEMENT_3D('',#4486,#3477,#3478);
#2920=AXIS2_PLACEMENT_3D('',#4503,#3479,#3480);
#2921=AXIS2_PLACEMENT_3D('',#4504,#3481,#3482);
#2922=AXIS2_PLACEMENT_3D('',#4505,#3483,#3484);
#2923=AXIS2_PLACEMENT_3D('',#4506,#3485,#3486);
#2924=AXIS2_PLACEMENT_3D('',#4507,#3487,#3488);
#2925=AXIS2_PLACEMENT_3D('',#4512,#3489,#3490);
#2926=AXIS2_PLACEMENT_3D('',#4513,#3491,#3492);
#2927=AXIS2_PLACEMENT_3D('',#4530,#3493,#3494);
#2928=AXIS2_PLACEMENT_3D('',#4531,#3495,#3496);
#2929=AXIS2_PLACEMENT_3D('',#4532,#3497,#3498);
#2930=AXIS2_PLACEMENT_3D('',#4533,#3499,#3500);
#2931=AXIS2_PLACEMENT_3D('',#4534,#3501,#3502);
#2932=AXIS2_PLACEMENT_3D('',#4535,#3503,#3504);
#2933=AXIS2_PLACEMENT_3D('',#4548,#3505,#3506);
#2934=AXIS2_PLACEMENT_3D('',#4549,#3507,#3508);
#2935=AXIS2_PLACEMENT_3D('',#4553,#3510,#3511);
#2936=AXIS2_PLACEMENT_3D('',#4554,#3512,#3513);
#2937=AXIS2_PLACEMENT_3D('',#4558,#3515,#3516);
#2938=AXIS2_PLACEMENT_3D('',#4559,#3517,#3518);
#2939=AXIS2_PLACEMENT_3D('',#4560,#3519,#3520);
#2940=AXIS2_PLACEMENT_3D('',#4566,#3524,#3525);
#2941=AXIS2_PLACEMENT_3D('',#4570,#3527,#3528);
#2942=AXIS2_PLACEMENT_3D('',#4571,#3529,#3530);
#2943=AXIS2_PLACEMENT_3D('',#4572,#3531,#3532);
#2944=AXIS2_PLACEMENT_3D('',#4576,#3534,#3535);
#2945=AXIS2_PLACEMENT_3D('',#4577,#3536,#3537);
#2946=AXIS2_PLACEMENT_3D('',#4578,#3538,#3539);
#2947=AXIS2_PLACEMENT_3D('',#4584,#3543,#3544);
#2948=AXIS2_PLACEMENT_3D('',#4585,#3545,#3546);
#2949=AXIS2_PLACEMENT_3D('',#4589,#3548,#3549);
#2950=AXIS2_PLACEMENT_3D('',#4590,#3550,#3551);
#2951=AXIS2_PLACEMENT_3D('',#4596,#3555,#3556);
#2952=AXIS2_PLACEMENT_3D('',#4600,#3558,#3559);
#2953=AXIS2_PLACEMENT_3D('',#4601,#3560,#3561);
#2954=AXIS2_PLACEMENT_3D('',#4602,#3562,#3563);
#2955=AXIS2_PLACEMENT_3D('',#4605,#3566,#3567);
#2956=AXIS2_PLACEMENT_3D('',#4606,#3568,#3569);
#2957=AXIS2_PLACEMENT_3D('',#4613,#3572,#3573);
#2958=AXIS2_PLACEMENT_3D('',#4617,#3575,#3576);
#2959=AXIS2_PLACEMENT_3D('',#4621,#3578,#3579);
#2960=AXIS2_PLACEMENT_3D('',#4624,#3581,#3582);
#2961=AXIS2_PLACEMENT_3D('',#4625,#3583,#3584);
#2962=AXIS2_PLACEMENT_3D('',#4630,#3586,#3587);
#2963=AXIS2_PLACEMENT_3D('',#4636,#3590,#3591);
#2964=AXIS2_PLACEMENT_3D('',#4640,#3593,#3594);
#2965=AXIS2_PLACEMENT_3D('',#4643,#3596,#3597);
#2966=AXIS2_PLACEMENT_3D('',#4644,#3598,#3599);
#2967=AXIS2_PLACEMENT_3D('',#4645,#3600,#3601);
#2968=AXIS2_PLACEMENT_3D('',#4678,#3602,#3603);
#2969=AXIS2_PLACEMENT_3D('',#4679,#3604,#3605);
#2970=AXIS2_PLACEMENT_3D('',#4680,#3606,#3607);
#2971=AXIS2_PLACEMENT_3D('',#4681,#3608,#3609);
#2972=AXIS2_PLACEMENT_3D('',#4682,#3610,#3611);
#2973=AXIS2_PLACEMENT_3D('',#4683,#3612,#3613);
#2974=AXIS2_PLACEMENT_3D('',#4684,#3614,#3615);
#2975=AXIS2_PLACEMENT_3D('',#4685,#3616,#3617);
#2976=AXIS2_PLACEMENT_3D('',#4686,#3618,#3619);
#2977=AXIS2_PLACEMENT_3D('',#4687,#3620,#3621);
#2978=AXIS2_PLACEMENT_3D('',#4688,#3622,#3623);
#2979=AXIS2_PLACEMENT_3D('',#4693,#3624,#3625);
#2980=AXIS2_PLACEMENT_3D('',#4694,#3626,#3627);
#2981=AXIS2_PLACEMENT_3D('',#4723,#3628,#3629);
#2982=AXIS2_PLACEMENT_3D('',#4724,#3630,#3631);
#2983=AXIS2_PLACEMENT_3D('',#4741,#3632,#3633);
#2984=AXIS2_PLACEMENT_3D('',#4742,#3634,#3635);
#2985=AXIS2_PLACEMENT_3D('',#4743,#3636,#3637);
#2986=AXIS2_PLACEMENT_3D('',#4744,#3638,#3639);
#2987=AXIS2_PLACEMENT_3D('',#4745,#3640,#3641);
#2988=AXIS2_PLACEMENT_3D('',#4762,#3642,#3643);
#2989=AXIS2_PLACEMENT_3D('',#4763,#3644,#3645);
#2990=AXIS2_PLACEMENT_3D('',#4764,#3646,#3647);
#2991=AXIS2_PLACEMENT_3D('',#4765,#3648,#3649);
#2992=AXIS2_PLACEMENT_3D('',#4766,#3650,#3651);
#2993=AXIS2_PLACEMENT_3D('',#4771,#3652,#3653);
#2994=AXIS2_PLACEMENT_3D('',#4772,#3654,#3655);
#2995=AXIS2_PLACEMENT_3D('',#4789,#3656,#3657);
#2996=AXIS2_PLACEMENT_3D('',#4790,#3658,#3659);
#2997=AXIS2_PLACEMENT_3D('',#4791,#3660,#3661);
#2998=AXIS2_PLACEMENT_3D('',#4792,#3662,#3663);
#2999=AXIS2_PLACEMENT_3D('',#4793,#3664,#3665);
#3000=AXIS2_PLACEMENT_3D('',#4794,#3666,#3667);
#3001=AXIS2_PLACEMENT_3D('',#4821,#3668,#3669);
#3002=AXIS2_PLACEMENT_3D('',#4823,#3670,#3671);
#3003=AXIS2_PLACEMENT_3D('',#4839,#3672,#3673);
#3004=AXIS2_PLACEMENT_3D('',#4841,#3674,#3675);
#3005=AXIS2_PLACEMENT_3D('',#4857,#3676,#3677);
#3006=AXIS2_PLACEMENT_3D('',#4859,#3678,#3679);
#3007=AXIS2_PLACEMENT_3D('',#4875,#3680,#3681);
#3008=AXIS2_PLACEMENT_3D('',#4877,#3682,#3683);
#3009=AXIS2_PLACEMENT_3D('',#4893,#3684,#3685);
#3010=AXIS2_PLACEMENT_3D('',#4895,#3686,#3687);
#3011=AXIS2_PLACEMENT_3D('',#4911,#3688,#3689);
#3012=AXIS2_PLACEMENT_3D('',#4913,#3690,#3691);
#3013=AXIS2_PLACEMENT_3D('',#4929,#3692,#3693);
#3014=AXIS2_PLACEMENT_3D('',#4931,#3694,#3695);
#3015=AXIS2_PLACEMENT_3D('',#4947,#3696,#3697);
#3016=AXIS2_PLACEMENT_3D('',#4949,#3698,#3699);
#3017=AXIS2_PLACEMENT_3D('',#4965,#3700,#3701);
#3018=AXIS2_PLACEMENT_3D('',#4967,#3702,#3703);
#3019=AXIS2_PLACEMENT_3D('',#4983,#3704,#3705);
#3020=AXIS2_PLACEMENT_3D('',#4985,#3706,#3707);
#3021=AXIS2_PLACEMENT_3D('',#5001,#3708,#3709);
#3022=AXIS2_PLACEMENT_3D('',#5003,#3710,#3711);
#3023=AXIS2_PLACEMENT_3D('',#5019,#3712,#3713);
#3024=AXIS2_PLACEMENT_3D('',#5021,#3714,#3715);
#3025=AXIS2_PLACEMENT_3D('',#5037,#3716,#3717);
#3026=AXIS2_PLACEMENT_3D('',#5039,#3718,#3719);
#3027=AXIS2_PLACEMENT_3D('',#5055,#3720,#3721);
#3028=AXIS2_PLACEMENT_3D('',#5057,#3722,#3723);
#3029=AXIS2_PLACEMENT_3D('',#5073,#3724,#3725);
#3030=AXIS2_PLACEMENT_3D('',#5075,#3726,#3727);
#3031=AXIS2_PLACEMENT_3D('',#5091,#3728,#3729);
#3032=AXIS2_PLACEMENT_3D('',#5093,#3730,#3731);
#3033=AXIS2_PLACEMENT_3D('',#5109,#3732,#3733);
#3034=AXIS2_PLACEMENT_3D('',#5111,#3734,#3735);
#3035=AXIS2_PLACEMENT_3D('',#5127,#3736,#3737);
#3036=AXIS2_PLACEMENT_3D('',#5129,#3738,#3739);
#3037=AXIS2_PLACEMENT_3D('',#5145,#3740,#3741);
#3038=AXIS2_PLACEMENT_3D('',#5147,#3742,#3743);
#3039=AXIS2_PLACEMENT_3D('',#5163,#3744,#3745);
#3040=AXIS2_PLACEMENT_3D('',#5165,#3746,#3747);
#3041=AXIS2_PLACEMENT_3D('',#5181,#3748,#3749);
#3042=AXIS2_PLACEMENT_3D('',#5183,#3750,#3751);
#3043=AXIS2_PLACEMENT_3D('',#5199,#3752,#3753);
#3044=AXIS2_PLACEMENT_3D('',#5201,#3754,#3755);
#3045=AXIS2_PLACEMENT_3D('',#5217,#3756,#3757);
#3046=AXIS2_PLACEMENT_3D('',#5219,#3758,#3759);
#3047=AXIS2_PLACEMENT_3D('',#5235,#3760,#3761);
#3048=AXIS2_PLACEMENT_3D('',#5237,#3762,#3763);
#3049=AXIS2_PLACEMENT_3D('',#5253,#3764,#3765);
#3050=AXIS2_PLACEMENT_3D('',#5255,#3766,#3767);
#3051=AXIS2_PLACEMENT_3D('',#5271,#3768,#3769);
#3052=AXIS2_PLACEMENT_3D('',#5273,#3770,#3771);
#3053=AXIS2_PLACEMENT_3D('',#5289,#3772,#3773);
#3054=AXIS2_PLACEMENT_3D('',#5291,#3774,#3775);
#3055=AXIS2_PLACEMENT_3D('',#5307,#3776,#3777);
#3056=AXIS2_PLACEMENT_3D('',#5309,#3778,#3779);
#3057=AXIS2_PLACEMENT_3D('',#5311,#3780,#3781);
#3058=AXIS2_PLACEMENT_3D('',#5312,#3782,#3783);
#3059=AXIS2_PLACEMENT_3D('',#5371,#3785,#3786);
#3060=AXIS2_PLACEMENT_3D('',#5384,#3788,#3789);
#3061=AXIS2_PLACEMENT_3D('',#5385,#3790,#3791);
#3062=AXIS2_PLACEMENT_3D('',#5444,#3793,#3794);
#3063=AXIS2_PLACEMENT_3D('',#5554,#3796,#3797);
#3064=AXIS2_PLACEMENT_3D('',#5630,#3799,#3800);
#3065=AXIS2_PLACEMENT_3D('',#5674,#3801,#3802);
#3066=AXIS2_PLACEMENT_3D('',#5858,#3803,#3804);
#3067=AXIS2_PLACEMENT_3D('',#5860,#3806,#3807);
#3068=AXIS2_PLACEMENT_3D('',#5904,#3808,#3809);
#3069=AXIS2_PLACEMENT_3D('',#5917,#3810,#3811);
#3070=AXIS2_PLACEMENT_3D('',#5918,#3812,#3813);
#3071=AXIS2_PLACEMENT_3D('',#5919,#3814,#3815);
#3072=AXIS2_PLACEMENT_3D('',#5921,#3816,#3817);
#3073=AXIS2_PLACEMENT_3D('',#5922,#3818,#3819);
#3074=AXIS2_PLACEMENT_3D('',#5924,#3820,#3821);
#3075=AXIS2_PLACEMENT_3D('',#5925,#3822,#3823);
#3076=AXIS2_PLACEMENT_3D('',#5927,#3824,#3825);
#3077=AXIS2_PLACEMENT_3D('',#5928,#3826,#3827);
#3078=AXIS2_PLACEMENT_3D('',#5930,#3828,#3829);
#3079=AXIS2_PLACEMENT_3D('',#5931,#3830,#3831);
#3080=AXIS2_PLACEMENT_3D('',#5933,#3832,#3833);
#3081=AXIS2_PLACEMENT_3D('',#5934,#3834,#3835);
#3082=AXIS2_PLACEMENT_3D('',#5936,#3836,#3837);
#3083=AXIS2_PLACEMENT_3D('',#5937,#3838,#3839);
#3084=AXIS2_PLACEMENT_3D('',#5939,#3840,#3841);
#3085=AXIS2_PLACEMENT_3D('',#5940,#3842,#3843);
#3086=AXIS2_PLACEMENT_3D('',#5942,#3844,#3845);
#3087=DIRECTION('',(0.,0.,1.));
#3088=DIRECTION('',(1.,0.,0.));
#3089=DIRECTION('',(0.,-2.90078930018242E-19,-1.));
#3090=DIRECTION('',(0.,1.,-2.90078930018242E-19));
#3091=DIRECTION('',(0.,-2.90078930018242E-19,-1.));
#3092=DIRECTION('',(0.,1.,-2.90078930018242E-19));
#3093=DIRECTION('',(-9.9212837220595E-20,2.72585029983614E-19,-1.));
#3094=DIRECTION('',(0.939692620785909,0.342020143325666,-4.81482486096809E-35));
#3095=DIRECTION('',(-9.9212837220595E-20,2.72585029983614E-19,-1.));
#3096=DIRECTION('',(0.939692620785909,0.342020143325666,-4.81482486096809E-35));
#3097=DIRECTION('',(9.92128372205964E-20,2.72585029983614E-19,-1.));
#3098=DIRECTION('',(0.939692620785908,-0.342020143325671,4.81482486096809E-35));
#3099=DIRECTION('',(9.92128372205964E-20,2.72585029983614E-19,-1.));
#3100=DIRECTION('',(0.939692620785908,-0.342020143325671,4.81482486096809E-35));
#3101=DIRECTION('',(2.51215722498406E-19,1.45039465009121E-19,-1.));
#3102=DIRECTION('',(0.499999999999999,-0.866025403784439,9.62964972193618E-35));
#3103=DIRECTION('',(2.51215722498406E-19,1.45039465009121E-19,-1.));
#3104=DIRECTION('',(0.499999999999999,-0.866025403784439,9.62964972193618E-35));
#3105=DIRECTION('',(2.85671979267451E-19,-5.03716775772411E-20,-1.));
#3106=DIRECTION('',(-0.173648177666932,-0.984807753012208,-9.62964972193618E-35));
#3107=DIRECTION('',(2.85671979267451E-19,-5.03716775772411E-20,-1.));
#3108=DIRECTION('',(-0.173648177666932,-0.984807753012208,-9.62964972193618E-35));
#3109=DIRECTION('',(1.86459142046855E-19,-2.22213352406373E-19,-1.));
#3110=DIRECTION('',(-0.766044443118978,-0.642787609686539,0.));
#3111=DIRECTION('',(1.86459142046855E-19,-2.22213352406373E-19,-1.));
#3112=DIRECTION('',(-0.766044443118978,-0.642787609686539,0.));
#3113=DIRECTION('',(0.,-2.90078930018242E-19,-1.));
#3114=DIRECTION('',(-1.,-1.83697019872103E-16,4.81482486096809E-35));
#3115=DIRECTION('',(0.,-2.90078930018242E-19,-1.));
#3116=DIRECTION('',(-1.,-1.83697019872103E-16,4.81482486096809E-35));
#3117=DIRECTION('',(2.8567197926745E-19,-5.03716775772412E-20,-1.));
#3118=DIRECTION('',(-0.766044443118978,0.642787609686539,-2.51215722498406E-19));
#3119=DIRECTION('',(2.8567197926745E-19,-5.03716775772412E-20,-1.));
#3120=DIRECTION('',(-0.766044443118978,0.642787609686539,-2.51215722498406E-19));
#3121=DIRECTION('',(1.86459142046855E-19,-2.22213352406373E-19,-1.));
#3122=DIRECTION('',(-0.173648177666931,0.984807753012208,-2.51215722498406E-19));
#3123=DIRECTION('',(1.86459142046855E-19,-2.22213352406373E-19,-1.));
#3124=DIRECTION('',(-0.173648177666931,0.984807753012208,-2.51215722498406E-19));
#3125=DIRECTION('',(-4.81482486096809E-35,-2.90078930018242E-19,-1.));
#3126=DIRECTION('',(0.499999999999999,0.866025403784439,-2.51215722498406E-19));
#3127=DIRECTION('',(-4.81482486096809E-35,-2.90078930018242E-19,-1.));
#3128=DIRECTION('',(0.499999999999999,0.866025403784439,-2.51215722498406E-19));
#3129=DIRECTION('',(-2.90078930018242E-19,1.15555796663234E-33,-1.));
#3130=DIRECTION('',(0.866025403784438,-0.500000000000002,-2.51215722498406E-19));
#3131=DIRECTION('',(-2.90078930018242E-19,1.15555796663234E-33,-1.));
#3132=DIRECTION('',(0.866025403784438,-0.500000000000002,-2.51215722498406E-19));
#3133=DIRECTION('',(-4.81482486096809E-35,-2.90078930018242E-19,-1.));
#3134=DIRECTION('',(-0.499999999999999,-0.866025403784439,2.51215722498406E-19));
#3135=DIRECTION('',(-4.81482486096809E-35,-2.90078930018242E-19,-1.));
#3136=DIRECTION('',(-0.499999999999999,-0.866025403784439,2.51215722498406E-19));
#3137=DIRECTION('',(-5.52851772335274E-16,3.19189119579734E-16,-1.));
#3138=DIRECTION('',(-0.866025403784437,0.500000000000002,6.38378239159465E-16));
#3139=DIRECTION('',(-5.52851772335274E-16,3.19189119579734E-16,-1.));
#3140=DIRECTION('',(-0.866025403784437,0.500000000000002,6.38378239159465E-16));
#3141=DIRECTION('',(-4.81482486096809E-35,-2.90078930018242E-19,-1.));
#3142=DIRECTION('',(0.499999999999999,0.866025403784439,-2.51215722498406E-19));
#3143=DIRECTION('',(-4.81482486096809E-35,-2.90078930018242E-19,-1.));
#3144=DIRECTION('',(0.499999999999999,0.866025403784439,-2.51215722498406E-19));
#3145=DIRECTION('',(-4.81482486096809E-35,-2.90078930018242E-19,-1.));
#3146=DIRECTION('',(0.499999999999999,0.866025403784439,-2.51215722498406E-19));
#3147=DIRECTION('',(-4.81482486096809E-35,-2.90078930018242E-19,-1.));
#3148=DIRECTION('',(0.499999999999999,0.866025403784439,-2.51215722498406E-19));
#3149=DIRECTION('',(-0.866025403784437,-0.500000000000003,1.45039465009122E-19));
#3150=DIRECTION('',(0.500000000000003,-0.866025403784437,2.51215722498406E-19));
#3151=DIRECTION('',(-0.866025403784437,-0.500000000000003,1.45039465009122E-19));
#3152=DIRECTION('',(0.500000000000003,-0.866025403784437,2.51215722498406E-19));
#3153=DIRECTION('',(0.86602540378444,-0.499999999999999,1.45039465009121E-19));
#3154=DIRECTION('',(0.499999999999999,0.86602540378444,-2.51215722498406E-19));
#3155=DIRECTION('',(0.86602540378444,-0.499999999999999,1.45039465009121E-19));
#3156=DIRECTION('',(0.499999999999999,0.86602540378444,-2.51215722498406E-19));
#3157=DIRECTION('',(0.,1.,-2.90078930018242E-19));
#3158=DIRECTION('',(-1.,0.,0.));
#3159=DIRECTION('',(0.,1.,-2.90078930018242E-19));
#3160=DIRECTION('',(-1.,0.,0.));
#3161=DIRECTION('',(0.,-2.90078930018242E-19,-1.));
#3162=DIRECTION('',(0.,1.,-2.90078930018242E-19));
#3163=DIRECTION('',(0.,-2.90078930018242E-19,-1.));
#3164=DIRECTION('',(0.,1.,-2.90078930018242E-19));
#3165=DIRECTION('',(0.,2.90078930018242E-19,1.));
#3166=DIRECTION('',(0.,-1.,2.90078930018242E-19));
#3167=DIRECTION('',(0.,2.90078930018242E-19,1.));
#3168=DIRECTION('',(0.,-1.,2.90078930018242E-19));
#3169=DIRECTION('',(0.,2.90078930018242E-19,1.));
#3170=DIRECTION('',(0.,-1.,2.90078930018242E-19));
#3171=DIRECTION('',(0.,0.,1.));
#3172=DIRECTION('',(1.,0.,0.));
#3173=DIRECTION('',(0.,2.90078930018242E-19,1.));
#3174=DIRECTION('',(0.,-1.,2.90078930018242E-19));
#3175=DIRECTION('',(0.,0.,1.));
#3176=DIRECTION('',(1.,0.,0.));
#3177=DIRECTION('',(0.,2.90078930018242E-19,1.));
#3178=DIRECTION('',(0.,-1.,2.90078930018242E-19));
#3179=DIRECTION('',(-1.,0.,0.));
#3180=DIRECTION('',(0.,0.,1.));
#3181=DIRECTION('',(1.,0.,0.));
#3182=DIRECTION('',(0.,0.,-1.));
#3183=DIRECTION('',(-1.,0.,0.));
#3184=DIRECTION('',(1.,0.,0.));
#3185=DIRECTION('',(0.,0.,-1.));
#3186=DIRECTION('',(-1.,0.,0.));
#3187=DIRECTION('',(0.,0.,1.));
#3188=DIRECTION('',(-1.,0.,0.));
#3189=DIRECTION('',(1.,0.,0.));
#3190=DIRECTION('',(0.,0.,-1.));
#3191=DIRECTION('',(1.,0.,0.));
#3192=DIRECTION('',(0.,0.,-1.));
#3193=DIRECTION('',(0.,0.992546151641322,-0.121869343405147));
#3194=DIRECTION('',(0.,0.121869343405147,0.992546151641322));
#3195=DIRECTION('',(-1.,0.,0.));
#3196=DIRECTION('',(0.,-0.121869343405147,-0.992546151641322));
#3197=DIRECTION('',(0.,-0.121869343405147,-0.992546151641322));
#3198=DIRECTION('',(-1.,0.,0.));
#3199=DIRECTION('',(0.,0.,1.));
#3200=DIRECTION('',(-1.,0.,0.));
#3201=DIRECTION('',(1.,0.,0.));
#3202=DIRECTION('',(0.,0.,-1.));
#3203=DIRECTION('',(1.,0.,0.));
#3204=DIRECTION('',(0.,0.,-1.));
#3205=DIRECTION('',(-1.,0.,0.));
#3206=DIRECTION('',(0.,0.,1.));
#3207=DIRECTION('',(-1.,0.,0.));
#3208=DIRECTION('',(1.,3.92531296527689E-16,4.48665324978232E-15));
#3209=DIRECTION('',(4.48665324978232E-15,0.,-1.));
#3210=DIRECTION('',(-1.,0.,0.));
#3211=DIRECTION('',(0.,0.,1.));
#3212=DIRECTION('',(0.,0.996194698091746,-0.0871557427476495));
#3213=DIRECTION('',(0.,0.0871557427476495,0.996194698091746));
#3214=DIRECTION('',(0.,-0.0871557427476495,-0.996194698091746));
#3215=DIRECTION('',(-1.,0.,0.));
#3216=DIRECTION('',(0.,-0.0871557427476495,-0.996194698091746));
#3217=DIRECTION('',(-1.,0.,0.));
#3218=DIRECTION('',(0.,0.,1.));
#3219=DIRECTION('',(-1.,0.,0.));
#3220=DIRECTION('',(0.,0.,1.));
#3221=DIRECTION('',(-1.,0.,0.));
#3222=DIRECTION('',(1.,0.,0.));
#3223=DIRECTION('',(0.,0.,-1.));
#3224=DIRECTION('',(0.,0.,-1.));
#3225=DIRECTION('',(-1.,0.,0.));
#3226=DIRECTION('',(-1.,0.,0.));
#3227=DIRECTION('',(0.,-1.,0.));
#3228=DIRECTION('',(0.,-1.,0.));
#3229=DIRECTION('',(-1.,0.,0.));
#3230=DIRECTION('',(0.,0.,1.));
#3231=DIRECTION('',(-1.,0.,0.));
#3232=DIRECTION('',(1.,0.,0.));
#3233=DIRECTION('',(0.,0.,-1.));
#3234=DIRECTION('',(1.,0.,0.));
#3235=DIRECTION('',(0.,0.,-1.));
#3236=DIRECTION('',(0.,-0.984807753012208,-0.173648177666931));
#3237=DIRECTION('',(0.,0.173648177666931,-0.984807753012208));
#3238=DIRECTION('',(0.,-0.173648177666931,0.984807753012208));
#3239=DIRECTION('',(0.,-0.173648177666931,0.984807753012208));
#3240=DIRECTION('',(1.,0.,0.));
#3241=DIRECTION('',(0.,0.,-1.));
#3242=DIRECTION('',(1.,0.,0.));
#3243=DIRECTION('',(0.,0.,-1.));
#3244=DIRECTION('',(0.,-1.,0.));
#3245=DIRECTION('',(0.,-0.0871557427476495,-0.996194698091746));
#3246=DIRECTION('',(1.,0.,0.));
#3247=DIRECTION('',(0.,0.,-1.));
#3248=DIRECTION('',(0.,-0.121869343405147,-0.992546151641322));
#3249=DIRECTION('',(1.,0.,0.));
#3250=DIRECTION('',(0.,0.,-1.));
#3251=DIRECTION('',(0.,1.,-2.90078930018242E-19));
#3252=DIRECTION('',(1.,0.,0.));
#3253=DIRECTION('',(0.,0.,-1.));
#3254=DIRECTION('',(0.,-0.173648177666931,0.984807753012208));
#3255=DIRECTION('',(1.,0.,0.));
#3256=DIRECTION('',(0.,0.,-1.));
#3257=DIRECTION('',(1.,0.,0.));
#3258=DIRECTION('',(0.,0.,-1.));
#3259=DIRECTION('',(0.,-0.121869343405147,-0.992546151641322));
#3260=DIRECTION('',(1.,0.,0.));
#3261=DIRECTION('',(0.,0.,-1.));
#3262=DIRECTION('',(0.,-0.0871557427476495,-0.996194698091746));
#3263=DIRECTION('',(0.,-1.,0.));
#3264=DIRECTION('',(1.,0.,0.));
#3265=DIRECTION('',(0.,0.,-1.));
#3266=DIRECTION('',(0.,-0.173648177666931,0.984807753012208));
#3267=DIRECTION('',(1.,0.,0.));
#3268=DIRECTION('',(0.,0.,-1.));
#3269=DIRECTION('',(0.,1.,-2.90078930018242E-19));
#3270=DIRECTION('',(0.,-1.,2.90078930018242E-19));
#3271=DIRECTION('',(0.,-2.90078930018242E-19,-1.));
#3272=DIRECTION('',(0.,-1.,0.));
#3273=DIRECTION('',(0.,0.,-1.));
#3274=DIRECTION('',(0.,1.,0.));
#3275=DIRECTION('',(0.,0.,1.));
#3276=DIRECTION('',(1.,0.,0.));
#3277=DIRECTION('',(0.,0.,-1.));
#3278=DIRECTION('',(0.,0.173648177666922,-0.98480775301221));
#3279=DIRECTION('',(0.,0.98480775301221,0.173648177666922));
#3280=DIRECTION('',(1.,0.,0.));
#3281=DIRECTION('',(0.,0.,-1.));
#3282=DIRECTION('',(0.,-0.121869343405147,-0.992546151641322));
#3283=DIRECTION('',(0.,0.992546151641322,-0.121869343405147));
#3284=DIRECTION('',(0.,-0.173648177666931,0.984807753012208));
#3285=DIRECTION('',(0.,-0.984807753012208,-0.173648177666931));
#3286=DIRECTION('',(0.,0.173648177666935,-0.984807753012207));
#3287=DIRECTION('',(0.,0.984807753012207,0.173648177666935));
#3288=DIRECTION('',(0.,-0.121869343405147,-0.992546151641322));
#3289=DIRECTION('',(0.,0.992546151641322,-0.121869343405147));
#3290=DIRECTION('',(0.,-0.121869343405147,-0.992546151641322));
#3291=DIRECTION('',(0.,0.992546151641322,-0.121869343405147));
#3292=DIRECTION('',(1.,0.,0.));
#3293=DIRECTION('',(0.,0.,-1.));
#3294=DIRECTION('',(0.,1.,0.));
#3295=DIRECTION('',(0.,0.,1.));
#3296=DIRECTION('',(1.,0.,0.));
#3297=DIRECTION('',(0.,0.,-1.));
#3298=DIRECTION('',(0.,-1.,0.));
#3299=DIRECTION('',(0.,0.,-1.));
#3300=DIRECTION('',(0.,0.876290382943453,0.481783317229661));
#3301=DIRECTION('',(0.,0.481783317229661,-0.876290382943453));
#3302=DIRECTION('',(0.,0.556323725441302,0.830965650620476));
#3303=DIRECTION('',(0.,0.830965650620476,-0.556323725441302));
#3304=DIRECTION('',(0.,-0.0871557427476495,-0.996194698091746));
#3305=DIRECTION('',(0.,0.996194698091746,-0.0871557427476495));
#3306=DIRECTION('',(0.,1.,0.));
#3307=DIRECTION('',(0.,0.,1.));
#3308=DIRECTION('',(0.,1.,-2.90078930018242E-19));
#3309=DIRECTION('',(0.,2.90078930018242E-19,1.));
#3310=DIRECTION('',(0.,1.,0.));
#3311=DIRECTION('',(0.,0.,1.));
#3312=DIRECTION('',(1.,0.,0.));
#3313=DIRECTION('',(0.,0.,-1.));
#3314=DIRECTION('',(0.,-0.121869343405147,-0.992546151641322));
#3315=DIRECTION('',(0.,0.992546151641322,-0.121869343405147));
#3316=DIRECTION('',(0.,0.121869343405147,0.992546151641322));
#3317=DIRECTION('',(0.,-0.992546151641322,0.121869343405147));
#3318=DIRECTION('',(0.,-0.121869343405147,-0.992546151641322));
#3319=DIRECTION('',(0.,0.992546151641322,-0.121869343405147));
#3320=DIRECTION('',(1.,0.,0.));
#3321=DIRECTION('',(0.,0.,-1.));
#3322=DIRECTION('',(-1.34517254210571E-14,0.173648177666922,-0.984807753012209));
#3323=DIRECTION('',(0.,0.98480775301221,0.173648177666922));
#3324=DIRECTION('',(1.,0.,0.));
#3325=DIRECTION('',(0.,0.,-1.));
#3326=DIRECTION('',(0.,0.173648177666931,-0.984807753012208));
#3327=DIRECTION('',(0.,0.984807753012208,0.173648177666931));
#3328=DIRECTION('',(0.,0.173648177666935,-0.984807753012207));
#3329=DIRECTION('',(0.,0.984807753012207,0.173648177666935));
#3330=DIRECTION('',(1.,0.,0.));
#3331=DIRECTION('',(0.,0.,-1.));
#3332=DIRECTION('',(0.,1.,0.));
#3333=DIRECTION('',(0.,0.,1.));
#3334=DIRECTION('',(0.,0.0871557427476495,0.996194698091746));
#3335=DIRECTION('',(0.,-0.996194698091746,0.0871557427476495));
#3336=DIRECTION('',(0.,-0.556323725441302,-0.830965650620476));
#3337=DIRECTION('',(0.,0.830965650620476,-0.556323725441302));
#3338=DIRECTION('',(0.,1.,0.));
#3339=DIRECTION('',(0.,0.,1.));
#3340=DIRECTION('',(0.,-0.876290382943453,-0.481783317229661));
#3341=DIRECTION('',(0.,0.481783317229661,-0.876290382943453));
#3342=DIRECTION('',(0.499999999999999,0.86602540378444,-2.51215722498406E-19));
#3343=DIRECTION('',(-0.866025403784439,0.499999999999999,0.));
#3344=DIRECTION('',(-0.499999999999999,-0.866025403784439,2.51215722498406E-19));
#3345=DIRECTION('',(0.86602540378444,-0.499999999999999,0.));
#3346=DIRECTION('',(0.499999999999999,0.86602540378444,-2.51215722498406E-19));
#3347=DIRECTION('',(-0.499999999999999,-0.866025403784439,2.51215722498406E-19));
#3348=DIRECTION('',(0.86602540378444,-0.499999999999999,0.));
#3349=DIRECTION('',(0.499999999999999,0.86602540378444,-2.51215722498406E-19));
#3350=DIRECTION('',(-0.866025403784439,0.499999999999999,0.));
#3351=DIRECTION('',(0.499999999999999,0.86602540378444,-2.51215722498406E-19));
#3352=DIRECTION('',(-0.499999999999999,-0.866025403784439,2.51215722498406E-19));
#3353=DIRECTION('',(0.86602540378444,-0.499999999999999,0.));
#3354=DIRECTION('',(-0.499999999999999,-0.866025403784439,2.51215722498406E-19));
#3355=DIRECTION('',(0.86602540378444,-0.499999999999999,0.));
#3356=DIRECTION('',(0.859570181749867,-0.49627307582066,-0.121869343405146));
#3357=DIRECTION('',(0.499999999999999,0.866025403784439,0.));
#3358=DIRECTION('',(0.499999999999999,0.86602540378444,-2.51215722498406E-19));
#3359=DIRECTION('',(-0.105541947331386,0.0609346717025728,-0.992546151641322));
#3360=DIRECTION('',(-0.105541947331386,0.0609346717025728,-0.992546151641322));
#3361=DIRECTION('',(0.499999999999999,0.86602540378444,-2.51215722498406E-19));
#3362=DIRECTION('',(-0.866025403784439,0.499999999999999,0.));
#3363=DIRECTION('',(0.499999999999999,0.86602540378444,-2.51215722498406E-19));
#3364=DIRECTION('',(-0.499999999999999,-0.866025403784439,2.51215722498406E-19));
#3365=DIRECTION('',(0.86602540378444,-0.499999999999999,0.));
#3366=DIRECTION('',(-0.499999999999999,-0.866025403784439,2.51215722498406E-19));
#3367=DIRECTION('',(0.86602540378444,-0.499999999999999,0.));
#3368=DIRECTION('',(0.499999999999999,0.86602540378444,-2.51215722498406E-19));
#3369=DIRECTION('',(-0.866025403784439,0.499999999999999,0.));
#3370=DIRECTION('',(0.499999999999999,0.86602540378444,-2.51215722498406E-19));
#3371=DIRECTION('',(-0.499999999999994,-0.866025403784442,4.92927683745534E-14));
#3372=DIRECTION('',(0.866025403784442,-0.499999999999994,0.));
#3373=DIRECTION('',(0.500000000000021,0.866025403784426,-1.4690597778864E-14));
#3374=DIRECTION('',(-0.866025403784426,0.500000000000021,0.));
#3375=DIRECTION('',(0.862729915662823,-0.498097349045872,-0.087155742747647));
#3376=DIRECTION('',(0.499999999999999,0.866025403784439,0.));
#3377=DIRECTION('',(-0.0754790873051637,0.0435778713738234,-0.996194698091747));
#3378=DIRECTION('',(0.499999999999999,0.86602540378444,-2.51215722498406E-19));
#3379=DIRECTION('',(-0.0754790873051637,0.0435778713738234,-0.996194698091747));
#3380=DIRECTION('',(0.499999999999999,0.86602540378444,-2.51215722498406E-19));
#3381=DIRECTION('',(-0.866025403784439,0.499999999999999,0.));
#3382=DIRECTION('',(0.499999999999993,0.866025403784442,0.));
#3383=DIRECTION('',(-0.866025403784442,0.499999999999993,0.));
#3384=DIRECTION('',(0.499999999999999,0.86602540378444,-2.51215722498406E-19));
#3385=DIRECTION('',(-0.499999999999995,-0.866025403784441,0.));
#3386=DIRECTION('',(0.866025403784441,-0.499999999999995,0.));
#3387=DIRECTION('',(-1.25607861249203E-19,-2.17559197513682E-19,-1.));
#3388=DIRECTION('',(0.,1.,-2.17559197513682E-19));
#3389=DIRECTION('',(0.499999999999999,0.86602540378444,-2.51215722498406E-19));
#3390=DIRECTION('',(-0.86602540378444,0.499999999999999,9.62964972193618E-35));
#3391=DIRECTION('',(-0.86602540378444,0.499999999999999,9.62964972193618E-35));
#3392=DIRECTION('',(0.499999999999999,0.86602540378444,-2.51215722498406E-19));
#3393=DIRECTION('',(-0.866025403784439,0.499999999999999,0.));
#3394=DIRECTION('',(0.499999999999999,0.86602540378444,-2.51215722498406E-19));
#3395=DIRECTION('',(-0.499999999999999,-0.866025403784439,2.51215722498406E-19));
#3396=DIRECTION('',(0.86602540378444,-0.499999999999999,0.));
#3397=DIRECTION('',(-0.499999999999999,-0.866025403784439,2.51215722498406E-19));
#3398=DIRECTION('',(0.86602540378444,-0.499999999999999,0.));
#3399=DIRECTION('',(-0.852868531952444,0.492403876506103,-0.17364817766693));
#3400=DIRECTION('',(-0.499999999999999,-0.866025403784439,0.));
#3401=DIRECTION('',(-0.150383733180435,0.086824088833465,0.984807753012208));
#3402=DIRECTION('',(-0.150383733180435,0.086824088833465,0.984807753012208));
#3403=DIRECTION('',(-0.499999999999999,-0.866025403784439,2.51215722498406E-19));
#3404=DIRECTION('',(0.86602540378444,-0.499999999999999,0.));
#3405=DIRECTION('',(-0.499999999999999,-0.866025403784439,2.51215722498406E-19));
#3406=DIRECTION('',(0.86602540378444,-0.499999999999999,0.));
#3407=DIRECTION('',(-0.86602540378444,0.499999999999999,9.62964972193618E-35));
#3408=DIRECTION('',(-0.0754790873051637,0.0435778713738234,-0.996194698091747));
#3409=DIRECTION('',(-0.499999999999999,-0.866025403784439,2.51215722498406E-19));
#3410=DIRECTION('',(0.86602540378444,-0.499999999999999,0.));
#3411=DIRECTION('',(-0.105541947331386,0.0609346717025728,-0.992546151641322));
#3412=DIRECTION('',(-0.499999999999999,-0.866025403784439,2.51215722498406E-19));
#3413=DIRECTION('',(0.86602540378444,-0.499999999999999,0.));
#3414=DIRECTION('',(0.86602540378444,-0.499999999999999,1.45039465009121E-19));
#3415=DIRECTION('',(-0.499999999999999,-0.866025403784439,2.51215722498406E-19));
#3416=DIRECTION('',(0.86602540378444,-0.499999999999999,0.));
#3417=DIRECTION('',(-0.150383733180435,0.086824088833465,0.984807753012208));
#3418=DIRECTION('',(-0.499999999999999,-0.866025403784439,2.51215722498406E-19));
#3419=DIRECTION('',(0.86602540378444,-0.499999999999999,0.));
#3420=DIRECTION('',(-0.499999999999999,-0.866025403784439,2.51215722498406E-19));
#3421=DIRECTION('',(0.86602540378444,-0.499999999999999,0.));
#3422=DIRECTION('',(-0.105541947331386,0.0609346717025728,-0.992546151641322));
#3423=DIRECTION('',(-0.499999999999999,-0.866025403784439,2.51215722498406E-19));
#3424=DIRECTION('',(0.86602540378444,-0.499999999999999,0.));
#3425=DIRECTION('',(-0.0754790873051637,0.0435778713738234,-0.996194698091747));
#3426=DIRECTION('',(-0.86602540378444,0.499999999999999,9.62964972193618E-35));
#3427=DIRECTION('',(-0.499999999999999,-0.866025403784439,2.51215722498406E-19));
#3428=DIRECTION('',(0.86602540378444,-0.499999999999999,0.));
#3429=DIRECTION('',(-0.150383733180435,0.086824088833465,0.984807753012208));
#3430=DIRECTION('',(-0.499999999999999,-0.866025403784439,2.51215722498406E-19));
#3431=DIRECTION('',(0.86602540378444,-0.499999999999999,0.));
#3432=DIRECTION('',(0.86602540378444,-0.499999999999999,1.45039465009121E-19));
#3433=DIRECTION('',(-0.86602540378444,0.499999999999999,-1.45039465009121E-19));
#3434=DIRECTION('',(-0.499999999999999,-0.866025403784439,0.));
#3435=DIRECTION('',(-0.866025403784439,0.5,0.));
#3436=DIRECTION('',(-0.5,-0.866025403784439,0.));
#3437=DIRECTION('',(0.866025403784442,-0.499999999999994,6.82961998416055E-15));
#3438=DIRECTION('',(0.499999999999994,0.866025403784442,0.));
#3439=DIRECTION('',(-0.499999999999999,-0.866025403784439,2.51215722498406E-19));
#3440=DIRECTION('',(0.86602540378444,-0.499999999999999,0.));
#3441=DIRECTION('',(0.150383733180441,-0.0868240888334669,-0.984807753012207));
#3442=DIRECTION('',(-0.988540820816137,0.,-0.150953786239887));
#3443=DIRECTION('',(-0.499999999999999,-0.866025403784439,2.51215722498406E-19));
#3444=DIRECTION('',(0.86602540378444,-0.499999999999999,0.));
#3445=DIRECTION('',(-0.105541947331386,0.0609346717025739,-0.992546151641322));
#3446=DIRECTION('',(-0.994393977928917,0.,0.105738435106187));
#3447=DIRECTION('',(-0.150383733180435,0.086824088833465,0.984807753012208));
#3448=DIRECTION('',(0.988540820816138,0.,0.150953786239881));
#3449=DIRECTION('',(0.150383733180443,-0.0868240888334679,-0.984807753012207));
#3450=DIRECTION('',(-0.988540820816137,0.,-0.150953786239889));
#3451=DIRECTION('',(-0.105541947331386,0.0609346717025728,-0.992546151641322));
#3452=DIRECTION('',(-0.994393977928917,0.,0.105738435106186));
#3453=DIRECTION('',(-0.105541947331449,0.0609346717024657,-0.992546151641322));
#3454=DIRECTION('',(-0.99439397792891,0.,0.105738435106249));
#3455=DIRECTION('',(-0.499999999999999,-0.866025403784439,2.51215722498406E-19));
#3456=DIRECTION('',(0.86602540378444,-0.499999999999999,0.));
#3457=DIRECTION('',(0.866025403784442,-0.499999999999994,0.));
#3458=DIRECTION('',(0.499999999999994,0.866025403784442,0.));
#3459=DIRECTION('',(-0.499999999999999,-0.866025403784439,2.51215722498406E-19));
#3460=DIRECTION('',(0.86602540378444,-0.499999999999999,0.));
#3461=DIRECTION('',(-0.86602540378444,0.499999999999999,9.62964972193618E-35));
#3462=DIRECTION('',(-0.499999999999999,-0.866025403784439,0.));
#3463=DIRECTION('',(0.758889732721025,-0.438145191471725,0.481783317229661));
#3464=DIRECTION('',(0.417236591840423,-0.240891658614831,-0.876290382943453));
#3465=DIRECTION('',(0.481790478960163,-0.278161862720648,0.830965650620479));
#3466=DIRECTION('',(0.719637363109599,-0.41548282531024,-0.556323725441297));
#3467=DIRECTION('',(-0.0754790873051637,0.0435778713738234,-0.996194698091747));
#3468=DIRECTION('',(-0.997141949694317,0.,0.0755508581011209));
#3469=DIRECTION('',(0.866025403784441,-0.499999999999997,3.4148099920803E-15));
#3470=DIRECTION('',(0.499999999999997,0.866025403784441,0.));
#3471=DIRECTION('',(0.86602540378444,-0.499999999999999,1.45039465009121E-19));
#3472=DIRECTION('',(0.499999999999999,0.866025403784439,0.));
#3473=DIRECTION('',(0.866025403784441,-0.499999999999997,0.));
#3474=DIRECTION('',(0.499999999999997,0.866025403784441,0.));
#3475=DIRECTION('',(-0.499999999999999,-0.866025403784439,2.51215722498406E-19));
#3476=DIRECTION('',(0.86602540378444,-0.499999999999999,0.));
#3477=DIRECTION('',(-0.105541947331385,0.0609346717025721,-0.992546151641322));
#3478=DIRECTION('',(-0.994393977928917,0.,0.105738435106186));
#3479=DIRECTION('',(0.105541947331386,-0.0609346717025728,0.992546151641322));
#3480=DIRECTION('',(0.994393977928917,0.,-0.105738435106186));
#3481=DIRECTION('',(-0.105541947331387,0.060934671702573,-0.992546151641322));
#3482=DIRECTION('',(-0.994393977928917,0.,0.105738435106187));
#3483=DIRECTION('',(-0.499999999999999,-0.866025403784439,2.51215722498406E-19));
#3484=DIRECTION('',(0.86602540378444,-0.499999999999999,0.));
#3485=DIRECTION('',(0.15038373318044,-0.0868240888334676,-0.984807753012207));
#3486=DIRECTION('',(-0.988540820816138,0.,-0.150953786239886));
#3487=DIRECTION('',(-0.499999999999999,-0.866025403784439,2.51215722498406E-19));
#3488=DIRECTION('',(0.86602540378444,-0.499999999999999,0.));
#3489=DIRECTION('',(0.150383733180435,-0.086824088833465,-0.984807753012208));
#3490=DIRECTION('',(-0.988540820816138,0.,-0.150953786239881));
#3491=DIRECTION('',(0.15038373318044,-0.0868240888334666,-0.984807753012207));
#3492=DIRECTION('',(-0.988540820816138,0.,-0.150953786239886));
#3493=DIRECTION('',(-0.499999999999999,-0.866025403784439,2.51215722498406E-19));
#3494=DIRECTION('',(0.86602540378444,-0.499999999999999,0.));
#3495=DIRECTION('',(0.866025403784445,-0.499999999999989,-1.18292488089541E-14));
#3496=DIRECTION('',(0.499999999999989,0.866025403784445,0.));
#3497=DIRECTION('',(0.0754790873051637,-0.0435778713738234,0.996194698091747));
#3498=DIRECTION('',(0.997141949694317,0.,-0.0755508581011209));
#3499=DIRECTION('',(-0.481790478960162,0.278161862720647,-0.83096565062048));
#3500=DIRECTION('',(0.719637363109604,-0.415482825310233,-0.556323725441296));
#3501=DIRECTION('',(0.86602540378444,-0.499999999999999,-9.62964972193618E-35));
#3502=DIRECTION('',(0.499999999999999,0.866025403784439,0.));
#3503=DIRECTION('',(-0.758889732721025,0.438145191471725,-0.481783317229662));
#3504=DIRECTION('',(0.417236591840429,-0.240891658614822,-0.876290382943453));
#3505=DIRECTION('',(0.500000000000003,-0.866025403784437,2.51215722498406E-19));
#3506=DIRECTION('',(0.866025403784437,0.500000000000003,0.));
#3507=DIRECTION('',(-0.500000000000003,0.866025403784437,-2.51215722498406E-19));
#3508=DIRECTION('',(-0.866025403784437,-0.500000000000003,0.));
#3509=DIRECTION('',(0.500000000000003,-0.866025403784437,2.51215722498406E-19));
#3510=DIRECTION('',(-0.500000000000003,0.866025403784437,-2.51215722498406E-19));
#3511=DIRECTION('',(-0.866025403784437,-0.500000000000003,0.));
#3512=DIRECTION('',(0.500000000000003,-0.866025403784437,2.51215722498406E-19));
#3513=DIRECTION('',(0.866025403784437,0.500000000000003,0.));
#3514=DIRECTION('',(0.500000000000003,-0.866025403784437,2.51215722498406E-19));
#3515=DIRECTION('',(-0.500000000000003,0.866025403784437,-2.51215722498406E-19));
#3516=DIRECTION('',(-0.866025403784437,-0.500000000000003,0.));
#3517=DIRECTION('',(-0.500000000000003,0.866025403784437,-2.51215722498406E-19));
#3518=DIRECTION('',(-0.866025403784437,-0.500000000000003,0.));
#3519=DIRECTION('',(-0.859570181749865,-0.496273075820664,-0.121869343405147));
#3520=DIRECTION('',(0.500000000000003,-0.866025403784437,0.));
#3521=DIRECTION('',(0.500000000000003,-0.866025403784437,2.51215722498406E-19));
#3522=DIRECTION('',(0.105541947331387,0.0609346717025738,-0.992546151641322));
#3523=DIRECTION('',(0.105541947331387,0.0609346717025738,-0.992546151641322));
#3524=DIRECTION('',(0.500000000000003,-0.866025403784437,2.51215722498406E-19));
#3525=DIRECTION('',(0.866025403784437,0.500000000000003,0.));
#3526=DIRECTION('',(0.500000000000003,-0.866025403784437,2.51215722498406E-19));
#3527=DIRECTION('',(-0.500000000000003,0.866025403784437,-2.51215722498406E-19));
#3528=DIRECTION('',(-0.866025403784437,-0.500000000000003,0.));
#3529=DIRECTION('',(-0.500000000000003,0.866025403784437,-2.51215722498406E-19));
#3530=DIRECTION('',(-0.866025403784437,-0.500000000000003,0.));
#3531=DIRECTION('',(0.500000000000003,-0.866025403784437,2.51215722498406E-19));
#3532=DIRECTION('',(0.866025403784437,0.500000000000003,0.));
#3533=DIRECTION('',(0.500000000000003,-0.866025403784437,2.51215722498406E-19));
#3534=DIRECTION('',(-0.500000000000004,0.866025403784437,-8.20136969525078E-15));
#3535=DIRECTION('',(-0.866025403784437,-0.500000000000004,0.));
#3536=DIRECTION('',(0.499999999999999,-0.866025403784439,3.63565873088441E-15));
#3537=DIRECTION('',(0.866025403784439,0.5,0.));
#3538=DIRECTION('',(-0.86272991566282,-0.498097349045876,-0.087155742747647));
#3539=DIRECTION('',(0.500000000000003,-0.866025403784437,0.));
#3540=DIRECTION('',(0.0754790873051635,0.0435778713738237,-0.996194698091747));
#3541=DIRECTION('',(0.500000000000003,-0.866025403784437,2.51215722498406E-19));
#3542=DIRECTION('',(0.0754790873051635,0.0435778713738237,-0.996194698091747));
#3543=DIRECTION('',(0.500000000000003,-0.866025403784437,2.51215722498406E-19));
#3544=DIRECTION('',(0.866025403784437,0.500000000000003,0.));
#3545=DIRECTION('',(0.500000000000004,-0.866025403784436,2.72856330731811E-14));
#3546=DIRECTION('',(0.866025403784436,0.500000000000004,0.));
#3547=DIRECTION('',(0.500000000000003,-0.866025403784437,2.51215722498406E-19));
#3548=DIRECTION('',(-0.500000000000008,0.866025403784434,0.));
#3549=DIRECTION('',(-0.866025403784434,-0.500000000000008,0.));
#3550=DIRECTION('',(1.25607861249203E-19,-2.17559197513681E-19,-1.));
#3551=DIRECTION('',(0.,1.,-2.17559197513681E-19));
#3552=DIRECTION('',(0.500000000000003,-0.866025403784437,2.51215722498406E-19));
#3553=DIRECTION('',(0.866025403784437,0.500000000000003,0.));
#3554=DIRECTION('',(0.866025403784437,0.500000000000003,0.));
#3555=DIRECTION('',(0.500000000000003,-0.866025403784437,2.51215722498406E-19));
#3556=DIRECTION('',(0.866025403784437,0.500000000000003,0.));
#3557=DIRECTION('',(0.500000000000003,-0.866025403784437,2.51215722498406E-19));
#3558=DIRECTION('',(-0.500000000000003,0.866025403784437,-2.51215722498406E-19));
#3559=DIRECTION('',(-0.866025403784437,-0.500000000000003,0.));
#3560=DIRECTION('',(-0.500000000000003,0.866025403784437,-2.51215722498406E-19));
#3561=DIRECTION('',(-0.866025403784437,-0.500000000000003,0.));
#3562=DIRECTION('',(0.852868531952442,0.492403876506107,-0.17364817766693));
#3563=DIRECTION('',(-0.500000000000003,0.866025403784437,0.));
#3564=DIRECTION('',(0.150383733180435,0.0868240888334656,0.984807753012208));
#3565=DIRECTION('',(0.150383733180435,0.0868240888334656,0.984807753012208));
#3566=DIRECTION('',(-0.500000000000003,0.866025403784437,-2.51215722498406E-19));
#3567=DIRECTION('',(-0.866025403784437,-0.500000000000003,0.));
#3568=DIRECTION('',(-0.500000000000003,0.866025403784437,-2.51215722498406E-19));
#3569=DIRECTION('',(-0.866025403784437,-0.500000000000003,0.));
#3570=DIRECTION('',(0.866025403784437,0.500000000000003,0.));
#3571=DIRECTION('',(0.0754790873051635,0.0435778713738237,-0.996194698091747));
#3572=DIRECTION('',(-0.500000000000003,0.866025403784437,-2.51215722498406E-19));
#3573=DIRECTION('',(-0.866025403784437,-0.500000000000003,0.));
#3574=DIRECTION('',(0.105541947331387,0.0609346717025738,-0.992546151641322));
#3575=DIRECTION('',(-0.500000000000003,0.866025403784437,-2.51215722498406E-19));
#3576=DIRECTION('',(-0.866025403784437,-0.500000000000003,0.));
#3577=DIRECTION('',(-0.866025403784437,-0.500000000000003,1.45039465009122E-19));
#3578=DIRECTION('',(-0.500000000000003,0.866025403784437,-2.51215722498406E-19));
#3579=DIRECTION('',(-0.866025403784437,-0.500000000000003,0.));
#3580=DIRECTION('',(0.150383733180435,0.0868240888334656,0.984807753012208));
#3581=DIRECTION('',(-0.500000000000003,0.866025403784437,-2.51215722498406E-19));
#3582=DIRECTION('',(-0.866025403784437,-0.500000000000003,0.));
#3583=DIRECTION('',(-0.500000000000003,0.866025403784437,-2.51215722498406E-19));
#3584=DIRECTION('',(-0.866025403784437,-0.500000000000003,0.));
#3585=DIRECTION('',(0.105541947331387,0.0609346717025738,-0.992546151641322));
#3586=DIRECTION('',(-0.500000000000003,0.866025403784437,-2.51215722498406E-19));
#3587=DIRECTION('',(-0.866025403784437,-0.500000000000003,0.));
#3588=DIRECTION('',(0.0754790873051635,0.0435778713738237,-0.996194698091747));
#3589=DIRECTION('',(0.866025403784437,0.500000000000003,0.));
#3590=DIRECTION('',(-0.500000000000003,0.866025403784437,-2.51215722498406E-19));
#3591=DIRECTION('',(-0.866025403784437,-0.500000000000003,0.));
#3592=DIRECTION('',(0.150383733180435,0.0868240888334656,0.984807753012208));
#3593=DIRECTION('',(-0.500000000000003,0.866025403784437,-2.51215722498406E-19));
#3594=DIRECTION('',(-0.866025403784437,-0.500000000000003,0.));
#3595=DIRECTION('',(-0.866025403784437,-0.500000000000003,1.45039465009122E-19));
#3596=DIRECTION('',(0.866025403784437,0.500000000000003,-1.45039465009122E-19));
#3597=DIRECTION('',(-0.500000000000003,0.866025403784437,0.));
#3598=DIRECTION('',(0.866025403784433,0.50000000000001,0.));
#3599=DIRECTION('',(-0.50000000000001,0.866025403784433,0.));
#3600=DIRECTION('',(-0.866025403784435,-0.500000000000007,0.));
#3601=DIRECTION('',(0.500000000000007,-0.866025403784435,0.));
#3602=DIRECTION('',(-0.500000000000003,0.866025403784437,-2.51215722498406E-19));
#3603=DIRECTION('',(-0.866025403784437,-0.500000000000003,0.));
#3604=DIRECTION('',(-0.150383733180441,-0.0868240888334699,-0.984807753012207));
#3605=DIRECTION('',(-0.988540820816137,0.,0.150953786239887));
#3606=DIRECTION('',(-0.500000000000003,0.866025403784437,-2.51215722498406E-19));
#3607=DIRECTION('',(-0.866025403784437,-0.500000000000003,0.));
#3608=DIRECTION('',(0.105541947331386,0.0609346717025739,-0.992546151641322));
#3609=DIRECTION('',(-0.994393977928917,0.,-0.105738435106187));
#3610=DIRECTION('',(0.150383733180435,0.0868240888334656,0.984807753012208));
#3611=DIRECTION('',(0.988540820816138,0.,-0.150953786239881));
#3612=DIRECTION('',(-0.15038373318044,-0.0868240888334695,-0.984807753012207));
#3613=DIRECTION('',(-0.988540820816138,0.,0.150953786239886));
#3614=DIRECTION('',(0.105541947331387,0.0609346717025738,-0.992546151641322));
#3615=DIRECTION('',(-0.994393977928917,0.,-0.105738435106187));
#3616=DIRECTION('',(0.105541947331344,0.0609346717026467,-0.992546151641322));
#3617=DIRECTION('',(-0.994393977928921,0.,-0.105738435106145));
#3618=DIRECTION('',(-0.500000000000003,0.866025403784437,-2.51215722498406E-19));
#3619=DIRECTION('',(-0.866025403784437,-0.500000000000003,0.));
#3620=DIRECTION('',(-0.866025403784435,-0.500000000000007,2.70733076099882E-14));
#3621=DIRECTION('',(0.500000000000007,-0.866025403784435,0.));
#3622=DIRECTION('',(-0.500000000000003,0.866025403784437,-2.51215722498406E-19));
#3623=DIRECTION('',(-0.866025403784437,-0.500000000000003,0.));
#3624=DIRECTION('',(0.866025403784437,0.500000000000003,0.));
#3625=DIRECTION('',(-0.500000000000003,0.866025403784437,0.));
#3626=DIRECTION('',(-0.758889732721023,-0.438145191471729,0.481783317229661));
#3627=DIRECTION('',(-0.417236591840423,-0.240891658614831,-0.876290382943453));
#3628=DIRECTION('',(-0.481790478960161,-0.27816186272065,0.830965650620479));
#3629=DIRECTION('',(-0.719637363109599,-0.41548282531024,-0.556323725441297));
#3630=DIRECTION('',(0.0754790873051635,0.0435778713738237,-0.996194698091747));
#3631=DIRECTION('',(-0.997141949694317,0.,-0.0755508581011207));
#3632=DIRECTION('',(-0.866025403784433,-0.50000000000001,4.99962882479313E-15));
#3633=DIRECTION('',(0.50000000000001,-0.866025403784433,0.));
#3634=DIRECTION('',(-0.866025403784437,-0.500000000000003,1.45039465009122E-19));
#3635=DIRECTION('',(0.500000000000003,-0.866025403784437,0.));
#3636=DIRECTION('',(-0.866025403784435,-0.500000000000006,0.));
#3637=DIRECTION('',(0.500000000000006,-0.866025403784435,0.));
#3638=DIRECTION('',(-0.500000000000003,0.866025403784437,-2.51215722498406E-19));
#3639=DIRECTION('',(-0.866025403784437,-0.500000000000003,0.));
#3640=DIRECTION('',(0.105541947331386,0.0609346717025749,-0.992546151641322));
#3641=DIRECTION('',(-0.994393977928916,0.,-0.105738435106187));
#3642=DIRECTION('',(-0.105541947331387,-0.0609346717025738,0.992546151641322));
#3643=DIRECTION('',(0.994393977928917,0.,0.105738435106187));
#3644=DIRECTION('',(0.105541947331387,0.0609346717025753,-0.992546151641322));
#3645=DIRECTION('',(-0.994393977928916,0.,-0.105738435106188));
#3646=DIRECTION('',(-0.500000000000003,0.866025403784437,-2.51215722498406E-19));
#3647=DIRECTION('',(-0.866025403784437,-0.500000000000003,0.));
#3648=DIRECTION('',(-0.150383733180438,-0.0868240888334691,-0.984807753012207));
#3649=DIRECTION('',(-0.988540820816138,0.,0.150953786239884));
#3650=DIRECTION('',(-0.500000000000003,0.866025403784437,-2.51215722498406E-19));
#3651=DIRECTION('',(-0.866025403784437,-0.500000000000003,0.));
#3652=DIRECTION('',(-0.150383733180435,-0.0868240888334656,-0.984807753012208));
#3653=DIRECTION('',(-0.988540820816138,0.,0.150953786239881));
#3654=DIRECTION('',(-0.15038373318044,-0.0868240888334663,-0.984807753012207));
#3655=DIRECTION('',(-0.988540820816137,0.,0.150953786239886));
#3656=DIRECTION('',(-0.500000000000003,0.866025403784437,-2.51215722498406E-19));
#3657=DIRECTION('',(-0.866025403784437,-0.500000000000003,0.));
#3658=DIRECTION('',(-0.866025403784446,-0.499999999999988,3.04881176020686E-14));
#3659=DIRECTION('',(0.499999999999988,-0.866025403784446,0.));
#3660=DIRECTION('',(-0.0754790873051635,-0.0435778713738237,0.996194698091747));
#3661=DIRECTION('',(0.997141949694317,0.,0.0755508581011207));
#3662=DIRECTION('',(0.481790478960161,0.27816186272065,-0.830965650620479));
#3663=DIRECTION('',(-0.719637363109599,-0.41548282531024,-0.556323725441297));
#3664=DIRECTION('',(-0.866025403784437,-0.500000000000003,0.));
#3665=DIRECTION('',(0.500000000000003,-0.866025403784437,0.));
#3666=DIRECTION('',(0.758889732721023,0.438145191471729,-0.481783317229661));
#3667=DIRECTION('',(-0.417236591840423,-0.240891658614831,-0.876290382943453));
#3668=DIRECTION('',(0.,0.,-1.));
#3669=DIRECTION('',(-1.,0.,0.));
#3670=DIRECTION('',(0.,0.,-1.));
#3671=DIRECTION('',(-1.,0.,0.));
#3672=DIRECTION('',(0.,0.,-1.));
#3673=DIRECTION('',(-1.,0.,0.));
#3674=DIRECTION('',(0.,0.,-1.));
#3675=DIRECTION('',(-1.,0.,0.));
#3676=DIRECTION('',(0.,0.,-1.));
#3677=DIRECTION('',(-1.,0.,0.));
#3678=DIRECTION('',(0.,0.,-1.));
#3679=DIRECTION('',(-1.,0.,0.));
#3680=DIRECTION('',(0.,0.,-1.));
#3681=DIRECTION('',(-1.,0.,0.));
#3682=DIRECTION('',(0.,0.,-1.));
#3683=DIRECTION('',(-1.,0.,0.));
#3684=DIRECTION('',(0.,0.,-1.));
#3685=DIRECTION('',(-1.,0.,0.));
#3686=DIRECTION('',(0.,0.,-1.));
#3687=DIRECTION('',(-1.,0.,0.));
#3688=DIRECTION('',(0.,0.,-1.));
#3689=DIRECTION('',(-1.,0.,0.));
#3690=DIRECTION('',(0.,0.,-1.));
#3691=DIRECTION('',(-1.,0.,0.));
#3692=DIRECTION('',(0.,0.,-1.));
#3693=DIRECTION('',(-1.,0.,0.));
#3694=DIRECTION('',(0.,0.,-1.));
#3695=DIRECTION('',(-1.,0.,0.));
#3696=DIRECTION('',(0.,0.,-1.));
#3697=DIRECTION('',(-1.,0.,0.));
#3698=DIRECTION('',(0.,0.,-1.));
#3699=DIRECTION('',(-1.,0.,0.));
#3700=DIRECTION('',(0.,0.,-1.));
#3701=DIRECTION('',(-1.,0.,0.));
#3702=DIRECTION('',(0.,0.,-1.));
#3703=DIRECTION('',(-1.,0.,0.));
#3704=DIRECTION('',(0.,-4.65793865243746E-16,-1.));
#3705=DIRECTION('',(0.,1.,-4.65793865243746E-16));
#3706=DIRECTION('',(0.,-4.65793865243746E-16,-1.));
#3707=DIRECTION('',(0.,1.,-4.65793865243746E-16));
#3708=DIRECTION('',(0.,0.,-1.));
#3709=DIRECTION('',(-1.,0.,0.));
#3710=DIRECTION('',(0.,0.,-1.));
#3711=DIRECTION('',(-1.,0.,0.));
#3712=DIRECTION('',(1.86317546097498E-15,0.,-1.));
#3713=DIRECTION('',(-1.,0.,-1.86317546097498E-15));
#3714=DIRECTION('',(1.86317546097498E-15,0.,-1.));
#3715=DIRECTION('',(-1.,0.,-1.86317546097498E-15));
#3716=DIRECTION('',(0.,0.,-1.));
#3717=DIRECTION('',(-1.,0.,0.));
#3718=DIRECTION('',(0.,0.,-1.));
#3719=DIRECTION('',(-1.,0.,0.));
#3720=DIRECTION('',(0.,0.,-1.));
#3721=DIRECTION('',(-1.,0.,0.));
#3722=DIRECTION('',(0.,0.,-1.));
#3723=DIRECTION('',(-1.,0.,0.));
#3724=DIRECTION('',(0.,0.,-1.));
#3725=DIRECTION('',(-1.,0.,0.));
#3726=DIRECTION('',(0.,0.,-1.));
#3727=DIRECTION('',(-1.,0.,0.));
#3728=DIRECTION('',(4.65793865243746E-16,0.,-1.));
#3729=DIRECTION('',(-1.,0.,-4.65793865243746E-16));
#3730=DIRECTION('',(4.65793865243746E-16,0.,-1.));
#3731=DIRECTION('',(-1.,0.,-4.65793865243746E-16));
#3732=DIRECTION('',(4.65793865243746E-16,0.,-1.));
#3733=DIRECTION('',(-1.,0.,-4.65793865243746E-16));
#3734=DIRECTION('',(4.65793865243746E-16,0.,-1.));
#3735=DIRECTION('',(-1.,0.,-4.65793865243746E-16));
#3736=DIRECTION('',(0.,1.86317546097498E-15,-1.));
#3737=DIRECTION('',(0.,1.,1.86317546097498E-15));
#3738=DIRECTION('',(0.,1.86317546097498E-15,-1.));
#3739=DIRECTION('',(0.,1.,1.86317546097498E-15));
#3740=DIRECTION('',(0.,9.31587730487492E-16,-1.));
#3741=DIRECTION('',(0.,1.,9.31587730487492E-16));
#3742=DIRECTION('',(0.,9.31587730487492E-16,-1.));
#3743=DIRECTION('',(0.,1.,9.31587730487492E-16));
#3744=DIRECTION('',(-3.72635092194997E-15,9.31587730487492E-16,-1.));
#3745=DIRECTION('',(-1.,0.,3.72635092194997E-15));
#3746=DIRECTION('',(-3.72635092194997E-15,9.31587730487492E-16,-1.));
#3747=DIRECTION('',(-1.,0.,3.72635092194997E-15));
#3748=DIRECTION('',(0.,2.32896932621873E-16,-1.));
#3749=DIRECTION('',(0.,1.,2.32896932621873E-16));
#3750=DIRECTION('',(0.,2.32896932621873E-16,-1.));
#3751=DIRECTION('',(0.,1.,2.32896932621873E-16));
#3752=DIRECTION('',(-1.86317546097498E-15,0.,-1.));
#3753=DIRECTION('',(-1.,0.,1.86317546097498E-15));
#3754=DIRECTION('',(-1.86317546097498E-15,0.,-1.));
#3755=DIRECTION('',(-1.,0.,1.86317546097498E-15));
#3756=DIRECTION('',(0.,0.,-1.));
#3757=DIRECTION('',(-1.,0.,0.));
#3758=DIRECTION('',(0.,0.,-1.));
#3759=DIRECTION('',(-1.,0.,0.));
#3760=DIRECTION('',(-9.31587730487492E-16,-1.86317546097498E-15,-1.));
#3761=DIRECTION('',(0.,1.,-1.86317546097498E-15));
#3762=DIRECTION('',(-9.31587730487492E-16,-1.86317546097498E-15,-1.));
#3763=DIRECTION('',(0.,1.,-1.86317546097498E-15));
#3764=DIRECTION('',(0.,0.,-1.));
#3765=DIRECTION('',(-1.,0.,0.));
#3766=DIRECTION('',(0.,0.,-1.));
#3767=DIRECTION('',(-1.,0.,0.));
#3768=DIRECTION('',(0.,-1.86317546097498E-15,-1.));
#3769=DIRECTION('',(0.,1.,-1.86317546097498E-15));
#3770=DIRECTION('',(0.,-1.86317546097498E-15,-1.));
#3771=DIRECTION('',(0.,1.,-1.86317546097498E-15));
#3772=DIRECTION('',(-9.31587730487492E-16,0.,-1.));
#3773=DIRECTION('',(-1.,0.,9.31587730487492E-16));
#3774=DIRECTION('',(-9.31587730487492E-16,0.,-1.));
#3775=DIRECTION('',(-1.,0.,9.31587730487492E-16));
#3776=DIRECTION('',(1.86317546097498E-15,-1.86317546097498E-15,-1.));
#3777=DIRECTION('',(-1.,0.,-1.86317546097498E-15));
#3778=DIRECTION('',(1.86317546097498E-15,-1.86317546097498E-15,-1.));
#3779=DIRECTION('',(-1.,0.,-1.86317546097498E-15));
#3780=DIRECTION('',(0.,2.90078930018242E-19,1.));
#3781=DIRECTION('',(0.,-1.,2.90078930018242E-19));
#3782=DIRECTION('',(0.,0.,1.));
#3783=DIRECTION('',(1.,0.,0.));
#3784=DIRECTION('',(0.,2.90078930018242E-19,1.));
#3785=DIRECTION('',(0.,0.,1.));
#3786=DIRECTION('',(1.,0.,0.));
#3787=DIRECTION('',(0.988456619083771,-0.151504165584586,0.));
#3788=DIRECTION('',(0.,2.90078930018242E-19,1.));
#3789=DIRECTION('',(0.,-1.,2.90078930018242E-19));
#3790=DIRECTION('',(0.,0.,1.));
#3791=DIRECTION('',(1.,0.,0.));
#3792=DIRECTION('',(0.,2.90078930018242E-19,1.));
#3793=DIRECTION('',(0.,0.,1.));
#3794=DIRECTION('',(1.,0.,0.));
#3795=DIRECTION('',(0.988456619083771,-0.151504165584586,0.));
#3796=DIRECTION('',(0.,-2.90078930018242E-19,-1.));
#3797=DIRECTION('',(0.,1.,-2.90078930018242E-19));
#3798=DIRECTION('',(0.,-2.90078930018242E-19,-1.));
#3799=DIRECTION('',(-0.151504165584586,-0.988456619083771,0.));
#3800=DIRECTION('',(0.988456619083771,-0.151504165584586,0.));
#3801=DIRECTION('',(-0.151504165584586,-0.988456619083771,0.));
#3802=DIRECTION('',(0.988456619083771,-0.151504165584586,0.));
#3803=DIRECTION('',(0.,-2.90078930018242E-19,-1.));
#3804=DIRECTION('',(0.,1.,-2.90078930018242E-19));
#3805=DIRECTION('',(0.,-2.90078930018242E-19,-1.));
#3806=DIRECTION('',(-0.151504165584586,-0.988456619083771,0.));
#3807=DIRECTION('',(0.988456619083771,-0.151504165584586,0.));
#3808=DIRECTION('',(-0.151504165584586,-0.988456619083771,0.));
#3809=DIRECTION('',(0.988456619083771,-0.151504165584586,0.));
#3810=DIRECTION('',(0.,2.90078930018242E-19,1.));
#3811=DIRECTION('',(0.,-1.,2.90078930018242E-19));
#3812=DIRECTION('',(0.,-2.90078930018242E-19,-1.));
#3813=DIRECTION('',(0.,1.,-2.90078930018242E-19));
#3814=DIRECTION('',(0.,0.,-1.));
#3815=DIRECTION('',(-1.,0.,0.));
#3816=DIRECTION('',(0.,0.,1.));
#3817=DIRECTION('',(1.,0.,0.));
#3818=DIRECTION('',(0.,1.,0.));
#3819=DIRECTION('',(-1.,0.,0.));
#3820=DIRECTION('',(0.,0.,1.));
#3821=DIRECTION('',(1.,0.,0.));
#3822=DIRECTION('',(-1.,0.,0.));
#3823=DIRECTION('',(0.,-1.,0.));
#3824=DIRECTION('',(0.,0.,1.));
#3825=DIRECTION('',(1.,0.,0.));
#3826=DIRECTION('',(0.,-1.,0.));
#3827=DIRECTION('',(1.,0.,0.));
#3828=DIRECTION('',(0.,0.,1.));
#3829=DIRECTION('',(1.,0.,0.));
#3830=DIRECTION('',(0.,0.,1.));
#3831=DIRECTION('',(-1.,0.,0.));
#3832=DIRECTION('',(0.,0.,1.));
#3833=DIRECTION('',(1.,0.,0.));
#3834=DIRECTION('',(1.,0.,0.));
#3835=DIRECTION('',(0.,1.,0.));
#3836=DIRECTION('',(0.,0.,1.));
#3837=DIRECTION('',(1.,0.,0.));
#3838=DIRECTION('',(-0.577350269189626,0.577350269189626,-0.577350269189626));
#3839=DIRECTION('',(-0.707106781186547,-0.707106781186547,3.05311331771918E-16));
#3840=DIRECTION('',(0.,0.,1.));
#3841=DIRECTION('',(1.,0.,0.));
#3842=DIRECTION('',(-0.718873086818576,0.585048618558824,-0.375419230954334));
#3843=DIRECTION('',(-0.63121905749011,-0.775604603816466,-2.58219592930153E-8));
#3844=DIRECTION('',(0.,0.,1.));
#3845=DIRECTION('',(1.,0.,0.));
#3846=CARTESIAN_POINT('',(0.,0.,0.));
#3847=CARTESIAN_POINT('',(0.,-1.97797339047501E-35,-0.4));
#3848=CARTESIAN_POINT('',(0.,-1.16031572007297E-19,-0.4));
#3849=CARTESIAN_POINT('',(0.,0.71,-0.4));
#3850=CARTESIAN_POINT('',(-0.319406046653943,0.202743131476505,-0.4));
#3851=CARTESIAN_POINT('',(-0.295913731134295,0.211293635059647,-0.4));
#3852=CARTESIAN_POINT('',(-0.255127285685288,0.279347575788403,-0.4));
#3853=CARTESIAN_POINT('',(-0.231634970165641,0.287898079371544,-0.4));
#3854=CARTESIAN_POINT('',(-0.114358454275708,0.360620498496232,-0.4));
#3855=CARTESIAN_POINT('',(-0.09086613875606,0.35206999491309,-0.4));
#3856=CARTESIAN_POINT('',(-0.0158776789744865,0.377985316262925,-0.4));
#3857=CARTESIAN_POINT('',(0.00761463654516122,0.369434812679783,-0.4));
#3858=CARTESIAN_POINT('',(0.144198729810779,0.349759526419164,-0.4));
#3859=CARTESIAN_POINT('',(0.156698729810779,0.328108891324553,-0.4));
#3860=CARTESIAN_POINT('',(0.230801270189223,0.299759526419164,-0.4));
#3861=CARTESIAN_POINT('',(0.243301270189223,0.278108891324553,-0.4));
#3862=CARTESIAN_POINT('',(0.335283725628433,0.17524218478642,-0.4));
#3863=CARTESIAN_POINT('',(0.33094252118676,0.150621990961115,-0.4));
#3864=CARTESIAN_POINT('',(0.369485739961,0.0812729227078289,-0.4));
#3865=CARTESIAN_POINT('',(0.365144535519327,0.0566527288825237,-0.4));
#3866=CARTESIAN_POINT('',(0.369485739960999,-0.0812729227078315,-0.4));
#3867=CARTESIAN_POINT('',(0.350334628883024,-0.097342612949995,-0.4));
#3868=CARTESIAN_POINT('',(0.335283725628432,-0.175242184786422,-0.4));
#3869=CARTESIAN_POINT('',(0.316132614550458,-0.191311875028586,-0.4));
#3870=CARTESIAN_POINT('',(0.230801270189221,-0.299759526419165,-0.4));
#3871=CARTESIAN_POINT('',(0.205801270189221,-0.299759526419165,-0.4));
#3872=CARTESIAN_POINT('',(0.144198729810777,-0.349759526419165,-0.4));
#3873=CARTESIAN_POINT('',(0.119198729810777,-0.349759526419165,-0.4));
#3874=CARTESIAN_POINT('',(-0.0158776789744892,-0.377985316262925,-0.4));
#3875=CARTESIAN_POINT('',(-0.0350287900524637,-0.361915626020761,-0.4));
#3876=CARTESIAN_POINT('',(-0.11435845427571,-0.360620498496231,-0.4));
#3877=CARTESIAN_POINT('',(-0.133509565353685,-0.344550808254068,-0.4));
#3878=CARTESIAN_POINT('',(-0.25512728568529,-0.279347575788401,-0.4));
#3879=CARTESIAN_POINT('',(-0.259468490126963,-0.254727381963096,-0.4));
#3880=CARTESIAN_POINT('',(-0.319406046653944,-0.202743131476503,-0.4));
#3881=CARTESIAN_POINT('',(-0.323747251095618,-0.178122937651198,-0.4));
#3882=CARTESIAN_POINT('',(-0.375,-0.0499999999999997,-0.4));
#3883=CARTESIAN_POINT('',(-0.3625,-0.0283493649053887,-0.4));
#3884=CARTESIAN_POINT('',(-0.375,0.0500000000000006,-0.4));
#3885=CARTESIAN_POINT('',(-0.3625,0.0716506350946116,-0.4));
#3886=CARTESIAN_POINT('',(-0.2,0.0500000000000009,-0.4));
#3887=CARTESIAN_POINT('',(-0.178349364905389,0.0375000000000008,-0.4));
#3888=CARTESIAN_POINT('',(-0.2,-0.0499999999999994,-0.4));
#3889=CARTESIAN_POINT('',(-0.178349364905389,-0.0624999999999994,-0.4));
#3890=CARTESIAN_POINT('',(0.0500000000000002,0.2,-0.4));
#3891=CARTESIAN_POINT('',(0.0375000000000002,0.178349364905389,-0.4));
#3892=CARTESIAN_POINT('',(-0.0500000000000001,0.2,-0.4));
#3893=CARTESIAN_POINT('',(-0.0625000000000001,0.178349364905389,-0.4));
#3894=CARTESIAN_POINT('',(0.2,-0.0500000000000009,-0.4));
#3895=CARTESIAN_POINT('',(0.178349364905389,-0.0375000000000008,-0.4));
#3896=CARTESIAN_POINT('',(0.2,0.0499999999999994,-0.4));
#3897=CARTESIAN_POINT('',(0.178349364905389,0.0624999999999994,-0.4));
#3898=CARTESIAN_POINT('',(-0.0500000000000001,-0.2,-0.4));
#3899=CARTESIAN_POINT('',(-0.0375000000000002,-0.178349364905389,-0.4));
#3900=CARTESIAN_POINT('',(0.0500000000000001,-0.2,-0.4));
#3901=CARTESIAN_POINT('',(0.0625000000000001,-0.178349364905389,-0.4));
#3902=CARTESIAN_POINT('',(-0.0500000000000001,4.26851249010041E-18,-0.4));
#3903=CARTESIAN_POINT('',(-0.0375000000000001,0.021650635094611,-0.4));
#3904=CARTESIAN_POINT('',(0.0500000000000001,-8.53702498020082E-18,-0.4));
#3905=CARTESIAN_POINT('',(0.0625000000000001,0.021650635094611,-0.4));
#3906=CARTESIAN_POINT('',(-0.624076766497729,-0.239067332602636,-0.4));
#3907=CARTESIAN_POINT('',(-0.559214184731616,-0.201618903559636,-0.4));
#3908=CARTESIAN_POINT('',(-0.609076766497729,-0.230407078564792,-0.4));
#3909=CARTESIAN_POINT('',(-0.609076766497729,-0.230407078564792,-0.4));
#3910=CARTESIAN_POINT('',(-0.615081017681896,-0.233873634602252,-0.4));
#3911=CARTESIAN_POINT('',(-0.617310267600029,-0.241135182543413,-0.4));
#3912=CARTESIAN_POINT('',(-0.619076766497729,-0.24772758664048,-0.4));
#3913=CARTESIAN_POINT('',(-0.619076766497729,-0.24772758664048,-0.4));
#3914=CARTESIAN_POINT('',(-0.621576766497729,-0.243397459621558,-0.4));
#3915=CARTESIAN_POINT('',(-0.524076766497728,-0.412272413359524,-0.4));
#3916=CARTESIAN_POINT('',(-0.504076766497728,-0.412272413359523,-0.4));
#3917=CARTESIAN_POINT('',(-0.510081017681895,-0.415738969396984,-0.4));
#3918=CARTESIAN_POINT('',(-0.51748432762881,-0.414038782486908,-0.4));
#3919=CARTESIAN_POINT('',(-0.524076766497728,-0.412272413359524,-0.4));
#3920=CARTESIAN_POINT('',(-0.504076766497728,-0.412272413359523,-0.4));
#3921=CARTESIAN_POINT('',(0.0525000000000003,-0.0909326673973659,-0.4));
#3922=CARTESIAN_POINT('',(-0.454214184731615,-0.383484238354368,-0.4));
#3923=CARTESIAN_POINT('',(-0.454214184731615,-0.383484238354368,-0.4));
#3924=CARTESIAN_POINT('',(-0.448209933547449,-0.380017682316907,-0.4));
#3925=CARTESIAN_POINT('',(-0.445980683629095,-0.372756134375806,-0.4));
#3926=CARTESIAN_POINT('',(-0.444214184731615,-0.366163730278679,-0.4));
#3927=CARTESIAN_POINT('',(-0.444214184731615,-0.366163730278679,-0.4));
#3928=CARTESIAN_POINT('',(-0.541714184731616,-0.197288776540714,-0.4));
#3929=CARTESIAN_POINT('',(-0.539214184731616,-0.201618903559636,-0.4));
#3930=CARTESIAN_POINT('',(-0.559214184731616,-0.201618903559636,-0.4));
#3931=CARTESIAN_POINT('',(-0.553209933547449,-0.198152347522175,-0.4));
#3932=CARTESIAN_POINT('',(-0.545806623600483,-0.199852534432061,-0.4));
#3933=CARTESIAN_POINT('',(-0.539214184731616,-0.201618903559636,-0.4));
#3934=CARTESIAN_POINT('',(0.51907676649773,-0.420932667397365,-0.4));
#3935=CARTESIAN_POINT('',(0.454214184731617,-0.383484238354366,-0.4));
#3936=CARTESIAN_POINT('',(0.50407676649773,-0.412272413359521,-0.4));
#3937=CARTESIAN_POINT('',(0.50407676649773,-0.412272413359521,-0.4));
#3938=CARTESIAN_POINT('',(0.510081017681897,-0.415738969396982,-0.4));
#3939=CARTESIAN_POINT('',(0.517484327628962,-0.414038782487467,-0.4));
#3940=CARTESIAN_POINT('',(0.52407676649773,-0.412272413359521,-0.4));
#3941=CARTESIAN_POINT('',(0.52407676649773,-0.412272413359521,-0.4));
#3942=CARTESIAN_POINT('',(0.52157676649773,-0.416602540378443,-0.4));
#3943=CARTESIAN_POINT('',(0.61907676649773,-0.247727586640477,-0.4));
#3944=CARTESIAN_POINT('',(0.60907676649773,-0.230407078564789,-0.4));
#3945=CARTESIAN_POINT('',(0.615081017681897,-0.233873634602249,-0.4));
#3946=CARTESIAN_POINT('',(0.617310267600609,-0.241135182543255,-0.4));
#3947=CARTESIAN_POINT('',(0.61907676649773,-0.247727586640477,-0.4));
#3948=CARTESIAN_POINT('',(0.60907676649773,-0.230407078564789,-0.4));
#3949=CARTESIAN_POINT('',(0.0524999999999999,0.0909326673973661,-0.4));
#3950=CARTESIAN_POINT('',(0.559214184731617,-0.201618903559634,-0.4));
#3951=CARTESIAN_POINT('',(0.559214184731617,-0.201618903559634,-0.4));
#3952=CARTESIAN_POINT('',(0.55320993354745,-0.198152347522173,-0.4));
#3953=CARTESIAN_POINT('',(0.545806623600256,-0.199852534431207,-0.4));
#3954=CARTESIAN_POINT('',(0.539214184731617,-0.201618903559634,-0.4));
#3955=CARTESIAN_POINT('',(0.539214184731617,-0.201618903559634,-0.4));
#3956=CARTESIAN_POINT('',(0.441714184731617,-0.370493857297599,-0.4));
#3957=CARTESIAN_POINT('',(0.444214184731617,-0.366163730278677,-0.4));
#3958=CARTESIAN_POINT('',(0.454214184731617,-0.383484238354366,-0.4));
#3959=CARTESIAN_POINT('',(0.448209933547451,-0.380017682316905,-0.4));
#3960=CARTESIAN_POINT('',(0.445980683628243,-0.372756134376032,-0.4));
#3961=CARTESIAN_POINT('',(0.444214184731617,-0.366163730278677,-0.4));
#3962=CARTESIAN_POINT('',(0.105,0.66,-0.4));
#3963=CARTESIAN_POINT('',(0.105,0.585103141914001,-0.4));
#3964=CARTESIAN_POINT('',(0.105,0.642679491924311,-0.4));
#3965=CARTESIAN_POINT('',(0.105,0.642679491924311,-0.4));
#3966=CARTESIAN_POINT('',(0.105,0.649612603999233,-0.4));
#3967=CARTESIAN_POINT('',(0.0998259399701868,0.655173965029264,-0.4));
#3968=CARTESIAN_POINT('',(0.095,0.66,-0.4));
#3969=CARTESIAN_POINT('',(0.095,0.66,-0.4));
#3970=CARTESIAN_POINT('',(0.1,0.66,-0.4));
#3971=CARTESIAN_POINT('',(-0.095,0.66,-0.4));
#3972=CARTESIAN_POINT('',(-0.105,0.642679491924311,-0.4));
#3973=CARTESIAN_POINT('',(-0.105,0.649612603999233,-0.4));
#3974=CARTESIAN_POINT('',(-0.0998259399701869,0.655173965029264,-0.4));
#3975=CARTESIAN_POINT('',(-0.095,0.66,-0.4));
#3976=CARTESIAN_POINT('',(-0.105,0.642679491924311,-0.4));
#3977=CARTESIAN_POINT('',(-0.105,-1.97797339047501E-35,-0.4));
#3978=CARTESIAN_POINT('',(-0.105,0.585103141914001,-0.4));
#3979=CARTESIAN_POINT('',(-0.105,0.585103141914001,-0.4));
#3980=CARTESIAN_POINT('',(-0.105,0.578170029839079,-0.4));
#3981=CARTESIAN_POINT('',(-0.0998259399703303,0.572608668808905,-0.4));
#3982=CARTESIAN_POINT('',(-0.095,0.567782633838312,-0.4));
#3983=CARTESIAN_POINT('',(-0.095,0.567782633838312,-0.4));
#3984=CARTESIAN_POINT('',(0.1,0.567782633838312,-0.4));
#3985=CARTESIAN_POINT('',(0.095,0.567782633838312,-0.4));
#3986=CARTESIAN_POINT('',(0.105,0.585103141914001,-0.4));
#3987=CARTESIAN_POINT('',(0.105,0.578170029839079,-0.4));
#3988=CARTESIAN_POINT('',(0.0998259399703303,0.572608668808905,-0.4));
#3989=CARTESIAN_POINT('',(0.095,0.567782633838312,-0.4));
#3990=CARTESIAN_POINT('',(0.,0.,0.));
#3991=CARTESIAN_POINT('',(0.,-1.04428414806567E-19,-0.36));
#3992=CARTESIAN_POINT('',(0.,0.75,-0.36));
#3993=CARTESIAN_POINT('',(0.,-1.16031572007297E-20,-0.04));
#3994=CARTESIAN_POINT('',(0.,-0.75,-0.04));
#3995=CARTESIAN_POINT('',(0.,0.75,3.40393203220464E-17));
#3996=CARTESIAN_POINT('',(0.,1.04888046486454E-35,3.42568795195601E-17));
#3997=CARTESIAN_POINT('',(0.,-0.71,3.44628355598731E-17));
#3998=CARTESIAN_POINT('',(0.398959324501634,-0.120917800981268,3.78778162047561E-17));
#3999=CARTESIAN_POINT('',(0.442912134963927,-0.0925969092760971,3.78696009107931E-17));
#4000=CARTESIAN_POINT('',(0.497541024873251,0.0104998694263723,2.72908441251947E-17));
#4001=CARTESIAN_POINT('',(0.451214146487437,0.115480172609598,3.39255899430042E-17));
#4002=CARTESIAN_POINT('',(0.411893942418278,0.150452635902782,3.3915445168272E-17));
#4003=CARTESIAN_POINT('',(0.398959324501634,-0.120917800981268,3.30257180226498E-17));
#4004=CARTESIAN_POINT('',(0.411893942418278,0.150452635902782,3.8683394441535E-17));
#4005=CARTESIAN_POINT('',(0.3,9.26105775422368E-17,1.71828295591585E-17));
#4006=CARTESIAN_POINT('',(0.201183235762833,-0.121034332342919,3.5576804288915E-17));
#4007=CARTESIAN_POINT('',(0.188106057582586,0.15045263590355,3.73169160588208E-17));
#4008=CARTESIAN_POINT('',(0.14881101036095,0.115502547797999,3.73270543429825E-17));
#4009=CARTESIAN_POINT('',(0.102312594886732,0.010843944773819,3.68450012428382E-17));
#4010=CARTESIAN_POINT('',(0.15734038188086,-0.0928473203888539,3.15668973711779E-17));
#4011=CARTESIAN_POINT('',(0.201183235762833,-0.121034332342919,3.15750738294459E-17));
#4012=CARTESIAN_POINT('',(0.188106057582586,0.15045263590355,3.33151855993517E-17));
#4013=CARTESIAN_POINT('',(0.3,9.26105775422368E-17,3.41480999208033E-17));
#4014=CARTESIAN_POINT('',(-0.201040675498366,-0.120917800981268,2.48221705807381E-17));
#4015=CARTESIAN_POINT('',(-0.157087865036073,-0.0925969092760965,2.48139552867751E-17));
#4016=CARTESIAN_POINT('',(-0.102458975126749,0.0104998694263724,3.85707218578233E-17));
#4017=CARTESIAN_POINT('',(-0.148785853512563,0.115480172609598,3.54262388653051E-17));
#4018=CARTESIAN_POINT('',(-0.188106057581722,0.150452635902782,3.54160940905729E-17));
#4019=CARTESIAN_POINT('',(-0.201040675498366,-0.120917800981268,3.42262371604906E-17));
#4020=CARTESIAN_POINT('',(-0.188106057581722,0.150452635902782,1.82745690982424E-17));
#4021=CARTESIAN_POINT('',(-0.3,-1.7607634381025E-17,1.71828295591585E-17));
#4022=CARTESIAN_POINT('',(-0.398816764237167,-0.121034332342919,3.37260039514106E-17));
#4023=CARTESIAN_POINT('',(-0.411893942417414,0.150452635903551,3.61163969209801E-17));
#4024=CARTESIAN_POINT('',(-0.45118898963905,0.115502547797999,3.61265352051418E-17));
#4025=CARTESIAN_POINT('',(-0.497687405113268,0.0108439447738187,3.40688007365815E-17));
#4026=CARTESIAN_POINT('',(-0.44265961811914,-0.0928473203888541,3.57186927228771E-17));
#4027=CARTESIAN_POINT('',(-0.398816764237167,-0.121034332342919,3.57268691811451E-17));
#4028=CARTESIAN_POINT('',(-0.411893942417414,0.150452635903551,3.18145366770508E-17));
#4029=CARTESIAN_POINT('',(-0.3,-1.7607634381025E-17,3.41480999208033E-17));
#4030=CARTESIAN_POINT('',(0.1,0.567782633838312,-0.415));
#4031=CARTESIAN_POINT('',(-0.095,0.567782633838312,-0.415));
#4032=CARTESIAN_POINT('',(-0.095,0.582554750133496,-0.412395277334996));
#4033=CARTESIAN_POINT('',(0.1,0.582554750133496,-0.412395277334996));
#4034=CARTESIAN_POINT('',(0.095,0.582554750133496,-0.412395277334996));
#4035=CARTESIAN_POINT('',(0.095,0.567782633838312,-0.415));
#4036=CARTESIAN_POINT('',(0.1,0.66,-0.415));
#4037=CARTESIAN_POINT('',(0.1,0.64511180772538,-0.413171959848923));
#4038=CARTESIAN_POINT('',(0.095,0.64511180772538,-0.413171959848923));
#4039=CARTESIAN_POINT('',(-0.095,0.64511180772538,-0.413171959848923));
#4040=CARTESIAN_POINT('',(-0.095,0.66,-0.415));
#4041=CARTESIAN_POINT('',(0.095,0.66,-0.415));
#4042=CARTESIAN_POINT('',(0.1,0.64511180772538,-0.413171959848923));
#4043=CARTESIAN_POINT('',(0.1,0.636161711547777,-0.486064643683013));
#4044=CARTESIAN_POINT('',(0.095,0.636161711547777,-0.486064643683013));
#4045=CARTESIAN_POINT('',(-0.095,0.636161711547777,-0.486064643683013));
#4046=CARTESIAN_POINT('',(-0.095,0.64511180772538,-0.413171959848923));
#4047=CARTESIAN_POINT('',(0.095,0.64511180772538,-0.413171959848923));
#4048=CARTESIAN_POINT('',(0.1,0.639139350002701,-0.486430251713229));
#4049=CARTESIAN_POINT('',(0.1,0.637938228554716,-0.489179307417865));
#4050=CARTESIAN_POINT('',(0.095,0.637938228554716,-0.489179307417865));
#4051=CARTESIAN_POINT('',(-0.095,0.637938228554716,-0.489179307417865));
#4052=CARTESIAN_POINT('',(-0.095,0.639139350002701,-0.486430251713229));
#4053=CARTESIAN_POINT('',(0.095,0.639139350002701,-0.486430251713229));
#4054=CARTESIAN_POINT('',(0.1,0.636336733290737,-0.492844715024046));
#4055=CARTESIAN_POINT('',(0.1,0.640321512083104,-0.493193337995037));
#4056=CARTESIAN_POINT('',(0.095,0.640321512083104,-0.493193337995037));
#4057=CARTESIAN_POINT('',(-0.095,0.640321512083104,-0.493193337995037));
#4058=CARTESIAN_POINT('',(-0.095,0.636336733290737,-0.492844715024046));
#4059=CARTESIAN_POINT('',(0.095,0.636336733290737,-0.492844715024046));
#4060=CARTESIAN_POINT('',(0.0999999999999999,0.640321512083104,-0.493193337995037));
#4061=CARTESIAN_POINT('',(0.095,0.640321512083104,-0.493193337995037));
#4062=CARTESIAN_POINT('',(0.095,0.639885733369366,-0.498174311485495));
#4063=CARTESIAN_POINT('',(0.0999999999999999,0.639885733369366,-0.498174311485495));
#4064=CARTESIAN_POINT('',(-0.095,0.639885733369366,-0.498174311485495));
#4065=CARTESIAN_POINT('',(-0.095,0.640321512083104,-0.493193337995037));
#4066=CARTESIAN_POINT('',(0.0999999999999994,0.637893343973182,-0.498));
#4067=CARTESIAN_POINT('',(0.095,0.637893343973182,-0.498));
#4068=CARTESIAN_POINT('',(0.095,0.637893343973182,-0.5));
#4069=CARTESIAN_POINT('',(0.0999999999999994,0.637893343973182,-0.5));
#4070=CARTESIAN_POINT('',(-0.095,0.637893343973182,-0.5));
#4071=CARTESIAN_POINT('',(-0.095,0.637893343973182,-0.498));
#4072=CARTESIAN_POINT('',(0.1,0.637893343973182,-0.5));
#4073=CARTESIAN_POINT('',(0.1,0.610588320844477,-0.5));
#4074=CARTESIAN_POINT('',(0.095,0.610588320844477,-0.5));
#4075=CARTESIAN_POINT('',(-0.095,0.610588320844477,-0.5));
#4076=CARTESIAN_POINT('',(-0.095,0.637893343973182,-0.5));
#4077=CARTESIAN_POINT('',(0.095,0.637893343973182,-0.5));
#4078=CARTESIAN_POINT('',(0.1,0.610588320844477,-0.485));
#4079=CARTESIAN_POINT('',(0.1,0.595816204549294,-0.487604722665004));
#4080=CARTESIAN_POINT('',(0.095,0.595816204549294,-0.487604722665004));
#4081=CARTESIAN_POINT('',(-0.095,0.595816204549294,-0.487604722665004));
#4082=CARTESIAN_POINT('',(-0.095,0.610588320844477,-0.485));
#4083=CARTESIAN_POINT('',(0.095,0.610588320844477,-0.485));
#4084=CARTESIAN_POINT('',(0.1,0.595816204549294,-0.487604722665004));
#4085=CARTESIAN_POINT('',(-0.095,0.595816204549294,-0.487604722665004));
#4086=CARTESIAN_POINT('',(0.095,0.595816204549294,-0.487604722665004));
#4087=CARTESIAN_POINT('',(0.1,0.567782633838312,-0.415));
#4088=CARTESIAN_POINT('',(0.1,0.610588320844477,-0.485));
#4089=CARTESIAN_POINT('',(0.1,0.600740243314355,-0.486736481776669));
#4090=CARTESIAN_POINT('',(0.1,0.610588320844477,-0.495));
#4091=CARTESIAN_POINT('',(0.1,0.567782633838312,-0.495));
#4092=CARTESIAN_POINT('',(0.1,0.63514435045113,-0.495));
#4093=CARTESIAN_POINT('',(0.1,0.641578589639655,-0.421456309546677));
#4094=CARTESIAN_POINT('',(0.1,0.635280979998139,-0.493438317131581));
#4095=CARTESIAN_POINT('',(0.1,0.639139350002701,-0.486430251713229));
#4096=CARTESIAN_POINT('',(0.1,0.63119898078957,-0.485455296965988));
#4097=CARTESIAN_POINT('',(0.1,0.638779452023887,-0.423717313146419));
#4098=CARTESIAN_POINT('',(0.1,0.640149076967174,-0.412562613131897));
#4099=CARTESIAN_POINT('',(0.1,0.66,-0.415));
#4100=CARTESIAN_POINT('',(0.1,0.642679491924311,-0.405));
#4101=CARTESIAN_POINT('',(0.1,0.567782633838312,-0.405));
#4102=CARTESIAN_POINT('',(0.1,0.585103141914001,-0.405));
#4103=CARTESIAN_POINT('',(0.1,0.567782633838312,-0.415));
#4104=CARTESIAN_POINT('',(0.1,0.587478788898557,-0.411527036446661));
#4105=CARTESIAN_POINT('',(0.1,0.587478788898557,-0.411527036446661));
#4106=CARTESIAN_POINT('',(-0.1,0.567782633838312,-0.415));
#4107=CARTESIAN_POINT('',(-0.1,0.66,-0.415));
#4108=CARTESIAN_POINT('',(-0.1,0.642679491924311,-0.405));
#4109=CARTESIAN_POINT('',(-0.1,0.640149076967174,-0.412562613131897));
#4110=CARTESIAN_POINT('',(-0.1,0.63119898078957,-0.485455296965988));
#4111=CARTESIAN_POINT('',(-0.1,0.63119898078957,-0.485455296965988));
#4112=CARTESIAN_POINT('',(-0.1,0.639139350002701,-0.486430251713229));
#4113=CARTESIAN_POINT('',(-0.1,0.635280979998139,-0.493438317131581));
#4114=CARTESIAN_POINT('',(-0.1,0.634904759878907,-0.497738532771757));
#4115=CARTESIAN_POINT('',(-0.1,0.63514435045113,-0.495));
#4116=CARTESIAN_POINT('',(-0.1,0.610588320844477,-0.495));
#4117=CARTESIAN_POINT('',(-0.1,0.610588320844477,-0.495));
#4118=CARTESIAN_POINT('',(-0.1,0.610588320844477,-0.485));
#4119=CARTESIAN_POINT('',(-0.1,0.600740243314355,-0.486736481776669));
#4120=CARTESIAN_POINT('',(-0.1,0.587478788898557,-0.411527036446661));
#4121=CARTESIAN_POINT('',(-0.1,0.587478788898557,-0.411527036446661));
#4122=CARTESIAN_POINT('',(-0.1,0.567782633838312,-0.415));
#4123=CARTESIAN_POINT('',(-0.1,0.585103141914001,-0.405));
#4124=CARTESIAN_POINT('',(-0.1,0.567782633838312,-0.405));
#4125=CARTESIAN_POINT('',(0.105,-1.45039465009123E-21,-0.405));
#4126=CARTESIAN_POINT('',(0.105,0.642679491924311,-0.405));
#4127=CARTESIAN_POINT('',(0.105,0.585103141914001,-0.405));
#4128=CARTESIAN_POINT('',(0.1,0.585103141914001,-0.405));
#4129=CARTESIAN_POINT('',(0.1,0.585103141914001,-0.4));
#4130=CARTESIAN_POINT('',(0.105,0.585103141914001,-0.4));
#4131=CARTESIAN_POINT('',(0.1,0.580769956283279,-0.403498940176251));
#4132=CARTESIAN_POINT('',(0.101305164269438,0.581335502271026,-0.400000000000002));
#4133=CARTESIAN_POINT('',(0.104999977753813,0.578170033814812,-0.4));
#4134=CARTESIAN_POINT('',(0.0974129699853908,0.575021723695026,-0.4));
#4135=CARTESIAN_POINT('',(0.0986194877244109,0.573815200962719,-0.400006717458472));
#4136=CARTESIAN_POINT('',(0.0998259399703273,0.572608668808893,-0.4));
#4137=CARTESIAN_POINT('',(0.095,0.567782633838312,-0.4));
#4138=CARTESIAN_POINT('',(0.095,0.567782633838312,-0.4));
#4139=CARTESIAN_POINT('',(0.095,0.567782633838312,-0.4));
#4140=CARTESIAN_POINT('',(0.1,0.585103141914001,-0.405));
#4141=CARTESIAN_POINT('',(0.1,0.579114851611882,-0.402925595389251));
#4142=CARTESIAN_POINT('',(0.0969880773076197,0.573746816836941,-0.4));
#4143=CARTESIAN_POINT('',(0.095,0.567782633838312,-0.4));
#4144=CARTESIAN_POINT('',(0.105,0.642679491924311,-0.4));
#4145=CARTESIAN_POINT('',(0.1,0.642679491924311,-0.4));
#4146=CARTESIAN_POINT('',(0.1,0.642679491924311,-0.405));
#4147=CARTESIAN_POINT('',(0.104999977753813,0.6496126000235,-0.4));
#4148=CARTESIAN_POINT('',(0.101305164269438,0.646447131567286,-0.400000000000002));
#4149=CARTESIAN_POINT('',(0.1,0.647012677555058,-0.403498940176251));
#4150=CARTESIAN_POINT('',(0.0998259399701927,0.655173965029271,-0.4));
#4151=CARTESIAN_POINT('',(0.0986194877241845,0.653967432875549,-0.400006717613036));
#4152=CARTESIAN_POINT('',(0.0974129699850993,0.652760910143316,-0.4));
#4153=CARTESIAN_POINT('',(0.095,0.66,-0.4));
#4154=CARTESIAN_POINT('',(0.095,0.66,-0.4));
#4155=CARTESIAN_POINT('',(0.095,0.66,-0.4));
#4156=CARTESIAN_POINT('',(0.1,0.642679491924311,-0.405));
#4157=CARTESIAN_POINT('',(0.1,0.648667782226431,-0.402925595389251));
#4158=CARTESIAN_POINT('',(0.0969880773075126,0.654035817001336,-0.4));
#4159=CARTESIAN_POINT('',(0.095,0.66,-0.4));
#4160=CARTESIAN_POINT('',(0.095,0.567782633838312,-0.415));
#4161=CARTESIAN_POINT('',(0.095,0.587478788898557,-0.411527036446661));
#4162=CARTESIAN_POINT('',(0.095,0.66,-0.415));
#4163=CARTESIAN_POINT('',(0.095,0.640149076967174,-0.412562613131897));
#4164=CARTESIAN_POINT('',(0.095,0.600740243314355,-0.486736481776669));
#4165=CARTESIAN_POINT('',(0.095,0.600740243314355,-0.486736481776669));
#4166=CARTESIAN_POINT('',(0.095,0.640149076967173,-0.412562613131897));
#4167=CARTESIAN_POINT('',(0.095,0.63119898078957,-0.485455296965988));
#4168=CARTESIAN_POINT('',(0.095,0.610588320844477,-0.485));
#4169=CARTESIAN_POINT('',(0.095,0.610588320844477,-0.495));
#4170=CARTESIAN_POINT('',(0.095,0.639139350002701,-0.486430251713229));
#4171=CARTESIAN_POINT('',(0.095,0.637938228554716,-0.489179307417865));
#4172=CARTESIAN_POINT('',(0.0976478343447635,0.637938228554716,-0.489179307417865));
#4173=CARTESIAN_POINT('',(0.1,0.636827919771456,-0.491323845885963));
#4174=CARTESIAN_POINT('',(0.1,0.635280979998139,-0.493438317131581));
#4175=CARTESIAN_POINT('',(0.095,0.637893343973182,-0.495));
#4176=CARTESIAN_POINT('',(0.095,0.63514435045113,-0.495));
#4177=CARTESIAN_POINT('',(0.095,0.637938228554716,-0.489179307417865));
#4178=CARTESIAN_POINT('',(0.095,0.640572015952292,-0.490330065668171));
#4179=CARTESIAN_POINT('',(0.095,0.640321512083104,-0.493193337995037));
#4180=CARTESIAN_POINT('',(0.0979287595346641,0.637938203178375,-0.489179296330397));
#4181=CARTESIAN_POINT('',(0.0991404357266819,0.640570026316082,-0.490331323608444));
#4182=CARTESIAN_POINT('',(0.0979287595346643,0.640321501288869,-0.493193461373711));
#4183=CARTESIAN_POINT('',(0.1,0.636715494212441,-0.491482628137039));
#4184=CARTESIAN_POINT('',(0.100000223123042,0.637209313164764,-0.492409407634467));
#4185=CARTESIAN_POINT('',(0.0999999999999999,0.63770396540674,-0.493335738446593));
#4186=CARTESIAN_POINT('',(0.1,0.635280979998139,-0.493438317131581));
#4187=CARTESIAN_POINT('',(0.1,0.635280979998139,-0.493438317131581));
#4188=CARTESIAN_POINT('',(0.1,0.635280979998139,-0.493438317131581));
#4189=CARTESIAN_POINT('',(0.095,0.640321512083104,-0.493193337995037));
#4190=CARTESIAN_POINT('',(0.0976526217444754,0.640321512083104,-0.493193337995037));
#4191=CARTESIAN_POINT('',(0.1,0.637902829347917,-0.49332708943286));
#4192=CARTESIAN_POINT('',(0.1,0.635280979998139,-0.493438317131581));
#4193=CARTESIAN_POINT('',(0.095,0.639885733369366,-0.498174311485495));
#4194=CARTESIAN_POINT('',(0.095,0.639726006321217,-0.5));
#4195=CARTESIAN_POINT('',(0.095,0.637893343973182,-0.5));
#4196=CARTESIAN_POINT('',(0.0976181441614752,0.639885733440247,-0.498174310675315));
#4197=CARTESIAN_POINT('',(0.098497533076074,0.639725998108067,-0.499999991036909));
#4198=CARTESIAN_POINT('',(0.0976181441614752,0.637893343159909,-0.5));
#4199=CARTESIAN_POINT('',(0.1,0.637627010209351,-0.496662117470995));
#4200=CARTESIAN_POINT('',(0.0999999993555876,0.637105427089424,-0.497140139606602));
#4201=CARTESIAN_POINT('',(0.1,0.636583765008129,-0.49761807557101));
#4202=CARTESIAN_POINT('',(0.1,0.63514435045113,-0.495));
#4203=CARTESIAN_POINT('',(0.1,0.63514435045113,-0.495));
#4204=CARTESIAN_POINT('',(0.1,0.63514435045113,-0.495));
#4205=CARTESIAN_POINT('',(0.095,0.63514435045113,-0.495));
#4206=CARTESIAN_POINT('',(0.095,0.635340538592645,-0.492757559281298));
#4207=CARTESIAN_POINT('',(-0.1,0.642679491924311,-0.405));
#4208=CARTESIAN_POINT('',(-0.1,0.642679491924311,-0.4));
#4209=CARTESIAN_POINT('',(-0.105,0.642679491924311,-0.4));
#4210=CARTESIAN_POINT('',(-0.1,0.647012677555058,-0.403498940176251));
#4211=CARTESIAN_POINT('',(-0.101305164269441,0.646447131567289,-0.40000000000001));
#4212=CARTESIAN_POINT('',(-0.104999977753813,0.6496126000235,-0.4));
#4213=CARTESIAN_POINT('',(-0.0974129699853228,0.652760910143091,-0.4));
#4214=CARTESIAN_POINT('',(-0.0986194877243015,0.653967432875395,-0.400006717456903));
#4215=CARTESIAN_POINT('',(-0.0998259399701927,0.655173965029271,-0.4));
#4216=CARTESIAN_POINT('',(-0.095,0.66,-0.4));
#4217=CARTESIAN_POINT('',(-0.095,0.66,-0.4));
#4218=CARTESIAN_POINT('',(-0.095,0.66,-0.4));
#4219=CARTESIAN_POINT('',(-0.1,0.642679491924311,-0.405));
#4220=CARTESIAN_POINT('',(-0.1,0.64866778222643,-0.402925595389251));
#4221=CARTESIAN_POINT('',(-0.0969880773075126,0.654035817001336,-0.4));
#4222=CARTESIAN_POINT('',(-0.095,0.66,-0.4));
#4223=CARTESIAN_POINT('',(-0.105,0.642679491924311,-0.405));
#4224=CARTESIAN_POINT('',(-0.105,0.567782633838312,-0.405));
#4225=CARTESIAN_POINT('',(-0.105,0.585103141914001,-0.405));
#4226=CARTESIAN_POINT('',(-0.095,0.66,-0.415));
#4227=CARTESIAN_POINT('',(-0.095,0.640149076967174,-0.412562613131897));
#4228=CARTESIAN_POINT('',(-0.105,0.585103141914001,-0.4));
#4229=CARTESIAN_POINT('',(-0.1,0.585103141914001,-0.4));
#4230=CARTESIAN_POINT('',(-0.1,0.585103141914001,-0.405));
#4231=CARTESIAN_POINT('',(-0.104999977753813,0.578170033814812,-0.4));
#4232=CARTESIAN_POINT('',(-0.101305164269441,0.581335502271055,-0.40000000000001));
#4233=CARTESIAN_POINT('',(-0.1,0.580769956283279,-0.403498940176251));
#4234=CARTESIAN_POINT('',(-0.0998259399703273,0.572608668808893,-0.4));
#4235=CARTESIAN_POINT('',(-0.0986194877242896,0.573815200962607,-0.40000671761448));
#4236=CARTESIAN_POINT('',(-0.0974129699851614,0.575021723694795,-0.4));
#4237=CARTESIAN_POINT('',(-0.095,0.567782633838312,-0.4));
#4238=CARTESIAN_POINT('',(-0.095,0.567782633838312,-0.4));
#4239=CARTESIAN_POINT('',(-0.095,0.567782633838312,-0.4));
#4240=CARTESIAN_POINT('',(-0.1,0.585103141914001,-0.405));
#4241=CARTESIAN_POINT('',(-0.1,0.579114851611882,-0.402925595389252));
#4242=CARTESIAN_POINT('',(-0.0969880773076197,0.573746816836941,-0.4));
#4243=CARTESIAN_POINT('',(-0.095,0.567782633838312,-0.4));
#4244=CARTESIAN_POINT('',(-0.095,0.638779452023887,-0.423717313146419));
#4245=CARTESIAN_POINT('',(-0.095,0.63119898078957,-0.485455296965988));
#4246=CARTESIAN_POINT('',(-0.095,0.567782633838312,-0.415));
#4247=CARTESIAN_POINT('',(-0.095,0.587478788898557,-0.411527036446661));
#4248=CARTESIAN_POINT('',(-0.095,0.639139350002701,-0.486430251713229));
#4249=CARTESIAN_POINT('',(-0.095,0.637938228554716,-0.489179307417865));
#4250=CARTESIAN_POINT('',(-0.0976478343447635,0.637938228554716,-0.489179307417865));
#4251=CARTESIAN_POINT('',(-0.1,0.636827919771416,-0.491323845885934));
#4252=CARTESIAN_POINT('',(-0.1,0.635280979998139,-0.493438317131581));
#4253=CARTESIAN_POINT('',(-0.095,0.587478788898557,-0.411527036446661));
#4254=CARTESIAN_POINT('',(-0.095,0.600740243314355,-0.486736481776669));
#4255=CARTESIAN_POINT('',(-0.095,0.640321512083104,-0.493193337995037));
#4256=CARTESIAN_POINT('',(-0.095,0.640572015952292,-0.490330065668171));
#4257=CARTESIAN_POINT('',(-0.095,0.637938228554716,-0.489179307417865));
#4258=CARTESIAN_POINT('',(-0.0979287595346638,0.640321501288869,-0.493193461373713));
#4259=CARTESIAN_POINT('',(-0.0991404357266825,0.640570026316088,-0.490331323608446));
#4260=CARTESIAN_POINT('',(-0.0979287595346639,0.637938203178378,-0.489179296330398));
#4261=CARTESIAN_POINT('',(-0.1,0.637703965512826,-0.493335738467985));
#4262=CARTESIAN_POINT('',(-0.100000221604007,0.637209313239057,-0.492409407594734));
#4263=CARTESIAN_POINT('',(-0.1,0.636715494253675,-0.491482628036857));
#4264=CARTESIAN_POINT('',(-0.1,0.635280979998139,-0.493438317131581));
#4265=CARTESIAN_POINT('',(-0.1,0.635280979998139,-0.493438317131581));
#4266=CARTESIAN_POINT('',(-0.1,0.635280979998139,-0.493438317131581));
#4267=CARTESIAN_POINT('',(-0.095,0.640321512083104,-0.493193337995037));
#4268=CARTESIAN_POINT('',(-0.0976526217444754,0.640321512083104,-0.493193337995037));
#4269=CARTESIAN_POINT('',(-0.1,0.637902829347916,-0.493327089432839));
#4270=CARTESIAN_POINT('',(-0.1,0.635280979998139,-0.493438317131581));
#4271=CARTESIAN_POINT('',(-0.095,0.610588320844477,-0.485));
#4272=CARTESIAN_POINT('',(-0.095,0.610588320844477,-0.495));
#4273=CARTESIAN_POINT('',(-0.095,0.641578589639655,-0.421456309546677));
#4274=CARTESIAN_POINT('',(-0.095,0.63514435045113,-0.495));
#4275=CARTESIAN_POINT('',(-0.095,0.567782633838312,-0.495));
#4276=CARTESIAN_POINT('',(-0.095,0.63514435045113,-0.495));
#4277=CARTESIAN_POINT('',(-0.095,0.637893343973182,-0.5));
#4278=CARTESIAN_POINT('',(-0.095,0.639726006321217,-0.5));
#4279=CARTESIAN_POINT('',(-0.095,0.639885733369366,-0.498174311485495));
#4280=CARTESIAN_POINT('',(-0.0976181441614752,0.637893343159909,-0.5));
#4281=CARTESIAN_POINT('',(-0.0984975330760731,0.639725998108067,-0.499999991036909));
#4282=CARTESIAN_POINT('',(-0.0976181441614752,0.639885733440247,-0.498174310675317));
#4283=CARTESIAN_POINT('',(-0.1,0.636583765008129,-0.49761807557101));
#4284=CARTESIAN_POINT('',(-0.0999999993555876,0.637105427089424,-0.497140139606602));
#4285=CARTESIAN_POINT('',(-0.1,0.637627010209351,-0.496662117470995));
#4286=CARTESIAN_POINT('',(-0.1,0.63514435045113,-0.495));
#4287=CARTESIAN_POINT('',(-0.1,0.63514435045113,-0.495));
#4288=CARTESIAN_POINT('',(-0.1,0.63514435045113,-0.495));
#4289=CARTESIAN_POINT('',(0.441714184731617,-0.370493857297599,-0.415));
#4290=CARTESIAN_POINT('',(0.539214184731617,-0.201618903559634,-0.415));
#4291=CARTESIAN_POINT('',(0.552007212710904,-0.209004961707225,-0.412395277334996));
#4292=CARTESIAN_POINT('',(0.454507212710904,-0.377879915445191,-0.412395277334996));
#4293=CARTESIAN_POINT('',(0.457007212710904,-0.373549788426269,-0.412395277334996));
#4294=CARTESIAN_POINT('',(0.444214184731617,-0.366163730278677,-0.415));
#4295=CARTESIAN_POINT('',(0.52157676649773,-0.416602540378443,-0.415));
#4296=CARTESIAN_POINT('',(0.508683213771482,-0.409158444241133,-0.413171959848923));
#4297=CARTESIAN_POINT('',(0.511183213771482,-0.404828317222211,-0.413171959848923));
#4298=CARTESIAN_POINT('',(0.606183213771482,-0.240283490503168,-0.413171959848923));
#4299=CARTESIAN_POINT('',(0.61907676649773,-0.247727586640477,-0.415));
#4300=CARTESIAN_POINT('',(0.52407676649773,-0.412272413359521,-0.415));
#4301=CARTESIAN_POINT('',(0.508683213771482,-0.409158444241133,-0.413171959848923));
#4302=CARTESIAN_POINT('',(0.500932203115364,-0.404683396152332,-0.486064643683013));
#4303=CARTESIAN_POINT('',(0.503432203115364,-0.40035326913341,-0.486064643683013));
#4304=CARTESIAN_POINT('',(0.598432203115364,-0.235808442414366,-0.486064643683013));
#4305=CARTESIAN_POINT('',(0.606183213771482,-0.240283490503167,-0.413171959848923));
#4306=CARTESIAN_POINT('',(0.511183213771482,-0.404828317222211,-0.413171959848923));
#4307=CARTESIAN_POINT('',(0.503510913660614,-0.406172215379794,-0.486430251713229));
#4308=CARTESIAN_POINT('',(0.502470711973629,-0.405571654655801,-0.489179307417865));
#4309=CARTESIAN_POINT('',(0.504970711973629,-0.401241527636879,-0.489179307417865));
#4310=CARTESIAN_POINT('',(0.599970711973628,-0.236696700917835,-0.489179307417865));
#4311=CARTESIAN_POINT('',(0.601010913660613,-0.237297261641828,-0.486430251713229));
#4312=CARTESIAN_POINT('',(0.506010913660614,-0.401842088360871,-0.486430251713229));
#4313=CARTESIAN_POINT('',(0.501083776390982,-0.404770907023812,-0.492844715024046));
#4314=CARTESIAN_POINT('',(0.504534696053633,-0.406763296419995,-0.493193337995037));
#4315=CARTESIAN_POINT('',(0.507034696053633,-0.402433169401073,-0.493193337995037));
#4316=CARTESIAN_POINT('',(0.602034696053633,-0.237888342682029,-0.493193337995037));
#4317=CARTESIAN_POINT('',(0.598583776390981,-0.235895953285846,-0.492844715024046));
#4318=CARTESIAN_POINT('',(0.503583776390982,-0.400440780004889,-0.492844715024046));
#4319=CARTESIAN_POINT('',(0.504534696053633,-0.406763296419995,-0.493193337995037));
#4320=CARTESIAN_POINT('',(0.507034696053633,-0.402433169401073,-0.493193337995037));
#4321=CARTESIAN_POINT('',(0.506657300617107,-0.402215280044204,-0.498174311485495));
#4322=CARTESIAN_POINT('',(0.504157300617107,-0.406545407063126,-0.498174311485495));
#4323=CARTESIAN_POINT('',(0.601657300617107,-0.23767045332516,-0.498174311485495));
#4324=CARTESIAN_POINT('',(0.602034696053633,-0.237888342682029,-0.493193337995037));
#4325=CARTESIAN_POINT('',(0.502431840785782,-0.405549212365034,-0.498));
#4326=CARTESIAN_POINT('',(0.504931840785782,-0.401219085346112,-0.498));
#4327=CARTESIAN_POINT('',(0.504931840785782,-0.401219085346112,-0.5));
#4328=CARTESIAN_POINT('',(0.502431840785782,-0.405549212365034,-0.5));
#4329=CARTESIAN_POINT('',(0.599931840785781,-0.236674258627069,-0.5));
#4330=CARTESIAN_POINT('',(0.599931840785781,-0.236674258627069,-0.498));
#4331=CARTESIAN_POINT('',(0.502431840785782,-0.405549212365034,-0.5));
#4332=CARTESIAN_POINT('',(0.478784997105401,-0.391896700800682,-0.5));
#4333=CARTESIAN_POINT('',(0.481284997105401,-0.38756657378176,-0.5));
#4334=CARTESIAN_POINT('',(0.576284997105401,-0.223021747062716,-0.5));
#4335=CARTESIAN_POINT('',(0.599931840785782,-0.236674258627069,-0.5));
#4336=CARTESIAN_POINT('',(0.504931840785782,-0.401219085346112,-0.5));
#4337=CARTESIAN_POINT('',(0.478784997105402,-0.391896700800682,-0.485));
#4338=CARTESIAN_POINT('',(0.465991969126115,-0.38451064265309,-0.487604722665004));
#4339=CARTESIAN_POINT('',(0.468491969126115,-0.380180515634168,-0.487604722665004));
#4340=CARTESIAN_POINT('',(0.563491969126115,-0.215635688915125,-0.487604722665004));
#4341=CARTESIAN_POINT('',(0.576284997105401,-0.223021747062716,-0.485));
#4342=CARTESIAN_POINT('',(0.481284997105402,-0.38756657378176,-0.485));
#4343=CARTESIAN_POINT('',(0.465991969126115,-0.38451064265309,-0.487604722665004));
#4344=CARTESIAN_POINT('',(0.563491969126115,-0.215635688915125,-0.487604722665004));
#4345=CARTESIAN_POINT('',(0.468491969126115,-0.380180515634168,-0.487604722665004));
#4346=CARTESIAN_POINT('',(0.441714184731617,-0.370493857297599,-0.415));
#4347=CARTESIAN_POINT('',(0.478784997105402,-0.391896700800682,-0.485));
#4348=CARTESIAN_POINT('',(0.470256311785877,-0.386972662035621,-0.48673648177667));
#4349=CARTESIAN_POINT('',(0.478784997105401,-0.391896700800682,-0.495));
#4350=CARTESIAN_POINT('',(0.441714184731617,-0.370493857297599,-0.495));
#4351=CARTESIAN_POINT('',(0.500051142560845,-0.404174715604008,-0.495));
#4352=CARTESIAN_POINT('',(0.505623357152133,-0.40739183519827,-0.421456309546677));
#4353=CARTESIAN_POINT('',(0.500169467219463,-0.404243030377513,-0.493438317131581));
#4354=CARTESIAN_POINT('',(0.503510913660614,-0.406172215379794,-0.486430251713229));
#4355=CARTESIAN_POINT('',(0.496634352206615,-0.402202030773228,-0.485455296965987));
#4356=CARTESIAN_POINT('',(0.50319923286819,-0.405992266390387,-0.423717313146419));
#4357=CARTESIAN_POINT('',(0.504385362862733,-0.40667707886203,-0.412562613131897));
#4358=CARTESIAN_POINT('',(0.52157676649773,-0.416602540378443,-0.415));
#4359=CARTESIAN_POINT('',(0.50657676649773,-0.407942286340599,-0.405));
#4360=CARTESIAN_POINT('',(0.441714184731617,-0.3704938572976,-0.405));
#4361=CARTESIAN_POINT('',(0.456714184731617,-0.379154111335444,-0.405));
#4362=CARTESIAN_POINT('',(0.441714184731617,-0.370493857297599,-0.415));
#4363=CARTESIAN_POINT('',(0.458771555370666,-0.380341934827722,-0.411527036446662));
#4364=CARTESIAN_POINT('',(0.458771555370666,-0.380341934827721,-0.411527036446662));
#4365=CARTESIAN_POINT('',(0.541714184731617,-0.197288776540712,-0.415));
#4366=CARTESIAN_POINT('',(0.62157676649773,-0.243397459621555,-0.415));
#4367=CARTESIAN_POINT('',(0.60657676649773,-0.234737205583711,-0.405));
#4368=CARTESIAN_POINT('',(0.604385362862733,-0.233471998105142,-0.412562613131897));
#4369=CARTESIAN_POINT('',(0.596634352206614,-0.22899695001634,-0.485455296965988));
#4370=CARTESIAN_POINT('',(0.596634352206614,-0.228996950016341,-0.485455296965988));
#4371=CARTESIAN_POINT('',(0.603510913660613,-0.232967134622906,-0.486430251713229));
#4372=CARTESIAN_POINT('',(0.600169467219463,-0.231037949620625,-0.493438317131581));
#4373=CARTESIAN_POINT('',(0.599843651038793,-0.230849839561009,-0.497738532771757));
#4374=CARTESIAN_POINT('',(0.600051142560845,-0.23096963484712,-0.495));
#4375=CARTESIAN_POINT('',(0.578784997105401,-0.218691620043794,-0.495));
#4376=CARTESIAN_POINT('',(0.578784997105401,-0.218691620043794,-0.495));
#4377=CARTESIAN_POINT('',(0.578784997105401,-0.218691620043794,-0.485));
#4378=CARTESIAN_POINT('',(0.570256311785877,-0.213767581278733,-0.48673648177667));
#4379=CARTESIAN_POINT('',(0.558771555370666,-0.207136854070834,-0.411527036446662));
#4380=CARTESIAN_POINT('',(0.558771555370666,-0.207136854070834,-0.411527036446662));
#4381=CARTESIAN_POINT('',(0.541714184731617,-0.197288776540712,-0.415));
#4382=CARTESIAN_POINT('',(0.556714184731617,-0.205949030578556,-0.405));
#4383=CARTESIAN_POINT('',(0.541714184731617,-0.197288776540712,-0.405));
#4384=CARTESIAN_POINT('',(-0.0524999999999999,-0.0909326673973661,-0.405));
#4385=CARTESIAN_POINT('',(0.50407676649773,-0.412272413359521,-0.405));
#4386=CARTESIAN_POINT('',(0.454214184731617,-0.383484238354366,-0.405));
#4387=CARTESIAN_POINT('',(0.456714184731617,-0.379154111335444,-0.405));
#4388=CARTESIAN_POINT('',(0.456714184731617,-0.379154111335444,-0.4));
#4389=CARTESIAN_POINT('',(0.454214184731617,-0.383484238354366,-0.4));
#4390=CARTESIAN_POINT('',(0.452961535896089,-0.376987518520077,-0.403498940176251));
#4391=CARTESIAN_POINT('',(0.452798730953786,-0.378400596927407,-0.400000000000009));
#4392=CARTESIAN_POINT('',(0.448209948113605,-0.380017665039,-0.4));
#4393=CARTESIAN_POINT('',(0.449276935452512,-0.371872968512436,-0.4));
#4394=CARTESIAN_POINT('',(0.447628797246737,-0.37231458215897,-0.400006717456832));
#4395=CARTESIAN_POINT('',(0.445980683628243,-0.372756134376042,-0.4));
#4396=CARTESIAN_POINT('',(0.444214184731617,-0.366163730278677,-0.4));
#4397=CARTESIAN_POINT('',(0.444214184731617,-0.366163730278677,-0.4));
#4398=CARTESIAN_POINT('',(0.444214184731617,-0.366163730278677,-0.4));
#4399=CARTESIAN_POINT('',(0.456714184731617,-0.379154111335444,-0.405));
#4400=CARTESIAN_POINT('',(0.451528173204746,-0.376159966184384,-0.402925595389251));
#4401=CARTESIAN_POINT('',(0.448385280066616,-0.370867547231807,-0.4));
#4402=CARTESIAN_POINT('',(0.444214184731617,-0.366163730278677,-0.4));
#4403=CARTESIAN_POINT('',(0.50407676649773,-0.412272413359521,-0.4));
#4404=CARTESIAN_POINT('',(0.50657676649773,-0.407942286340599,-0.4));
#4405=CARTESIAN_POINT('',(0.50657676649773,-0.407942286340599,-0.405));
#4406=CARTESIAN_POINT('',(0.510081025361897,-0.415738948143367,-0.4));
#4407=CARTESIAN_POINT('',(0.509187056006172,-0.410956411575535,-0.400000000000012));
#4408=CARTESIAN_POINT('',(0.510329415333268,-0.410108879155971,-0.403498940176269));
#4409=CARTESIAN_POINT('',(0.517484327628967,-0.414038782487477,-0.4));
#4410=CARTESIAN_POINT('',(0.517042666256854,-0.412390698116983,-0.400006717613066));
#4411=CARTESIAN_POINT('',(0.516601045790548,-0.410742561738568,-0.4));
#4412=CARTESIAN_POINT('',(0.52407676649773,-0.412272413359521,-0.4));
#4413=CARTESIAN_POINT('',(0.52407676649773,-0.412272413359521,-0.4));
#4414=CARTESIAN_POINT('',(0.52407676649773,-0.412272413359521,-0.4));
#4415=CARTESIAN_POINT('',(0.50657676649773,-0.407942286340599,-0.405));
#4416=CARTESIAN_POINT('',(0.511762778024602,-0.410936431491659,-0.402925595389251));
#4417=CARTESIAN_POINT('',(0.51791759385413,-0.411012047314071,-0.4));
#4418=CARTESIAN_POINT('',(0.52407676649773,-0.412272413359521,-0.4));
#4419=CARTESIAN_POINT('',(0.444214184731617,-0.366163730278677,-0.415));
#4420=CARTESIAN_POINT('',(0.461271555370666,-0.376011807808799,-0.411527036446662));
#4421=CARTESIAN_POINT('',(0.52407676649773,-0.412272413359521,-0.415));
#4422=CARTESIAN_POINT('',(0.506885362862733,-0.402346951843108,-0.412562613131897));
#4423=CARTESIAN_POINT('',(0.472756311785877,-0.382642535016699,-0.486736481776669));
#4424=CARTESIAN_POINT('',(0.472756311785877,-0.382642535016699,-0.48673648177667));
#4425=CARTESIAN_POINT('',(0.506885362862733,-0.402346951843108,-0.412562613131897));
#4426=CARTESIAN_POINT('',(0.499134352206615,-0.397871903754306,-0.485455296965988));
#4427=CARTESIAN_POINT('',(0.481284997105402,-0.38756657378176,-0.485));
#4428=CARTESIAN_POINT('',(0.481284997105401,-0.38756657378176,-0.495));
#4429=CARTESIAN_POINT('',(0.506010913660614,-0.401842088360872,-0.486430251713229));
#4430=CARTESIAN_POINT('',(0.504970711973629,-0.401241527636879,-0.489179307417865));
#4431=CARTESIAN_POINT('',(0.503646794801247,-0.403534619444457,-0.489179307417865));
#4432=CARTESIAN_POINT('',(0.501509156361296,-0.40501650026418,-0.491323845885977));
#4433=CARTESIAN_POINT('',(0.500169467219463,-0.404243030377513,-0.493438317131581));
#4434=CARTESIAN_POINT('',(0.504931840785782,-0.401219085346112,-0.495));
#4435=CARTESIAN_POINT('',(0.502551142560845,-0.399844588585086,-0.495));
#4436=CARTESIAN_POINT('',(0.504970711973629,-0.401241527636879,-0.489179307417865));
#4437=CARTESIAN_POINT('',(0.507251638768096,-0.402558421335667,-0.490330065668171));
#4438=CARTESIAN_POINT('',(0.507034696053633,-0.402433169401073,-0.493193337995037));
#4439=CARTESIAN_POINT('',(0.503506310229741,-0.403777895107304,-0.489179296330397));
#4440=CARTESIAN_POINT('',(0.505179697829254,-0.406143149039609,-0.490331323608449));
#4441=CARTESIAN_POINT('',(0.505570306938218,-0.404969544162551,-0.493193461373713));
#4442=CARTESIAN_POINT('',(0.501411792971131,-0.404960287484659,-0.49148262813706));
#4443=CARTESIAN_POINT('',(0.501839341167184,-0.405207390191024,-0.492409407634431));
#4444=CARTESIAN_POINT('',(0.502267834136315,-0.405454523081816,-0.493335738446599));
#4445=CARTESIAN_POINT('',(0.500169467219463,-0.404243030377513,-0.493438317131581));
#4446=CARTESIAN_POINT('',(0.500169467219463,-0.404243030377513,-0.493438317131581));
#4447=CARTESIAN_POINT('',(0.500169467219463,-0.404243030377513,-0.493438317131581));
#4448=CARTESIAN_POINT('',(0.507034696053633,-0.402433169401073,-0.493193337995037));
#4449=CARTESIAN_POINT('',(0.505708385181395,-0.40473040721842,-0.493193337995037));
#4450=CARTESIAN_POINT('',(0.502440055361264,-0.4055539550524,-0.493327089432812));
#4451=CARTESIAN_POINT('',(0.500169467219463,-0.404243030377513,-0.493438317131581));
#4452=CARTESIAN_POINT('',(0.506657300617107,-0.402215280044204,-0.498174311485495));
#4453=CARTESIAN_POINT('',(0.506518972935739,-0.402135416520129,-0.5));
#4454=CARTESIAN_POINT('',(0.504931840785782,-0.401219085346112,-0.5));
#4455=CARTESIAN_POINT('',(0.505348228597756,-0.404482659434249,-0.498174310675317));
#4456=CARTESIAN_POINT('',(0.50477019928491,-0.405164364908005,-0.499999991036915));
#4457=CARTESIAN_POINT('',(0.503622768000732,-0.403486464294084,-0.5));
#4458=CARTESIAN_POINT('',(0.502201188980405,-0.405416045483111,-0.496662117470995));
#4459=CARTESIAN_POINT('',(0.501749485070741,-0.40515525336531,-0.497140139606348));
#4460=CARTESIAN_POINT('',(0.501297712133777,-0.404894422882503,-0.49761807557101));
#4461=CARTESIAN_POINT('',(0.500051142560845,-0.404174715604008,-0.495));
#4462=CARTESIAN_POINT('',(0.500051142560845,-0.404174715604008,-0.495));
#4463=CARTESIAN_POINT('',(0.500051142560845,-0.404174715604008,-0.495));
#4464=CARTESIAN_POINT('',(0.502551142560845,-0.399844588585086,-0.495));
#4465=CARTESIAN_POINT('',(0.502721046475319,-0.399942682655844,-0.492757559281298));
#4466=CARTESIAN_POINT('',(0.60657676649773,-0.234737205583711,-0.405));
#4467=CARTESIAN_POINT('',(0.60657676649773,-0.234737205583711,-0.4));
#4468=CARTESIAN_POINT('',(0.60907676649773,-0.230407078564789,-0.4));
#4469=CARTESIAN_POINT('',(0.610329415333245,-0.236903798399069,-0.403498940176269));
#4470=CARTESIAN_POINT('',(0.610492220275523,-0.235490719991754,-0.400000000000019));
#4471=CARTESIAN_POINT('',(0.615081003115718,-0.233873651880143,-0.4));
#4472=CARTESIAN_POINT('',(0.614014015776279,-0.242018348406618,-0.4));
#4473=CARTESIAN_POINT('',(0.615662153982089,-0.241576734760219,-0.400006717456815));
#4474=CARTESIAN_POINT('',(0.61731026760063,-0.241135182543246,-0.4));
#4475=CARTESIAN_POINT('',(0.61907676649773,-0.247727586640477,-0.4));
#4476=CARTESIAN_POINT('',(0.61907676649773,-0.247727586640477,-0.4));
#4477=CARTESIAN_POINT('',(0.61907676649773,-0.247727586640477,-0.4));
#4478=CARTESIAN_POINT('',(0.60657676649773,-0.234737205583711,-0.405));
#4479=CARTESIAN_POINT('',(0.611762778024601,-0.237731350734771,-0.402925595389251));
#4480=CARTESIAN_POINT('',(0.614905671162509,-0.243023769687545,-0.4));
#4481=CARTESIAN_POINT('',(0.61907676649773,-0.247727586640477,-0.4));
#4482=CARTESIAN_POINT('',(0.60907676649773,-0.230407078564789,-0.405));
#4483=CARTESIAN_POINT('',(0.544214184731617,-0.192958649521789,-0.405));
#4484=CARTESIAN_POINT('',(0.559214184731617,-0.201618903559634,-0.405));
#4485=CARTESIAN_POINT('',(0.61907676649773,-0.247727586640477,-0.415));
#4486=CARTESIAN_POINT('',(0.601885362862733,-0.237802125124064,-0.412562613131897));
#4487=CARTESIAN_POINT('',(0.559214184731617,-0.201618903559634,-0.4));
#4488=CARTESIAN_POINT('',(0.556714184731617,-0.205949030578556,-0.4));
#4489=CARTESIAN_POINT('',(0.556714184731617,-0.205949030578556,-0.405));
#4490=CARTESIAN_POINT('',(0.55320992586745,-0.198152368775818,-0.4));
#4491=CARTESIAN_POINT('',(0.554103895223215,-0.202934905343651,-0.400000000000009));
#4492=CARTESIAN_POINT('',(0.552961535896096,-0.203782437763194,-0.403498940176269));
#4493=CARTESIAN_POINT('',(0.545806623600267,-0.199852534431201,-0.4));
#4494=CARTESIAN_POINT('',(0.546248284972274,-0.201500618801723,-0.400006717613125));
#4495=CARTESIAN_POINT('',(0.54668990543845,-0.203148755180179,-0.4));
#4496=CARTESIAN_POINT('',(0.539214184731617,-0.201618903559634,-0.4));
#4497=CARTESIAN_POINT('',(0.539214184731617,-0.201618903559634,-0.4));
#4498=CARTESIAN_POINT('',(0.539214184731617,-0.201618903559634,-0.4));
#4499=CARTESIAN_POINT('',(0.556714184731617,-0.205949030578556,-0.405));
#4500=CARTESIAN_POINT('',(0.551528173204746,-0.202954885427496,-0.402925595389251));
#4501=CARTESIAN_POINT('',(0.545373357375278,-0.20287926960479,-0.4));
#4502=CARTESIAN_POINT('',(0.539214184731617,-0.201618903559634,-0.4));
#4503=CARTESIAN_POINT('',(0.600699232868189,-0.237117312652421,-0.423717313146419));
#4504=CARTESIAN_POINT('',(0.594134352206614,-0.233327077035263,-0.485455296965988));
#4505=CARTESIAN_POINT('',(0.539214184731617,-0.201618903559634,-0.415));
#4506=CARTESIAN_POINT('',(0.556271555370666,-0.211466981089756,-0.411527036446662));
#4507=CARTESIAN_POINT('',(0.601010913660613,-0.237297261641828,-0.486430251713229));
#4508=CARTESIAN_POINT('',(0.599970711973628,-0.236696700917836,-0.489179307417865));
#4509=CARTESIAN_POINT('',(0.60129462914601,-0.234403609110257,-0.489179307417865));
#4510=CARTESIAN_POINT('',(0.601509156361225,-0.231811419507252,-0.491323845885917));
#4511=CARTESIAN_POINT('',(0.600169467219463,-0.231037949620625,-0.493438317131581));
#4512=CARTESIAN_POINT('',(0.556271555370666,-0.211466981089756,-0.411527036446662));
#4513=CARTESIAN_POINT('',(0.567756311785877,-0.218097708297655,-0.48673648177667));
#4514=CARTESIAN_POINT('',(0.602034696053633,-0.237888342682029,-0.493193337995037));
#4515=CARTESIAN_POINT('',(0.602251638768096,-0.238013594616623,-0.490330065668171));
#4516=CARTESIAN_POINT('',(0.599970711973628,-0.236696700917836,-0.489179307417865));
#4517=CARTESIAN_POINT('',(0.603499066472884,-0.235351957126314,-0.493193461373714));
#4518=CARTESIAN_POINT('',(0.604320133555939,-0.234426877276471,-0.490331323608447));
#4519=CARTESIAN_POINT('',(0.601435069764406,-0.234160308071068,-0.489179296330397));
#4520=CARTESIAN_POINT('',(0.60226783422815,-0.232249442377949,-0.493335738467965));
#4521=CARTESIAN_POINT('',(0.601839563595069,-0.232001924326393,-0.492409407594715));
#4522=CARTESIAN_POINT('',(0.601411793006867,-0.231755206748404,-0.491482628036788));
#4523=CARTESIAN_POINT('',(0.600169467219463,-0.231037949620625,-0.493438317131581));
#4524=CARTESIAN_POINT('',(0.600169467219463,-0.231037949620625,-0.493438317131581));
#4525=CARTESIAN_POINT('',(0.600169467219463,-0.231037949620625,-0.493438317131581));
#4526=CARTESIAN_POINT('',(0.602034696053633,-0.237888342682029,-0.493193337995037));
#4527=CARTESIAN_POINT('',(0.603361006925871,-0.235591104864683,-0.493193337995037));
#4528=CARTESIAN_POINT('',(0.602440055361262,-0.232348874295511,-0.49332708943275));
#4529=CARTESIAN_POINT('',(0.600169467219463,-0.231037949620625,-0.493438317131581));
#4530=CARTESIAN_POINT('',(0.576284997105401,-0.223021747062716,-0.485));
#4531=CARTESIAN_POINT('',(0.576284997105401,-0.223021747062716,-0.495));
#4532=CARTESIAN_POINT('',(0.603123357152133,-0.238516881460305,-0.421456309546677));
#4533=CARTESIAN_POINT('',(0.597551142560845,-0.235299761866042,-0.495));
#4534=CARTESIAN_POINT('',(0.539214184731617,-0.201618903559634,-0.495));
#4535=CARTESIAN_POINT('',(0.597551142560845,-0.235299761866042,-0.495));
#4536=CARTESIAN_POINT('',(0.599931840785781,-0.236674258627068,-0.5));
#4537=CARTESIAN_POINT('',(0.601518972935739,-0.237590589801086,-0.5));
#4538=CARTESIAN_POINT('',(0.601657300617107,-0.23767045332516,-0.498174311485495));
#4539=CARTESIAN_POINT('',(0.601240912162206,-0.234406878865826,-0.5));
#4540=CARTESIAN_POINT('',(0.603267732360981,-0.234561633200052,-0.499999991036921));
#4541=CARTESIAN_POINT('',(0.602966372759231,-0.235403074005992,-0.498174310675317));
#4542=CARTESIAN_POINT('',(0.601297712133778,-0.231689342125617,-0.49761807557101));
#4543=CARTESIAN_POINT('',(0.601749484426207,-0.231950173724089,-0.497140139606689));
#4544=CARTESIAN_POINT('',(0.602201188980415,-0.232210964726229,-0.496662117470995));
#4545=CARTESIAN_POINT('',(0.600051142560845,-0.23096963484712,-0.495));
#4546=CARTESIAN_POINT('',(0.600051142560845,-0.23096963484712,-0.495));
#4547=CARTESIAN_POINT('',(0.600051142560845,-0.23096963484712,-0.495));
#4548=CARTESIAN_POINT('',(-0.541714184731616,-0.197288776540714,-0.415));
#4549=CARTESIAN_POINT('',(-0.444214184731615,-0.366163730278679,-0.415));
#4550=CARTESIAN_POINT('',(-0.457007212710902,-0.373549788426271,-0.412395277334996));
#4551=CARTESIAN_POINT('',(-0.554507212710903,-0.204674834688306,-0.412395277334996));
#4552=CARTESIAN_POINT('',(-0.552007212710902,-0.209004961707228,-0.412395277334996));
#4553=CARTESIAN_POINT('',(-0.539214184731616,-0.201618903559636,-0.415));
#4554=CARTESIAN_POINT('',(-0.621576766497729,-0.243397459621558,-0.415));
#4555=CARTESIAN_POINT('',(-0.608683213771481,-0.235953363484248,-0.413171959848923));
#4556=CARTESIAN_POINT('',(-0.606183213771481,-0.24028349050317,-0.413171959848923));
#4557=CARTESIAN_POINT('',(-0.51118321377148,-0.404828317222213,-0.413171959848923));
#4558=CARTESIAN_POINT('',(-0.524076766497728,-0.412272413359524,-0.415));
#4559=CARTESIAN_POINT('',(-0.619076766497729,-0.24772758664048,-0.415));
#4560=CARTESIAN_POINT('',(-0.608683213771481,-0.235953363484248,-0.413171959848923));
#4561=CARTESIAN_POINT('',(-0.600932203115363,-0.231478315395447,-0.486064643683013));
#4562=CARTESIAN_POINT('',(-0.598432203115363,-0.235808442414369,-0.486064643683013));
#4563=CARTESIAN_POINT('',(-0.503432203115362,-0.400353269133412,-0.486064643683013));
#4564=CARTESIAN_POINT('',(-0.51118321377148,-0.404828317222213,-0.413171959848923));
#4565=CARTESIAN_POINT('',(-0.606183213771481,-0.24028349050317,-0.413171959848923));
#4566=CARTESIAN_POINT('',(-0.603510913660612,-0.232967134622909,-0.486430251713229));
#4567=CARTESIAN_POINT('',(-0.602470711973627,-0.232366573898916,-0.489179307417865));
#4568=CARTESIAN_POINT('',(-0.599970711973627,-0.236696700917839,-0.489179307417865));
#4569=CARTESIAN_POINT('',(-0.504970711973627,-0.401241527636882,-0.489179307417865));
#4570=CARTESIAN_POINT('',(-0.506010913660612,-0.401842088360874,-0.486430251713229));
#4571=CARTESIAN_POINT('',(-0.601010913660613,-0.237297261641831,-0.486430251713229));
#4572=CARTESIAN_POINT('',(-0.601083776390981,-0.231565826266927,-0.492844715024046));
#4573=CARTESIAN_POINT('',(-0.604534696053632,-0.23355821566311,-0.493193337995037));
#4574=CARTESIAN_POINT('',(-0.602034696053632,-0.237888342682032,-0.493193337995037));
#4575=CARTESIAN_POINT('',(-0.507034696053631,-0.402433169401075,-0.493193337995037));
#4576=CARTESIAN_POINT('',(-0.50358377639098,-0.400440780004892,-0.492844715024046));
#4577=CARTESIAN_POINT('',(-0.59858377639098,-0.235895953285849,-0.492844715024047));
#4578=CARTESIAN_POINT('',(-0.604534696053632,-0.23355821566311,-0.493193337995037));
#4579=CARTESIAN_POINT('',(-0.602034696053632,-0.237888342682032,-0.493193337995037));
#4580=CARTESIAN_POINT('',(-0.601657300617106,-0.237670453325163,-0.498174311485495));
#4581=CARTESIAN_POINT('',(-0.604157300617106,-0.233340326306241,-0.498174311485495));
#4582=CARTESIAN_POINT('',(-0.506657300617105,-0.402215280044206,-0.498174311485495));
#4583=CARTESIAN_POINT('',(-0.507034696053631,-0.402433169401075,-0.493193337995037));
#4584=CARTESIAN_POINT('',(-0.60243184078578,-0.23234413160815,-0.498));
#4585=CARTESIAN_POINT('',(-0.59993184078578,-0.236674258627071,-0.498));
#4586=CARTESIAN_POINT('',(-0.599931840785781,-0.236674258627072,-0.5));
#4587=CARTESIAN_POINT('',(-0.60243184078578,-0.23234413160815,-0.5));
#4588=CARTESIAN_POINT('',(-0.50493184078578,-0.401219085346115,-0.5));
#4589=CARTESIAN_POINT('',(-0.50493184078578,-0.401219085346115,-0.498));
#4590=CARTESIAN_POINT('',(-0.60243184078578,-0.232344131608149,-0.5));
#4591=CARTESIAN_POINT('',(-0.5787849971054,-0.218691620043797,-0.5));
#4592=CARTESIAN_POINT('',(-0.5762849971054,-0.223021747062719,-0.5));
#4593=CARTESIAN_POINT('',(-0.4812849971054,-0.387566573781762,-0.5));
#4594=CARTESIAN_POINT('',(-0.50493184078578,-0.401219085346115,-0.5));
#4595=CARTESIAN_POINT('',(-0.59993184078578,-0.236674258627071,-0.5));
#4596=CARTESIAN_POINT('',(-0.5787849971054,-0.218691620043796,-0.485));
#4597=CARTESIAN_POINT('',(-0.565991969126113,-0.211305561896205,-0.487604722665004));
#4598=CARTESIAN_POINT('',(-0.563491969126113,-0.215635688915127,-0.487604722665004));
#4599=CARTESIAN_POINT('',(-0.468491969126113,-0.38018051563417,-0.487604722665004));
#4600=CARTESIAN_POINT('',(-0.481284997105399,-0.387566573781762,-0.485));
#4601=CARTESIAN_POINT('',(-0.5762849971054,-0.223021747062719,-0.485));
#4602=CARTESIAN_POINT('',(-0.565991969126113,-0.211305561896205,-0.487604722665004));
#4603=CARTESIAN_POINT('',(-0.468491969126113,-0.38018051563417,-0.487604722665004));
#4604=CARTESIAN_POINT('',(-0.563491969126113,-0.215635688915127,-0.487604722665004));
#4605=CARTESIAN_POINT('',(-0.541714184731616,-0.197288776540714,-0.415));
#4606=CARTESIAN_POINT('',(-0.5787849971054,-0.218691620043796,-0.485));
#4607=CARTESIAN_POINT('',(-0.570256311785876,-0.213767581278736,-0.48673648177667));
#4608=CARTESIAN_POINT('',(-0.5787849971054,-0.218691620043797,-0.495));
#4609=CARTESIAN_POINT('',(-0.541714184731616,-0.197288776540714,-0.495));
#4610=CARTESIAN_POINT('',(-0.600051142560844,-0.230969634847123,-0.495));
#4611=CARTESIAN_POINT('',(-0.605623357152132,-0.234186754441385,-0.421456309546677));
#4612=CARTESIAN_POINT('',(-0.600169467219462,-0.231037949620628,-0.493438317131581));
#4613=CARTESIAN_POINT('',(-0.603510913660612,-0.232967134622909,-0.486430251713229));
#4614=CARTESIAN_POINT('',(-0.596634352206613,-0.228996950016343,-0.485455296965987));
#4615=CARTESIAN_POINT('',(-0.603199232868188,-0.232787185633501,-0.423717313146419));
#4616=CARTESIAN_POINT('',(-0.604385362862732,-0.233471998105145,-0.412562613131897));
#4617=CARTESIAN_POINT('',(-0.621576766497729,-0.243397459621558,-0.415));
#4618=CARTESIAN_POINT('',(-0.606576766497729,-0.234737205583714,-0.405));
#4619=CARTESIAN_POINT('',(-0.541714184731616,-0.197288776540714,-0.405));
#4620=CARTESIAN_POINT('',(-0.556714184731616,-0.205949030578558,-0.405));
#4621=CARTESIAN_POINT('',(-0.541714184731616,-0.197288776540714,-0.415));
#4622=CARTESIAN_POINT('',(-0.558771555370665,-0.207136854070836,-0.411527036446662));
#4623=CARTESIAN_POINT('',(-0.558771555370665,-0.207136854070836,-0.411527036446662));
#4624=CARTESIAN_POINT('',(-0.441714184731615,-0.370493857297601,-0.415));
#4625=CARTESIAN_POINT('',(-0.521576766497728,-0.416602540378446,-0.415));
#4626=CARTESIAN_POINT('',(-0.506576766497729,-0.407942286340601,-0.405));
#4627=CARTESIAN_POINT('',(-0.504385362862731,-0.406677078862032,-0.412562613131897));
#4628=CARTESIAN_POINT('',(-0.496634352206613,-0.402202030773231,-0.485455296965988));
#4629=CARTESIAN_POINT('',(-0.496634352206613,-0.402202030773231,-0.485455296965988));
#4630=CARTESIAN_POINT('',(-0.503510913660612,-0.406172215379796,-0.486430251713229));
#4631=CARTESIAN_POINT('',(-0.500169467219461,-0.404243030377515,-0.493438317131581));
#4632=CARTESIAN_POINT('',(-0.499843651038791,-0.404054920317899,-0.497738532771757));
#4633=CARTESIAN_POINT('',(-0.500051142560844,-0.40417471560401,-0.495));
#4634=CARTESIAN_POINT('',(-0.4787849971054,-0.391896700800684,-0.495));
#4635=CARTESIAN_POINT('',(-0.4787849971054,-0.391896700800684,-0.495));
#4636=CARTESIAN_POINT('',(-0.478784997105399,-0.391896700800684,-0.485));
#4637=CARTESIAN_POINT('',(-0.470256311785875,-0.386972662035623,-0.48673648177667));
#4638=CARTESIAN_POINT('',(-0.458771555370664,-0.380341934827724,-0.411527036446662));
#4639=CARTESIAN_POINT('',(-0.458771555370664,-0.380341934827724,-0.411527036446662));
#4640=CARTESIAN_POINT('',(-0.441714184731615,-0.370493857297601,-0.415));
#4641=CARTESIAN_POINT('',(-0.456714184731615,-0.379154111335446,-0.405));
#4642=CARTESIAN_POINT('',(-0.441714184731615,-0.370493857297601,-0.405));
#4643=CARTESIAN_POINT('',(-0.0525000000000003,0.0909326673973659,-0.405));
#4644=CARTESIAN_POINT('',(-0.609076766497729,-0.230407078564792,-0.405));
#4645=CARTESIAN_POINT('',(-0.559214184731616,-0.201618903559636,-0.405));
#4646=CARTESIAN_POINT('',(-0.556714184731616,-0.205949030578558,-0.405));
#4647=CARTESIAN_POINT('',(-0.556714184731616,-0.205949030578558,-0.4));
#4648=CARTESIAN_POINT('',(-0.559214184731616,-0.201618903559636,-0.4));
#4649=CARTESIAN_POINT('',(-0.552961535896109,-0.203782437763204,-0.403498940176269));
#4650=CARTESIAN_POINT('',(-0.554103895223199,-0.202934905343639,-0.400000000000012));
#4651=CARTESIAN_POINT('',(-0.553209925867449,-0.198152368775808,-0.4));
#4652=CARTESIAN_POINT('',(-0.546689905439414,-0.203148755180832,-0.4));
#4653=CARTESIAN_POINT('',(-0.54624828497287,-0.201500618802486,-0.400006717456868));
#4654=CARTESIAN_POINT('',(-0.545806623600485,-0.199852534432059,-0.4));
#4655=CARTESIAN_POINT('',(-0.539214184731616,-0.201618903559636,-0.4));
#4656=CARTESIAN_POINT('',(-0.539214184731616,-0.201618903559636,-0.4));
#4657=CARTESIAN_POINT('',(-0.539214184731616,-0.201618903559636,-0.4));
#4658=CARTESIAN_POINT('',(-0.556714184731616,-0.205949030578558,-0.405));
#4659=CARTESIAN_POINT('',(-0.551528173204744,-0.202954885427499,-0.402925595389251));
#4660=CARTESIAN_POINT('',(-0.545373357375182,-0.202879269605254,-0.4));
#4661=CARTESIAN_POINT('',(-0.539214184731616,-0.201618903559636,-0.4));
#4662=CARTESIAN_POINT('',(-0.609076766497729,-0.230407078564792,-0.4));
#4663=CARTESIAN_POINT('',(-0.606576766497729,-0.234737205583714,-0.4));
#4664=CARTESIAN_POINT('',(-0.606576766497729,-0.234737205583714,-0.405));
#4665=CARTESIAN_POINT('',(-0.615081003115717,-0.233873651880158,-0.4));
#4666=CARTESIAN_POINT('',(-0.610492220275556,-0.235490719991747,-0.400000000000009));
#4667=CARTESIAN_POINT('',(-0.610329415333258,-0.236903798399081,-0.403498940176251));
#4668=CARTESIAN_POINT('',(-0.617310267600049,-0.241135182543412,-0.4));
#4669=CARTESIAN_POINT('',(-0.615662153981496,-0.241576734760397,-0.400006717612935));
#4670=CARTESIAN_POINT('',(-0.614014015775733,-0.242018348406799,-0.4));
#4671=CARTESIAN_POINT('',(-0.619076766497729,-0.24772758664048,-0.4));
#4672=CARTESIAN_POINT('',(-0.619076766497729,-0.24772758664048,-0.4));
#4673=CARTESIAN_POINT('',(-0.619076766497729,-0.24772758664048,-0.4));
#4674=CARTESIAN_POINT('',(-0.606576766497729,-0.234737205583714,-0.405));
#4675=CARTESIAN_POINT('',(-0.6117627780246,-0.237731350734773,-0.402925595389251));
#4676=CARTESIAN_POINT('',(-0.614905671162343,-0.243023769687694,-0.4));
#4677=CARTESIAN_POINT('',(-0.619076766497729,-0.24772758664048,-0.4));
#4678=CARTESIAN_POINT('',(-0.539214184731616,-0.201618903559636,-0.415));
#4679=CARTESIAN_POINT('',(-0.556271555370665,-0.211466981089758,-0.411527036446662));
#4680=CARTESIAN_POINT('',(-0.619076766497729,-0.24772758664048,-0.415));
#4681=CARTESIAN_POINT('',(-0.601885362862732,-0.237802125124067,-0.412562613131897));
#4682=CARTESIAN_POINT('',(-0.567756311785876,-0.218097708297658,-0.486736481776669));
#4683=CARTESIAN_POINT('',(-0.567756311785876,-0.218097708297658,-0.48673648177667));
#4684=CARTESIAN_POINT('',(-0.601885362862732,-0.237802125124067,-0.412562613131897));
#4685=CARTESIAN_POINT('',(-0.594134352206613,-0.233327077035265,-0.485455296965988));
#4686=CARTESIAN_POINT('',(-0.5762849971054,-0.223021747062719,-0.485));
#4687=CARTESIAN_POINT('',(-0.5762849971054,-0.223021747062719,-0.495));
#4688=CARTESIAN_POINT('',(-0.601010913660613,-0.237297261641831,-0.486430251713229));
#4689=CARTESIAN_POINT('',(-0.599970711973627,-0.236696700917839,-0.489179307417865));
#4690=CARTESIAN_POINT('',(-0.601294629146009,-0.234403609110261,-0.489179307417865));
#4691=CARTESIAN_POINT('',(-0.601509156361277,-0.231811419507285,-0.491323845885962));
#4692=CARTESIAN_POINT('',(-0.600169467219462,-0.231037949620628,-0.493438317131581));
#4693=CARTESIAN_POINT('',(-0.59993184078578,-0.236674258627071,-0.495));
#4694=CARTESIAN_POINT('',(-0.597551142560844,-0.235299761866045,-0.495));
#4695=CARTESIAN_POINT('',(-0.599970711973627,-0.236696700917838,-0.489179307417865));
#4696=CARTESIAN_POINT('',(-0.602251638768095,-0.238013594616626,-0.490330065668171));
#4697=CARTESIAN_POINT('',(-0.602034696053632,-0.237888342682032,-0.493193337995037));
#4698=CARTESIAN_POINT('',(-0.601435069764405,-0.234160308071072,-0.489179296330398));
#4699=CARTESIAN_POINT('',(-0.604320133555938,-0.234426877276478,-0.490331323608442));
#4700=CARTESIAN_POINT('',(-0.603499066472883,-0.235351957126317,-0.493193461373713));
#4701=CARTESIAN_POINT('',(-0.601411792971134,-0.231755206727777,-0.491482628137046));
#4702=CARTESIAN_POINT('',(-0.601839564290246,-0.232001922973715,-0.492409407634472));
#4703=CARTESIAN_POINT('',(-0.60226783413631,-0.232249442324929,-0.493335738446594));
#4704=CARTESIAN_POINT('',(-0.600169467219462,-0.231037949620628,-0.493438317131581));
#4705=CARTESIAN_POINT('',(-0.600169467219462,-0.231037949620628,-0.493438317131581));
#4706=CARTESIAN_POINT('',(-0.600169467219462,-0.231037949620628,-0.493438317131581));
#4707=CARTESIAN_POINT('',(-0.602034696053632,-0.237888342682032,-0.493193337995037));
#4708=CARTESIAN_POINT('',(-0.603361006925869,-0.235591104864686,-0.493193337995037));
#4709=CARTESIAN_POINT('',(-0.602440055361265,-0.232348874295516,-0.493327089432874));
#4710=CARTESIAN_POINT('',(-0.600169467219462,-0.231037949620628,-0.493438317131581));
#4711=CARTESIAN_POINT('',(-0.601657300617106,-0.237670453325163,-0.498174311485495));
#4712=CARTESIAN_POINT('',(-0.601518972935738,-0.237590589801089,-0.5));
#4713=CARTESIAN_POINT('',(-0.59993184078578,-0.236674258627071,-0.5));
#4714=CARTESIAN_POINT('',(-0.602966372759228,-0.235403074005998,-0.498174310675317));
#4715=CARTESIAN_POINT('',(-0.603267732360986,-0.234561633200057,-0.499999991036914));
#4716=CARTESIAN_POINT('',(-0.601240912162204,-0.234406878865831,-0.5));
#4717=CARTESIAN_POINT('',(-0.602201188980399,-0.232210964726224,-0.496662117470993));
#4718=CARTESIAN_POINT('',(-0.601749484426216,-0.231950173724353,-0.497140139606545));
#4719=CARTESIAN_POINT('',(-0.60129771213377,-0.231689342125615,-0.49761807557101));
#4720=CARTESIAN_POINT('',(-0.600051142560844,-0.230969634847123,-0.495));
#4721=CARTESIAN_POINT('',(-0.600051142560844,-0.230969634847123,-0.495));
#4722=CARTESIAN_POINT('',(-0.600051142560844,-0.230969634847123,-0.495));
#4723=CARTESIAN_POINT('',(-0.597551142560844,-0.235299761866045,-0.495));
#4724=CARTESIAN_POINT('',(-0.597721046475318,-0.235397855936803,-0.492757559281298));
#4725=CARTESIAN_POINT('',(-0.506576766497728,-0.407942286340601,-0.405));
#4726=CARTESIAN_POINT('',(-0.506576766497728,-0.407942286340601,-0.4));
#4727=CARTESIAN_POINT('',(-0.504076766497728,-0.412272413359523,-0.4));
#4728=CARTESIAN_POINT('',(-0.510329415333248,-0.410108879155963,-0.403498940176269));
#4729=CARTESIAN_POINT('',(-0.509187056006136,-0.410956411575503,-0.400000000000014));
#4730=CARTESIAN_POINT('',(-0.510081025361895,-0.415738948143351,-0.4));
#4731=CARTESIAN_POINT('',(-0.5166010457898,-0.410742561738144,-0.4));
#4732=CARTESIAN_POINT('',(-0.517042666256402,-0.412390698116483,-0.40000671745685));
#4733=CARTESIAN_POINT('',(-0.517484327628817,-0.414038782486899,-0.4));
#4734=CARTESIAN_POINT('',(-0.524076766497728,-0.412272413359524,-0.4));
#4735=CARTESIAN_POINT('',(-0.524076766497728,-0.412272413359524,-0.4));
#4736=CARTESIAN_POINT('',(-0.524076766497728,-0.412272413359524,-0.4));
#4737=CARTESIAN_POINT('',(-0.506576766497729,-0.407942286340601,-0.405));
#4738=CARTESIAN_POINT('',(-0.5117627780246,-0.410936431491661,-0.402925595389252));
#4739=CARTESIAN_POINT('',(-0.517917593854171,-0.411012047313861,-0.4));
#4740=CARTESIAN_POINT('',(-0.524076766497728,-0.412272413359524,-0.4));
#4741=CARTESIAN_POINT('',(-0.504076766497728,-0.412272413359523,-0.405));
#4742=CARTESIAN_POINT('',(-0.439214184731615,-0.374823984316524,-0.405));
#4743=CARTESIAN_POINT('',(-0.454214184731615,-0.383484238354368,-0.405));
#4744=CARTESIAN_POINT('',(-0.524076766497728,-0.412272413359524,-0.415));
#4745=CARTESIAN_POINT('',(-0.506885362862731,-0.40234695184311,-0.412562613131897));
#4746=CARTESIAN_POINT('',(-0.454214184731615,-0.383484238354368,-0.4));
#4747=CARTESIAN_POINT('',(-0.456714184731615,-0.379154111335446,-0.4));
#4748=CARTESIAN_POINT('',(-0.456714184731615,-0.379154111335446,-0.405));
#4749=CARTESIAN_POINT('',(-0.448209948113627,-0.380017665039001,-0.4));
#4750=CARTESIAN_POINT('',(-0.452798730953784,-0.378400596927398,-0.400000000000005));
#4751=CARTESIAN_POINT('',(-0.452961535896083,-0.376987518520077,-0.403498940176245));
#4752=CARTESIAN_POINT('',(-0.4459806836291,-0.372756134375801,-0.4));
#4753=CARTESIAN_POINT('',(-0.447628797247605,-0.372314582158776,-0.400006717613101));
#4754=CARTESIAN_POINT('',(-0.449276935453398,-0.371872968512314,-0.4));
#4755=CARTESIAN_POINT('',(-0.444214184731615,-0.366163730278679,-0.4));
#4756=CARTESIAN_POINT('',(-0.444214184731615,-0.366163730278679,-0.4));
#4757=CARTESIAN_POINT('',(-0.444214184731615,-0.366163730278679,-0.4));
#4758=CARTESIAN_POINT('',(-0.456714184731615,-0.379154111335446,-0.405));
#4759=CARTESIAN_POINT('',(-0.451528173204744,-0.376159966184386,-0.402925595389251));
#4760=CARTESIAN_POINT('',(-0.448385280066973,-0.370867547231491,-0.4));
#4761=CARTESIAN_POINT('',(-0.444214184731615,-0.366163730278679,-0.4));
#4762=CARTESIAN_POINT('',(-0.505699232868188,-0.401662139371467,-0.423717313146419));
#4763=CARTESIAN_POINT('',(-0.499134352206613,-0.397871903754309,-0.485455296965988));
#4764=CARTESIAN_POINT('',(-0.444214184731615,-0.366163730278679,-0.415));
#4765=CARTESIAN_POINT('',(-0.461271555370664,-0.376011807808801,-0.411527036446662));
#4766=CARTESIAN_POINT('',(-0.506010913660612,-0.401842088360874,-0.486430251713229));
#4767=CARTESIAN_POINT('',(-0.504970711973627,-0.401241527636882,-0.489179307417865));
#4768=CARTESIAN_POINT('',(-0.503646794801245,-0.40353461944446,-0.489179307417865));
#4769=CARTESIAN_POINT('',(-0.501509156361236,-0.405016500264149,-0.491323845885928));
#4770=CARTESIAN_POINT('',(-0.500169467219461,-0.404243030377515,-0.493438317131581));
#4771=CARTESIAN_POINT('',(-0.461271555370664,-0.376011807808801,-0.411527036446662));
#4772=CARTESIAN_POINT('',(-0.472756311785875,-0.382642535016701,-0.48673648177667));
#4773=CARTESIAN_POINT('',(-0.507034696053631,-0.402433169401075,-0.493193337995037));
#4774=CARTESIAN_POINT('',(-0.507251638768095,-0.402558421335669,-0.490330065668171));
#4775=CARTESIAN_POINT('',(-0.504970711973627,-0.401241527636881,-0.489179307417865));
#4776=CARTESIAN_POINT('',(-0.505570306938216,-0.404969544162554,-0.493193461373715));
#4777=CARTESIAN_POINT('',(-0.505179697829252,-0.406143149039611,-0.490331323608448));
#4778=CARTESIAN_POINT('',(-0.50350631022974,-0.403777895107307,-0.489179296330397));
#4779=CARTESIAN_POINT('',(-0.502267834228154,-0.405454523134843,-0.493335738467968));
#4780=CARTESIAN_POINT('',(-0.501839341991032,-0.40520738891267,-0.49240940759466));
#4781=CARTESIAN_POINT('',(-0.501411793006863,-0.404960287505293,-0.4914826280368));
#4782=CARTESIAN_POINT('',(-0.500169467219461,-0.404243030377515,-0.493438317131581));
#4783=CARTESIAN_POINT('',(-0.500169467219461,-0.404243030377515,-0.493438317131581));
#4784=CARTESIAN_POINT('',(-0.500169467219461,-0.404243030377515,-0.493438317131581));
#4785=CARTESIAN_POINT('',(-0.507034696053631,-0.402433169401075,-0.493193337995037));
#4786=CARTESIAN_POINT('',(-0.505708385181394,-0.404730407218422,-0.493193337995037));
#4787=CARTESIAN_POINT('',(-0.502440055361262,-0.405553955052403,-0.493327089432811));
#4788=CARTESIAN_POINT('',(-0.500169467219461,-0.404243030377515,-0.493438317131581));
#4789=CARTESIAN_POINT('',(-0.481284997105399,-0.387566573781762,-0.485));
#4790=CARTESIAN_POINT('',(-0.4812849971054,-0.387566573781762,-0.495));
#4791=CARTESIAN_POINT('',(-0.508123357152131,-0.403061708179351,-0.421456309546677));
#4792=CARTESIAN_POINT('',(-0.502551142560844,-0.399844588585088,-0.495));
#4793=CARTESIAN_POINT('',(-0.444214184731615,-0.366163730278679,-0.495));
#4794=CARTESIAN_POINT('',(-0.502551142560844,-0.399844588585088,-0.495));
#4795=CARTESIAN_POINT('',(-0.50493184078578,-0.401219085346115,-0.5));
#4796=CARTESIAN_POINT('',(-0.506518972935737,-0.402135416520132,-0.5));
#4797=CARTESIAN_POINT('',(-0.506657300617106,-0.402215280044206,-0.498174311485495));
#4798=CARTESIAN_POINT('',(-0.50362276800073,-0.403486464294081,-0.5));
#4799=CARTESIAN_POINT('',(-0.504770199284913,-0.405164364908012,-0.49999999103692));
#4800=CARTESIAN_POINT('',(-0.505348228597755,-0.404482659434252,-0.498174310675315));
#4801=CARTESIAN_POINT('',(-0.501297712133776,-0.404894422882506,-0.49761807557101));
#4802=CARTESIAN_POINT('',(-0.501749485070506,-0.405155253365362,-0.497140139606523));
#4803=CARTESIAN_POINT('',(-0.502201188980412,-0.405416045483119,-0.496662117470995));
#4804=CARTESIAN_POINT('',(-0.500051142560844,-0.40417471560401,-0.495));
#4805=CARTESIAN_POINT('',(-0.500051142560843,-0.40417471560401,-0.495));
#4806=CARTESIAN_POINT('',(-0.500051142560844,-0.40417471560401,-0.495));
#4807=CARTESIAN_POINT('',(0.0597858735321536,0.01875,-0.309369221296335));
#4808=CARTESIAN_POINT('',(0.0175240473580837,0.01875,-0.4));
#4809=CARTESIAN_POINT('',(0.11101182617407,0.0324759526419165,-0.309369221296335));
#4810=CARTESIAN_POINT('',(0.06875,0.0324759526419165,-0.4));
#4811=CARTESIAN_POINT('',(0.124737778815987,-0.01875,-0.309369221296335));
#4812=CARTESIAN_POINT('',(0.0824759526419166,-0.01875,-0.4));
#4813=CARTESIAN_POINT('',(0.0735118261740701,-0.0324759526419165,-0.309369221296335));
#4814=CARTESIAN_POINT('',(0.0312500000000001,-0.0324759526419165,-0.4));
#4815=CARTESIAN_POINT('',(0.0597858735321536,0.01875,-0.309369221296335));
#4816=CARTESIAN_POINT('',(0.0175240473580837,0.01875,-0.4));
#4817=CARTESIAN_POINT('',(0.11101182617407,0.0324759526419165,-0.309369221296335));
#4818=CARTESIAN_POINT('',(0.06875,0.0324759526419165,-0.4));
#4819=CARTESIAN_POINT('',(0.124737778815987,-0.01875,-0.309369221296335));
#4820=CARTESIAN_POINT('',(0.0824759526419166,-0.01875,-0.4));
#4821=CARTESIAN_POINT('',(0.09226182617407,0.,-0.309369221296335));
#4822=CARTESIAN_POINT('',(0.06726182617407,0.,-0.309369221296335));
#4823=CARTESIAN_POINT('',(0.09226182617407,0.,-0.309369221296335));
#4824=CARTESIAN_POINT('',(0.09226182617407,0.,-0.27957538148148));
#4825=CARTESIAN_POINT('',(-0.124737778815987,0.01875,-0.309369221296335));
#4826=CARTESIAN_POINT('',(-0.0824759526419166,0.01875,-0.4));
#4827=CARTESIAN_POINT('',(-0.0735118261740701,0.0324759526419165,-0.309369221296335));
#4828=CARTESIAN_POINT('',(-0.0312500000000002,0.0324759526419165,-0.4));
#4829=CARTESIAN_POINT('',(-0.0597858735321535,-0.01875,-0.309369221296335));
#4830=CARTESIAN_POINT('',(-0.0175240473580836,-0.01875,-0.4));
#4831=CARTESIAN_POINT('',(-0.11101182617407,-0.0324759526419165,-0.309369221296335));
#4832=CARTESIAN_POINT('',(-0.0687500000000001,-0.0324759526419165,-0.4));
#4833=CARTESIAN_POINT('',(-0.124737778815987,0.01875,-0.309369221296335));
#4834=CARTESIAN_POINT('',(-0.0824759526419166,0.01875,-0.4));
#4835=CARTESIAN_POINT('',(-0.0735118261740701,0.0324759526419165,-0.309369221296335));
#4836=CARTESIAN_POINT('',(-0.0312500000000002,0.0324759526419165,-0.4));
#4837=CARTESIAN_POINT('',(-0.0597858735321535,-0.01875,-0.309369221296335));
#4838=CARTESIAN_POINT('',(-0.0175240473580836,-0.01875,-0.4));
#4839=CARTESIAN_POINT('',(-0.09226182617407,4.26851249010041E-18,-0.309369221296335));
#4840=CARTESIAN_POINT('',(-0.11726182617407,4.26851249010041E-18,-0.309369221296335));
#4841=CARTESIAN_POINT('',(-0.09226182617407,4.26851249010041E-18,-0.27957538148148));
#4842=CARTESIAN_POINT('',(-0.09226182617407,0.,-0.27957538148148));
#4843=CARTESIAN_POINT('',(0.0597858735321536,-0.18125,-0.309369221296335));
#4844=CARTESIAN_POINT('',(0.0175240473580837,-0.18125,-0.4));
#4845=CARTESIAN_POINT('',(0.11101182617407,-0.167524047358084,-0.309369221296335));
#4846=CARTESIAN_POINT('',(0.0687500000000001,-0.167524047358084,-0.4));
#4847=CARTESIAN_POINT('',(0.124737778815987,-0.21875,-0.309369221296335));
#4848=CARTESIAN_POINT('',(0.0824759526419167,-0.21875,-0.4));
#4849=CARTESIAN_POINT('',(0.0735118261740701,-0.232475952641917,-0.309369221296335));
#4850=CARTESIAN_POINT('',(0.0312500000000002,-0.232475952641917,-0.4));
#4851=CARTESIAN_POINT('',(0.0597858735321536,-0.18125,-0.309369221296335));
#4852=CARTESIAN_POINT('',(0.0175240473580837,-0.18125,-0.4));
#4853=CARTESIAN_POINT('',(0.11101182617407,-0.167524047358084,-0.309369221296335));
#4854=CARTESIAN_POINT('',(0.0687500000000001,-0.167524047358084,-0.4));
#4855=CARTESIAN_POINT('',(0.124737778815987,-0.21875,-0.309369221296335));
#4856=CARTESIAN_POINT('',(0.0824759526419167,-0.21875,-0.4));
#4857=CARTESIAN_POINT('',(0.09226182617407,-0.2,-0.309369221296335));
#4858=CARTESIAN_POINT('',(0.0672618261740699,-0.2,-0.309369221296335));
#4859=CARTESIAN_POINT('',(0.09226182617407,-0.2,-0.309369221296335));
#4860=CARTESIAN_POINT('',(0.09226182617407,-0.2,-0.27957538148148));
#4861=CARTESIAN_POINT('',(-0.124737778815987,-0.18125,-0.309369221296335));
#4862=CARTESIAN_POINT('',(-0.0824759526419167,-0.18125,-0.4));
#4863=CARTESIAN_POINT('',(-0.0735118261740701,-0.167524047358084,-0.309369221296335));
#4864=CARTESIAN_POINT('',(-0.0312500000000002,-0.167524047358084,-0.4));
#4865=CARTESIAN_POINT('',(-0.0597858735321536,-0.21875,-0.309369221296335));
#4866=CARTESIAN_POINT('',(-0.0175240473580837,-0.21875,-0.4));
#4867=CARTESIAN_POINT('',(-0.11101182617407,-0.232475952641917,-0.309369221296335));
#4868=CARTESIAN_POINT('',(-0.0687500000000002,-0.232475952641917,-0.4));
#4869=CARTESIAN_POINT('',(-0.124737778815987,-0.18125,-0.309369221296335));
#4870=CARTESIAN_POINT('',(-0.0824759526419167,-0.18125,-0.4));
#4871=CARTESIAN_POINT('',(-0.0735118261740701,-0.167524047358084,-0.309369221296335));
#4872=CARTESIAN_POINT('',(-0.0312500000000002,-0.167524047358084,-0.4));
#4873=CARTESIAN_POINT('',(-0.0597858735321536,-0.21875,-0.309369221296335));
#4874=CARTESIAN_POINT('',(-0.0175240473580837,-0.21875,-0.4));
#4875=CARTESIAN_POINT('',(-0.0922618261740701,-0.2,-0.309369221296335));
#4876=CARTESIAN_POINT('',(-0.11726182617407,-0.2,-0.309369221296335));
#4877=CARTESIAN_POINT('',(-0.0922618261740701,-0.2,-0.27957538148148));
#4878=CARTESIAN_POINT('',(-0.09226182617407,-0.2,-0.27957538148148));
#4879=CARTESIAN_POINT('',(0.18125,0.0597858735321529,-0.309369221296335));
#4880=CARTESIAN_POINT('',(0.18125,0.017524047358083,-0.4));
#4881=CARTESIAN_POINT('',(0.167524047358084,0.111011826174069,-0.309369221296335));
#4882=CARTESIAN_POINT('',(0.167524047358084,0.0687499999999995,-0.4));
#4883=CARTESIAN_POINT('',(0.21875,0.124737778815986,-0.309369221296335));
#4884=CARTESIAN_POINT('',(0.21875,0.0824759526419158,-0.4));
#4885=CARTESIAN_POINT('',(0.232475952641917,0.0735118261740692,-0.309369221296335));
#4886=CARTESIAN_POINT('',(0.232475952641917,0.0312499999999993,-0.4));
#4887=CARTESIAN_POINT('',(0.18125,0.0597858735321529,-0.309369221296335));
#4888=CARTESIAN_POINT('',(0.18125,0.017524047358083,-0.4));
#4889=CARTESIAN_POINT('',(0.167524047358084,0.111011826174069,-0.309369221296335));
#4890=CARTESIAN_POINT('',(0.167524047358084,0.0687499999999995,-0.4));
#4891=CARTESIAN_POINT('',(0.21875,0.124737778815986,-0.309369221296335));
#4892=CARTESIAN_POINT('',(0.21875,0.0824759526419158,-0.4));
#4893=CARTESIAN_POINT('',(0.2,0.0922618261740698,-0.309369221296335));
#4894=CARTESIAN_POINT('',(0.175,0.0922618261740698,-0.309369221296335));
#4895=CARTESIAN_POINT('',(0.2,0.0922618261740698,-0.309369221296335));
#4896=CARTESIAN_POINT('',(0.2,0.0922618261740698,-0.27957538148148));
#4897=CARTESIAN_POINT('',(0.18125,-0.124737778815987,-0.309369221296335));
#4898=CARTESIAN_POINT('',(0.18125,-0.0824759526419174,-0.4));
#4899=CARTESIAN_POINT('',(0.167524047358083,-0.0735118261740707,-0.309369221296335));
#4900=CARTESIAN_POINT('',(0.167524047358083,-0.0312500000000008,-0.4));
#4901=CARTESIAN_POINT('',(0.21875,-0.0597858735321544,-0.309369221296335));
#4902=CARTESIAN_POINT('',(0.21875,-0.0175240473580845,-0.4));
#4903=CARTESIAN_POINT('',(0.232475952641916,-0.111011826174071,-0.309369221296335));
#4904=CARTESIAN_POINT('',(0.232475952641916,-0.068750000000001,-0.4));
#4905=CARTESIAN_POINT('',(0.18125,-0.124737778815987,-0.309369221296335));
#4906=CARTESIAN_POINT('',(0.18125,-0.0824759526419174,-0.4));
#4907=CARTESIAN_POINT('',(0.167524047358083,-0.0735118261740707,-0.309369221296335));
#4908=CARTESIAN_POINT('',(0.167524047358083,-0.0312500000000008,-0.4));
#4909=CARTESIAN_POINT('',(0.21875,-0.0597858735321544,-0.309369221296335));
#4910=CARTESIAN_POINT('',(0.21875,-0.0175240473580845,-0.4));
#4911=CARTESIAN_POINT('',(0.2,-0.0922618261740708,-0.309369221296335));
#4912=CARTESIAN_POINT('',(0.175,-0.0922618261740708,-0.309369221296335));
#4913=CARTESIAN_POINT('',(0.2,-0.0922618261740708,-0.27957538148148));
#4914=CARTESIAN_POINT('',(0.2,-0.0922618261740702,-0.27957538148148));
#4915=CARTESIAN_POINT('',(-0.0597858735321536,0.18125,-0.309369221296335));
#4916=CARTESIAN_POINT('',(-0.0175240473580837,0.18125,-0.4));
#4917=CARTESIAN_POINT('',(-0.11101182617407,0.167524047358084,-0.309369221296335));
#4918=CARTESIAN_POINT('',(-0.0687500000000001,0.167524047358084,-0.4));
#4919=CARTESIAN_POINT('',(-0.124737778815987,0.21875,-0.309369221296335));
#4920=CARTESIAN_POINT('',(-0.0824759526419167,0.21875,-0.4));
#4921=CARTESIAN_POINT('',(-0.0735118261740701,0.232475952641917,-0.309369221296335));
#4922=CARTESIAN_POINT('',(-0.0312500000000002,0.232475952641917,-0.4));
#4923=CARTESIAN_POINT('',(-0.0597858735321536,0.18125,-0.309369221296335));
#4924=CARTESIAN_POINT('',(-0.0175240473580837,0.18125,-0.4));
#4925=CARTESIAN_POINT('',(-0.11101182617407,0.167524047358084,-0.309369221296335));
#4926=CARTESIAN_POINT('',(-0.0687500000000001,0.167524047358084,-0.4));
#4927=CARTESIAN_POINT('',(-0.124737778815987,0.21875,-0.309369221296335));
#4928=CARTESIAN_POINT('',(-0.0824759526419167,0.21875,-0.4));
#4929=CARTESIAN_POINT('',(-0.0922618261740695,0.2,-0.309369221296335));
#4930=CARTESIAN_POINT('',(-0.117261826174069,0.2,-0.309369221296335));
#4931=CARTESIAN_POINT('',(-0.0922618261740695,0.2,-0.309369221296335));
#4932=CARTESIAN_POINT('',(-0.0922618261740695,0.2,-0.27957538148148));
#4933=CARTESIAN_POINT('',(0.124737778815987,0.18125,-0.309369221296335));
#4934=CARTESIAN_POINT('',(0.0824759526419167,0.18125,-0.4));
#4935=CARTESIAN_POINT('',(0.0735118261740702,0.167524047358084,-0.309369221296335));
#4936=CARTESIAN_POINT('',(0.0312500000000003,0.167524047358084,-0.4));
#4937=CARTESIAN_POINT('',(0.0597858735321536,0.21875,-0.309369221296335));
#4938=CARTESIAN_POINT('',(0.0175240473580837,0.21875,-0.4));
#4939=CARTESIAN_POINT('',(0.11101182617407,0.232475952641917,-0.309369221296335));
#4940=CARTESIAN_POINT('',(0.0687500000000002,0.232475952641917,-0.4));
#4941=CARTESIAN_POINT('',(0.124737778815987,0.18125,-0.309369221296335));
#4942=CARTESIAN_POINT('',(0.0824759526419167,0.18125,-0.4));
#4943=CARTESIAN_POINT('',(0.0735118261740702,0.167524047358084,-0.309369221296335));
#4944=CARTESIAN_POINT('',(0.0312500000000003,0.167524047358084,-0.4));
#4945=CARTESIAN_POINT('',(0.0597858735321536,0.21875,-0.309369221296335));
#4946=CARTESIAN_POINT('',(0.0175240473580837,0.21875,-0.4));
#4947=CARTESIAN_POINT('',(0.0922618261740701,0.2,-0.309369221296335));
#4948=CARTESIAN_POINT('',(0.0672618261740701,0.2,-0.309369221296335));
#4949=CARTESIAN_POINT('',(0.0922618261740701,0.2,-0.27957538148148));
#4950=CARTESIAN_POINT('',(0.0922618261740705,0.2,-0.27957538148148));
#4951=CARTESIAN_POINT('',(-0.18125,-0.0597858735321529,-0.309369221296335));
#4952=CARTESIAN_POINT('',(-0.18125,-0.017524047358083,-0.4));
#4953=CARTESIAN_POINT('',(-0.167524047358084,-0.111011826174069,-0.309369221296335));
#4954=CARTESIAN_POINT('',(-0.167524047358084,-0.0687499999999995,-0.4));
#4955=CARTESIAN_POINT('',(-0.218750000000001,-0.124737778815986,-0.309369221296335));
#4956=CARTESIAN_POINT('',(-0.21875,-0.0824759526419158,-0.4));
#4957=CARTESIAN_POINT('',(-0.232475952641917,-0.0735118261740692,-0.309369221296335));
#4958=CARTESIAN_POINT('',(-0.232475952641917,-0.0312499999999993,-0.4));
#4959=CARTESIAN_POINT('',(-0.18125,-0.0597858735321529,-0.309369221296335));
#4960=CARTESIAN_POINT('',(-0.18125,-0.017524047358083,-0.4));
#4961=CARTESIAN_POINT('',(-0.167524047358084,-0.111011826174069,-0.309369221296335));
#4962=CARTESIAN_POINT('',(-0.167524047358084,-0.0687499999999995,-0.4));
#4963=CARTESIAN_POINT('',(-0.218750000000001,-0.124737778815986,-0.309369221296335));
#4964=CARTESIAN_POINT('',(-0.21875,-0.0824759526419158,-0.4));
#4965=CARTESIAN_POINT('',(-0.2,-0.0922618261740693,-0.309369221296335));
#4966=CARTESIAN_POINT('',(-0.225000000000001,-0.0922618261740693,-0.309369221296335));
#4967=CARTESIAN_POINT('',(-0.2,-0.0922618261740693,-0.309369221296335));
#4968=CARTESIAN_POINT('',(-0.2,-0.0922618261740693,-0.27957538148148));
#4969=CARTESIAN_POINT('',(-0.18125,0.124737778815987,-0.309369221296335));
#4970=CARTESIAN_POINT('',(-0.18125,0.0824759526419173,-0.4));
#4971=CARTESIAN_POINT('',(-0.167524047358083,0.0735118261740707,-0.309369221296335));
#4972=CARTESIAN_POINT('',(-0.167524047358084,0.0312500000000008,-0.4));
#4973=CARTESIAN_POINT('',(-0.21875,0.0597858735321543,-0.309369221296335));
#4974=CARTESIAN_POINT('',(-0.21875,0.0175240473580844,-0.4));
#4975=CARTESIAN_POINT('',(-0.232475952641916,0.111011826174071,-0.309369221296335));
#4976=CARTESIAN_POINT('',(-0.232475952641916,0.068750000000001,-0.4));
#4977=CARTESIAN_POINT('',(-0.18125,0.124737778815987,-0.309369221296335));
#4978=CARTESIAN_POINT('',(-0.18125,0.0824759526419173,-0.4));
#4979=CARTESIAN_POINT('',(-0.167524047358083,0.0735118261740707,-0.309369221296335));
#4980=CARTESIAN_POINT('',(-0.167524047358084,0.0312500000000008,-0.4));
#4981=CARTESIAN_POINT('',(-0.21875,0.0597858735321543,-0.309369221296335));
#4982=CARTESIAN_POINT('',(-0.21875,0.0175240473580844,-0.4));
#4983=CARTESIAN_POINT('',(-0.2,0.0922618261740708,-0.309369221296335));
#4984=CARTESIAN_POINT('',(-0.2,0.117261826174071,-0.309369221296335));
#4985=CARTESIAN_POINT('',(-0.2,0.0922618261740708,-0.27957538148148));
#4986=CARTESIAN_POINT('',(-0.2,0.0922618261740707,-0.27957538148148));
#4987=CARTESIAN_POINT('',(-0.407475952641917,0.11101182617407,-0.309369221296335));
#4988=CARTESIAN_POINT('',(-0.407475952641917,0.0687500000000003,-0.4));
#4989=CARTESIAN_POINT('',(-0.35625,0.124737778815987,-0.309369221296335));
#4990=CARTESIAN_POINT('',(-0.35625,0.0824759526419172,-0.4));
#4991=CARTESIAN_POINT('',(-0.342524047358084,0.0735118261740706,-0.309369221296335));
#4992=CARTESIAN_POINT('',(-0.342524047358084,0.0312500000000006,-0.4));
#4993=CARTESIAN_POINT('',(-0.39375,0.0597858735321542,-0.309369221296335));
#4994=CARTESIAN_POINT('',(-0.39375,0.0175240473580843,-0.4));
#4995=CARTESIAN_POINT('',(-0.407475952641917,0.11101182617407,-0.309369221296335));
#4996=CARTESIAN_POINT('',(-0.407475952641917,0.0687500000000003,-0.4));
#4997=CARTESIAN_POINT('',(-0.35625,0.124737778815987,-0.309369221296335));
#4998=CARTESIAN_POINT('',(-0.35625,0.0824759526419172,-0.4));
#4999=CARTESIAN_POINT('',(-0.342524047358084,0.0735118261740706,-0.309369221296335));
#5000=CARTESIAN_POINT('',(-0.342524047358084,0.0312500000000006,-0.4));
#5001=CARTESIAN_POINT('',(-0.375,0.0922618261740711,-0.309369221296335));
#5002=CARTESIAN_POINT('',(-0.4,0.0922618261740711,-0.309369221296335));
#5003=CARTESIAN_POINT('',(-0.375,0.0922618261740711,-0.309369221296335));
#5004=CARTESIAN_POINT('',(-0.375,0.0922618261740711,-0.27957538148148));
#5005=CARTESIAN_POINT('',(-0.407475952641917,-0.0735118261740697,-0.309369221296335));
#5006=CARTESIAN_POINT('',(-0.407475952641917,-0.0312499999999997,-0.4));
#5007=CARTESIAN_POINT('',(-0.35625,-0.0597858735321531,-0.309369221296335));
#5008=CARTESIAN_POINT('',(-0.35625,-0.0175240473580831,-0.4));
#5009=CARTESIAN_POINT('',(-0.342524047358084,-0.11101182617407,-0.309369221296335));
#5010=CARTESIAN_POINT('',(-0.342524047358084,-0.0687499999999997,-0.4));
#5011=CARTESIAN_POINT('',(-0.39375,-0.124737778815986,-0.309369221296335));
#5012=CARTESIAN_POINT('',(-0.39375,-0.0824759526419163,-0.4));
#5013=CARTESIAN_POINT('',(-0.407475952641917,-0.0735118261740697,-0.309369221296335));
#5014=CARTESIAN_POINT('',(-0.407475952641917,-0.0312499999999997,-0.4));
#5015=CARTESIAN_POINT('',(-0.35625,-0.0597858735321531,-0.309369221296335));
#5016=CARTESIAN_POINT('',(-0.35625,-0.0175240473580831,-0.4));
#5017=CARTESIAN_POINT('',(-0.342524047358084,-0.11101182617407,-0.309369221296335));
#5018=CARTESIAN_POINT('',(-0.342524047358084,-0.0687499999999997,-0.4));
#5019=CARTESIAN_POINT('',(-0.375,-0.0922618261740699,-0.309369221296335));
#5020=CARTESIAN_POINT('',(-0.4,-0.0922618261740699,-0.309369221296335));
#5021=CARTESIAN_POINT('',(-0.375,-0.0922618261740699,-0.27957538148148));
#5022=CARTESIAN_POINT('',(-0.375,-0.0922618261740699,-0.27957538148148));
#5023=CARTESIAN_POINT('',(-0.383501715619321,-0.176880501042307,-0.309369221296335));
#5024=CARTESIAN_POINT('',(-0.356336337391902,-0.209254938139013,-0.4));
#5025=CARTESIAN_POINT('',(-0.353083231543873,-0.133438403641839,-0.309369221296335));
#5026=CARTESIAN_POINT('',(-0.325917853316454,-0.165812840738545,-0.4));
#5027=CARTESIAN_POINT('',(-0.309641134143405,-0.163856887717287,-0.309369221296335));
#5028=CARTESIAN_POINT('',(-0.282475755915987,-0.196231324813993,-0.4));
#5029=CARTESIAN_POINT('',(-0.340059618218853,-0.207298985117754,-0.309369221296335));
#5030=CARTESIAN_POINT('',(-0.312894239991434,-0.239673422214461,-0.4));
#5031=CARTESIAN_POINT('',(-0.383501715619321,-0.176880501042307,-0.309369221296335));
#5032=CARTESIAN_POINT('',(-0.356336337391902,-0.209254938139013,-0.4));
#5033=CARTESIAN_POINT('',(-0.353083231543873,-0.133438403641839,-0.309369221296335));
#5034=CARTESIAN_POINT('',(-0.325917853316454,-0.165812840738545,-0.4));
#5035=CARTESIAN_POINT('',(-0.309641134143405,-0.163856887717287,-0.309369221296335));
#5036=CARTESIAN_POINT('',(-0.282475755915987,-0.196231324813993,-0.4));
#5037=CARTESIAN_POINT('',(-0.346571424881363,-0.170368694379796,-0.309369221296335));
#5038=CARTESIAN_POINT('',(-0.371571424881363,-0.170368694379796,-0.309369221296335));
#5039=CARTESIAN_POINT('',(-0.346571424881363,-0.170368694379796,-0.309369221296335));
#5040=CARTESIAN_POINT('',(-0.346571424881363,-0.170368694379796,-0.27957538148148));
#5041=CARTESIAN_POINT('',(-0.26489219819583,-0.318233819547617,-0.309369221296335));
#5042=CARTESIAN_POINT('',(-0.292057576423248,-0.285859382450911,-0.4));
#5043=CARTESIAN_POINT('',(-0.234473714120382,-0.27479172214715,-0.309369221296335));
#5044=CARTESIAN_POINT('',(-0.2616390923478,-0.242417285050443,-0.4));
#5045=CARTESIAN_POINT('',(-0.191031616719914,-0.305210206222598,-0.309369221296335));
#5046=CARTESIAN_POINT('',(-0.218196994947332,-0.272835769125891,-0.4));
#5047=CARTESIAN_POINT('',(-0.221450100795362,-0.348652303623065,-0.309369221296335));
#5048=CARTESIAN_POINT('',(-0.24861547902278,-0.316277866526359,-0.4));
#5049=CARTESIAN_POINT('',(-0.26489219819583,-0.318233819547617,-0.309369221296335));
#5050=CARTESIAN_POINT('',(-0.292057576423248,-0.285859382450911,-0.4));
#5051=CARTESIAN_POINT('',(-0.234473714120382,-0.27479172214715,-0.309369221296335));
#5052=CARTESIAN_POINT('',(-0.2616390923478,-0.242417285050443,-0.4));
#5053=CARTESIAN_POINT('',(-0.191031616719914,-0.305210206222598,-0.309369221296335));
#5054=CARTESIAN_POINT('',(-0.218196994947332,-0.272835769125891,-0.4));
#5055=CARTESIAN_POINT('',(-0.227961907457871,-0.311722012885107,-0.309369221296335));
#5056=CARTESIAN_POINT('',(-0.252961907457872,-0.311722012885107,-0.309369221296335));
#5057=CARTESIAN_POINT('',(-0.227961907457871,-0.311722012885107,-0.27957538148148));
#5058=CARTESIAN_POINT('',(-0.227961907457871,-0.311722012885107,-0.27957538148148));
#5059=CARTESIAN_POINT('',(-0.180082763711634,-0.382008476013189,-0.309369221296335));
#5060=CARTESIAN_POINT('',(-0.138462989638956,-0.389347165113193,-0.4));
#5061=CARTESIAN_POINT('',(-0.18470489496535,-0.329177274032982,-0.309369221296335));
#5062=CARTESIAN_POINT('',(-0.143085120892672,-0.336515963132986,-0.4));
#5063=CARTESIAN_POINT('',(-0.131873692985143,-0.324555142779266,-0.309369221296335));
#5064=CARTESIAN_POINT('',(-0.0902539189124651,-0.33189383187927,-0.4));
#5065=CARTESIAN_POINT('',(-0.127251561731427,-0.377386344759473,-0.309369221296335));
#5066=CARTESIAN_POINT('',(-0.0856317876587486,-0.384725033859477,-0.4));
#5067=CARTESIAN_POINT('',(-0.180082763711634,-0.382008476013189,-0.309369221296335));
#5068=CARTESIAN_POINT('',(-0.138462989638956,-0.389347165113193,-0.4));
#5069=CARTESIAN_POINT('',(-0.18470489496535,-0.329177274032982,-0.309369221296335));
#5070=CARTESIAN_POINT('',(-0.143085120892672,-0.336515963132986,-0.4));
#5071=CARTESIAN_POINT('',(-0.131873692985143,-0.324555142779266,-0.309369221296335));
#5072=CARTESIAN_POINT('',(-0.0902539189124651,-0.33189383187927,-0.4));
#5073=CARTESIAN_POINT('',(-0.155978228348389,-0.353281809396227,-0.309369221296335));
#5074=CARTESIAN_POINT('',(-0.180978228348389,-0.353281809396227,-0.309369221296335));
#5075=CARTESIAN_POINT('',(-0.155978228348389,-0.353281809396227,-0.309369221296335));
#5076=CARTESIAN_POINT('',(-0.155978228348389,-0.353281809396227,-0.27957538148148));
#5077=CARTESIAN_POINT('',(0.00163755973494404,-0.41405067197989,-0.309369221296335));
#5078=CARTESIAN_POINT('',(-0.0399822143377343,-0.406711982879886,-0.4));
#5079=CARTESIAN_POINT('',(-0.00298457151877272,-0.361219469999684,-0.309369221296335));
#5080=CARTESIAN_POINT('',(-0.0446043455914511,-0.35388078089968,-0.4));
#5081=CARTESIAN_POINT('',(0.0498466304614344,-0.356597338745967,-0.309369221296335));
#5082=CARTESIAN_POINT('',(0.0082268563887561,-0.349258649645963,-0.4));
#5083=CARTESIAN_POINT('',(0.0544687617151508,-0.409428540726174,-0.309369221296335));
#5084=CARTESIAN_POINT('',(0.0128489876424724,-0.40208985162617,-0.4));
#5085=CARTESIAN_POINT('',(0.00163755973494404,-0.41405067197989,-0.309369221296335));
#5086=CARTESIAN_POINT('',(-0.0399822143377343,-0.406711982879886,-0.4));
#5087=CARTESIAN_POINT('',(-0.00298457151877272,-0.361219469999684,-0.309369221296335));
#5088=CARTESIAN_POINT('',(-0.0446043455914511,-0.35388078089968,-0.4));
#5089=CARTESIAN_POINT('',(0.0498466304614344,-0.356597338745967,-0.309369221296335));
#5090=CARTESIAN_POINT('',(0.0082268563887561,-0.349258649645963,-0.4));
#5091=CARTESIAN_POINT('',(0.0257420950981894,-0.385324005362928,-0.309369221296335));
#5092=CARTESIAN_POINT('',(0.000742095098189824,-0.385324005362928,-0.309369221296335));
#5093=CARTESIAN_POINT('',(0.0257420950981894,-0.385324005362928,-0.27957538148148));
#5094=CARTESIAN_POINT('',(0.0257420950981894,-0.385324005362928,-0.27957538148148));
#5095=CARTESIAN_POINT('',(0.10759891473371,-0.4083904395062,-0.309369221296335));
#5096=CARTESIAN_POINT('',(0.144198729810777,-0.387259526419165,-0.4));
#5097=CARTESIAN_POINT('',(0.0700989147337105,-0.3708904395062,-0.309369221296335));
#5098=CARTESIAN_POINT('',(0.106698729810777,-0.349759526419165,-0.4));
#5099=CARTESIAN_POINT('',(0.107598914733711,-0.3333904395062,-0.309369221296335));
#5100=CARTESIAN_POINT('',(0.144198729810777,-0.312259526419165,-0.4));
#5101=CARTESIAN_POINT('',(0.145098914733711,-0.3708904395062,-0.309369221296335));
#5102=CARTESIAN_POINT('',(0.181698729810777,-0.349759526419165,-0.4));
#5103=CARTESIAN_POINT('',(0.10759891473371,-0.4083904395062,-0.309369221296335));
#5104=CARTESIAN_POINT('',(0.144198729810777,-0.387259526419165,-0.4));
#5105=CARTESIAN_POINT('',(0.0700989147337105,-0.3708904395062,-0.309369221296335));
#5106=CARTESIAN_POINT('',(0.106698729810777,-0.349759526419165,-0.4));
#5107=CARTESIAN_POINT('',(0.107598914733711,-0.3333904395062,-0.309369221296335));
#5108=CARTESIAN_POINT('',(0.144198729810777,-0.312259526419165,-0.4));
#5109=CARTESIAN_POINT('',(0.10759891473371,-0.3708904395062,-0.309369221296335));
#5110=CARTESIAN_POINT('',(0.0825989147337097,-0.3708904395062,-0.309369221296335));
#5111=CARTESIAN_POINT('',(0.10759891473371,-0.3708904395062,-0.309369221296335));
#5112=CARTESIAN_POINT('',(0.10759891473371,-0.3708904395062,-0.27957538148148));
#5113=CARTESIAN_POINT('',(0.267401085266288,-0.31612861333213,-0.309369221296335));
#5114=CARTESIAN_POINT('',(0.230801270189221,-0.337259526419165,-0.4));
#5115=CARTESIAN_POINT('',(0.229901085266288,-0.27862861333213,-0.309369221296335));
#5116=CARTESIAN_POINT('',(0.193301270189221,-0.299759526419165,-0.4));
#5117=CARTESIAN_POINT('',(0.267401085266288,-0.24112861333213,-0.309369221296335));
#5118=CARTESIAN_POINT('',(0.230801270189221,-0.262259526419165,-0.4));
#5119=CARTESIAN_POINT('',(0.304901085266288,-0.27862861333213,-0.309369221296335));
#5120=CARTESIAN_POINT('',(0.268301270189222,-0.299759526419165,-0.4));
#5121=CARTESIAN_POINT('',(0.267401085266288,-0.31612861333213,-0.309369221296335));
#5122=CARTESIAN_POINT('',(0.230801270189221,-0.337259526419165,-0.4));
#5123=CARTESIAN_POINT('',(0.229901085266288,-0.27862861333213,-0.309369221296335));
#5124=CARTESIAN_POINT('',(0.193301270189221,-0.299759526419165,-0.4));
#5125=CARTESIAN_POINT('',(0.267401085266288,-0.24112861333213,-0.309369221296335));
#5126=CARTESIAN_POINT('',(0.230801270189221,-0.262259526419165,-0.4));
#5127=CARTESIAN_POINT('',(0.267401085266288,-0.27862861333213,-0.309369221296335));
#5128=CARTESIAN_POINT('',(0.267401085266288,-0.25362861333213,-0.309369221296335));
#5129=CARTESIAN_POINT('',(0.267401085266288,-0.27862861333213,-0.27957538148148));
#5130=CARTESIAN_POINT('',(0.267401085266288,-0.27862861333213,-0.27957538148148));
#5131=CARTESIAN_POINT('',(0.344933865146417,-0.243681977600095,-0.309369221296335));
#5132=CARTESIAN_POINT('',(0.359388260991677,-0.203968851403384,-0.4));
#5133=CARTESIAN_POINT('',(0.29210266316621,-0.239059846346378,-0.309369221296335));
#5134=CARTESIAN_POINT('',(0.30655705901147,-0.199346720149668,-0.4));
#5135=CARTESIAN_POINT('',(0.296724794419927,-0.186228644366171,-0.309369221296335));
#5136=CARTESIAN_POINT('',(0.311179190265187,-0.146515518169461,-0.4));
#5137=CARTESIAN_POINT('',(0.349555996400134,-0.190850775619887,-0.309369221296335));
#5138=CARTESIAN_POINT('',(0.364010392245394,-0.151137649423177,-0.4));
#5139=CARTESIAN_POINT('',(0.344933865146417,-0.243681977600095,-0.309369221296335));
#5140=CARTESIAN_POINT('',(0.359388260991677,-0.203968851403384,-0.4));
#5141=CARTESIAN_POINT('',(0.29210266316621,-0.239059846346378,-0.309369221296335));
#5142=CARTESIAN_POINT('',(0.30655705901147,-0.199346720149668,-0.4));
#5143=CARTESIAN_POINT('',(0.296724794419927,-0.186228644366171,-0.309369221296335));
#5144=CARTESIAN_POINT('',(0.311179190265187,-0.146515518169461,-0.4));
#5145=CARTESIAN_POINT('',(0.320829329783171,-0.214955310983133,-0.309369221296335));
#5146=CARTESIAN_POINT('',(0.320829329783171,-0.189955310983133,-0.309369221296335));
#5147=CARTESIAN_POINT('',(0.320829329783171,-0.214955310983133,-0.309369221296335));
#5148=CARTESIAN_POINT('',(0.320829329783171,-0.214955310983133,-0.27957538148148));
#5149=CARTESIAN_POINT('',(0.408044671169504,-0.0702864631280831,-0.309369221296335));
#5150=CARTESIAN_POINT('',(0.393590275324244,-0.109999589324793,-0.4));
#5151=CARTESIAN_POINT('',(0.355213469189297,-0.0656643318743664,-0.309369221296335));
#5152=CARTESIAN_POINT('',(0.340759073344037,-0.105377458071077,-0.4));
#5153=CARTESIAN_POINT('',(0.359835600443014,-0.0128331298941595,-0.309369221296335));
#5154=CARTESIAN_POINT('',(0.345381204597754,-0.0525462560908697,-0.4));
#5155=CARTESIAN_POINT('',(0.412666802423221,-0.017455261147876,-0.309369221296335));
#5156=CARTESIAN_POINT('',(0.398212406577961,-0.0571683873445862,-0.4));
#5157=CARTESIAN_POINT('',(0.408044671169504,-0.0702864631280831,-0.309369221296335));
#5158=CARTESIAN_POINT('',(0.393590275324244,-0.109999589324793,-0.4));
#5159=CARTESIAN_POINT('',(0.355213469189297,-0.0656643318743664,-0.309369221296335));
#5160=CARTESIAN_POINT('',(0.340759073344037,-0.105377458071077,-0.4));
#5161=CARTESIAN_POINT('',(0.359835600443014,-0.0128331298941595,-0.309369221296335));
#5162=CARTESIAN_POINT('',(0.345381204597754,-0.0525462560908697,-0.4));
#5163=CARTESIAN_POINT('',(0.383940135806259,-0.041559796511121,-0.309369221296335));
#5164=CARTESIAN_POINT('',(0.358940135806259,-0.041559796511121,-0.309369221296335));
#5165=CARTESIAN_POINT('',(0.383940135806259,-0.041559796511121,-0.27957538148148));
#5166=CARTESIAN_POINT('',(0.383940135806259,-0.041559796511121,-0.27957538148148));
#5167=CARTESIAN_POINT('',(0.420870426544218,0.0350479898486086,-0.309369221296335));
#5168=CARTESIAN_POINT('',(0.406416030698958,0.0747611160453189,-0.4));
#5169=CARTESIAN_POINT('',(0.37742832914375,0.00462950577316083,-0.309369221296335));
#5170=CARTESIAN_POINT('',(0.36297393329849,0.0443426319698711,-0.4));
#5171=CARTESIAN_POINT('',(0.347009845068302,0.0480716031736285,-0.309369221296335));
#5172=CARTESIAN_POINT('',(0.332555449223042,0.0877847293703388,-0.4));
#5173=CARTESIAN_POINT('',(0.39045194246877,0.0784900872490764,-0.309369221296335));
#5174=CARTESIAN_POINT('',(0.37599754662351,0.118203213445787,-0.4));
#5175=CARTESIAN_POINT('',(0.420870426544218,0.0350479898486086,-0.309369221296335));
#5176=CARTESIAN_POINT('',(0.406416030698958,0.0747611160453189,-0.4));
#5177=CARTESIAN_POINT('',(0.37742832914375,0.00462950577316083,-0.309369221296335));
#5178=CARTESIAN_POINT('',(0.36297393329849,0.0443426319698711,-0.4));
#5179=CARTESIAN_POINT('',(0.347009845068302,0.0480716031736285,-0.309369221296335));
#5180=CARTESIAN_POINT('',(0.332555449223042,0.0877847293703388,-0.4));
#5181=CARTESIAN_POINT('',(0.383940135806259,0.0415597965111178,-0.309369221296335));
#5182=CARTESIAN_POINT('',(0.383940135806259,0.0665597965111178,-0.309369221296335));
#5183=CARTESIAN_POINT('',(0.383940135806259,0.0415597965111178,-0.309369221296335));
#5184=CARTESIAN_POINT('',(0.383940135806259,0.0415597965111178,-0.27957538148148));
#5185=CARTESIAN_POINT('',(0.357759620521131,0.208443504320621,-0.309369221296335));
#5186=CARTESIAN_POINT('',(0.372214016366391,0.16873037812391,-0.4));
#5187=CARTESIAN_POINT('',(0.314317523120663,0.178025020245173,-0.309369221296335));
#5188=CARTESIAN_POINT('',(0.328771918965923,0.138311894048462,-0.4));
#5189=CARTESIAN_POINT('',(0.283899039045216,0.221467117645641,-0.309369221296335));
#5190=CARTESIAN_POINT('',(0.298353434890475,0.18175399144893,-0.4));
#5191=CARTESIAN_POINT('',(0.327341136445683,0.251885601721088,-0.309369221296335));
#5192=CARTESIAN_POINT('',(0.341795532290943,0.212172475524378,-0.4));
#5193=CARTESIAN_POINT('',(0.357759620521131,0.208443504320621,-0.309369221296335));
#5194=CARTESIAN_POINT('',(0.372214016366391,0.16873037812391,-0.4));
#5195=CARTESIAN_POINT('',(0.314317523120663,0.178025020245173,-0.309369221296335));
#5196=CARTESIAN_POINT('',(0.328771918965923,0.138311894048462,-0.4));
#5197=CARTESIAN_POINT('',(0.283899039045216,0.221467117645641,-0.309369221296335));
#5198=CARTESIAN_POINT('',(0.298353434890475,0.18175399144893,-0.4));
#5199=CARTESIAN_POINT('',(0.320829329783173,0.214955310983131,-0.309369221296335));
#5200=CARTESIAN_POINT('',(0.295829329783173,0.214955310983131,-0.309369221296335));
#5201=CARTESIAN_POINT('',(0.320829329783173,0.214955310983131,-0.27957538148148));
#5202=CARTESIAN_POINT('',(0.320829329783173,0.214955310983131,-0.27957538148148));
#5203=CARTESIAN_POINT('',(0.299877037908207,0.297378613332129,-0.309369221296335));
#5204=CARTESIAN_POINT('',(0.26327722283114,0.318509526419163,-0.4));
#5205=CARTESIAN_POINT('',(0.28615108526629,0.246152660690212,-0.309369221296335));
#5206=CARTESIAN_POINT('',(0.249551270189223,0.267283573777247,-0.4));
#5207=CARTESIAN_POINT('',(0.234925132624374,0.259878613332129,-0.309369221296335));
#5208=CARTESIAN_POINT('',(0.198325317547307,0.281009526419164,-0.4));
#5209=CARTESIAN_POINT('',(0.24865108526629,0.311104565974045,-0.309369221296335));
#5210=CARTESIAN_POINT('',(0.212051270189223,0.33223547906108,-0.4));
#5211=CARTESIAN_POINT('',(0.299877037908207,0.297378613332129,-0.309369221296335));
#5212=CARTESIAN_POINT('',(0.26327722283114,0.318509526419163,-0.4));
#5213=CARTESIAN_POINT('',(0.28615108526629,0.246152660690212,-0.309369221296335));
#5214=CARTESIAN_POINT('',(0.249551270189223,0.267283573777247,-0.4));
#5215=CARTESIAN_POINT('',(0.234925132624374,0.259878613332129,-0.309369221296335));
#5216=CARTESIAN_POINT('',(0.198325317547307,0.281009526419164,-0.4));
#5217=CARTESIAN_POINT('',(0.26740108526629,0.278628613332128,-0.309369221296335));
#5218=CARTESIAN_POINT('',(0.24240108526629,0.278628613332128,-0.309369221296335));
#5219=CARTESIAN_POINT('',(0.26740108526629,0.278628613332128,-0.309369221296335));
#5220=CARTESIAN_POINT('',(0.26740108526629,0.278628613332128,-0.27957538148148));
#5221=CARTESIAN_POINT('',(0.140074867375629,0.389640439506199,-0.309369221296335));
#5222=CARTESIAN_POINT('',(0.176674682452696,0.368509526419164,-0.4));
#5223=CARTESIAN_POINT('',(0.126348914733713,0.338414486864283,-0.309369221296335));
#5224=CARTESIAN_POINT('',(0.162948729810779,0.317283573777248,-0.4));
#5225=CARTESIAN_POINT('',(0.0751229620917963,0.352140439506199,-0.309369221296335));
#5226=CARTESIAN_POINT('',(0.111722777168863,0.331009526419164,-0.4));
#5227=CARTESIAN_POINT('',(0.0888489147337128,0.403366392148116,-0.309369221296335));
#5228=CARTESIAN_POINT('',(0.125448729810779,0.382235479061081,-0.4));
#5229=CARTESIAN_POINT('',(0.140074867375629,0.389640439506199,-0.309369221296335));
#5230=CARTESIAN_POINT('',(0.176674682452696,0.368509526419164,-0.4));
#5231=CARTESIAN_POINT('',(0.126348914733713,0.338414486864283,-0.309369221296335));
#5232=CARTESIAN_POINT('',(0.162948729810779,0.317283573777248,-0.4));
#5233=CARTESIAN_POINT('',(0.0751229620917963,0.352140439506199,-0.309369221296335));
#5234=CARTESIAN_POINT('',(0.111722777168863,0.331009526419164,-0.4));
#5235=CARTESIAN_POINT('',(0.107598914733712,0.370890439506199,-0.309369221296335));
#5236=CARTESIAN_POINT('',(0.107598914733712,0.395890439506199,-0.309369221296335));
#5237=CARTESIAN_POINT('',(0.107598914733712,0.370890439506199,-0.27957538148148));
#5238=CARTESIAN_POINT('',(0.107598914733712,0.370890439506199,-0.27957538148148));
#5239=CARTESIAN_POINT('',(0.0385678504729046,0.4205624786424,-0.309369221296335));
#5240=CARTESIAN_POINT('',(-0.00305192359977374,0.413223789542396,-0.4));
#5241=CARTESIAN_POINT('',(0.0609805683776634,0.372498249988216,-0.309369221296335));
#5242=CARTESIAN_POINT('',(0.0193607943049851,0.365159560888212,-0.4));
#5243=CARTESIAN_POINT('',(0.0129163397234792,0.350085532083457,-0.309369221296335));
#5244=CARTESIAN_POINT('',(-0.0287034343491991,0.342746842983453,-0.4));
#5245=CARTESIAN_POINT('',(-0.00949637818127968,0.398149760737641,-0.309369221296335));
#5246=CARTESIAN_POINT('',(-0.051116152253958,0.390811071637637,-0.4));
#5247=CARTESIAN_POINT('',(0.0385678504729046,0.4205624786424,-0.309369221296335));
#5248=CARTESIAN_POINT('',(-0.00305192359977374,0.413223789542396,-0.4));
#5249=CARTESIAN_POINT('',(0.0609805683776634,0.372498249988216,-0.309369221296335));
#5250=CARTESIAN_POINT('',(0.0193607943049851,0.365159560888212,-0.4));
#5251=CARTESIAN_POINT('',(0.0129163397234792,0.350085532083457,-0.309369221296335));
#5252=CARTESIAN_POINT('',(-0.0287034343491991,0.342746842983453,-0.4));
#5253=CARTESIAN_POINT('',(0.0257420950981926,0.385324005362928,-0.309369221296335));
#5254=CARTESIAN_POINT('',(0.000742095098192556,0.385324005362928,-0.309369221296335));
#5255=CARTESIAN_POINT('',(0.0257420950981926,0.385324005362928,-0.309369221296335));
#5256=CARTESIAN_POINT('',(0.0257420950981926,0.385324005362928,-0.27957538148148));
#5257=CARTESIAN_POINT('',(-0.143152472973674,0.3885202826757,-0.309369221296335));
#5258=CARTESIAN_POINT('',(-0.101532698900995,0.395858971775704,-0.4));
#5259=CARTESIAN_POINT('',(-0.120739755068915,0.340456054021516,-0.309369221296335));
#5260=CARTESIAN_POINT('',(-0.0791199809962361,0.347794743121519,-0.4));
#5261=CARTESIAN_POINT('',(-0.168803983723099,0.318043336116757,-0.309369221296335));
#5262=CARTESIAN_POINT('',(-0.127184209650421,0.325382025216761,-0.4));
#5263=CARTESIAN_POINT('',(-0.191216701627858,0.366107564770941,-0.309369221296335));
#5264=CARTESIAN_POINT('',(-0.149596927555179,0.373446253870945,-0.4));
#5265=CARTESIAN_POINT('',(-0.143152472973674,0.3885202826757,-0.309369221296335));
#5266=CARTESIAN_POINT('',(-0.101532698900995,0.395858971775704,-0.4));
#5267=CARTESIAN_POINT('',(-0.120739755068915,0.340456054021516,-0.309369221296335));
#5268=CARTESIAN_POINT('',(-0.0791199809962361,0.347794743121519,-0.4));
#5269=CARTESIAN_POINT('',(-0.168803983723099,0.318043336116757,-0.309369221296335));
#5270=CARTESIAN_POINT('',(-0.127184209650421,0.325382025216761,-0.4));
#5271=CARTESIAN_POINT('',(-0.155978228348386,0.353281809396228,-0.309369221296335));
#5272=CARTESIAN_POINT('',(-0.155978228348386,0.378281809396228,-0.309369221296335));
#5273=CARTESIAN_POINT('',(-0.155978228348386,0.353281809396228,-0.27957538148148));
#5274=CARTESIAN_POINT('',(-0.155978228348386,0.353281809396228,-0.27957538148148));
#5275=CARTESIAN_POINT('',(-0.240787662832582,0.346960486164581,-0.309369221296335));
#5276=CARTESIAN_POINT('',(-0.267953041060001,0.314586049067874,-0.4));
#5277=CARTESIAN_POINT('',(-0.192723434178398,0.324547768259822,-0.309369221296335));
#5278=CARTESIAN_POINT('',(-0.219888812405817,0.292173331163115,-0.4));
#5279=CARTESIAN_POINT('',(-0.215136152083157,0.276483539605637,-0.309369221296335));
#5280=CARTESIAN_POINT('',(-0.242301530310576,0.244109102508931,-0.4));
#5281=CARTESIAN_POINT('',(-0.263200380737341,0.298896257510397,-0.309369221296335));
#5282=CARTESIAN_POINT('',(-0.29036575896476,0.26652182041369,-0.4));
#5283=CARTESIAN_POINT('',(-0.240787662832582,0.346960486164581,-0.309369221296335));
#5284=CARTESIAN_POINT('',(-0.267953041060001,0.314586049067874,-0.4));
#5285=CARTESIAN_POINT('',(-0.192723434178398,0.324547768259822,-0.309369221296335));
#5286=CARTESIAN_POINT('',(-0.219888812405817,0.292173331163115,-0.4));
#5287=CARTESIAN_POINT('',(-0.215136152083157,0.276483539605637,-0.309369221296335));
#5288=CARTESIAN_POINT('',(-0.242301530310576,0.244109102508931,-0.4));
#5289=CARTESIAN_POINT('',(-0.227961907457869,0.311722012885109,-0.309369221296335));
#5290=CARTESIAN_POINT('',(-0.252961907457869,0.311722012885109,-0.309369221296335));
#5291=CARTESIAN_POINT('',(-0.227961907457869,0.311722012885109,-0.309369221296335));
#5292=CARTESIAN_POINT('',(-0.227961907457869,0.311722012885109,-0.27957538148148));
#5293=CARTESIAN_POINT('',(-0.359397180256074,0.20560716765927,-0.309369221296335));
#5294=CARTESIAN_POINT('',(-0.332231802028655,0.237981604755977,-0.4));
#5295=CARTESIAN_POINT('',(-0.31133295160189,0.183194449754511,-0.309369221296335));
#5296=CARTESIAN_POINT('',(-0.284167573374471,0.215568886851217,-0.4));
#5297=CARTESIAN_POINT('',(-0.333745669506649,0.135130221100327,-0.309369221296335));
#5298=CARTESIAN_POINT('',(-0.30658029127923,0.167504658197033,-0.4));
#5299=CARTESIAN_POINT('',(-0.381809898160833,0.157542939005086,-0.309369221296335));
#5300=CARTESIAN_POINT('',(-0.354644519933415,0.189917376101792,-0.4));
#5301=CARTESIAN_POINT('',(-0.359397180256074,0.20560716765927,-0.309369221296335));
#5302=CARTESIAN_POINT('',(-0.332231802028655,0.237981604755977,-0.4));
#5303=CARTESIAN_POINT('',(-0.31133295160189,0.183194449754511,-0.309369221296335));
#5304=CARTESIAN_POINT('',(-0.284167573374471,0.215568886851217,-0.4));
#5305=CARTESIAN_POINT('',(-0.333745669506649,0.135130221100327,-0.309369221296335));
#5306=CARTESIAN_POINT('',(-0.30658029127923,0.167504658197033,-0.4));
#5307=CARTESIAN_POINT('',(-0.346571424881361,0.170368694379798,-0.309369221296335));
#5308=CARTESIAN_POINT('',(-0.371571424881361,0.170368694379798,-0.309369221296335));
#5309=CARTESIAN_POINT('',(-0.346571424881361,0.170368694379799,-0.27957538148148));
#5310=CARTESIAN_POINT('',(-0.346571424881361,0.170368694379799,-0.27957538148148));
#5311=CARTESIAN_POINT('',(-0.3,-1.76656501670286E-17,-0.2));
#5312=CARTESIAN_POINT('',(-0.3,-1.76656501670286E-17,-0.2));
#5313=CARTESIAN_POINT('',(-0.14375,-1.76656501670286E-17,-0.2));
#5314=CARTESIAN_POINT('',(-0.201040675497542,-0.120917800980737,3.45491369430001E-17));
#5315=CARTESIAN_POINT('',(-0.239119152069588,-0.152081287986696,-0.00323888945421812));
#5316=CARTESIAN_POINT('',(-0.344389876172765,-0.174956267786315,-0.00929356674088941));
#5317=CARTESIAN_POINT('',(-0.467630077402013,-0.0679548747632903,-0.018712492084972));
#5318=CARTESIAN_POINT('',(-0.45397527780409,0.0947185255123622,-0.0279901967983404));
#5319=CARTESIAN_POINT('',(-0.315093699386647,0.18010474184261,-0.0371844676697386));
#5320=CARTESIAN_POINT('',(-0.164021161214967,0.119081003658114,-0.0465348490969589));
#5321=CARTESIAN_POINT('',(-0.123442335617196,-0.038896356738774,-0.0558818404152774));
#5322=CARTESIAN_POINT('',(-0.226677219982498,-0.165255089467946,-0.0652512701363352));
#5323=CARTESIAN_POINT('',(-0.389572800903532,-0.156994264625693,-0.0745528883174613));
#5324=CARTESIAN_POINT('',(-0.479502278186219,-0.0211223308561318,-0.0837415457977398));
#5325=CARTESIAN_POINT('',(-0.423505329357112,0.132017630271643,-0.0930734116560442));
#5326=CARTESIAN_POINT('',(-0.266877100232976,0.17773655383638,-0.102413680822875));
#5327=CARTESIAN_POINT('',(-0.13725993874008,0.078673999336738,-0.111800103475722));
#5328=CARTESIAN_POINT('',(-0.140107510787652,-0.0842519793990566,-0.121107633618342));
#5329=CARTESIAN_POINT('',(-0.272963651031183,-0.178805479889787,-0.130289188909158));
#5330=CARTESIAN_POINT('',(-0.427871496133471,-0.12748868572769,-0.13968572137957));
#5331=CARTESIAN_POINT('',(-0.46190082135687,-0.0249626041020372,-0.145691758650271));
#5332=CARTESIAN_POINT('',(-0.454446346731839,0.0236725258725915,-0.148962632257679));
#5333=CARTESIAN_POINT('',(-0.454446346731839,0.0236725258725915,-0.148962632257679));
#5334=CARTESIAN_POINT('',(-0.454446346731839,0.0236725258725915,-0.2));
#5335=CARTESIAN_POINT('',(-0.454446346731839,0.0236725258725915,-0.197819189999656));
#5336=CARTESIAN_POINT('',(-0.454446346731839,0.0236725258725915,-0.197819189999656));
#5337=CARTESIAN_POINT('',(-0.459398134323382,-0.00863435626673173,-0.195826610101722));
#5338=CARTESIAN_POINT('',(-0.448614415992288,-0.0751431941250843,-0.191513008794477));
#5339=CARTESIAN_POINT('',(-0.376999166374531,-0.147836738166129,-0.185382451685756));
#5340=CARTESIAN_POINT('',(-0.276497187563448,-0.164968497568117,-0.179285082605356));
#5341=CARTESIAN_POINT('',(-0.184806550871537,-0.120420699310916,-0.173111814775277));
#5342=CARTESIAN_POINT('',(-0.136239581861767,-0.0308103362213775,-0.166901877992807));
#5343=CARTESIAN_POINT('',(-0.148913476007105,0.070247295077386,-0.160635073912427));
#5344=CARTESIAN_POINT('',(-0.21798751516649,0.145047594343782,-0.154469594031026));
#5345=CARTESIAN_POINT('',(-0.317789871462067,0.16569073176748,-0.148403482855393));
#5346=CARTESIAN_POINT('',(-0.410961685403208,0.124329221813497,-0.142196784534383));
#5347=CARTESIAN_POINT('',(-0.46261138565814,0.036435506670532,-0.135974688606491));
#5348=CARTESIAN_POINT('',(-0.453405644512106,-0.0650745211541495,-0.129723877752489));
#5349=CARTESIAN_POINT('',(-0.386844243237057,-0.142200611543109,-0.123563726611296));
#5350=CARTESIAN_POINT('',(-0.2878980111397,-0.166183963622475,-0.117514021954684));
#5351=CARTESIAN_POINT('',(-0.193398772933035,-0.128082138623693,-0.111276362743657));
#5352=CARTESIAN_POINT('',(-0.138745529113775,-0.0420376546240451,-0.105050674572484));
#5353=CARTESIAN_POINT('',(-0.1444356810046,0.0597491952260182,-0.0988205504041289));
#5354=CARTESIAN_POINT('',(-0.208340978734554,0.13916938575819,-0.0926662362928378));
#5355=CARTESIAN_POINT('',(-0.306508713060795,0.1664962016512,-0.0866128824761255));
#5356=CARTESIAN_POINT('',(-0.402150429788252,0.131633981278444,-0.0803498907529407));
#5357=CARTESIAN_POINT('',(-0.45970282690905,0.0475730090101988,-0.0741280384016938));
#5358=CARTESIAN_POINT('',(-0.457537493153358,-0.0543341963472906,-0.0679219895325698));
#5359=CARTESIAN_POINT('',(-0.39640831588585,-0.135928037896774,-0.0617748449304922));
#5360=CARTESIAN_POINT('',(-0.299195138139441,-0.16664018007466,-0.0557109354160677));
#5361=CARTESIAN_POINT('',(-0.202334668918877,-0.135000554427526,-0.0494172851447933));
#5362=CARTESIAN_POINT('',(-0.142026979995671,-0.0529777761850827,-0.0432043261578033));
#5363=CARTESIAN_POINT('',(-0.14069299465671,0.0488742467785653,-0.0370252318136922));
#5364=CARTESIAN_POINT('',(-0.198951483248924,0.13251347722689,-0.0308860473874667));
#5365=CARTESIAN_POINT('',(-0.29505028857765,0.166571647420042,-0.0248032241417456));
#5366=CARTESIAN_POINT('',(-0.392977996597954,0.138285600706912,-0.0184888919532648));
#5367=CARTESIAN_POINT('',(-0.4561249465117,0.0582872407043959,-0.0122934448676332));
#5368=CARTESIAN_POINT('',(-0.460787729967502,-0.0434773416861358,-0.00607722037014781));
#5369=CARTESIAN_POINT('',(-0.424126881580195,-0.100370245964395,-0.00214734246209112));
#5370=CARTESIAN_POINT('',(-0.398816764237166,-0.121034332342919,1.30723195009325E-17));
#5371=CARTESIAN_POINT('',(-0.3,-1.76656501670286E-17,-0.2));
#5372=CARTESIAN_POINT('',(-0.450714415089602,0.0231005197991231,-0.2));
#5373=CARTESIAN_POINT('',(-0.451529656354485,0.00468221021988556,-0.2));
#5374=CARTESIAN_POINT('',(-0.448900943807358,-0.0134287178528902,-0.2));
#5375=CARTESIAN_POINT('',(-0.442846770265415,-0.030846933360615,-0.2));
#5376=CARTESIAN_POINT('',(-0.450714415089602,0.0231005197991231,-0.2));
#5377=CARTESIAN_POINT('',(-0.442846770265416,-0.0308469333606149,-0.2));
#5378=CARTESIAN_POINT('',(-0.3,-8.09542415342511E-17,-0.2));
#5379=CARTESIAN_POINT('',(-0.444494427147846,0.0221471607291668,-0.2));
#5380=CARTESIAN_POINT('',(-0.442846770265416,-0.030846933360615,-0.2));
#5381=CARTESIAN_POINT('',(-0.446724638746185,-0.0132857274723114,-0.2));
#5382=CARTESIAN_POINT('',(-0.447304808725796,0.00437800824926771,-0.2));
#5383=CARTESIAN_POINT('',(-0.444494427147846,0.0221471607291668,-0.2));
#5384=CARTESIAN_POINT('',(0.3,9.25525617562332E-17,-0.2));
#5385=CARTESIAN_POINT('',(0.3,9.25525617562332E-17,-0.2));
#5386=CARTESIAN_POINT('',(0.45625,9.25525617562332E-17,-0.2));
#5387=CARTESIAN_POINT('',(0.398959324502458,-0.120917800980737,2.92468440842035E-17));
#5388=CARTESIAN_POINT('',(0.360880847930413,-0.152081287986696,-0.00323888945421812));
#5389=CARTESIAN_POINT('',(0.255610123827234,-0.174956267786315,-0.00929356674088946));
#5390=CARTESIAN_POINT('',(0.132369922597987,-0.0679548747632894,-0.0187124920849721));
#5391=CARTESIAN_POINT('',(0.146024722195911,0.0947185255123631,-0.0279901967983403));
#5392=CARTESIAN_POINT('',(0.284906300613354,0.18010474184261,-0.0371844676697387));
#5393=CARTESIAN_POINT('',(0.435978838785033,0.119081003658114,-0.0465348490969588));
#5394=CARTESIAN_POINT('',(0.476557664382804,-0.0388963567387747,-0.0558818404152775));
#5395=CARTESIAN_POINT('',(0.373322780017501,-0.165255089467946,-0.0652512701363353));
#5396=CARTESIAN_POINT('',(0.210427199096468,-0.156994264625693,-0.0745528883174614));
#5397=CARTESIAN_POINT('',(0.120497721813781,-0.0211223308561302,-0.0837415457977397));
#5398=CARTESIAN_POINT('',(0.17649467064289,0.132017630271643,-0.0930734116560445));
#5399=CARTESIAN_POINT('',(0.333122899767021,0.177736553836381,-0.102413680822875));
#5400=CARTESIAN_POINT('',(0.462740061259921,0.0786739993367372,-0.111800103475722));
#5401=CARTESIAN_POINT('',(0.459892489212348,-0.0842519793990569,-0.121107633618342));
#5402=CARTESIAN_POINT('',(0.327036348968816,-0.178805479889786,-0.130289188909158));
#5403=CARTESIAN_POINT('',(0.172128503866532,-0.127488685727692,-0.139685721379569));
#5404=CARTESIAN_POINT('',(0.13809917864313,-0.0249626041020373,-0.145691758650271));
#5405=CARTESIAN_POINT('',(0.145553653268161,0.0236725258725916,-0.148962632257679));
#5406=CARTESIAN_POINT('',(0.145553653268161,0.0236725258725916,-0.148962632257679));
#5407=CARTESIAN_POINT('',(0.145553653268161,0.0236725258725916,-0.2));
#5408=CARTESIAN_POINT('',(0.145553653268161,0.0236725258725916,-0.197819189999656));
#5409=CARTESIAN_POINT('',(0.145553653268161,0.0236725258725916,-0.197819189999656));
#5410=CARTESIAN_POINT('',(0.140601865676618,-0.00863435626673161,-0.195826610101722));
#5411=CARTESIAN_POINT('',(0.151385584007712,-0.0751431941250837,-0.191513008794476));
#5412=CARTESIAN_POINT('',(0.223000833625469,-0.147836738166128,-0.185382451685757));
#5413=CARTESIAN_POINT('',(0.323502812436552,-0.164968497568117,-0.179285082605356));
#5414=CARTESIAN_POINT('',(0.415193449128463,-0.120420699310916,-0.173111814775277));
#5415=CARTESIAN_POINT('',(0.463760418138233,-0.0308103362213772,-0.166901877992807));
#5416=CARTESIAN_POINT('',(0.451086523992896,0.0702472950773856,-0.160635073912427));
#5417=CARTESIAN_POINT('',(0.382012484833509,0.145047594343782,-0.154469594031026));
#5418=CARTESIAN_POINT('',(0.282210128537934,0.16569073176748,-0.148403482855393));
#5419=CARTESIAN_POINT('',(0.189038314596792,0.124329221813497,-0.142196784534384));
#5420=CARTESIAN_POINT('',(0.137388614341861,0.0364355066705325,-0.135974688606491));
#5421=CARTESIAN_POINT('',(0.146594355487894,-0.0650745211541491,-0.129723877752489));
#5422=CARTESIAN_POINT('',(0.213155756762942,-0.142200611543108,-0.123563726611296));
#5423=CARTESIAN_POINT('',(0.312101988860299,-0.166183963622475,-0.117514021954684));
#5424=CARTESIAN_POINT('',(0.406601227066965,-0.128082138623693,-0.111276362743657));
#5425=CARTESIAN_POINT('',(0.461254470886225,-0.0420376546240455,-0.105050674572484));
#5426=CARTESIAN_POINT('',(0.4555643189954,0.0597491952260179,-0.0988205504041289));
#5427=CARTESIAN_POINT('',(0.391659021265446,0.13916938575819,-0.0926662362928378));
#5428=CARTESIAN_POINT('',(0.293491286939205,0.1664962016512,-0.0866128824761255));
#5429=CARTESIAN_POINT('',(0.197849570211749,0.131633981278444,-0.0803498907529407));
#5430=CARTESIAN_POINT('',(0.140297173090949,0.0475730090101978,-0.0741280384016937));
#5431=CARTESIAN_POINT('',(0.142462506846642,-0.0543341963472896,-0.0679219895325699));
#5432=CARTESIAN_POINT('',(0.20359168411415,-0.135928037896774,-0.0617748449304922));
#5433=CARTESIAN_POINT('',(0.300804861860559,-0.16664018007466,-0.0557109354160676));
#5434=CARTESIAN_POINT('',(0.397665331081122,-0.135000554427528,-0.0494172851447934));
#5435=CARTESIAN_POINT('',(0.457973020004329,-0.0529777761850821,-0.0432043261578032));
#5436=CARTESIAN_POINT('',(0.459307005343289,0.0488742467785651,-0.0370252318136922));
#5437=CARTESIAN_POINT('',(0.401048516751075,0.132513477226891,-0.0308860473874667));
#5438=CARTESIAN_POINT('',(0.30494971142235,0.166571647420042,-0.0248032241417457));
#5439=CARTESIAN_POINT('',(0.207022003402047,0.138285600706913,-0.0184888919532649));
#5440=CARTESIAN_POINT('',(0.143875053488301,0.0582872407043965,-0.0122934448676332));
#5441=CARTESIAN_POINT('',(0.139212270032498,-0.0434773416861349,-0.00607722037014785));
#5442=CARTESIAN_POINT('',(0.175873118419805,-0.100370245964395,-0.00214734246209113));
#5443=CARTESIAN_POINT('',(0.201183235762834,-0.121034332342919,1.82745690982424E-17));
#5444=CARTESIAN_POINT('',(0.3,9.25525617562332E-17,-0.2));
#5445=CARTESIAN_POINT('',(0.149285584910399,0.0231005197991232,-0.2));
#5446=CARTESIAN_POINT('',(0.148470343645515,0.00468221021988567,-0.2));
#5447=CARTESIAN_POINT('',(0.151099056192642,-0.0134287178528901,-0.2));
#5448=CARTESIAN_POINT('',(0.157153229734584,-0.0308469333606148,-0.2));
#5449=CARTESIAN_POINT('',(0.149285584910399,0.0231005197991232,-0.2));
#5450=CARTESIAN_POINT('',(0.157153229734585,-0.0308469333606148,-0.2));
#5451=CARTESIAN_POINT('',(0.3,2.92639703890107E-17,-0.2));
#5452=CARTESIAN_POINT('',(0.155505572852154,0.0221471607291669,-0.2));
#5453=CARTESIAN_POINT('',(0.157153229734585,-0.0308469333606148,-0.2));
#5454=CARTESIAN_POINT('',(0.153275361253816,-0.0132857274723113,-0.2));
#5455=CARTESIAN_POINT('',(0.152695191274204,0.00437800824926782,-0.2));
#5456=CARTESIAN_POINT('',(0.155505572852154,0.0221471607291669,-0.2));
#5457=CARTESIAN_POINT('',(-0.383534753713792,-0.131636205377613,0.00102878616633355));
#5458=CARTESIAN_POINT('',(-0.393228491999005,-0.125535467664754,0.000298002237256118));
#5459=CARTESIAN_POINT('',(-0.434375849371596,-0.0929090162885307,-0.00303694835848798));
#5460=CARTESIAN_POINT('',(-0.472927628167606,-9.28621615695277E-18,-0.00897606562089875));
#5461=CARTESIAN_POINT('',(-0.422215416480851,0.122215416480851,-0.0167885656208987));
#5462=CARTESIAN_POINT('',(-0.3,0.172927628167606,-0.0246010656208988));
#5463=CARTESIAN_POINT('',(-0.177784583519149,0.122215416480852,-0.0324135656208987));
#5464=CARTESIAN_POINT('',(-0.127072371832394,1.80893714256477E-18,-0.0402260656208987));
#5465=CARTESIAN_POINT('',(-0.177784583519149,-0.122215416480851,-0.0480385656208987));
#5466=CARTESIAN_POINT('',(-0.3,-0.172927628167606,-0.0558510656208987));
#5467=CARTESIAN_POINT('',(-0.422215416480851,-0.122215416480852,-0.0636635656208987));
#5468=CARTESIAN_POINT('',(-0.472927628167606,-1.48547985399283E-17,-0.0714760656208988));
#5469=CARTESIAN_POINT('',(-0.422215416480852,0.122215416480851,-0.0792885656208988));
#5470=CARTESIAN_POINT('',(-0.3,0.172927628167606,-0.0871010656208987));
#5471=CARTESIAN_POINT('',(-0.177784583519148,0.122215416480851,-0.0949135656208987));
#5472=CARTESIAN_POINT('',(-0.127072371832394,4.62010535409976E-17,-0.102726065620899));
#5473=CARTESIAN_POINT('',(-0.177784583519148,-0.122215416480851,-0.110538565620899));
#5474=CARTESIAN_POINT('',(-0.3,-0.172927628167606,-0.118351065620899));
#5475=CARTESIAN_POINT('',(-0.422215416480852,-0.122215416480851,-0.126163565620899));
#5476=CARTESIAN_POINT('',(-0.472927628167606,-1.06466990677906E-16,-0.133976065620899));
#5477=CARTESIAN_POINT('',(-0.422215416480852,0.122215416480851,-0.141788565620899));
#5478=CARTESIAN_POINT('',(-0.3,0.172927628167606,-0.149601065620899));
#5479=CARTESIAN_POINT('',(-0.177784583519148,0.122215416480851,-0.157413565620899));
#5480=CARTESIAN_POINT('',(-0.127072371832394,5.79105879586579E-16,-0.165226065620899));
#5481=CARTESIAN_POINT('',(-0.177784583519148,-0.122215416480851,-0.173038565620899));
#5482=CARTESIAN_POINT('',(-0.3,-0.172927628167606,-0.180851065620899));
#5483=CARTESIAN_POINT('',(-0.422215416480852,-0.122215416480852,-0.188663565620899));
#5484=CARTESIAN_POINT('',(-0.459303566397047,-0.0328337165362604,-0.194377202663788));
#5485=CARTESIAN_POINT('',(-0.455387115771185,0.0158095112480464,-0.19748667304001));
#5486=CARTESIAN_POINT('',(-0.454150663779519,0.0236272055235707,-0.197991976749566));
#5487=CARTESIAN_POINT('',(-0.400629180168735,-0.158574040608985,0.0194626717081361));
#5488=CARTESIAN_POINT('',(-0.412306630487838,-0.151224857099415,0.0187318877790587));
#5489=CARTESIAN_POINT('',(-0.461874321232464,-0.111921777748115,0.0153969371833146));
#5490=CARTESIAN_POINT('',(-0.508315278101514,-2.74240067098581E-17,0.00945781992090382));
#5491=CARTESIAN_POINT('',(-0.447225395630969,0.147225395630969,0.00164531992090382));
#5492=CARTESIAN_POINT('',(-0.3,0.208315278101514,-0.00616718007909618));
#5493=CARTESIAN_POINT('',(-0.152774604369031,0.147225395630969,-0.0139796800790962));
#5494=CARTESIAN_POINT('',(-0.0916847218984857,-2.72150003431602E-18,-0.0217921800790962));
#5495=CARTESIAN_POINT('',(-0.152774604369031,-0.147225395630969,-0.0296046800790962));
#5496=CARTESIAN_POINT('',(-0.3,-0.208315278101514,-0.0374171800790962));
#5497=CARTESIAN_POINT('',(-0.447225395630969,-0.147225395630969,-0.0452296800790962));
#5498=CARTESIAN_POINT('',(-0.508315278101514,-2.84568046341588E-17,-0.0530421800790962));
#5499=CARTESIAN_POINT('',(-0.44722539563097,0.147225395630969,-0.0608546800790962));
#5500=CARTESIAN_POINT('',(-0.3,0.208315278101514,-0.0686671800790962));
#5501=CARTESIAN_POINT('',(-0.152774604369031,0.147225395630969,-0.0764796800790962));
#5502=CARTESIAN_POINT('',(-0.0916847218984858,5.07421852814665E-17,-0.0842921800790962));
#5503=CARTESIAN_POINT('',(-0.15277460436903,-0.147225395630969,-0.0921046800790962));
#5504=CARTESIAN_POINT('',(-0.3,-0.208315278101515,-0.0999171800790962));
#5505=CARTESIAN_POINT('',(-0.44722539563097,-0.147225395630969,-0.107729680079096));
#5506=CARTESIAN_POINT('',(-0.508315278101514,-1.24604781230812E-16,-0.115542180079096));
#5507=CARTESIAN_POINT('',(-0.44722539563097,0.147225395630969,-0.123354680079096));
#5508=CARTESIAN_POINT('',(-0.3,0.208315278101514,-0.131167180079096));
#5509=CARTESIAN_POINT('',(-0.152774604369031,0.147225395630969,-0.138979680079096));
#5510=CARTESIAN_POINT('',(-0.0916847218984858,6.92505838335244E-16,-0.146792180079096));
#5511=CARTESIAN_POINT('',(-0.15277460436903,-0.147225395630969,-0.154604680079096));
#5512=CARTESIAN_POINT('',(-0.3,-0.208315278101514,-0.162417180079096));
#5513=CARTESIAN_POINT('',(-0.447225395630969,-0.147225395630969,-0.170229680079096));
#5514=CARTESIAN_POINT('',(-0.491903208805939,-0.0395527589421865,-0.175943317121985));
#5515=CARTESIAN_POINT('',(-0.487185301610065,0.0190447458696062,-0.179052787498208));
#5516=CARTESIAN_POINT('',(-0.485695823941099,0.0284622413523987,-0.179558091207764));
#5517=CARTESIAN_POINT('',(-0.444494427147846,0.0221471607291668,-0.203634742863958));
#5518=CARTESIAN_POINT('',(-0.492752566734777,0.0295438527332726,-0.175434378147177));
#5519=CARTESIAN_POINT('',(-0.485335616078207,0.0284070310471098,-0.179768584052998));
#5520=CARTESIAN_POINT('',(-0.411893942417358,0.150452635903466,-5.80591730667156E-14));
#5521=CARTESIAN_POINT('',(-0.383696499911031,0.171423508159531,-0.00178044174405874));
#5522=CARTESIAN_POINT('',(-0.314655128850032,0.197202385765518,-0.00577859348952062));
#5523=CARTESIAN_POINT('',(-0.20709925845449,0.174520722901896,-0.0111147721192995));
#5524=CARTESIAN_POINT('',(-0.127991150273649,0.0976043555752144,-0.0167724161605607));
#5525=CARTESIAN_POINT('',(-0.102530542435073,-0.00964769348287603,-0.0225906763633047));
#5526=CARTESIAN_POINT('',(-0.138214928988242,-0.11366516908179,-0.0280509448427619));
#5527=CARTESIAN_POINT('',(-0.224280694272402,-0.182699701718489,-0.0335950312945947));
#5528=CARTESIAN_POINT('',(-0.333863993919036,-0.194784706850469,-0.039349757234403));
#5529=CARTESIAN_POINT('',(-0.432688609675539,-0.146582650649127,-0.0449881168750475));
#5530=CARTESIAN_POINT('',(-0.490622877772121,-0.0526925599542323,-0.0504896148044309));
#5531=CARTESIAN_POINT('',(-0.489141724432596,0.0575677406847559,-0.0561060420772928));
#5532=CARTESIAN_POINT('',(-0.429152348812519,0.149702258765841,-0.0618302450327899));
#5533=CARTESIAN_POINT('',(-0.328870464780556,0.195653815041167,-0.0674425173640358));
#5534=CARTESIAN_POINT('',(-0.219606040227615,0.180629083959118,-0.0729205232489172));
#5535=CARTESIAN_POINT('',(-0.135552468201593,0.109757969390295,-0.0785917783870252));
#5536=CARTESIAN_POINT('',(-0.102282189608942,0.00460872260943359,-0.0843801924573176));
#5537=CARTESIAN_POINT('',(-0.130623843973523,-0.101995230042401,-0.0898026965399989));
#5538=CARTESIAN_POINT('',(-0.211300706902426,-0.17669668030793,-0.0953811789874363));
#5539=CARTESIAN_POINT('',(-0.319730159169976,-0.196783605514816,-0.101193567105124));
#5540=CARTESIAN_POINT('',(-0.422045818592256,-0.155553140999335,-0.106742086485914));
#5541=CARTESIAN_POINT('',(-0.486262801313826,-0.0662972027467549,-0.112236775282893));
#5542=CARTESIAN_POINT('',(-0.492864598320823,0.0437719803305536,-0.117937213648873));
#5543=CARTESIAN_POINT('',(-0.439368590198598,0.140245431605369,-0.123651897853744));
#5544=CARTESIAN_POINT('',(-0.342890414666336,0.193000742041657,-0.12915933805287));
#5545=CARTESIAN_POINT('',(-0.232851454306666,0.186020912008697,-0.134714782514694));
#5546=CARTESIAN_POINT('',(-0.143679736039289,0.121066184710892,-0.140445919996167));
#5547=CARTESIAN_POINT('',(-0.103194009470164,0.0188333967752171,-0.146120985147327));
#5548=CARTESIAN_POINT('',(-0.123634345938874,-0.0895032781266972,-0.151557080034657));
#5549=CARTESIAN_POINT('',(-0.199107210873115,-0.17002772114804,-0.157205299853275));
#5550=CARTESIAN_POINT('',(-0.305391223777255,-0.197609890279471,-0.163027638852448));
#5551=CARTESIAN_POINT('',(-0.446134439684933,-0.15291436015192,-0.170218531892455));
#5552=CARTESIAN_POINT('',(-0.496133779934125,-0.0420432862504323,-0.176180374951137));
#5553=CARTESIAN_POINT('',(-0.485335616078207,0.0284070310471098,-0.179768584052998));
#5554=CARTESIAN_POINT('',(-0.3,-1.75985694144619E-17,0.03125));
#5555=CARTESIAN_POINT('',(-0.485335616078207,0.0284070310471098,0.03125));
#5556=CARTESIAN_POINT('',(-0.485335616078207,0.0284070310471098,-0.167013238204336));
#5557=CARTESIAN_POINT('',(-0.485335616078207,0.0284070310471098,-0.167013238204336));
#5558=CARTESIAN_POINT('',(-0.495366850392673,-0.0370396180100607,-0.163314903686707));
#5559=CARTESIAN_POINT('',(-0.440285723876508,-0.175598313703303,-0.156628105909689));
#5560=CARTESIAN_POINT('',(-0.217221513800442,-0.209529844382029,-0.146245444407101));
#5561=CARTESIAN_POINT('',(-0.0771885543790608,-0.0324788611727999,-0.135663575059358));
#5562=CARTESIAN_POINT('',(-0.160816287983713,0.176986088943733,-0.125228904673427));
#5563=CARTESIAN_POINT('',(-0.384133662793605,0.208856999059086,-0.114956932411021));
#5564=CARTESIAN_POINT('',(-0.52300740028598,0.0311010639480116,-0.104337442953548));
#5565=CARTESIAN_POINT('',(-0.438056126053505,-0.177890244144497,-0.0939222724017437));
#5566=CARTESIAN_POINT('',(-0.214479882251876,-0.208316015945688,-0.0836421039766585));
#5567=CARTESIAN_POINT('',(-0.0767474257054994,-0.0295471066438738,-0.0730108392727558));
#5568=CARTESIAN_POINT('',(-0.163252370539958,0.178924349994575,-0.0626048890092015));
#5569=CARTESIAN_POINT('',(-0.387071433791363,0.207662598291362,-0.0523192932582601));
#5570=CARTESIAN_POINT('',(-0.523424854438311,0.0279377740189307,-0.0416810889345303));
#5571=CARTESIAN_POINT('',(-0.435533545317441,-0.179808918136272,-0.031298465026142));
#5572=CARTESIAN_POINT('',(-0.211556929294997,-0.20711123429583,-0.0209892219711444));
#5573=CARTESIAN_POINT('',(-0.076549340537497,-0.0264129879728106,-0.0104221434045932));
#5574=CARTESIAN_POINT('',(-0.13556613525568,0.111377886509825,-0.00331747359411464));
#5575=CARTESIAN_POINT('',(-0.188106057581722,0.150452635902782,-2.0608911866266E-17));
#5576=CARTESIAN_POINT('',(-0.203675233125981,0.161176757882782,0.000804502572124969));
#5577=CARTESIAN_POINT('',(-0.190369969718056,0.153286349708636,-1.40796736610116E-5));
#5578=CARTESIAN_POINT('',(-0.13880341821878,0.113582524523941,-0.00343682858611366));
#5579=CARTESIAN_POINT('',(-0.0916733490881267,-2.71938151592418E-18,-0.00946374416523297));
#5580=CARTESIAN_POINT('',(-0.152766566713225,-0.147233433286775,-0.017276244165233));
#5581=CARTESIAN_POINT('',(-0.3,-0.208326650911873,-0.025088744165233));
#5582=CARTESIAN_POINT('',(-0.447233433286775,-0.147233433286775,-0.032901244165233));
#5583=CARTESIAN_POINT('',(-0.508326650911873,-2.84576015179807E-17,-0.040713744165233));
#5584=CARTESIAN_POINT('',(-0.447233433286776,0.147233433286775,-0.048526244165233));
#5585=CARTESIAN_POINT('',(-0.3,0.208326650911873,-0.056338744165233));
#5586=CARTESIAN_POINT('',(-0.152766566713224,0.147233433286775,-0.064151244165233));
#5587=CARTESIAN_POINT('',(-0.0916733490881269,5.0747219202072E-17,-0.071963744165233));
#5588=CARTESIAN_POINT('',(-0.152766566713224,-0.147233433286775,-0.079776244165233));
#5589=CARTESIAN_POINT('',(-0.3,-0.208326650911873,-0.087588744165233));
#5590=CARTESIAN_POINT('',(-0.447233433286776,-0.147233433286775,-0.095401244165233));
#5591=CARTESIAN_POINT('',(-0.508326650911873,-1.2460703581574E-16,-0.103213744165233));
#5592=CARTESIAN_POINT('',(-0.447233433286776,0.147233433286775,-0.111026244165233));
#5593=CARTESIAN_POINT('',(-0.3,0.208326650911873,-0.118838744165233));
#5594=CARTESIAN_POINT('',(-0.152766566713224,0.147233433286775,-0.126651244165233));
#5595=CARTESIAN_POINT('',(-0.0916733490881269,6.92545857082414E-16,-0.134463744165233));
#5596=CARTESIAN_POINT('',(-0.152766566713224,-0.147233433286775,-0.142276244165233));
#5597=CARTESIAN_POINT('',(-0.3,-0.208326650911873,-0.150088744165233));
#5598=CARTESIAN_POINT('',(-0.447233433286776,-0.147233433286776,-0.157901244165233));
#5599=CARTESIAN_POINT('',(-0.491913685612157,-0.0395549182942548,-0.163614881208122));
#5600=CARTESIAN_POINT('',(-0.487195520845815,0.0190457856026737,-0.166724351584345));
#5601=CARTESIAN_POINT('',(-0.485705961859975,0.0284637952262971,-0.1672296552939));
#5602=CARTESIAN_POINT('',(-0.220042731408408,0.133789613398292,0.0192442230610083));
#5603=CARTESIAN_POINT('',(-0.208998297515505,0.127239942881024,0.0184256408152223));
#5604=CARTESIAN_POINT('',(-0.166193931178836,0.0942825891553903,0.0150028919027697));
#5605=CARTESIAN_POINT('',(-0.127072200407885,1.82318764604395E-18,0.00897597632365037));
#5606=CARTESIAN_POINT('',(-0.177784462366052,-0.122215537633948,0.00116347632365037));
#5607=CARTESIAN_POINT('',(-0.3,-0.172927799592115,-0.00664902367634963));
#5608=CARTESIAN_POINT('',(-0.422215537633948,-0.122215537633948,-0.0144615236763496));
#5609=CARTESIAN_POINT('',(-0.472927799592115,-1.48405919808548E-17,-0.0222740236763496));
#5610=CARTESIAN_POINT('',(-0.422215537633949,0.122215537633948,-0.0300865236763496));
#5611=CARTESIAN_POINT('',(-0.3,0.172927799592115,-0.0378990236763496));
#5612=CARTESIAN_POINT('',(-0.177784462366051,0.122215537633948,-0.0457115236763496));
#5613=CARTESIAN_POINT('',(-0.127072200407885,4.62153479888824E-17,-0.0535240236763496));
#5614=CARTESIAN_POINT('',(-0.177784462366051,-0.122215537633948,-0.0613365236763496));
#5615=CARTESIAN_POINT('',(-0.3,-0.172927799592115,-0.0691490236763496));
#5616=CARTESIAN_POINT('',(-0.422215537633949,-0.122215537633948,-0.0769615236763497));
#5617=CARTESIAN_POINT('',(-0.472927799592115,-1.06452806091036E-16,-0.0847740236763496));
#5618=CARTESIAN_POINT('',(-0.422215537633949,0.122215537633948,-0.0925865236763496));
#5619=CARTESIAN_POINT('',(-0.3,0.172927799592115,-0.10039902367635));
#5620=CARTESIAN_POINT('',(-0.177784462366051,0.122215537633948,-0.10821152367635));
#5621=CARTESIAN_POINT('',(-0.127072200407885,5.79120701367331E-16,-0.11602402367635));
#5622=CARTESIAN_POINT('',(-0.177784462366051,-0.122215537633948,-0.12383652367635));
#5623=CARTESIAN_POINT('',(-0.3,-0.172927799592115,-0.13164902367635));
#5624=CARTESIAN_POINT('',(-0.422215537633948,-0.122215537633948,-0.13946152367635));
#5625=CARTESIAN_POINT('',(-0.459303724315916,-0.0328337490845801,-0.145175160719239));
#5626=CARTESIAN_POINT('',(-0.455387269807646,0.0158095269201384,-0.148284631095461));
#5627=CARTESIAN_POINT('',(-0.454150816590276,0.023627228945404,-0.148789934805017));
#5628=CARTESIAN_POINT('',(-0.492752566734777,0.0295438527332726,-0.171347444110158));
#5629=CARTESIAN_POINT('',(-0.444494427147846,0.0221471607291668,-0.143147079393377));
#5630=CARTESIAN_POINT('',(-0.444494427147846,0.0221471607291668,-0.173390911128667));
#5631=CARTESIAN_POINT('',(-0.442777332681251,-0.0311597726041653,-0.199978191542816));
#5632=CARTESIAN_POINT('',(-0.445060390878592,-0.0209263785142083,-0.200691738273641));
#5633=CARTESIAN_POINT('',(-0.447092431022386,-0.00305359978384293,-0.201910588714022));
#5634=CARTESIAN_POINT('',(-0.445653425869299,0.0148191789465224,-0.203129439154402));
#5635=CARTESIAN_POINT('',(-0.444494427147846,0.0221471607291668,-0.203634742863958));
#5636=CARTESIAN_POINT('',(-0.448960282051645,-0.0325091415325977,-0.196321640221674));
#5637=CARTESIAN_POINT('',(-0.451342207716102,-0.021832591961604,-0.197035186952499));
#5638=CARTESIAN_POINT('',(-0.453462245030678,-0.00318583543012087,-0.19825403739288));
#5639=CARTESIAN_POINT('',(-0.45196092399146,0.0154609211013622,-0.19947288783326));
#5640=CARTESIAN_POINT('',(-0.450751735017252,0.0231062399535429,-0.199978191542816));
#5641=CARTESIAN_POINT('',(-0.3,-0.14625,0.00100616826470946));
#5642=CARTESIAN_POINT('',(-0.338288160465626,-0.14625,-0.00159799840195721));
#5643=CARTESIAN_POINT('',(-0.414559653264252,-0.114559653264252,-0.00680633173529054));
#5644=CARTESIAN_POINT('',(-0.462095173367874,-3.73408718827839E-18,-0.0146188317352905));
#5645=CARTESIAN_POINT('',(-0.414559653264252,0.114559653264252,-0.0224313317352905));
#5646=CARTESIAN_POINT('',(-0.3,0.162095173367874,-0.0302438317352905));
#5647=CARTESIAN_POINT('',(-0.185440346735748,0.114559653264252,-0.0380563317352905));
#5648=CARTESIAN_POINT('',(-0.137904826632126,3.19574174906576E-18,-0.0458688317352905));
#5649=CARTESIAN_POINT('',(-0.185440346735748,-0.114559653264252,-0.0536813317352905));
#5650=CARTESIAN_POINT('',(-0.3,-0.162095173367874,-0.0614938317352905));
#5651=CARTESIAN_POINT('',(-0.414559653264252,-0.114559653264252,-0.0693063317352905));
#5652=CARTESIAN_POINT('',(-0.462095173367874,-1.06911110253118E-17,-0.0771188317352905));
#5653=CARTESIAN_POINT('',(-0.414559653264253,0.114559653264252,-0.0849313317352905));
#5654=CARTESIAN_POINT('',(-0.3,0.162095173367874,-0.0927438317352905));
#5655=CARTESIAN_POINT('',(-0.185440346735748,0.114559653264252,-0.100556331735291));
#5656=CARTESIAN_POINT('',(-0.137904826632126,4.4810975239383E-17,-0.108368831735291));
#5657=CARTESIAN_POINT('',(-0.185440346735747,-0.114559653264252,-0.116181331735291));
#5658=CARTESIAN_POINT('',(-0.3,-0.162095173367874,-0.123993831735291));
#5659=CARTESIAN_POINT('',(-0.414559653264252,-0.114559653264252,-0.131806331735291));
#5660=CARTESIAN_POINT('',(-0.462095173367874,-1.00914861709232E-16,-0.139618831735291));
#5661=CARTESIAN_POINT('',(-0.414559653264253,0.114559653264252,-0.147431331735291));
#5662=CARTESIAN_POINT('',(-0.3,0.162095173367874,-0.155243831735291));
#5663=CARTESIAN_POINT('',(-0.185440346735748,0.114559653264252,-0.163056331735291));
#5664=CARTESIAN_POINT('',(-0.137904826632126,5.44393206387577E-16,-0.170868831735291));
#5665=CARTESIAN_POINT('',(-0.185440346735747,-0.114559653264252,-0.178681331735291));
#5666=CARTESIAN_POINT('',(-0.3,-0.162095173367874,-0.186493831735291));
#5667=CARTESIAN_POINT('',(-0.414559653264252,-0.114559653264252,-0.194306331735291));
#5668=CARTESIAN_POINT('',(-0.449324543954435,-0.0307769616148228,-0.20001996877818));
#5669=CARTESIAN_POINT('',(-0.445653425869299,0.0148191789465224,-0.203129439154402));
#5670=CARTESIAN_POINT('',(-0.444494427147846,0.0221471607291668,-0.203634742863958));
#5671=CARTESIAN_POINT('',(-0.444494427147846,0.0221471607291668,-0.203634742863958));
#5672=CARTESIAN_POINT('',(-0.444494427147846,0.0221471607291668,-0.203634742863958));
#5673=CARTESIAN_POINT('',(-0.492752566734777,0.0295438527332726,-0.175434378147177));
#5674=CARTESIAN_POINT('',(-0.444494427147846,0.0221471607291668,-0.173390911128667));
#5675=CARTESIAN_POINT('',(-0.444494427147846,0.0221471607291668,-0.143147079393377));
#5676=CARTESIAN_POINT('',(-0.444494427147846,0.0221471607291668,-0.203634742863958));
#5677=CARTESIAN_POINT('',(-0.442777332681251,-0.0311597726041656,-0.196321640221674));
#5678=CARTESIAN_POINT('',(-0.445060390878592,-0.0209263785142085,-0.197035186952499));
#5679=CARTESIAN_POINT('',(-0.447092431022386,-0.00305359978384304,-0.19825403739288));
#5680=CARTESIAN_POINT('',(-0.445653425869299,0.0148191789465224,-0.19947288783326));
#5681=CARTESIAN_POINT('',(-0.444494427147846,0.0221471607291668,-0.199978191542816));
#5682=CARTESIAN_POINT('',(-0.442777332681251,-0.0311597726041656,-0.199978191542816));
#5683=CARTESIAN_POINT('',(-0.445060390878592,-0.0209263785142085,-0.200691738273641));
#5684=CARTESIAN_POINT('',(-0.447092431022386,-0.00305359978384304,-0.201910588714022));
#5685=CARTESIAN_POINT('',(-0.445653425869299,0.0148191789465224,-0.203129439154402));
#5686=CARTESIAN_POINT('',(-0.444494427147846,0.0221471607291668,-0.203634742863958));
#5687=CARTESIAN_POINT('',(0.216465246286208,-0.131636205377613,0.00102878616633353));
#5688=CARTESIAN_POINT('',(0.206771508000995,-0.125535467664754,0.000298002237256098));
#5689=CARTESIAN_POINT('',(0.165624150628405,-0.0929090162885306,-0.003036948358488));
#5690=CARTESIAN_POINT('',(0.127072371832394,1.00931995766309E-16,-0.00897606562089876));
#5691=CARTESIAN_POINT('',(0.177784583519149,0.122215416480852,-0.0167885656208988));
#5692=CARTESIAN_POINT('',(0.3,0.172927628167606,-0.0246010656208988));
#5693=CARTESIAN_POINT('',(0.422215416480851,0.122215416480852,-0.0324135656208988));
#5694=CARTESIAN_POINT('',(0.472927628167606,1.12027149065827E-16,-0.0402260656208988));
#5695=CARTESIAN_POINT('',(0.422215416480852,-0.122215416480851,-0.0480385656208988));
#5696=CARTESIAN_POINT('',(0.3,-0.172927628167606,-0.0558510656208988));
#5697=CARTESIAN_POINT('',(0.177784583519149,-0.122215416480851,-0.0636635656208988));
#5698=CARTESIAN_POINT('',(0.127072371832394,9.53634133833334E-17,-0.0714760656208988));
#5699=CARTESIAN_POINT('',(0.177784583519148,0.122215416480851,-0.0792885656208988));
#5700=CARTESIAN_POINT('',(0.3,0.172927628167606,-0.0871010656208988));
#5701=CARTESIAN_POINT('',(0.422215416480852,0.122215416480851,-0.0949135656208988));
#5702=CARTESIAN_POINT('',(0.472927628167606,1.56419265464259E-16,-0.102726065620899));
#5703=CARTESIAN_POINT('',(0.422215416480852,-0.122215416480851,-0.110538565620899));
#5704=CARTESIAN_POINT('',(0.3,-0.172927628167606,-0.118351065620899));
#5705=CARTESIAN_POINT('',(0.177784583519148,-0.122215416480851,-0.126163565620899));
#5706=CARTESIAN_POINT('',(0.127072371832394,3.75122124535556E-18,-0.133976065620899));
#5707=CARTESIAN_POINT('',(0.177784583519148,0.122215416480851,-0.141788565620899));
#5708=CARTESIAN_POINT('',(0.3,0.172927628167606,-0.149601065620899));
#5709=CARTESIAN_POINT('',(0.422215416480852,0.122215416480851,-0.157413565620899));
#5710=CARTESIAN_POINT('',(0.472927628167606,6.89324091509841E-16,-0.165226065620899));
#5711=CARTESIAN_POINT('',(0.422215416480852,-0.122215416480851,-0.173038565620899));
#5712=CARTESIAN_POINT('',(0.3,-0.172927628167606,-0.180851065620899));
#5713=CARTESIAN_POINT('',(0.177784583519149,-0.122215416480851,-0.188663565620899));
#5714=CARTESIAN_POINT('',(0.140696433602953,-0.0328337165362603,-0.194377202663788));
#5715=CARTESIAN_POINT('',(0.144612884228815,0.0158095112480465,-0.19748667304001));
#5716=CARTESIAN_POINT('',(0.145849336220481,0.0236272055235708,-0.197991976749566));
#5717=CARTESIAN_POINT('',(0.199370819831265,-0.158574040608985,0.0194626717081361));
#5718=CARTESIAN_POINT('',(0.187693369512162,-0.151224857099414,0.0187318877790587));
#5719=CARTESIAN_POINT('',(0.138125678767536,-0.111921777748114,0.0153969371833146));
#5720=CARTESIAN_POINT('',(0.0916847218984858,8.27942052134037E-17,0.00945781992090379));
#5721=CARTESIAN_POINT('',(0.152774604369031,0.147225395630969,0.00164531992090379));
#5722=CARTESIAN_POINT('',(0.3,0.208315278101514,-0.00616718007909621));
#5723=CARTESIAN_POINT('',(0.447225395630969,0.147225395630969,-0.0139796800790962));
#5724=CARTESIAN_POINT('',(0.508315278101514,1.07496711888946E-16,-0.0217921800790962));
#5725=CARTESIAN_POINT('',(0.447225395630969,-0.147225395630969,-0.0296046800790962));
#5726=CARTESIAN_POINT('',(0.3,-0.208315278101514,-0.0374171800790962));
#5727=CARTESIAN_POINT('',(0.152774604369031,-0.147225395630969,-0.0452296800790962));
#5728=CARTESIAN_POINT('',(0.0916847218984858,8.1761407289103E-17,-0.0530421800790962));
#5729=CARTESIAN_POINT('',(0.152774604369031,0.147225395630969,-0.0608546800790962));
#5730=CARTESIAN_POINT('',(0.3,0.208315278101514,-0.0686671800790962));
#5731=CARTESIAN_POINT('',(0.447225395630969,0.147225395630969,-0.0764796800790962));
#5732=CARTESIAN_POINT('',(0.508315278101514,1.60960397204728E-16,-0.0842921800790962));
#5733=CARTESIAN_POINT('',(0.44722539563097,-0.147225395630969,-0.0921046800790962));
#5734=CARTESIAN_POINT('',(0.3,-0.208315278101514,-0.0999171800790962));
#5735=CARTESIAN_POINT('',(0.152774604369031,-0.147225395630969,-0.107729680079096));
#5736=CARTESIAN_POINT('',(0.0916847218984859,-1.43865693075498E-17,-0.115542180079096));
#5737=CARTESIAN_POINT('',(0.15277460436903,0.147225395630969,-0.123354680079096));
#5738=CARTESIAN_POINT('',(0.3,0.208315278101515,-0.131167180079096));
#5739=CARTESIAN_POINT('',(0.447225395630969,0.147225395630969,-0.138979680079096));
#5740=CARTESIAN_POINT('',(0.508315278101514,8.02724050258506E-16,-0.146792180079096));
#5741=CARTESIAN_POINT('',(0.44722539563097,-0.147225395630969,-0.154604680079096));
#5742=CARTESIAN_POINT('',(0.3,-0.208315278101514,-0.162417180079096));
#5743=CARTESIAN_POINT('',(0.152774604369031,-0.147225395630969,-0.170229680079096));
#5744=CARTESIAN_POINT('',(0.108096791194061,-0.0395527589421863,-0.175943317121985));
#5745=CARTESIAN_POINT('',(0.112814698389935,0.0190447458696063,-0.179052787498208));
#5746=CARTESIAN_POINT('',(0.114304176058901,0.0284622413523988,-0.179558091207764));
#5747=CARTESIAN_POINT('',(0.155505572852154,0.0221471607291669,-0.203634742863958));
#5748=CARTESIAN_POINT('',(0.107247433265223,0.0295438527332728,-0.175434378147177));
#5749=CARTESIAN_POINT('',(0.114664383921793,0.0284070310471099,-0.179768584052999));
#5750=CARTESIAN_POINT('',(0.188106057582642,0.150452635903466,-5.80491687405669E-14));
#5751=CARTESIAN_POINT('',(0.216303500088969,0.17142350815953,-0.00178044174405876));
#5752=CARTESIAN_POINT('',(0.285344871149967,0.197202385765518,-0.00577859348952054));
#5753=CARTESIAN_POINT('',(0.392900741545509,0.174520722901897,-0.0111147721192995));
#5754=CARTESIAN_POINT('',(0.472008849726351,0.0976043555752149,-0.0167724161605607));
#5755=CARTESIAN_POINT('',(0.497469457564926,-0.00964769348287555,-0.0225906763633048));
#5756=CARTESIAN_POINT('',(0.461785071011759,-0.11366516908179,-0.0280509448427618));
#5757=CARTESIAN_POINT('',(0.3757193057276,-0.182699701718488,-0.0335950312945946));
#5758=CARTESIAN_POINT('',(0.266136006080964,-0.194784706850469,-0.039349757234403));
#5759=CARTESIAN_POINT('',(0.167311390324462,-0.146582650649128,-0.0449881168750474));
#5760=CARTESIAN_POINT('',(0.109377122227879,-0.0526925599542329,-0.0504896148044308));
#5761=CARTESIAN_POINT('',(0.110858275567403,0.0575677406847551,-0.0561060420772927));
#5762=CARTESIAN_POINT('',(0.170847651187481,0.14970225876584,-0.0618302450327899));
#5763=CARTESIAN_POINT('',(0.27112953521944,0.195653815041166,-0.0674425173640355));
#5764=CARTESIAN_POINT('',(0.380393959772385,0.180629083959119,-0.0729205232489172));
#5765=CARTESIAN_POINT('',(0.464447531798406,0.109757969390295,-0.0785917783870252));
#5766=CARTESIAN_POINT('',(0.497717810391058,0.00460872260943826,-0.0843801924573173));
#5767=CARTESIAN_POINT('',(0.469376156026478,-0.1019952300424,-0.0898026965399989));
#5768=CARTESIAN_POINT('',(0.388699293097576,-0.176696680307929,-0.0953811789874361));
#5769=CARTESIAN_POINT('',(0.280269840830025,-0.196783605514816,-0.101193567105124));
#5770=CARTESIAN_POINT('',(0.177954181407747,-0.155553140999336,-0.106742086485914));
#5771=CARTESIAN_POINT('',(0.113737198686176,-0.0662972027467587,-0.112236775282892));
#5772=CARTESIAN_POINT('',(0.107135401679176,0.0437719803305527,-0.117937213648873));
#5773=CARTESIAN_POINT('',(0.160631409801401,0.140245431605368,-0.123651897853744));
#5774=CARTESIAN_POINT('',(0.257109585333662,0.193000742041656,-0.12915933805287));
#5775=CARTESIAN_POINT('',(0.367148545693329,0.1860209120087,-0.134714782514694));
#5776=CARTESIAN_POINT('',(0.456320263960711,0.121066184710892,-0.140445919996167));
#5777=CARTESIAN_POINT('',(0.496805990529836,0.018833396775219,-0.146120985147326));
#5778=CARTESIAN_POINT('',(0.476365654061128,-0.0895032781266956,-0.151557080034657));
#5779=CARTESIAN_POINT('',(0.400892789126886,-0.17002772114804,-0.157205299853275));
#5780=CARTESIAN_POINT('',(0.294608776222746,-0.19760989027947,-0.163027638852449));
#5781=CARTESIAN_POINT('',(0.153865560315067,-0.15291436015192,-0.170218531892455));
#5782=CARTESIAN_POINT('',(0.103866220065875,-0.0420432862504324,-0.176180374951137));
#5783=CARTESIAN_POINT('',(0.114664383921793,0.0284070310471099,-0.179768584052998));
#5784=CARTESIAN_POINT('',(0.396324766874019,0.161176757882782,0.000804502572124963));
#5785=CARTESIAN_POINT('',(0.409630030281944,0.153286349708636,-1.40796736610211E-5));
#5786=CARTESIAN_POINT('',(0.46119658178122,0.113582524523941,-0.00343682858611367));
#5787=CARTESIAN_POINT('',(0.508326650911873,1.07498830407338E-16,-0.00946374416523299));
#5788=CARTESIAN_POINT('',(0.447233433286776,-0.147233433286775,-0.017276244165233));
#5789=CARTESIAN_POINT('',(0.3,-0.208326650911873,-0.025088744165233));
#5790=CARTESIAN_POINT('',(0.152766566713225,-0.147233433286775,-0.032901244165233));
#5791=CARTESIAN_POINT('',(0.0916733490881268,8.17606104052811E-17,-0.040713744165233));
#5792=CARTESIAN_POINT('',(0.152766566713224,0.147233433286775,-0.048526244165233));
#5793=CARTESIAN_POINT('',(0.3,0.208326650911873,-0.056338744165233));
#5794=CARTESIAN_POINT('',(0.447233433286776,0.147233433286775,-0.064151244165233));
#5795=CARTESIAN_POINT('',(0.508326650911873,1.60965431125334E-16,-0.071963744165233));
#5796=CARTESIAN_POINT('',(0.447233433286776,-0.147233433286775,-0.079776244165233));
#5797=CARTESIAN_POINT('',(0.3,-0.208326650911873,-0.087588744165233));
#5798=CARTESIAN_POINT('',(0.152766566713224,-0.147233433286775,-0.095401244165233));
#5799=CARTESIAN_POINT('',(0.0916733490881268,-1.43888238924785E-17,-0.103213744165233));
#5800=CARTESIAN_POINT('',(0.152766566713224,0.147233433286775,-0.111026244165233));
#5801=CARTESIAN_POINT('',(0.3,0.208326650911874,-0.118838744165233));
#5802=CARTESIAN_POINT('',(0.447233433286776,0.147233433286775,-0.126651244165233));
#5803=CARTESIAN_POINT('',(0.508326650911873,8.02764069005676E-16,-0.134463744165233));
#5804=CARTESIAN_POINT('',(0.447233433286776,-0.147233433286775,-0.142276244165233));
#5805=CARTESIAN_POINT('',(0.3,-0.208326650911873,-0.150088744165233));
#5806=CARTESIAN_POINT('',(0.152766566713225,-0.147233433286775,-0.157901244165233));
#5807=CARTESIAN_POINT('',(0.108086314387843,-0.0395549182942546,-0.163614881208122));
#5808=CARTESIAN_POINT('',(0.112804479154185,0.0190457856026738,-0.166724351584345));
#5809=CARTESIAN_POINT('',(0.114294038140025,0.0284637952262972,-0.1672296552939));
#5810=CARTESIAN_POINT('',(0.379957268591592,0.133789613398292,0.0192442230610083));
#5811=CARTESIAN_POINT('',(0.391001702484495,0.127239942881024,0.0184256408152223));
#5812=CARTESIAN_POINT('',(0.433806068821164,0.0942825891553904,0.0150028919027697));
#5813=CARTESIAN_POINT('',(0.472927799592115,1.12041399569306E-16,0.00897597632365038));
#5814=CARTESIAN_POINT('',(0.422215537633948,-0.122215537633948,0.00116347632365038));
#5815=CARTESIAN_POINT('',(0.3,-0.172927799592115,-0.00664902367634962));
#5816=CARTESIAN_POINT('',(0.177784462366052,-0.122215537633948,-0.0144615236763496));
#5817=CARTESIAN_POINT('',(0.127072200407885,9.5377619942407E-17,-0.0222740236763496));
#5818=CARTESIAN_POINT('',(0.177784462366051,0.122215537633948,-0.0300865236763496));
#5819=CARTESIAN_POINT('',(0.3,0.172927799592115,-0.0378990236763496));
#5820=CARTESIAN_POINT('',(0.422215537633949,0.122215537633948,-0.0457115236763496));
#5821=CARTESIAN_POINT('',(0.472927799592115,1.56433559912144E-16,-0.0535240236763496));
#5822=CARTESIAN_POINT('',(0.422215537633949,-0.122215537633948,-0.0613365236763496));
#5823=CARTESIAN_POINT('',(0.3,-0.172927799592115,-0.0691490236763496));
#5824=CARTESIAN_POINT('',(0.177784462366052,-0.122215537633948,-0.0769615236763496));
#5825=CARTESIAN_POINT('',(0.127072200407886,3.76540583222629E-18,-0.0847740236763496));
#5826=CARTESIAN_POINT('',(0.177784462366051,0.122215537633948,-0.0925865236763496));
#5827=CARTESIAN_POINT('',(0.3,0.172927799592115,-0.10039902367635));
#5828=CARTESIAN_POINT('',(0.422215537633949,0.122215537633948,-0.10821152367635));
#5829=CARTESIAN_POINT('',(0.472927799592115,6.89338913290593E-16,-0.11602402367635));
#5830=CARTESIAN_POINT('',(0.422215537633949,-0.122215537633948,-0.12383652367635));
#5831=CARTESIAN_POINT('',(0.3,-0.172927799592115,-0.13164902367635));
#5832=CARTESIAN_POINT('',(0.177784462366052,-0.122215537633948,-0.13946152367635));
#5833=CARTESIAN_POINT('',(0.140696275684084,-0.03283374908458,-0.145175160719239));
#5834=CARTESIAN_POINT('',(0.144612730192354,0.0158095269201385,-0.148284631095461));
#5835=CARTESIAN_POINT('',(0.145849183409724,0.0236272289454041,-0.148789934805017));
#5836=CARTESIAN_POINT('',(0.114664383921793,0.0284070310471099,-0.167013238204336));
#5837=CARTESIAN_POINT('',(0.104633149607327,-0.0370396180100605,-0.163314903686707));
#5838=CARTESIAN_POINT('',(0.159714276123493,-0.175598313703304,-0.156628105909689));
#5839=CARTESIAN_POINT('',(0.382778486199557,-0.209529844382029,-0.146245444407101));
#5840=CARTESIAN_POINT('',(0.52281144562094,-0.0324788611728,-0.135663575059358));
#5841=CARTESIAN_POINT('',(0.439183712016286,0.176986088943734,-0.125228904673427));
#5842=CARTESIAN_POINT('',(0.215866337206396,0.208856999059086,-0.114956932411021));
#5843=CARTESIAN_POINT('',(0.076992599714019,0.0311010639480111,-0.104337442953548));
#5844=CARTESIAN_POINT('',(0.161943873946496,-0.177890244144497,-0.0939222724017437));
#5845=CARTESIAN_POINT('',(0.385520117748125,-0.208316015945688,-0.0836421039766584));
#5846=CARTESIAN_POINT('',(0.523252574294501,-0.0295471066438725,-0.0730108392727558));
#5847=CARTESIAN_POINT('',(0.436747629460042,0.178924349994576,-0.0626048890092015));
#5848=CARTESIAN_POINT('',(0.212928566208636,0.207662598291362,-0.0523192932582601));
#5849=CARTESIAN_POINT('',(0.0765751455616888,0.0279377740189299,-0.0416810889345303));
#5850=CARTESIAN_POINT('',(0.164466454682559,-0.179808918136272,-0.0312984650261419));
#5851=CARTESIAN_POINT('',(0.388443070705003,-0.20711123429583,-0.0209892219711444));
#5852=CARTESIAN_POINT('',(0.523450659462503,-0.0264129879728109,-0.0104221434045932));
#5853=CARTESIAN_POINT('',(0.46443386474432,0.111377886509826,-0.00331747359411459));
#5854=CARTESIAN_POINT('',(0.411893942418278,0.150452635902782,1.00710216563307E-17));
#5855=CARTESIAN_POINT('',(0.114664383921793,0.0284070310471099,-0.167013238204336));
#5856=CARTESIAN_POINT('',(0.107247433265223,0.0295438527332728,-0.171347444110158));
#5857=CARTESIAN_POINT('',(0.155505572852154,0.0221471607291669,-0.143147079393377));
#5858=CARTESIAN_POINT('',(0.3,9.26196425087999E-17,0.03125));
#5859=CARTESIAN_POINT('',(0.114664383921793,0.0284070310471099,0.03125));
#5860=CARTESIAN_POINT('',(0.155505572852154,0.0221471607291669,-0.173390911128667));
#5861=CARTESIAN_POINT('',(0.157222667318749,-0.0311597726041652,-0.199978191542816));
#5862=CARTESIAN_POINT('',(0.154939609121409,-0.0209263785142082,-0.200691738273641));
#5863=CARTESIAN_POINT('',(0.152907568977614,-0.00305359978384282,-0.201910588714022));
#5864=CARTESIAN_POINT('',(0.154346574130701,0.0148191789465225,-0.203129439154402));
#5865=CARTESIAN_POINT('',(0.155505572852154,0.0221471607291669,-0.203634742863958));
#5866=CARTESIAN_POINT('',(0.151039717948355,-0.0325091415325976,-0.196321640221675));
#5867=CARTESIAN_POINT('',(0.148657792283898,-0.0218325919616039,-0.197035186952499));
#5868=CARTESIAN_POINT('',(0.146537754969322,-0.00318583543012076,-0.19825403739288));
#5869=CARTESIAN_POINT('',(0.14803907600854,0.0154609211013623,-0.19947288783326));
#5870=CARTESIAN_POINT('',(0.149248264982748,0.023106239953543,-0.199978191542816));
#5871=CARTESIAN_POINT('',(0.3,-0.14625,0.00100616826470946));
#5872=CARTESIAN_POINT('',(0.261711839534374,-0.14625,-0.00159799840195721));
#5873=CARTESIAN_POINT('',(0.185440346735748,-0.114559653264252,-0.00680633173529054));
#5874=CARTESIAN_POINT('',(0.137904826632126,1.06484124734983E-16,-0.0146188317352905));
#5875=CARTESIAN_POINT('',(0.185440346735748,0.114559653264252,-0.0224313317352905));
#5876=CARTESIAN_POINT('',(0.3,0.162095173367874,-0.0302438317352905));
#5877=CARTESIAN_POINT('',(0.414559653264252,0.114559653264252,-0.0380563317352905));
#5878=CARTESIAN_POINT('',(0.462095173367874,1.13413953672328E-16,-0.0458688317352905));
#5879=CARTESIAN_POINT('',(0.414559653264252,-0.114559653264252,-0.0536813317352905));
#5880=CARTESIAN_POINT('',(0.3,-0.162095173367874,-0.0614938317352905));
#5881=CARTESIAN_POINT('',(0.185440346735748,-0.114559653264252,-0.0693063317352905));
#5882=CARTESIAN_POINT('',(0.137904826632126,9.952710089795E-17,-0.0771188317352905));
#5883=CARTESIAN_POINT('',(0.185440346735747,0.114559653264252,-0.0849313317352905));
#5884=CARTESIAN_POINT('',(0.3,0.162095173367874,-0.0927438317352905));
#5885=CARTESIAN_POINT('',(0.414559653264253,0.114559653264252,-0.100556331735291));
#5886=CARTESIAN_POINT('',(0.462095173367874,1.55029187162645E-16,-0.108368831735291));
#5887=CARTESIAN_POINT('',(0.414559653264253,-0.114559653264252,-0.116181331735291));
#5888=CARTESIAN_POINT('',(0.3,-0.162095173367874,-0.123993831735291));
#5889=CARTESIAN_POINT('',(0.185440346735748,-0.114559653264252,-0.131806331735291));
#5890=CARTESIAN_POINT('',(0.137904826632126,9.30335021402992E-18,-0.139618831735291));
#5891=CARTESIAN_POINT('',(0.185440346735747,0.114559653264252,-0.147431331735291));
#5892=CARTESIAN_POINT('',(0.3,0.162095173367874,-0.155243831735291));
#5893=CARTESIAN_POINT('',(0.414559653264253,0.114559653264252,-0.163056331735291));
#5894=CARTESIAN_POINT('',(0.462095173367874,6.54611418310839E-16,-0.170868831735291));
#5895=CARTESIAN_POINT('',(0.414559653264253,-0.114559653264252,-0.178681331735291));
#5896=CARTESIAN_POINT('',(0.3,-0.162095173367874,-0.186493831735291));
#5897=CARTESIAN_POINT('',(0.185440346735748,-0.114559653264252,-0.194306331735291));
#5898=CARTESIAN_POINT('',(0.150675456045565,-0.0307769616148227,-0.20001996877818));
#5899=CARTESIAN_POINT('',(0.154346574130701,0.0148191789465225,-0.203129439154402));
#5900=CARTESIAN_POINT('',(0.155505572852154,0.0221471607291669,-0.203634742863958));
#5901=CARTESIAN_POINT('',(0.155505572852154,0.0221471607291669,-0.203634742863958));
#5902=CARTESIAN_POINT('',(0.155505572852154,0.0221471607291669,-0.203634742863958));
#5903=CARTESIAN_POINT('',(0.107247433265223,0.0295438527332728,-0.175434378147177));
#5904=CARTESIAN_POINT('',(0.155505572852154,0.0221471607291669,-0.173390911128667));
#5905=CARTESIAN_POINT('',(0.155505572852154,0.0221471607291669,-0.143147079393377));
#5906=CARTESIAN_POINT('',(0.155505572852154,0.0221471607291669,-0.203634742863958));
#5907=CARTESIAN_POINT('',(0.157222667318749,-0.0311597726041655,-0.196321640221674));
#5908=CARTESIAN_POINT('',(0.154939609121409,-0.0209263785142084,-0.197035186952499));
#5909=CARTESIAN_POINT('',(0.152907568977614,-0.00305359978384293,-0.19825403739288));
#5910=CARTESIAN_POINT('',(0.154346574130701,0.0148191789465225,-0.19947288783326));
#5911=CARTESIAN_POINT('',(0.155505572852154,0.0221471607291669,-0.199978191542816));
#5912=CARTESIAN_POINT('',(0.157222667318749,-0.0311597726041655,-0.199978191542816));
#5913=CARTESIAN_POINT('',(0.154939609121409,-0.0209263785142084,-0.200691738273641));
#5914=CARTESIAN_POINT('',(0.152907568977614,-0.00305359978384293,-0.201910588714022));
#5915=CARTESIAN_POINT('',(0.154346574130701,0.0148191789465225,-0.203129439154402));
#5916=CARTESIAN_POINT('',(0.155505572852154,0.0221471607291669,-0.203634742863958));
#5917=CARTESIAN_POINT('',(0.,-1.16031572007297E-19,-0.4));
#5918=CARTESIAN_POINT('',(0.,-1.16031572007297E-20,-0.04));
#5919=CARTESIAN_POINT('',(0.,0.,2.40968084335327));
#5920=CARTESIAN_POINT('',(0.,0.,0.));
#5921=CARTESIAN_POINT('',(-0.600800910934915,-0.600800910934915,2.40968084335327));
#5922=CARTESIAN_POINT('',(0.,-1.48454618453979,-0.244697272777557));
#5923=CARTESIAN_POINT('',(0.,0.,0.));
#5924=CARTESIAN_POINT('',(-0.370138934563336,-0.370138934563336,1.48454618453979));
#5925=CARTESIAN_POINT('',(1.48454618453979,0.,-0.244697272777557));
#5926=CARTESIAN_POINT('',(0.,0.,0.));
#5927=CARTESIAN_POINT('',(-0.370138934563336,-0.370138934563336,1.48454618453979));
#5928=CARTESIAN_POINT('',(0.,1.48454618453979,-0.244697272777557));
#5929=CARTESIAN_POINT('',(0.,0.,0.));
#5930=CARTESIAN_POINT('',(-0.370138934563336,-0.370138934563336,1.48454618453979));
#5931=CARTESIAN_POINT('',(0.,0.,-2.40968084335327));
#5932=CARTESIAN_POINT('',(0.,0.,0.));
#5933=CARTESIAN_POINT('',(-0.600800910934915,-0.600800910934915,2.40968084335327));
#5934=CARTESIAN_POINT('',(-1.48454618453979,0.,-0.244697272777557));
#5935=CARTESIAN_POINT('',(0.,0.,0.));
#5936=CARTESIAN_POINT('',(-0.370138934563336,-0.370138934563336,1.48454618453979));
#5937=CARTESIAN_POINT('',(1.60417637725671,-1.60417637725671,1.35947911938032));
#5938=CARTESIAN_POINT('',(0.,0.,0.));
#5939=CARTESIAN_POINT('',(-0.657537522073277,-0.657537522073277,2.6372389620055));
#5940=CARTESIAN_POINT('',(1.5674012832298,-1.27561592201788,0.573851373126088));
#5941=CARTESIAN_POINT('',(0.,0.,0.));
#5942=CARTESIAN_POINT('',(-0.520720228893559,-0.520720228893559,2.08849477002086));
#5943=MECHANICAL_DESIGN_GEOMETRIC_PRESENTATION_REPRESENTATION('',(#2746),
#5944);
#5944=(
GEOMETRIC_REPRESENTATION_CONTEXT(3)
GLOBAL_UNCERTAINTY_ASSIGNED_CONTEXT((#5945))
GLOBAL_UNIT_ASSIGNED_CONTEXT((#5948,#5947,#5946))
REPRESENTATION_CONTEXT('injector','TOP_LEVEL_ASSEMBLY_PART')
);
#5945=UNCERTAINTY_MEASURE_WITH_UNIT(LENGTH_MEASURE(0.000196850393700787),
#5948,'DISTANCE_ACCURACY_VALUE','Maximum Tolerance applied to model');
#5946=(
NAMED_UNIT(*)
SI_UNIT($,.STERADIAN.)
SOLID_ANGLE_UNIT()
);
#5947=(
NAMED_UNIT(*)
PLANE_ANGLE_UNIT()
SI_UNIT($,.RADIAN.)
);
#5948=(
CONVERSION_BASED_UNIT('INCH',#5950)
LENGTH_UNIT()
NAMED_UNIT(#5949)
);
#5949=DIMENSIONAL_EXPONENTS(1.,0.,0.,0.,0.,0.,0.);
#5950=LENGTH_MEASURE_WITH_UNIT(LENGTH_MEASURE(25.4),#5951);
#5951=(
LENGTH_UNIT()
NAMED_UNIT(*)
SI_UNIT(.MILLI.,.METRE.)
);
#5952=PRODUCT_DEFINITION_SHAPE('','',#5953);
#5953=PRODUCT_DEFINITION('','',#5955,#5954);
#5954=PRODUCT_DEFINITION_CONTEXT('',#5961,'design');
#5955=PRODUCT_DEFINITION_FORMATION_WITH_SPECIFIED_SOURCE('','',#5957,
 .NOT_KNOWN.);
#5956=PRODUCT_RELATED_PRODUCT_CATEGORY('','',(#5957));
#5957=PRODUCT('injector','injector','injector',(#5959));
#5958=PRODUCT_CATEGORY('','');
#5959=PRODUCT_CONTEXT('',#5961,'mechanical');
#5960=APPLICATION_PROTOCOL_DEFINITION('international standard',
'ap242_managed_model_based_3d_engineering',2020,#5961);
#5961=APPLICATION_CONTEXT('managed model based 3d engineering');
ENDSEC;
END-ISO-10303-21;
