ISO-10303-21;
HEADER;
/* Generated by software containing ST-Developer
 * from STEP Tools, Inc. (www.steptools.com) 
 */
/* OPTION: using custom schema-name function */

FILE_DESCRIPTION(
/* description */ (''),
/* implementation_level */ '2;1');

FILE_NAME(
/* name */ 'regulator_to_fuel_tank_tube.stp',
/* time_stamp */ '2025-08-12T00:02:34-04:00',
/* author */ (''),
/* organization */ (''),
/* preprocessor_version */ 'ST-DEVELOPER v18.102',
/* originating_system */ 'SIEMENS PLM Software NX 2027',
/* authorisation */ '');

FILE_SCHEMA (('AUTOMOTIVE_DESIGN { 1 0 10303 214 3 1 1 1 }'));
ENDSEC;

DATA;
#10=SHAPE_REPRESENTATION_RELATIONSHIP('None',
'relationship between regulator_to_fuel_tank_tube-None and regulator_t
o_fuel_tank_tube-None',#22,#11);
#11=ADVANCED_BREP_SHAPE_REPRESENTATION(
'regulator_to_fuel_tank_tube-None',(#32),#1993);
#12=SHAPE_DEFINITION_REPRESENTATION(#13,#22);
#13=PRODUCT_DEFINITION_SHAPE('','',#14);
#14=PRODUCT_DEFINITION(' ','',#16,#15);
#15=PRODUCT_DEFINITION_CONTEXT('part definition',#21,'design');
#16=PRODUCT_DEFINITION_FORMATION_WITH_SPECIFIED_SOURCE(' ',' ',#18,
 .NOT_KNOWN.);
#17=PRODUCT_RELATED_PRODUCT_CATEGORY('part','',(#18));
#18=PRODUCT('regulator_to_fuel_tank_tube','regulator_to_fuel_tank_tube',
' ',(#19));
#19=PRODUCT_CONTEXT(' ',#21,'mechanical');
#20=APPLICATION_PROTOCOL_DEFINITION('international standard',
'automotive_design',2010,#21);
#21=APPLICATION_CONTEXT(
'core data for automotive mechanical design processes');
#22=SHAPE_REPRESENTATION('regulator_to_fuel_tank_tube-None',(#472),#1993);
#23=PRESENTATION_LAYER_ASSIGNMENT('1','Layer 1',(#32));
#24=STYLED_ITEM('',(#25),#32);
#25=PRESENTATION_STYLE_ASSIGNMENT((#26));
#26=SURFACE_STYLE_USAGE(.BOTH.,#27);
#27=SURFACE_SIDE_STYLE('',(#28));
#28=SURFACE_STYLE_FILL_AREA(#29);
#29=FILL_AREA_STYLE('',(#30));
#30=FILL_AREA_STYLE_COLOUR('',#31);
#31=COLOUR_RGB('deep green',0.4,0.8,0.);
#32=MANIFOLD_SOLID_BREP('',#33);
#33=CLOSED_SHELL('',(#102,#103,#104,#105,#106,#107,#108,#109,#110,#111,
#112,#113,#114,#115,#116,#117,#118,#119,#120,#121,#122,#123,#124,#125,#126,
#127,#128,#129,#130,#131,#132,#133,#134,#135));
#34=B_SPLINE_SURFACE_WITH_KNOTS('',1,3,((#1041,#1042,#1043,#1044,#1045,
#1046,#1047,#1048,#1049,#1050,#1051,#1052,#1053,#1054,#1055,#1056,#1057,
#1058,#1059,#1060,#1061,#1062,#1063,#1064,#1065,#1066,#1067,#1068,#1069,
#1070,#1071,#1072,#1073,#1074,#1075,#1076,#1077,#1078,#1079,#1080,#1081,
#1082,#1083,#1084,#1085,#1086,#1087,#1088,#1089,#1090,#1091,#1092,#1093,
#1094,#1095,#1096),(#1097,#1098,#1099,#1100,#1101,#1102,#1103,#1104,#1105,
#1106,#1107,#1108,#1109,#1110,#1111,#1112,#1113,#1114,#1115,#1116,#1117,
#1118,#1119,#1120,#1121,#1122,#1123,#1124,#1125,#1126,#1127,#1128,#1129,
#1130,#1131,#1132,#1133,#1134,#1135,#1136,#1137,#1138,#1139,#1140,#1141,
#1142,#1143,#1144,#1145,#1146,#1147,#1148,#1149,#1150,#1151,#1152)),
 .UNSPECIFIED.,.F.,.F.,.F.,(2,2),(4,1,1,1,1,1,1,1,1,1,1,1,1,1,1,1,1,1,1,
1,1,1,1,1,1,1,1,1,1,1,1,1,1,1,1,1,1,1,1,1,1,1,1,1,1,1,1,1,1,1,1,1,1,4),
(0.,1.),(0.,0.0190883141521196,0.0381766283042393,0.0572649424563589,0.0763532566084786,
0.0954415707605982,0.114529884912718,0.133618199064838,0.152706513216957,
0.171794827369077,0.190883141521196,0.209971455673316,0.229059769825436,
0.248148083977555,0.267236398129675,0.286324712281795,0.305413026433914,
0.324501340586034,0.343589654738154,0.362677968890273,0.381766283042393,
0.400854597194512,0.419942911346632,0.439031225498752,0.458119539650871,
0.477207853802991,0.496296167955111,0.51538448210723,0.53447279625935,0.55356111041147,
0.572649424563589,0.591737738715709,0.610826052867829,0.629914367019948,
0.649002681172068,0.668090995324187,0.687179309476307,0.706267623628427,
0.725355937780546,0.744444251932666,0.763532566084786,0.782620880236905,
0.801709194389025,0.820797508541145,0.839885822693264,0.858974136845384,
0.878062450997504,0.897150765149623,0.916239079301743,0.935327393453863,
0.954415707605982,0.973504021758102,0.992592335910221,1.),.UNSPECIFIED.);
#35=B_SPLINE_SURFACE_WITH_KNOTS('',1,3,((#1319,#1320,#1321,#1322,#1323,
#1324,#1325,#1326,#1327,#1328,#1329,#1330,#1331,#1332,#1333,#1334,#1335,
#1336,#1337,#1338,#1339,#1340,#1341,#1342,#1343,#1344,#1345,#1346,#1347,
#1348,#1349,#1350,#1351,#1352,#1353,#1354,#1355,#1356,#1357,#1358,#1359,
#1360,#1361,#1362,#1363,#1364,#1365,#1366,#1367,#1368,#1369,#1370,#1371,
#1372,#1373,#1374),(#1375,#1376,#1377,#1378,#1379,#1380,#1381,#1382,#1383,
#1384,#1385,#1386,#1387,#1388,#1389,#1390,#1391,#1392,#1393,#1394,#1395,
#1396,#1397,#1398,#1399,#1400,#1401,#1402,#1403,#1404,#1405,#1406,#1407,
#1408,#1409,#1410,#1411,#1412,#1413,#1414,#1415,#1416,#1417,#1418,#1419,
#1420,#1421,#1422,#1423,#1424,#1425,#1426,#1427,#1428,#1429,#1430)),
 .UNSPECIFIED.,.F.,.F.,.F.,(2,2),(4,1,1,1,1,1,1,1,1,1,1,1,1,1,1,1,1,1,1,
1,1,1,1,1,1,1,1,1,1,1,1,1,1,1,1,1,1,1,1,1,1,1,1,1,1,1,1,1,1,1,1,1,1,4),
(0.,1.),(0.,0.0190883141521196,0.0381766283042393,0.0572649424563589,0.0763532566084786,
0.0954415707605982,0.114529884912718,0.133618199064838,0.152706513216957,
0.171794827369077,0.190883141521196,0.209971455673316,0.229059769825436,
0.248148083977555,0.267236398129675,0.286324712281795,0.305413026433914,
0.324501340586034,0.343589654738154,0.362677968890273,0.381766283042393,
0.400854597194512,0.419942911346632,0.439031225498752,0.458119539650871,
0.477207853802991,0.496296167955111,0.51538448210723,0.53447279625935,0.55356111041147,
0.572649424563589,0.591737738715709,0.610826052867829,0.629914367019948,
0.649002681172068,0.668090995324187,0.687179309476307,0.706267623628427,
0.725355937780546,0.744444251932666,0.763532566084786,0.782620880236905,
0.801709194389025,0.820797508541145,0.839885822693264,0.858974136845384,
0.878062450997504,0.897150765149623,0.916239079301743,0.935327393453863,
0.954415707605982,0.973504021758102,0.992592335910221,1.),.UNSPECIFIED.);
#36=B_SPLINE_SURFACE_WITH_KNOTS('',1,3,((#1758,#1759,#1760,#1761,#1762,
#1763,#1764,#1765,#1766,#1767,#1768,#1769,#1770,#1771,#1772,#1773,#1774,
#1775,#1776,#1777,#1778,#1779,#1780,#1781,#1782,#1783,#1784,#1785,#1786,
#1787,#1788,#1789,#1790,#1791,#1792,#1793,#1794,#1795,#1796,#1797,#1798,
#1799,#1800,#1801,#1802,#1803,#1804,#1805,#1806,#1807,#1808,#1809,#1810,
#1811,#1812,#1813),(#1814,#1815,#1816,#1817,#1818,#1819,#1820,#1821,#1822,
#1823,#1824,#1825,#1826,#1827,#1828,#1829,#1830,#1831,#1832,#1833,#1834,
#1835,#1836,#1837,#1838,#1839,#1840,#1841,#1842,#1843,#1844,#1845,#1846,
#1847,#1848,#1849,#1850,#1851,#1852,#1853,#1854,#1855,#1856,#1857,#1858,
#1859,#1860,#1861,#1862,#1863,#1864,#1865,#1866,#1867,#1868,#1869)),
 .UNSPECIFIED.,.F.,.F.,.F.,(2,2),(4,1,1,1,1,1,1,1,1,1,1,1,1,1,1,1,1,1,1,
1,1,1,1,1,1,1,1,1,1,1,1,1,1,1,1,1,1,1,1,1,1,1,1,1,1,1,1,1,1,1,1,1,1,4),
(0.,1.),(0.,0.0190883141521196,0.0381766283042393,0.0572649424563589,0.0763532566084786,
0.0954415707605982,0.114529884912718,0.133618199064838,0.152706513216957,
0.171794827369077,0.190883141521196,0.209971455673316,0.229059769825436,
0.248148083977555,0.267236398129675,0.286324712281795,0.305413026433914,
0.324501340586034,0.343589654738154,0.362677968890273,0.381766283042393,
0.400854597194512,0.419942911346632,0.439031225498752,0.458119539650871,
0.477207853802991,0.496296167955111,0.51538448210723,0.53447279625935,0.55356111041147,
0.572649424563589,0.591737738715709,0.610826052867829,0.629914367019948,
0.649002681172068,0.668090995324187,0.687179309476307,0.706267623628427,
0.725355937780546,0.744444251932666,0.763532566084786,0.782620880236905,
0.801709194389025,0.820797508541145,0.839885822693264,0.858974136845384,
0.878062450997504,0.897150765149623,0.916239079301743,0.935327393453863,
0.954415707605982,0.973504021758102,0.992592335910221,1.),.UNSPECIFIED.);
#37=B_SPLINE_SURFACE_WITH_KNOTS('',1,3,((#1879,#1880,#1881,#1882,#1883,
#1884,#1885,#1886,#1887,#1888,#1889,#1890,#1891,#1892,#1893,#1894,#1895,
#1896,#1897,#1898,#1899,#1900,#1901,#1902,#1903,#1904,#1905,#1906,#1907,
#1908,#1909,#1910,#1911,#1912,#1913,#1914,#1915,#1916,#1917,#1918,#1919,
#1920,#1921,#1922,#1923,#1924,#1925,#1926,#1927,#1928,#1929,#1930,#1931,
#1932,#1933,#1934),(#1935,#1936,#1937,#1938,#1939,#1940,#1941,#1942,#1943,
#1944,#1945,#1946,#1947,#1948,#1949,#1950,#1951,#1952,#1953,#1954,#1955,
#1956,#1957,#1958,#1959,#1960,#1961,#1962,#1963,#1964,#1965,#1966,#1967,
#1968,#1969,#1970,#1971,#1972,#1973,#1974,#1975,#1976,#1977,#1978,#1979,
#1980,#1981,#1982,#1983,#1984,#1985,#1986,#1987,#1988,#1989,#1990)),
 .UNSPECIFIED.,.F.,.F.,.F.,(2,2),(4,1,1,1,1,1,1,1,1,1,1,1,1,1,1,1,1,1,1,
1,1,1,1,1,1,1,1,1,1,1,1,1,1,1,1,1,1,1,1,1,1,1,1,1,1,1,1,1,1,1,1,1,1,4),
(0.,1.),(0.,0.0190883141521196,0.0381766283042393,0.0572649424563589,0.0763532566084786,
0.0954415707605982,0.114529884912718,0.133618199064838,0.152706513216957,
0.171794827369077,0.190883141521196,0.209971455673316,0.229059769825436,
0.248148083977555,0.267236398129675,0.286324712281795,0.305413026433914,
0.324501340586034,0.343589654738154,0.362677968890273,0.381766283042393,
0.400854597194512,0.419942911346632,0.439031225498752,0.458119539650871,
0.477207853802991,0.496296167955111,0.51538448210723,0.53447279625935,0.55356111041147,
0.572649424563589,0.591737738715709,0.610826052867829,0.629914367019948,
0.649002681172068,0.668090995324187,0.687179309476307,0.706267623628427,
0.725355937780546,0.744444251932666,0.763532566084786,0.782620880236905,
0.801709194389025,0.820797508541145,0.839885822693264,0.858974136845384,
0.878062450997504,0.897150765149623,0.916239079301743,0.935327393453863,
0.954415707605982,0.973504021758102,0.992592335910221,1.),.UNSPECIFIED.);
#38=TOROIDAL_SURFACE('',#490,0.500000000000004,0.225);
#39=TOROIDAL_SURFACE('',#492,0.500000000000004,0.1665);
#40=TOROIDAL_SURFACE('',#498,0.5,0.225);
#41=TOROIDAL_SURFACE('',#500,0.5,0.1665);
#42=TOROIDAL_SURFACE('',#506,0.5,0.225);
#43=TOROIDAL_SURFACE('',#508,0.5,0.1665);
#44=CONICAL_SURFACE('',#480,0.225000000000016,45.0000000000011);
#45=CONICAL_SURFACE('',#518,0.0975,45.);
#46=CONICAL_SURFACE('',#519,0.225,45.);
#47=CONICAL_SURFACE('',#523,0.0329999999999999,45.);
#48=CONICAL_SURFACE('',#526,0.0975000000000162,44.9999999999997);
#49=CONICAL_SURFACE('',#530,0.0329999999999964,44.9999999999999);
#50=CYLINDRICAL_SURFACE('',#478,0.187500000000016);
#51=CYLINDRICAL_SURFACE('',#485,0.225);
#52=CYLINDRICAL_SURFACE('',#488,0.1665);
#53=CYLINDRICAL_SURFACE('',#494,0.225);
#54=CYLINDRICAL_SURFACE('',#496,0.1665);
#55=CYLINDRICAL_SURFACE('',#502,0.225);
#56=CYLINDRICAL_SURFACE('',#504,0.1665);
#57=CYLINDRICAL_SURFACE('',#510,0.1665);
#58=CYLINDRICAL_SURFACE('',#512,0.225);
#59=CYLINDRICAL_SURFACE('',#515,0.1875);
#60=CYLINDRICAL_SURFACE('',#517,0.0975);
#61=CYLINDRICAL_SURFACE('',#522,0.15025);
#62=CYLINDRICAL_SURFACE('',#525,0.0975000000000164);
#63=CYLINDRICAL_SURFACE('',#528,0.15025);
#64=FACE_OUTER_BOUND('',#190,.T.);
#65=FACE_OUTER_BOUND('',#223,.T.);
#66=FACE_OUTER_BOUND('',#230,.T.);
#67=FACE_OUTER_BOUND('',#231,.T.);
#68=FACE_OUTER_BOUND('',#232,.T.);
#69=FACE_OUTER_BOUND('',#233,.T.);
#70=FACE_OUTER_BOUND('',#240,.T.);
#71=FACE_OUTER_BOUND('',#241,.T.);
#72=FACE_OUTER_BOUND('',#242,.T.);
#73=FACE_OUTER_BOUND('',#243,.T.);
#74=LINE('',#699,#78);
#75=LINE('',#833,#79);
#76=LINE('',#1156,#80);
#77=LINE('',#1581,#81);
#78=VECTOR('',#543,1.);
#79=VECTOR('',#618,1.);
#80=VECTOR('',#629,1.);
#81=VECTOR('',#646,1.);
#82=B_SPLINE_CURVE_WITH_KNOTS('',3,(#662,#663,#664,#665,#666,#667,#668,
#669,#670,#671,#672,#673,#674,#675,#676,#677,#678,#679,#680,#681,#682,#683,
#684,#685,#686,#687,#688,#689,#690,#691,#692,#693,#694,#695),
 .UNSPECIFIED.,.F.,.F.,(4,2,2,2,2,2,2,2,2,2,2,2,2,2,2,2,4),(0.,0.0625,0.125,
0.1875,0.25,0.3125,0.375,0.4375,0.5,0.5625,0.625,0.6875,0.75,0.8125,0.875,
0.9375,1.),.UNSPECIFIED.);
#83=B_SPLINE_CURVE_WITH_KNOTS('',3,(#701,#702,#703,#704,#705,#706,#707,
#708,#709,#710,#711,#712,#713,#714,#715,#716,#717,#718,#719,#720,#721,#722,
#723,#724,#725,#726,#727,#728,#729,#730),.UNSPECIFIED.,.F.,.F.,(4,2,2,2,
2,2,2,2,2,2,2,2,2,2,4),(0.,0.0625,0.125,0.25,0.3125,0.375,0.4375,0.5,0.5625,
0.625,0.6875,0.75,0.8125,0.875,1.),.UNSPECIFIED.);
#84=B_SPLINE_CURVE_WITH_KNOTS('',3,(#734,#735,#736,#737),.UNSPECIFIED.,
 .F.,.F.,(4,4),(0.,1.),.UNSPECIFIED.);
#85=B_SPLINE_CURVE_WITH_KNOTS('',3,(#739,#740,#741,#742),.UNSPECIFIED.,
 .F.,.F.,(4,4),(0.,1.),.UNSPECIFIED.);
#86=B_SPLINE_CURVE_WITH_KNOTS('',3,(#796,#797,#798,#799,#800,#801,#802,
#803,#804,#805,#806,#807,#808,#809,#810,#811,#812,#813,#814,#815,#816,#817,
#818,#819,#820,#821,#822,#823,#824,#825,#826,#827,#828,#829),
 .UNSPECIFIED.,.F.,.F.,(4,2,2,2,2,2,2,2,2,2,2,2,2,2,2,2,4),(0.,0.0625,0.125,
0.1875,0.25,0.3125,0.375,0.4375,0.5,0.5625,0.625,0.6875,0.75,0.8125,0.875,
0.9375,1.),.UNSPECIFIED.);
#87=B_SPLINE_CURVE_WITH_KNOTS('',3,(#835,#836,#837,#838,#839,#840,#841,
#842,#843,#844,#845,#846,#847,#848,#849,#850,#851,#852,#853,#854,#855,#856,
#857,#858,#859,#860,#861,#862,#863,#864),.UNSPECIFIED.,.F.,.F.,(4,2,2,2,
2,2,2,2,2,2,2,2,2,2,4),(0.,0.0625,0.125,0.25,0.3125,0.375,0.4375,0.5,0.5625,
0.625,0.6875,0.75,0.8125,0.875,1.),.UNSPECIFIED.);
#88=B_SPLINE_CURVE_WITH_KNOTS('',3,(#870,#871,#872,#873),.UNSPECIFIED.,
 .F.,.F.,(4,4),(0.,1.),.UNSPECIFIED.);
#89=B_SPLINE_CURVE_WITH_KNOTS('',3,(#875,#876,#877,#878),.UNSPECIFIED.,
 .F.,.F.,(4,4),(0.,1.),.UNSPECIFIED.);
#90=B_SPLINE_CURVE_WITH_KNOTS('',3,(#880,#881,#882,#883,#884,#885,#886,
#887,#888,#889,#890,#891,#892,#893,#894,#895,#896,#897,#898,#899,#900,#901,
#902,#903,#904,#905,#906,#907,#908,#909,#910,#911,#912,#913,#914,#915,#916,
#917,#918,#919,#920,#921,#922,#923,#924,#925,#926,#927,#928,#929,#930,#931,
#932,#933,#934,#935,#936,#937,#938,#939,#940,#941,#942,#943,#944,#945,#946,
#947,#948,#949,#950,#951,#952,#953,#954,#955,#956,#957,#958,#959,#960,#961,
#962,#963,#964,#965,#966,#967,#968,#969,#970,#971,#972,#973,#974,#975,#976,
#977,#978,#979,#980,#981,#982,#983,#984,#985,#986,#987,#988,#989,#990,#991,
#992,#993,#994,#995,#996,#997,#998,#999,#1000,#1001,#1002,#1003,#1004,#1005,
#1006,#1007,#1008,#1009,#1010,#1011,#1012,#1013,#1014,#1015,#1016,#1017,
#1018),.UNSPECIFIED.,.F.,.F.,(4,3,3,3,3,3,3,3,3,3,3,3,3,3,3,3,3,3,3,3,3,
3,3,3,3,3,3,3,3,3,3,3,3,3,3,3,3,3,3,3,3,3,3,3,3,3,4),(0.,0.0217411286310258,
0.0434998576369248,0.0652648964752561,0.0870212640017087,0.108796273416435,
0.130553210932933,0.152329013800996,0.174087429363225,0.195850832389077,
0.217611555280562,0.239363569084862,0.261141111447366,0.282900319101399,
0.304676785358161,0.32643318223901,0.348194329781317,0.369957445500891,
0.391714141956922,0.413486815673651,0.435243030142171,0.457021430599987,
0.478779891643582,0.500545324325058,0.522304506315449,0.544056961560361,
0.565832188528574,0.587590824622373,0.609368885622929,0.631125516392918,
0.652889312560385,0.674650823443424,0.696408213508553,0.718178385238511,
0.739933392496049,0.761713847171228,0.783472509150055,0.805240075832417,
0.826998044076923,0.848751379356237,0.870524083473834,0.892281843037666,
0.91406072343942,0.935817626173919,0.957584223031541,0.979344446534486,
1.),.UNSPECIFIED.);
#91=B_SPLINE_CURVE_WITH_KNOTS('',3,(#1021,#1022,#1023,#1024,#1025,#1026,
#1027,#1028,#1029,#1030,#1031,#1032,#1033,#1034,#1035,#1036,#1037,#1038),
 .UNSPECIFIED.,.F.,.F.,(4,2,2,2,2,2,2,2,4),(0.,0.125,0.25,0.375,0.5,0.625,
0.75,0.875,1.),.UNSPECIFIED.);
#92=B_SPLINE_CURVE_WITH_KNOTS('',1,(#1039,#1040),.UNSPECIFIED.,.F.,.F.,
(2,2),(0.,1.),.UNSPECIFIED.);
#93=B_SPLINE_CURVE_WITH_KNOTS('',1,(#1153,#1154),.UNSPECIFIED.,.F.,.F.,
(2,2),(0.,1.),.UNSPECIFIED.);
#94=B_SPLINE_CURVE_WITH_KNOTS('',3,(#1158,#1159,#1160,#1161,#1162,#1163),
 .UNSPECIFIED.,.F.,.F.,(4,2,4),(0.,0.5,1.),.UNSPECIFIED.);
#95=B_SPLINE_CURVE_WITH_KNOTS('',3,(#1165,#1166,#1167,#1168,#1169,#1170,
#1171,#1172,#1173,#1174,#1175,#1176,#1177,#1178,#1179,#1180,#1181,#1182,
#1183,#1184,#1185,#1186,#1187,#1188,#1189,#1190,#1191,#1192,#1193,#1194,
#1195,#1196,#1197,#1198,#1199,#1200,#1201,#1202,#1203,#1204,#1205,#1206,
#1207,#1208,#1209,#1210,#1211,#1212,#1213,#1214,#1215,#1216,#1217,#1218,
#1219,#1220,#1221,#1222,#1223,#1224,#1225,#1226,#1227,#1228,#1229,#1230,
#1231,#1232,#1233,#1234,#1235,#1236,#1237,#1238,#1239,#1240,#1241,#1242,
#1243,#1244,#1245,#1246,#1247,#1248,#1249,#1250,#1251,#1252,#1253,#1254,
#1255,#1256,#1257,#1258,#1259,#1260,#1261,#1262,#1263,#1264,#1265,#1266,
#1267,#1268,#1269,#1270,#1271,#1272,#1273,#1274,#1275,#1276,#1277,#1278,
#1279,#1280,#1281,#1282,#1283,#1284,#1285,#1286,#1287,#1288,#1289,#1290,
#1291,#1292,#1293,#1294,#1295,#1296,#1297,#1298,#1299,#1300,#1301,#1302,
#1303,#1304,#1305,#1306,#1307,#1308,#1309,#1310,#1311,#1312,#1313,#1314,
#1315,#1316,#1317,#1318),.UNSPECIFIED.,.F.,.F.,(4,3,3,3,3,3,3,3,3,3,3,3,
3,3,3,3,3,3,3,3,3,3,3,3,3,3,3,3,3,3,3,3,3,3,3,3,3,3,3,3,3,3,3,3,3,3,3,3,
3,3,3,4),(0.,0.0173307026360971,0.0373851440522893,0.0574245877661415,0.0774816592679061,
0.0975143230454329,0.117555781607958,0.137598187017,0.157636838050036,0.177690289586187,
0.197727687924824,0.217782445575663,0.237819139364819,0.257864719187403,
0.277902703412061,0.297939405869911,0.317991938326734,0.338031409073721,
0.358090091995365,0.378122995751316,0.39816631320623,0.418207102676177,
0.438246071492658,0.458296832761471,0.478334323321197,0.498390736389232,
0.518427645911804,0.538475366589748,0.558511546814657,0.578548524526301,
0.598599030234121,0.61863829109676,0.638697918049004,0.658731484715528,
0.678776912514199,0.69881631212728,0.718855905086803,0.738903943579367,
0.758941295643149,0.778998627739328,0.79903607260449,0.819086104368803,
0.839120825146362,0.859158380184424,0.879206838879259,0.899245827729194,
0.919305419785743,0.939339999574077,0.959387716360282,0.979425990441165,
0.999466538394055,1.),.UNSPECIFIED.);
#96=B_SPLINE_CURVE_WITH_KNOTS('',3,(#1441,#1442,#1443,#1444,#1445,#1446,
#1447,#1448,#1449,#1450,#1451,#1452,#1453,#1454,#1455,#1456,#1457,#1458,
#1459,#1460,#1461,#1462,#1463,#1464,#1465,#1466,#1467,#1468,#1469,#1470,
#1471,#1472,#1473,#1474,#1475,#1476,#1477,#1478,#1479,#1480,#1481,#1482,
#1483,#1484,#1485,#1486,#1487,#1488,#1489,#1490,#1491,#1492,#1493,#1494,
#1495,#1496,#1497,#1498,#1499,#1500,#1501,#1502,#1503,#1504,#1505,#1506,
#1507,#1508,#1509,#1510,#1511,#1512,#1513,#1514,#1515,#1516,#1517,#1518,
#1519,#1520,#1521,#1522,#1523,#1524,#1525,#1526,#1527,#1528,#1529,#1530,
#1531,#1532,#1533,#1534,#1535,#1536,#1537,#1538,#1539,#1540,#1541,#1542,
#1543,#1544,#1545,#1546,#1547,#1548,#1549,#1550,#1551,#1552,#1553,#1554,
#1555,#1556,#1557,#1558,#1559,#1560,#1561,#1562,#1563,#1564,#1565,#1566,
#1567,#1568,#1569,#1570,#1571,#1572,#1573,#1574,#1575,#1576,#1577,#1578,
#1579),.UNSPECIFIED.,.F.,.F.,(4,3,3,3,3,3,3,3,3,3,3,3,3,3,3,3,3,3,3,3,3,
3,3,3,3,3,3,3,3,3,3,3,3,3,3,3,3,3,3,3,3,3,3,3,3,3,4),(0.,0.0206555534655014,
0.0424157769684467,0.0641823738260689,0.0859392765605682,0.107718156962322,
0.129475916526155,0.151248620643753,0.173001955923067,0.194759924167573,
0.216527490849935,0.238286152828763,0.260066607503942,0.28182161476148,
0.303591786491438,0.325349176556568,0.347110687439607,0.368874483607075,
0.390631114377063,0.41240917537762,0.43416781147142,0.455943038439632,0.477695493684545,
0.499454675674936,0.521220108356412,0.542978569400007,0.564756969857824,
0.586513184326344,0.608285858043073,0.630042554499105,0.651805670218678,
0.673566817760985,0.695323214641834,0.717099680898596,0.738858888552629,
0.760636430915133,0.782388444719434,0.804149167610919,0.825912570636772,
0.847670986199001,0.869446789067063,0.891203726583562,0.912978735998289,
0.934735103524741,0.956500142363073,0.978258871368973,1.),.UNSPECIFIED.);
#97=B_SPLINE_CURVE_WITH_KNOTS('',3,(#1583,#1584,#1585,#1586,#1587,#1588,
#1589,#1590,#1591,#1592,#1593,#1594,#1595,#1596,#1597,#1598,#1599,#1600,
#1601,#1602,#1603,#1604,#1605,#1606,#1607,#1608,#1609,#1610,#1611,#1612,
#1613,#1614,#1615,#1616,#1617,#1618,#1619,#1620,#1621,#1622,#1623,#1624,
#1625,#1626,#1627,#1628,#1629,#1630,#1631,#1632,#1633,#1634,#1635,#1636,
#1637,#1638,#1639,#1640,#1641,#1642,#1643,#1644,#1645,#1646,#1647,#1648,
#1649,#1650,#1651,#1652,#1653,#1654,#1655,#1656,#1657,#1658,#1659,#1660,
#1661,#1662,#1663,#1664,#1665,#1666,#1667,#1668,#1669,#1670,#1671,#1672,
#1673,#1674,#1675,#1676,#1677,#1678,#1679,#1680,#1681,#1682,#1683,#1684,
#1685,#1686,#1687,#1688,#1689,#1690,#1691,#1692,#1693,#1694,#1695,#1696,
#1697,#1698,#1699,#1700,#1701,#1702,#1703,#1704,#1705,#1706,#1707,#1708,
#1709,#1710,#1711,#1712,#1713,#1714,#1715,#1716,#1717,#1718,#1719,#1720,
#1721,#1722,#1723,#1724,#1725,#1726,#1727,#1728,#1729,#1730,#1731,#1732,
#1733,#1734,#1735,#1736),.UNSPECIFIED.,.F.,.F.,(4,3,3,3,3,3,3,3,3,3,3,3,
3,3,3,3,3,3,3,3,3,3,3,3,3,3,3,3,3,3,3,3,3,3,3,3,3,3,3,3,3,3,3,3,3,3,3,3,
3,3,3,4),(0.,0.0173307026360977,0.0373851440522904,0.0574245877661433,0.077481659267909,
0.0975143230454362,0.117555781607961,0.137598187017004,0.157636838050041,
0.177690289586192,0.19772768792483,0.217782445575669,0.237819139364826,
0.25786471918741,0.277902703412069,0.29793940586992,0.317991938326744,0.338031409073731,
0.358090091995376,0.378122995751327,0.398166313206242,0.418207102676189,
0.43824607149267,0.458296832761484,0.478334323321211,0.498390736389247,
0.518427645911819,0.538475366589763,0.558511546814673,0.578548524526318,
0.598599030234139,0.618638291096778,0.638697918049023,0.658731484715547,
0.678776912514219,0.698816312127302,0.718855905086825,0.738903943579389,
0.758941295643172,0.778998627739353,0.799036072604515,0.819086104368829,
0.839120825146388,0.859158380184452,0.879206838879287,0.899245827729223,
0.919305419785773,0.939339999574107,0.959387716360313,0.979425990441197,
0.999466538394088,1.),.UNSPECIFIED.);
#98=B_SPLINE_CURVE_WITH_KNOTS('',3,(#1738,#1739,#1740,#1741,#1742,#1743,
#1744,#1745,#1746,#1747,#1748,#1749,#1750,#1751,#1752,#1753,#1754,#1755),
 .UNSPECIFIED.,.F.,.F.,(4,2,2,2,2,2,2,2,4),(0.,0.125,0.25,0.375,0.5,0.625,
0.75,0.875,1.),.UNSPECIFIED.);
#99=B_SPLINE_CURVE_WITH_KNOTS('',1,(#1756,#1757),.UNSPECIFIED.,.F.,.F.,
(2,2),(0.,1.),.UNSPECIFIED.);
#100=B_SPLINE_CURVE_WITH_KNOTS('',1,(#1870,#1871),.UNSPECIFIED.,.F.,.F.,
(2,2),(0.,1.),.UNSPECIFIED.);
#101=B_SPLINE_CURVE_WITH_KNOTS('',3,(#1873,#1874,#1875,#1876,#1877,#1878),
 .UNSPECIFIED.,.F.,.F.,(4,2,4),(0.,0.5,1.),.UNSPECIFIED.);
#102=ADVANCED_FACE('',(#140,#141),#136,.T.);
#103=ADVANCED_FACE('',(#64),#50,.T.);
#104=ADVANCED_FACE('',(#142,#143),#44,.T.);
#105=ADVANCED_FACE('',(#144,#145),#137,.T.);
#106=ADVANCED_FACE('',(#146,#147),#51,.T.);
#107=ADVANCED_FACE('',(#148,#149),#52,.F.);
#108=ADVANCED_FACE('',(#150,#151),#38,.T.);
#109=ADVANCED_FACE('',(#152,#153),#39,.F.);
#110=ADVANCED_FACE('',(#154,#155),#53,.T.);
#111=ADVANCED_FACE('',(#156,#157),#54,.F.);
#112=ADVANCED_FACE('',(#158,#159),#40,.T.);
#113=ADVANCED_FACE('',(#160,#161),#41,.F.);
#114=ADVANCED_FACE('',(#162,#163),#55,.T.);
#115=ADVANCED_FACE('',(#164,#165),#56,.F.);
#116=ADVANCED_FACE('',(#166,#167),#42,.T.);
#117=ADVANCED_FACE('',(#168,#169),#43,.F.);
#118=ADVANCED_FACE('',(#170,#171),#57,.F.);
#119=ADVANCED_FACE('',(#172,#173),#58,.T.);
#120=ADVANCED_FACE('',(#65),#59,.T.);
#121=ADVANCED_FACE('',(#174,#175),#60,.F.);
#122=ADVANCED_FACE('',(#176,#177),#45,.F.);
#123=ADVANCED_FACE('',(#178,#179),#46,.T.);
#124=ADVANCED_FACE('',(#66),#34,.F.);
#125=ADVANCED_FACE('',(#67),#138,.F.);
#126=ADVANCED_FACE('',(#68),#35,.F.);
#127=ADVANCED_FACE('',(#69),#61,.T.);
#128=ADVANCED_FACE('',(#180,#181),#47,.T.);
#129=ADVANCED_FACE('',(#182,#183),#62,.F.);
#130=ADVANCED_FACE('',(#184,#185),#48,.F.);
#131=ADVANCED_FACE('',(#70),#63,.T.);
#132=ADVANCED_FACE('',(#71),#36,.F.);
#133=ADVANCED_FACE('',(#72),#139,.T.);
#134=ADVANCED_FACE('',(#73),#37,.F.);
#135=ADVANCED_FACE('',(#186,#187),#49,.T.);
#136=PLANE('',#475);
#137=PLANE('',#483);
#138=PLANE('',#520);
#139=PLANE('',#529);
#140=FACE_BOUND('',#188,.T.);
#141=FACE_BOUND('',#189,.T.);
#142=FACE_BOUND('',#191,.T.);
#143=FACE_BOUND('',#192,.T.);
#144=FACE_BOUND('',#193,.T.);
#145=FACE_BOUND('',#194,.T.);
#146=FACE_BOUND('',#195,.T.);
#147=FACE_BOUND('',#196,.T.);
#148=FACE_BOUND('',#197,.T.);
#149=FACE_BOUND('',#198,.T.);
#150=FACE_BOUND('',#199,.T.);
#151=FACE_BOUND('',#200,.T.);
#152=FACE_BOUND('',#201,.T.);
#153=FACE_BOUND('',#202,.T.);
#154=FACE_BOUND('',#203,.T.);
#155=FACE_BOUND('',#204,.T.);
#156=FACE_BOUND('',#205,.T.);
#157=FACE_BOUND('',#206,.T.);
#158=FACE_BOUND('',#207,.T.);
#159=FACE_BOUND('',#208,.T.);
#160=FACE_BOUND('',#209,.T.);
#161=FACE_BOUND('',#210,.T.);
#162=FACE_BOUND('',#211,.T.);
#163=FACE_BOUND('',#212,.T.);
#164=FACE_BOUND('',#213,.T.);
#165=FACE_BOUND('',#214,.T.);
#166=FACE_BOUND('',#215,.T.);
#167=FACE_BOUND('',#216,.T.);
#168=FACE_BOUND('',#217,.T.);
#169=FACE_BOUND('',#218,.T.);
#170=FACE_BOUND('',#219,.T.);
#171=FACE_BOUND('',#220,.T.);
#172=FACE_BOUND('',#221,.T.);
#173=FACE_BOUND('',#222,.T.);
#174=FACE_BOUND('',#224,.T.);
#175=FACE_BOUND('',#225,.T.);
#176=FACE_BOUND('',#226,.T.);
#177=FACE_BOUND('',#227,.T.);
#178=FACE_BOUND('',#228,.T.);
#179=FACE_BOUND('',#229,.T.);
#180=FACE_BOUND('',#234,.T.);
#181=FACE_BOUND('',#235,.T.);
#182=FACE_BOUND('',#236,.T.);
#183=FACE_BOUND('',#237,.T.);
#184=FACE_BOUND('',#238,.T.);
#185=FACE_BOUND('',#239,.T.);
#186=FACE_BOUND('',#244,.T.);
#187=FACE_BOUND('',#245,.T.);
#188=EDGE_LOOP('',(#246));
#189=EDGE_LOOP('',(#247));
#190=EDGE_LOOP('',(#248,#249,#250,#251,#252));
#191=EDGE_LOOP('',(#253));
#192=EDGE_LOOP('',(#254,#255,#256));
#193=EDGE_LOOP('',(#257));
#194=EDGE_LOOP('',(#258));
#195=EDGE_LOOP('',(#259));
#196=EDGE_LOOP('',(#260));
#197=EDGE_LOOP('',(#261));
#198=EDGE_LOOP('',(#262));
#199=EDGE_LOOP('',(#263));
#200=EDGE_LOOP('',(#264));
#201=EDGE_LOOP('',(#265));
#202=EDGE_LOOP('',(#266));
#203=EDGE_LOOP('',(#267));
#204=EDGE_LOOP('',(#268));
#205=EDGE_LOOP('',(#269));
#206=EDGE_LOOP('',(#270));
#207=EDGE_LOOP('',(#271));
#208=EDGE_LOOP('',(#272));
#209=EDGE_LOOP('',(#273));
#210=EDGE_LOOP('',(#274));
#211=EDGE_LOOP('',(#275));
#212=EDGE_LOOP('',(#276));
#213=EDGE_LOOP('',(#277));
#214=EDGE_LOOP('',(#278));
#215=EDGE_LOOP('',(#279));
#216=EDGE_LOOP('',(#280));
#217=EDGE_LOOP('',(#281));
#218=EDGE_LOOP('',(#282));
#219=EDGE_LOOP('',(#283));
#220=EDGE_LOOP('',(#284));
#221=EDGE_LOOP('',(#285));
#222=EDGE_LOOP('',(#286));
#223=EDGE_LOOP('',(#287,#288,#289,#290,#291));
#224=EDGE_LOOP('',(#292));
#225=EDGE_LOOP('',(#293));
#226=EDGE_LOOP('',(#294));
#227=EDGE_LOOP('',(#295));
#228=EDGE_LOOP('',(#296,#297,#298));
#229=EDGE_LOOP('',(#299));
#230=EDGE_LOOP('',(#300,#301,#302,#303));
#231=EDGE_LOOP('',(#304,#305,#306,#307,#308));
#232=EDGE_LOOP('',(#309,#310,#311,#312,#313));
#233=EDGE_LOOP('',(#314,#315,#316,#317));
#234=EDGE_LOOP('',(#318));
#235=EDGE_LOOP('',(#319,#320,#321,#322));
#236=EDGE_LOOP('',(#323));
#237=EDGE_LOOP('',(#324));
#238=EDGE_LOOP('',(#325));
#239=EDGE_LOOP('',(#326));
#240=EDGE_LOOP('',(#327,#328,#329,#330));
#241=EDGE_LOOP('',(#331,#332,#333,#334));
#242=EDGE_LOOP('',(#335,#336,#337,#338,#339));
#243=EDGE_LOOP('',(#340,#341,#342,#343,#344));
#244=EDGE_LOOP('',(#345));
#245=EDGE_LOOP('',(#346,#347,#348,#349));
#246=ORIENTED_EDGE('',*,*,#392,.T.);
#247=ORIENTED_EDGE('',*,*,#393,.F.);
#248=ORIENTED_EDGE('',*,*,#394,.F.);
#249=ORIENTED_EDGE('',*,*,#395,.F.);
#250=ORIENTED_EDGE('',*,*,#396,.F.);
#251=ORIENTED_EDGE('',*,*,#397,.T.);
#252=ORIENTED_EDGE('',*,*,#398,.F.);
#253=ORIENTED_EDGE('',*,*,#399,.F.);
#254=ORIENTED_EDGE('',*,*,#400,.F.);
#255=ORIENTED_EDGE('',*,*,#401,.T.);
#256=ORIENTED_EDGE('',*,*,#396,.T.);
#257=ORIENTED_EDGE('',*,*,#402,.T.);
#258=ORIENTED_EDGE('',*,*,#403,.F.);
#259=ORIENTED_EDGE('',*,*,#404,.T.);
#260=ORIENTED_EDGE('',*,*,#399,.T.);
#261=ORIENTED_EDGE('',*,*,#405,.F.);
#262=ORIENTED_EDGE('',*,*,#406,.F.);
#263=ORIENTED_EDGE('',*,*,#407,.T.);
#264=ORIENTED_EDGE('',*,*,#404,.F.);
#265=ORIENTED_EDGE('',*,*,#408,.F.);
#266=ORIENTED_EDGE('',*,*,#405,.T.);
#267=ORIENTED_EDGE('',*,*,#409,.T.);
#268=ORIENTED_EDGE('',*,*,#407,.F.);
#269=ORIENTED_EDGE('',*,*,#410,.F.);
#270=ORIENTED_EDGE('',*,*,#408,.T.);
#271=ORIENTED_EDGE('',*,*,#411,.T.);
#272=ORIENTED_EDGE('',*,*,#409,.F.);
#273=ORIENTED_EDGE('',*,*,#412,.F.);
#274=ORIENTED_EDGE('',*,*,#410,.T.);
#275=ORIENTED_EDGE('',*,*,#413,.T.);
#276=ORIENTED_EDGE('',*,*,#411,.F.);
#277=ORIENTED_EDGE('',*,*,#414,.F.);
#278=ORIENTED_EDGE('',*,*,#412,.T.);
#279=ORIENTED_EDGE('',*,*,#415,.T.);
#280=ORIENTED_EDGE('',*,*,#413,.F.);
#281=ORIENTED_EDGE('',*,*,#416,.F.);
#282=ORIENTED_EDGE('',*,*,#414,.T.);
#283=ORIENTED_EDGE('',*,*,#416,.T.);
#284=ORIENTED_EDGE('',*,*,#417,.F.);
#285=ORIENTED_EDGE('',*,*,#415,.F.);
#286=ORIENTED_EDGE('',*,*,#418,.T.);
#287=ORIENTED_EDGE('',*,*,#419,.F.);
#288=ORIENTED_EDGE('',*,*,#420,.F.);
#289=ORIENTED_EDGE('',*,*,#421,.F.);
#290=ORIENTED_EDGE('',*,*,#422,.F.);
#291=ORIENTED_EDGE('',*,*,#423,.F.);
#292=ORIENTED_EDGE('',*,*,#424,.T.);
#293=ORIENTED_EDGE('',*,*,#402,.F.);
#294=ORIENTED_EDGE('',*,*,#417,.T.);
#295=ORIENTED_EDGE('',*,*,#424,.F.);
#296=ORIENTED_EDGE('',*,*,#425,.F.);
#297=ORIENTED_EDGE('',*,*,#421,.T.);
#298=ORIENTED_EDGE('',*,*,#426,.F.);
#299=ORIENTED_EDGE('',*,*,#418,.F.);
#300=ORIENTED_EDGE('',*,*,#427,.T.);
#301=ORIENTED_EDGE('',*,*,#428,.F.);
#302=ORIENTED_EDGE('',*,*,#423,.T.);
#303=ORIENTED_EDGE('',*,*,#429,.T.);
#304=ORIENTED_EDGE('',*,*,#422,.T.);
#305=ORIENTED_EDGE('',*,*,#425,.T.);
#306=ORIENTED_EDGE('',*,*,#430,.F.);
#307=ORIENTED_EDGE('',*,*,#431,.F.);
#308=ORIENTED_EDGE('',*,*,#429,.F.);
#309=ORIENTED_EDGE('',*,*,#420,.T.);
#310=ORIENTED_EDGE('',*,*,#432,.T.);
#311=ORIENTED_EDGE('',*,*,#433,.F.);
#312=ORIENTED_EDGE('',*,*,#430,.T.);
#313=ORIENTED_EDGE('',*,*,#426,.T.);
#314=ORIENTED_EDGE('',*,*,#434,.T.);
#315=ORIENTED_EDGE('',*,*,#427,.F.);
#316=ORIENTED_EDGE('',*,*,#431,.T.);
#317=ORIENTED_EDGE('',*,*,#433,.T.);
#318=ORIENTED_EDGE('',*,*,#403,.T.);
#319=ORIENTED_EDGE('',*,*,#419,.T.);
#320=ORIENTED_EDGE('',*,*,#428,.T.);
#321=ORIENTED_EDGE('',*,*,#434,.F.);
#322=ORIENTED_EDGE('',*,*,#432,.F.);
#323=ORIENTED_EDGE('',*,*,#435,.T.);
#324=ORIENTED_EDGE('',*,*,#392,.F.);
#325=ORIENTED_EDGE('',*,*,#406,.T.);
#326=ORIENTED_EDGE('',*,*,#435,.F.);
#327=ORIENTED_EDGE('',*,*,#436,.F.);
#328=ORIENTED_EDGE('',*,*,#437,.T.);
#329=ORIENTED_EDGE('',*,*,#438,.T.);
#330=ORIENTED_EDGE('',*,*,#439,.T.);
#331=ORIENTED_EDGE('',*,*,#437,.F.);
#332=ORIENTED_EDGE('',*,*,#440,.T.);
#333=ORIENTED_EDGE('',*,*,#398,.T.);
#334=ORIENTED_EDGE('',*,*,#441,.F.);
#335=ORIENTED_EDGE('',*,*,#401,.F.);
#336=ORIENTED_EDGE('',*,*,#442,.F.);
#337=ORIENTED_EDGE('',*,*,#438,.F.);
#338=ORIENTED_EDGE('',*,*,#441,.T.);
#339=ORIENTED_EDGE('',*,*,#397,.F.);
#340=ORIENTED_EDGE('',*,*,#395,.T.);
#341=ORIENTED_EDGE('',*,*,#443,.T.);
#342=ORIENTED_EDGE('',*,*,#439,.F.);
#343=ORIENTED_EDGE('',*,*,#442,.T.);
#344=ORIENTED_EDGE('',*,*,#400,.T.);
#345=ORIENTED_EDGE('',*,*,#393,.T.);
#346=ORIENTED_EDGE('',*,*,#436,.T.);
#347=ORIENTED_EDGE('',*,*,#443,.F.);
#348=ORIENTED_EDGE('',*,*,#394,.T.);
#349=ORIENTED_EDGE('',*,*,#440,.F.);
#350=VERTEX_POINT('',#655);
#351=VERTEX_POINT('',#657);
#352=VERTEX_POINT('',#660);
#353=VERTEX_POINT('',#661);
#354=VERTEX_POINT('',#696);
#355=VERTEX_POINT('',#698);
#356=VERTEX_POINT('',#700);
#357=VERTEX_POINT('',#733);
#358=VERTEX_POINT('',#738);
#359=VERTEX_POINT('',#745);
#360=VERTEX_POINT('',#747);
#361=VERTEX_POINT('',#750);
#362=VERTEX_POINT('',#753);
#363=VERTEX_POINT('',#755);
#364=VERTEX_POINT('',#758);
#365=VERTEX_POINT('',#761);
#366=VERTEX_POINT('',#764);
#367=VERTEX_POINT('',#767);
#368=VERTEX_POINT('',#770);
#369=VERTEX_POINT('',#773);
#370=VERTEX_POINT('',#776);
#371=VERTEX_POINT('',#779);
#372=VERTEX_POINT('',#782);
#373=VERTEX_POINT('',#785);
#374=VERTEX_POINT('',#788);
#375=VERTEX_POINT('',#791);
#376=VERTEX_POINT('',#794);
#377=VERTEX_POINT('',#795);
#378=VERTEX_POINT('',#830);
#379=VERTEX_POINT('',#832);
#380=VERTEX_POINT('',#834);
#381=VERTEX_POINT('',#867);
#382=VERTEX_POINT('',#874);
#383=VERTEX_POINT('',#1019);
#384=VERTEX_POINT('',#1020);
#385=VERTEX_POINT('',#1155);
#386=VERTEX_POINT('',#1164);
#387=VERTEX_POINT('',#1435);
#388=VERTEX_POINT('',#1439);
#389=VERTEX_POINT('',#1440);
#390=VERTEX_POINT('',#1580);
#391=VERTEX_POINT('',#1582);
#392=EDGE_CURVE('',#350,#350,#444,.T.);
#393=EDGE_CURVE('',#351,#351,#445,.T.);
#394=EDGE_CURVE('',#352,#353,#446,.T.);
#395=EDGE_CURVE('',#354,#352,#82,.T.);
#396=EDGE_CURVE('',#355,#354,#447,.T.);
#397=EDGE_CURVE('',#355,#356,#74,.T.);
#398=EDGE_CURVE('',#353,#356,#83,.T.);
#399=EDGE_CURVE('',#357,#357,#448,.T.);
#400=EDGE_CURVE('',#358,#354,#84,.T.);
#401=EDGE_CURVE('',#358,#355,#85,.T.);
#402=EDGE_CURVE('',#359,#359,#449,.T.);
#403=EDGE_CURVE('',#360,#360,#450,.T.);
#404=EDGE_CURVE('',#361,#361,#451,.T.);
#405=EDGE_CURVE('',#362,#362,#452,.T.);
#406=EDGE_CURVE('',#363,#363,#453,.T.);
#407=EDGE_CURVE('',#364,#364,#454,.T.);
#408=EDGE_CURVE('',#365,#365,#455,.T.);
#409=EDGE_CURVE('',#366,#366,#456,.T.);
#410=EDGE_CURVE('',#367,#367,#457,.T.);
#411=EDGE_CURVE('',#368,#368,#458,.T.);
#412=EDGE_CURVE('',#369,#369,#459,.T.);
#413=EDGE_CURVE('',#370,#370,#460,.T.);
#414=EDGE_CURVE('',#371,#371,#461,.T.);
#415=EDGE_CURVE('',#372,#372,#462,.T.);
#416=EDGE_CURVE('',#373,#373,#463,.T.);
#417=EDGE_CURVE('',#374,#374,#464,.T.);
#418=EDGE_CURVE('',#375,#375,#465,.T.);
#419=EDGE_CURVE('',#376,#377,#466,.T.);
#420=EDGE_CURVE('',#378,#376,#86,.T.);
#421=EDGE_CURVE('',#379,#378,#467,.T.);
#422=EDGE_CURVE('',#380,#379,#75,.T.);
#423=EDGE_CURVE('',#377,#380,#87,.T.);
#424=EDGE_CURVE('',#381,#381,#468,.T.);
#425=EDGE_CURVE('',#379,#382,#88,.T.);
#426=EDGE_CURVE('',#382,#378,#89,.T.);
#427=EDGE_CURVE('',#383,#384,#90,.T.);
#428=EDGE_CURVE('',#377,#384,#91,.T.);
#429=EDGE_CURVE('',#380,#383,#92,.T.);
#430=EDGE_CURVE('',#385,#382,#93,.T.);
#431=EDGE_CURVE('',#383,#385,#76,.T.);
#432=EDGE_CURVE('',#376,#386,#94,.T.);
#433=EDGE_CURVE('',#385,#386,#95,.T.);
#434=EDGE_CURVE('',#386,#384,#469,.T.);
#435=EDGE_CURVE('',#387,#387,#470,.T.);
#436=EDGE_CURVE('',#388,#389,#471,.T.);
#437=EDGE_CURVE('',#388,#390,#96,.T.);
#438=EDGE_CURVE('',#390,#391,#77,.T.);
#439=EDGE_CURVE('',#391,#389,#97,.T.);
#440=EDGE_CURVE('',#388,#353,#98,.T.);
#441=EDGE_CURVE('',#390,#356,#99,.T.);
#442=EDGE_CURVE('',#391,#358,#100,.T.);
#443=EDGE_CURVE('',#352,#389,#101,.T.);
#444=CIRCLE('',#473,0.0975000000000165);
#445=CIRCLE('',#474,0.137999999999996);
#446=CIRCLE('',#476,0.187500000000016);
#447=CIRCLE('',#477,0.187500000000016);
#448=CIRCLE('',#479,0.225000000000016);
#449=CIRCLE('',#481,0.0975);
#450=CIRCLE('',#482,0.138000000000001);
#451=CIRCLE('',#484,0.225);
#452=CIRCLE('',#486,0.1665);
#453=CIRCLE('',#487,0.166500000000016);
#454=CIRCLE('',#489,0.225);
#455=CIRCLE('',#491,0.1665);
#456=CIRCLE('',#493,0.225);
#457=CIRCLE('',#495,0.1665);
#458=CIRCLE('',#497,0.225);
#459=CIRCLE('',#499,0.1665);
#460=CIRCLE('',#501,0.225);
#461=CIRCLE('',#503,0.1665);
#462=CIRCLE('',#505,0.225);
#463=CIRCLE('',#507,0.1665);
#464=CIRCLE('',#509,0.1665);
#465=CIRCLE('',#511,0.225);
#466=CIRCLE('',#513,0.1875);
#467=CIRCLE('',#514,0.1875);
#468=CIRCLE('',#516,0.0975);
#469=CIRCLE('',#521,0.15025);
#470=CIRCLE('',#524,0.0975000000000162);
#471=CIRCLE('',#527,0.15025);
#472=AXIS2_PLACEMENT_3D('',#653,#531,#532);
#473=AXIS2_PLACEMENT_3D('',#654,#533,#534);
#474=AXIS2_PLACEMENT_3D('',#656,#535,#536);
#475=AXIS2_PLACEMENT_3D('',#658,#537,#538);
#476=AXIS2_PLACEMENT_3D('',#659,#539,#540);
#477=AXIS2_PLACEMENT_3D('',#697,#541,#542);
#478=AXIS2_PLACEMENT_3D('',#731,#544,#545);
#479=AXIS2_PLACEMENT_3D('',#732,#546,#547);
#480=AXIS2_PLACEMENT_3D('',#743,#548,#549);
#481=AXIS2_PLACEMENT_3D('',#744,#550,#551);
#482=AXIS2_PLACEMENT_3D('',#746,#552,#553);
#483=AXIS2_PLACEMENT_3D('',#748,#554,#555);
#484=AXIS2_PLACEMENT_3D('',#749,#556,#557);
#485=AXIS2_PLACEMENT_3D('',#751,#558,#559);
#486=AXIS2_PLACEMENT_3D('',#752,#560,#561);
#487=AXIS2_PLACEMENT_3D('',#754,#562,#563);
#488=AXIS2_PLACEMENT_3D('',#756,#564,#565);
#489=AXIS2_PLACEMENT_3D('',#757,#566,#567);
#490=AXIS2_PLACEMENT_3D('',#759,#568,#569);
#491=AXIS2_PLACEMENT_3D('',#760,#570,#571);
#492=AXIS2_PLACEMENT_3D('',#762,#572,#573);
#493=AXIS2_PLACEMENT_3D('',#763,#574,#575);
#494=AXIS2_PLACEMENT_3D('',#765,#576,#577);
#495=AXIS2_PLACEMENT_3D('',#766,#578,#579);
#496=AXIS2_PLACEMENT_3D('',#768,#580,#581);
#497=AXIS2_PLACEMENT_3D('',#769,#582,#583);
#498=AXIS2_PLACEMENT_3D('',#771,#584,#585);
#499=AXIS2_PLACEMENT_3D('',#772,#586,#587);
#500=AXIS2_PLACEMENT_3D('',#774,#588,#589);
#501=AXIS2_PLACEMENT_3D('',#775,#590,#591);
#502=AXIS2_PLACEMENT_3D('',#777,#592,#593);
#503=AXIS2_PLACEMENT_3D('',#778,#594,#595);
#504=AXIS2_PLACEMENT_3D('',#780,#596,#597);
#505=AXIS2_PLACEMENT_3D('',#781,#598,#599);
#506=AXIS2_PLACEMENT_3D('',#783,#600,#601);
#507=AXIS2_PLACEMENT_3D('',#784,#602,#603);
#508=AXIS2_PLACEMENT_3D('',#786,#604,#605);
#509=AXIS2_PLACEMENT_3D('',#787,#606,#607);
#510=AXIS2_PLACEMENT_3D('',#789,#608,#609);
#511=AXIS2_PLACEMENT_3D('',#790,#610,#611);
#512=AXIS2_PLACEMENT_3D('',#792,#612,#613);
#513=AXIS2_PLACEMENT_3D('',#793,#614,#615);
#514=AXIS2_PLACEMENT_3D('',#831,#616,#617);
#515=AXIS2_PLACEMENT_3D('',#865,#619,#620);
#516=AXIS2_PLACEMENT_3D('',#866,#621,#622);
#517=AXIS2_PLACEMENT_3D('',#868,#623,#624);
#518=AXIS2_PLACEMENT_3D('',#869,#625,#626);
#519=AXIS2_PLACEMENT_3D('',#879,#627,#628);
#520=AXIS2_PLACEMENT_3D('',#1157,#630,#631);
#521=AXIS2_PLACEMENT_3D('',#1431,#632,#633);
#522=AXIS2_PLACEMENT_3D('',#1432,#634,#635);
#523=AXIS2_PLACEMENT_3D('',#1433,#636,#637);
#524=AXIS2_PLACEMENT_3D('',#1434,#638,#639);
#525=AXIS2_PLACEMENT_3D('',#1436,#640,#641);
#526=AXIS2_PLACEMENT_3D('',#1437,#642,#643);
#527=AXIS2_PLACEMENT_3D('',#1438,#644,#645);
#528=AXIS2_PLACEMENT_3D('',#1737,#647,#648);
#529=AXIS2_PLACEMENT_3D('',#1872,#649,#650);
#530=AXIS2_PLACEMENT_3D('',#1991,#651,#652);
#531=DIRECTION('',(0.,0.,1.));
#532=DIRECTION('',(1.,0.,0.));
#533=DIRECTION('',(0.,5.0532154980743E-16,1.));
#534=DIRECTION('',(0.,-1.,0.));
#535=DIRECTION('',(0.,5.0532154980743E-16,1.));
#536=DIRECTION('',(0.,1.,0.));
#537=DIRECTION('',(0.,-5.0532154980743E-16,-1.));
#538=DIRECTION('',(0.,1.,-4.9960036108132E-16));
#539=DIRECTION('',(0.,-5.0532154980743E-16,-1.));
#540=DIRECTION('',(0.,-1.,0.));
#541=DIRECTION('',(0.,5.0532154980743E-16,1.));
#542=DIRECTION('',(0.,-1.,0.));
#543=DIRECTION('',(0.,-5.0532154980743E-16,-1.));
#544=DIRECTION('',(0.,5.0532154980743E-16,1.));
#545=DIRECTION('',(0.,-1.,0.));
#546=DIRECTION('',(0.,5.0532154980743E-16,1.));
#547=DIRECTION('',(0.,-1.,0.));
#548=DIRECTION('',(0.,5.0532154980743E-16,1.));
#549=DIRECTION('',(0.,-1.,5.24359223733293E-16));
#550=DIRECTION('',(0.,-1.,-1.11022302462516E-16));
#551=DIRECTION('',(0.,0.,-1.));
#552=DIRECTION('',(0.,-1.,-1.11022302462516E-16));
#553=DIRECTION('',(0.,0.,1.));
#554=DIRECTION('',(0.,1.,1.11022302462516E-16));
#555=DIRECTION('',(0.,-1.11022302462516E-16,1.));
#556=DIRECTION('',(0.,-3.94299247344915E-16,-1.));
#557=DIRECTION('',(0.,1.,0.));
#558=DIRECTION('',(0.,9.87805322499804E-16,-1.));
#559=DIRECTION('',(0.,1.,0.));
#560=DIRECTION('',(0.,-3.94299247344915E-16,-1.));
#561=DIRECTION('',(0.,1.,0.));
#562=DIRECTION('',(0.,5.0532154980743E-16,1.));
#563=DIRECTION('',(0.,-1.,0.));
#564=DIRECTION('',(0.,9.87805322499804E-16,-1.));
#565=DIRECTION('',(0.,1.,0.));
#566=DIRECTION('',(0.,1.,-8.99620797152345E-16));
#567=DIRECTION('',(0.,9.10615997888088E-16,1.));
#568=DIRECTION('',(-1.,0.,0.));
#569=DIRECTION('',(0.,0.,1.));
#570=DIRECTION('',(0.,1.,-8.99620797152345E-16));
#571=DIRECTION('',(0.,8.20374772872151E-16,1.));
#572=DIRECTION('',(-1.,0.,0.));
#573=DIRECTION('',(0.,0.,1.));
#574=DIRECTION('',(0.,1.,-8.99620797152345E-16));
#575=DIRECTION('',(0.,1.21415466385078E-15,1.));
#576=DIRECTION('',(0.,1.,2.42837572030109E-15));
#577=DIRECTION('',(0.,-2.42830932770157E-15,1.));
#578=DIRECTION('',(0.,1.,-8.99620797152345E-16));
#579=DIRECTION('',(0.,1.6407495457443E-15,1.));
#580=DIRECTION('',(0.,1.,2.42837572030109E-15));
#581=DIRECTION('',(0.,-1.6407495457443E-15,1.));
#582=DIRECTION('',(0.,-3.94299247344915E-16,-1.));
#583=DIRECTION('',(0.,1.,0.));
#584=DIRECTION('',(1.,0.,0.));
#585=DIRECTION('',(0.,0.,-1.));
#586=DIRECTION('',(0.,-3.94299247344915E-16,-1.));
#587=DIRECTION('',(0.,1.,0.));
#588=DIRECTION('',(1.,0.,0.));
#589=DIRECTION('',(0.,0.,-0.999999999999999));
#590=DIRECTION('',(0.,-3.94299247344915E-16,-1.));
#591=DIRECTION('',(0.,1.,-3.03538665962696E-16));
#592=DIRECTION('',(0.,-1.26882631385732E-16,-1.));
#593=DIRECTION('',(0.,1.,0.));
#594=DIRECTION('',(0.,-3.94299247344915E-16,-1.));
#595=DIRECTION('',(0.,1.,-4.10187386436076E-16));
#596=DIRECTION('',(0.,-1.26882631385732E-16,-1.));
#597=DIRECTION('',(0.,1.,0.));
#598=DIRECTION('',(0.,-1.,-1.11022302462516E-16));
#599=DIRECTION('',(0.,0.,-1.));
#600=DIRECTION('',(1.,0.,0.));
#601=DIRECTION('',(0.,0.,-1.));
#602=DIRECTION('',(0.,-1.,-1.11022302462516E-16));
#603=DIRECTION('',(0.,0.,-1.));
#604=DIRECTION('',(1.,0.,0.));
#605=DIRECTION('',(0.,0.,-1.));
#606=DIRECTION('',(0.,-1.,-1.11022302462516E-16));
#607=DIRECTION('',(0.,0.,-1.));
#608=DIRECTION('',(0.,1.,1.11022302462516E-16));
#609=DIRECTION('',(0.,0.,1.));
#610=DIRECTION('',(0.,-1.,-1.11022302462516E-16));
#611=DIRECTION('',(0.,0.,-1.));
#612=DIRECTION('',(0.,1.,1.11022302462516E-16));
#613=DIRECTION('',(0.,0.,1.));
#614=DIRECTION('',(0.,1.,1.11022302462516E-16));
#615=DIRECTION('',(0.,0.,-1.));
#616=DIRECTION('',(0.,-1.,-1.11022302462516E-16));
#617=DIRECTION('',(0.,0.,-1.));
#618=DIRECTION('',(0.,-1.,-1.11022302462516E-16));
#619=DIRECTION('',(0.,-1.,-1.11022302462516E-16));
#620=DIRECTION('',(0.,0.,-1.));
#621=DIRECTION('',(0.,-1.,-1.11022302462516E-16));
#622=DIRECTION('',(0.,0.,-1.));
#623=DIRECTION('',(0.,-1.,-1.11022302462516E-16));
#624=DIRECTION('',(0.,0.,-1.));
#625=DIRECTION('',(0.,-1.,-1.11022302462516E-16));
#626=DIRECTION('',(0.,2.00730813354038E-16,-1.));
#627=DIRECTION('',(0.,-1.,-1.11022302462516E-16));
#628=DIRECTION('',(0.,2.03534172370167E-16,-1.));
#629=DIRECTION('',(0.,-1.,0.));
#630=DIRECTION('',(-0.152963744744414,0.,0.988231801144734));
#631=DIRECTION('',(0.988231801144734,0.,0.152963744744414));
#632=DIRECTION('',(0.,-1.,-1.11022302462516E-16));
#633=DIRECTION('',(0.,0.,-1.));
#634=DIRECTION('',(0.,-1.,0.));
#635=DIRECTION('',(0.,0.,-1.));
#636=DIRECTION('',(0.,-1.,-1.11022302462516E-16));
#637=DIRECTION('',(0.,2.70390221168998E-16,-1.));
#638=DIRECTION('',(0.,5.0532154980743E-16,1.));
#639=DIRECTION('',(0.,-1.,0.));
#640=DIRECTION('',(0.,5.0532154980743E-16,1.));
#641=DIRECTION('',(0.,-1.,0.));
#642=DIRECTION('',(0.,5.0532154980743E-16,1.));
#643=DIRECTION('',(0.,-1.,5.26053166031279E-16));
#644=DIRECTION('',(0.,-5.0532154980743E-16,-1.));
#645=DIRECTION('',(0.,-1.,0.));
#646=DIRECTION('',(0.,5.0532154980743E-16,1.));
#647=DIRECTION('',(0.,5.0532154980743E-16,1.));
#648=DIRECTION('',(0.,-1.,0.));
#649=DIRECTION('',(0.152963744744414,-0.988231801144734,5.10146342613394E-16));
#650=DIRECTION('',(0.988231801144734,0.152963744744414,0.));
#651=DIRECTION('',(0.,5.0532154980743E-16,1.));
#652=DIRECTION('',(0.,-1.,5.26914277149845E-16));
#653=CARTESIAN_POINT('',(0.,0.,0.));
#654=CARTESIAN_POINT('',(0.,3.61723919863104E-15,-9.27609434720482));
#655=CARTESIAN_POINT('',(0.,-0.0975000000000129,-9.27609434720482));
#656=CARTESIAN_POINT('',(0.,3.61723919863104E-15,-9.27609434720481));
#657=CARTESIAN_POINT('',(0.,0.138,-9.27609434720481));
#658=CARTESIAN_POINT('',(0.,0.18750000000002,-9.27609434720481));
#659=CARTESIAN_POINT('',(0.,3.64225261534652E-15,-9.2265943472048));
#660=CARTESIAN_POINT('',(-0.156089414010812,-0.103886210989561,-9.22659434720479));
#661=CARTESIAN_POINT('',(-0.18706845654154,0.0127138730201419,-9.2265943472048));
#662=CARTESIAN_POINT('',(0.187466221572142,0.00355890003662858,-9.07609434720481));
#663=CARTESIAN_POINT('',(0.188599447323952,-0.0561341364897985,-9.07931035182768));
#664=CARTESIAN_POINT('',(0.159956985338965,-0.114415783344683,-9.08244381220741));
#665=CARTESIAN_POINT('',(0.0650085370102903,-0.185610071798081,-9.08843316568193));
#666=CARTESIAN_POINT('',(0.000360260245555216,-0.196553542108148,-9.09178458492137));
#667=CARTESIAN_POINT('',(-0.112207093951865,-0.161378414819273,-9.09780178140155));
#668=CARTESIAN_POINT('',(-0.159304453410086,-0.115075492732998,-9.10098335110362));
#669=CARTESIAN_POINT('',(-0.196491155043367,-0.00339173904549723,-9.10741022458491));
#670=CARTESIAN_POINT('',(-0.186583376462361,0.0618522461170535,-9.11037911059438));
#671=CARTESIAN_POINT('',(-0.117521035447949,0.157568597598196,-9.11695544588603));
#672=CARTESIAN_POINT('',(-0.059391379185957,0.187520570159823,-9.12000064927235));
#673=CARTESIAN_POINT('',(0.0595211892174514,0.187479407372691,-9.1263260897737));
#674=CARTESIAN_POINT('',(0.117382372182943,0.157797648176818,-9.12949881290932));
#675=CARTESIAN_POINT('',(0.186801826519761,0.0615125733351351,-9.13548218598789));
#676=CARTESIAN_POINT('',(0.196527451112588,-0.00331180543378466,-9.13882131981405));
#677=CARTESIAN_POINT('',(0.159249696617654,-0.115210855492121,-9.14487398826925));
#678=CARTESIAN_POINT('',(0.11207493439964,-0.161428923777637,-9.14803171672322));
#679=CARTESIAN_POINT('',(-0.000281586886311,-0.196519742167333,-9.15449586932693));
#680=CARTESIAN_POINT('',(-0.0653368190173993,-0.185389583438568,-9.15745153526172));
#681=CARTESIAN_POINT('',(-0.159733148024997,-0.114557928529034,-9.16402374957198));
#682=CARTESIAN_POINT('',(-0.188599070489844,-0.0558592704739654,-9.16710064731899));
#683=CARTESIAN_POINT('',(-0.186332791750221,0.0630076043512722,-9.17334711827696));
#684=CARTESIAN_POINT('',(-0.155583516383605,0.120307934462295,-9.17655020485226));
#685=CARTESIAN_POINT('',(-0.0579951210590293,0.187927633939823,-9.1825345589821));
#686=CARTESIAN_POINT('',(0.00698229304881695,0.196432795740742,-9.18585763377714));
#687=CARTESIAN_POINT('',(0.118173948315332,0.157065316344216,-9.19194874442921));
#688=CARTESIAN_POINT('',(0.163496554376471,0.109035798276204,-9.19508264497026));
#689=CARTESIAN_POINT('',(0.196479744417076,-0.00395457109016107,-9.2015810454296));
#690=CARTESIAN_POINT('',(0.18413108380293,-0.0687977412314578,-9.20452743071221));
#691=CARTESIAN_POINT('',(0.111555003021948,-0.161842103674429,-9.21108813094696));
#692=CARTESIAN_POINT('',(0.0523078297042062,-0.189610977477594,-9.21419372783179));
#693=CARTESIAN_POINT('',(-0.0664716776828805,-0.185121440936474,-9.22037073164134));
#694=CARTESIAN_POINT('',(-0.123191612038921,-0.153315279420516,-9.22359841433459));
#695=CARTESIAN_POINT('',(-0.15608941401081,-0.10388621098956,-9.22659434720479));
#696=CARTESIAN_POINT('',(0.187466221572142,0.0035589000366154,-9.07609434720482));
#697=CARTESIAN_POINT('',(0.,3.71830350859253E-15,-9.07609434720482));
#698=CARTESIAN_POINT('',(0.185336490988888,0.0284013222919668,-9.07609434720482));
#699=CARTESIAN_POINT('',(0.185336490988888,0.0284013222919669,-8.96959434720481));
#700=CARTESIAN_POINT('',(0.185336490988888,0.0284013222919668,-9.13069284017115));
#701=CARTESIAN_POINT('',(-0.187068456541539,0.0127138730201363,-9.22659434720485));
#702=CARTESIAN_POINT('',(-0.189620647261841,-0.0248383644523115,-9.22451839621483));
#703=CARTESIAN_POINT('',(-0.180408591281717,-0.0633618495575786,-9.22277350351424));
#704=CARTESIAN_POINT('',(-0.142170092891389,-0.127865743946,-9.21864091429726));
#705=CARTESIAN_POINT('',(-0.112703859333418,-0.154480130499473,-9.21670298948198));
#706=CARTESIAN_POINT('',(-0.0104326893047197,-0.201711406482083,-9.21079430459888));
#707=CARTESIAN_POINT('',(0.0766240615057451,-0.187115714858928,-9.20668232246943));
#708=CARTESIAN_POINT('',(0.15793857941651,-0.107904944368179,-9.20059902432749));
#709=CARTESIAN_POINT('',(0.176609926119848,-0.0733208682599777,-9.19879185118718));
#710=CARTESIAN_POINT('',(0.191224692894809,0.000364079306749991,-9.19457822124643));
#711=CARTESIAN_POINT('',(0.187016168418184,0.0398366056403462,-9.19273857151868));
#712=CARTESIAN_POINT('',(0.157315935175986,0.108690841097439,-9.18877000440231));
#713=CARTESIAN_POINT('',(0.131557209486928,0.138796338708004,-9.18662145683385));
#714=CARTESIAN_POINT('',(0.0678291481160923,0.178804165702536,-9.18281263194262));
#715=CARTESIAN_POINT('',(0.0300618054456204,0.188925078098072,-9.18058405786446));
#716=CARTESIAN_POINT('',(-0.0457701216120557,0.185745775856763,-9.17664863650697));
#717=CARTESIAN_POINT('',(-0.0824563238640214,0.17256673585355,-9.17479594815777));
#718=CARTESIAN_POINT('',(-0.142760257139174,0.127270706173392,-9.17059594630212));
#719=CARTESIAN_POINT('',(-0.165829894644752,0.0952047039134033,-9.16881192055604));
#720=CARTESIAN_POINT('',(-0.189694201901994,0.0240748700908939,-9.16471863958051));
#721=CARTESIAN_POINT('',(-0.190577323581513,-0.0156306946211393,-9.16264683462294));
#722=CARTESIAN_POINT('',(-0.169887311733932,-0.0877629545403375,-9.15884293716468));
#723=CARTESIAN_POINT('',(-0.148274937910385,-0.12080353148447,-9.15659884536687));
#724=CARTESIAN_POINT('',(-0.0900280846416477,-0.168742094354681,-9.15276064490412));
#725=CARTESIAN_POINT('',(-0.0539683138743174,-0.183530329342003,-9.15076661941812));
#726=CARTESIAN_POINT('',(0.0216361372189176,-0.190073244453461,-9.1465552494101));
#727=CARTESIAN_POINT('',(0.0598380181472059,-0.181633031393604,-9.14484042496662));
#728=CARTESIAN_POINT('',(0.157977916036431,-0.125931783441806,-9.13864984055226));
#729=CARTESIAN_POINT('',(0.196859789641967,-0.0467954490070583,-9.1345034439883));
#730=CARTESIAN_POINT('',(0.185336490988888,0.0284013222919668,-9.13069284017115));
#731=CARTESIAN_POINT('',(0.,3.77212025364702E-15,-8.96959434720481));
#732=CARTESIAN_POINT('',(0.,3.7372530667103E-15,-9.03859434720482));
#733=CARTESIAN_POINT('',(0.,-0.225000000000013,-9.03859434720482));
#734=CARTESIAN_POINT('',(0.188557178839741,0.0288998373911052,-9.07283530995303));
#735=CARTESIAN_POINT('',(0.188751619345989,0.0204475244627991,-9.07392363226209));
#736=CARTESIAN_POINT('',(0.188375903894231,0.011966832786425,-9.07502523947189));
#737=CARTESIAN_POINT('',(0.187466221572143,0.0035589000366248,-9.07609434720482));
#738=CARTESIAN_POINT('',(0.188557178839741,0.0288998373911052,-9.07283530995303));
#739=CARTESIAN_POINT('',(0.188557178839741,0.0288998373911052,-9.07283530995303));
#740=CARTESIAN_POINT('',(0.187483616233034,0.028733665692978,-9.07392165571399));
#741=CARTESIAN_POINT('',(0.186410053616261,0.0285674939932928,-9.07500800146476));
#742=CARTESIAN_POINT('',(0.185336490988888,0.0284013222919668,-9.07609434720482));
#743=CARTESIAN_POINT('',(0.,3.7372530667103E-15,-9.03859434720482));
#744=CARTESIAN_POINT('',(0.,-0.424999999999999,0.0304056527951833));
#745=CARTESIAN_POINT('',(0.,-0.424999999999999,-0.0670943472048167));
#746=CARTESIAN_POINT('',(0.,-0.424999999999999,0.0304056527951833));
#747=CARTESIAN_POINT('',(0.,-0.424999999999999,0.168405652795184));
#748=CARTESIAN_POINT('',(0.,-0.424999999999999,0.217905652795183));
#749=CARTESIAN_POINT('',(0.,4.37095678986282E-15,-8.46959434720481));
#750=CARTESIAN_POINT('',(0.,0.225000000000004,-8.46959434720481));
#751=CARTESIAN_POINT('',(0.,4.37095678986282E-15,-8.46959434720481));
#752=CARTESIAN_POINT('',(0.,4.37095678986282E-15,-8.46959434720481));
#753=CARTESIAN_POINT('',(0.,0.166500000000004,-8.46959434720481));
#754=CARTESIAN_POINT('',(0.,3.77212025364702E-15,-8.96959434720481));
#755=CARTESIAN_POINT('',(0.,-0.166500000000013,-8.96959434720481));
#756=CARTESIAN_POINT('',(0.,4.37095678986282E-15,-8.46959434720481));
#757=CARTESIAN_POINT('',(0.,-0.5,-7.96959434720481));
#758=CARTESIAN_POINT('',(0.,-0.5,-7.74459434720481));
#759=CARTESIAN_POINT('',(0.,-0.5,-8.46959434720482));
#760=CARTESIAN_POINT('',(0.,-0.5,-7.96959434720481));
#761=CARTESIAN_POINT('',(0.,-0.5,-7.80309434720481));
#762=CARTESIAN_POINT('',(0.,-0.5,-8.46959434720482));
#763=CARTESIAN_POINT('',(0.,-1.2315,-7.96959434720481));
#764=CARTESIAN_POINT('',(0.,-1.2315,-7.74459434720482));
#765=CARTESIAN_POINT('',(0.,-1.2315,-7.96959434720481));
#766=CARTESIAN_POINT('',(0.,-1.2315,-7.96959434720481));
#767=CARTESIAN_POINT('',(0.,-1.2315,-7.80309434720481));
#768=CARTESIAN_POINT('',(0.,-1.2315,-7.96959434720481));
#769=CARTESIAN_POINT('',(0.,-1.7315,-7.46959434720482));
#770=CARTESIAN_POINT('',(0.,-1.5065,-7.46959434720482));
#771=CARTESIAN_POINT('',(0.,-1.2315,-7.46959434720482));
#772=CARTESIAN_POINT('',(0.,-1.7315,-7.46959434720482));
#773=CARTESIAN_POINT('',(0.,-1.565,-7.46959434720482));
#774=CARTESIAN_POINT('',(0.,-1.2315,-7.46959434720482));
#775=CARTESIAN_POINT('',(0.,-1.7315,-0.469594347204817));
#776=CARTESIAN_POINT('',(0.,-1.5065,-0.469594347204817));
#777=CARTESIAN_POINT('',(0.,-1.7315,-0.469594347204817));
#778=CARTESIAN_POINT('',(0.,-1.7315,-0.469594347204817));
#779=CARTESIAN_POINT('',(0.,-1.565,-0.469594347204817));
#780=CARTESIAN_POINT('',(0.,-1.7315,-0.469594347204817));
#781=CARTESIAN_POINT('',(0.,-1.2315,0.0304056527951832));
#782=CARTESIAN_POINT('',(0.,-1.2315,-0.194594347204817));
#783=CARTESIAN_POINT('',(0.,-1.2315,-0.469594347204817));
#784=CARTESIAN_POINT('',(0.,-1.2315,0.0304056527951832));
#785=CARTESIAN_POINT('',(0.,-1.2315,-0.136094347204817));
#786=CARTESIAN_POINT('',(0.,-1.2315,-0.469594347204817));
#787=CARTESIAN_POINT('',(0.,-0.731499999999999,0.0304056527951833));
#788=CARTESIAN_POINT('',(0.,-0.731499999999999,-0.136094347204817));
#789=CARTESIAN_POINT('',(0.,-1.2315,0.0304056527951832));
#790=CARTESIAN_POINT('',(0.,-0.662499999999999,0.0304056527951833));
#791=CARTESIAN_POINT('',(0.,-0.662499999999999,-0.194594347204817));
#792=CARTESIAN_POINT('',(0.,-1.2315,0.0304056527951832));
#793=CARTESIAN_POINT('',(0.,-0.474499999999998,0.0304056527951833));
#794=CARTESIAN_POINT('',(-0.156089414010941,-0.474499999999998,-0.0734805581941536));
#795=CARTESIAN_POINT('',(-0.187068456541425,-0.474499999999956,0.0431195258161329));
#796=CARTESIAN_POINT('',(0.187466221572122,-0.624999999999999,0.0339645528319765));
#797=CARTESIAN_POINT('',(0.188599447323987,-0.62178399537714,-0.0257284836944536));
#798=CARTESIAN_POINT('',(0.159956985339053,-0.618650534997401,-0.0840101305493562));
#799=CARTESIAN_POINT('',(0.0650085370104295,-0.612661181522875,-0.155204419002837));
#800=CARTESIAN_POINT('',(0.00036026024569737,-0.609309762283443,-0.166147889312954));
#801=CARTESIAN_POINT('',(-0.112207093951756,-0.603292565803261,-0.130972762024152));
#802=CARTESIAN_POINT('',(-0.159304453410008,-0.600110996101193,-0.0846698399379017));
#803=CARTESIAN_POINT('',(-0.196491155043351,-0.593684122619905,0.0270139137495868));
#804=CARTESIAN_POINT('',(-0.186583376462373,-0.590715236610434,0.0922578989121507));
#805=CARTESIAN_POINT('',(-0.117521035447995,-0.584138901318776,0.187974250393323));
#806=CARTESIAN_POINT('',(-0.0593913791859984,-0.581093697932463,0.217926222954972));
#807=CARTESIAN_POINT('',(0.0595211892174073,-0.574768257431106,0.217885060167868));
#808=CARTESIAN_POINT('',(0.117382372182911,-0.57159553429549,0.188203300972006));
#809=CARTESIAN_POINT('',(0.186801826519748,-0.565612161216907,0.0919182261303119));
#810=CARTESIAN_POINT('',(0.196527451112575,-0.562273027390757,0.0270938473613946));
#811=CARTESIAN_POINT('',(0.159249696617628,-0.55622035893555,-0.0848052026969535));
#812=CARTESIAN_POINT('',(0.112074934399606,-0.553062630481581,-0.131023270982463));
#813=CARTESIAN_POINT('',(-0.000281586886359974,-0.54659847787788,-0.166114089372139));
#814=CARTESIAN_POINT('',(-0.0653368190174558,-0.543642811943084,-0.154983930643352));
#815=CARTESIAN_POINT('',(-0.159733148025027,-0.537070597632819,-0.0841522757337852));
#816=CARTESIAN_POINT('',(-0.188599070489856,-0.533993699885801,-0.0254536176786824));
#817=CARTESIAN_POINT('',(-0.186332791750173,-0.527747228927841,0.0934132571465391));
#818=CARTESIAN_POINT('',(-0.15558351638353,-0.524544142352541,0.150713587257554));
#819=CARTESIAN_POINT('',(-0.0579951210588842,-0.518559788222698,0.218333286735036));
#820=CARTESIAN_POINT('',(0.00698229304895724,-0.515236713427654,0.226838448535904));
#821=CARTESIAN_POINT('',(0.11817394831546,-0.509145602775589,0.187470969139283));
#822=CARTESIAN_POINT('',(0.163496554376556,-0.506011702234539,0.13944145107123));
#823=CARTESIAN_POINT('',(0.196479744417058,-0.499513301775186,0.0264510817048276));
#824=CARTESIAN_POINT('',(0.18413108380284,-0.496566916492581,-0.0383920884364711));
#825=CARTESIAN_POINT('',(0.111555003021762,-0.49000621625784,-0.131436450879357));
#826=CARTESIAN_POINT('',(0.0523078297039571,-0.486900619372999,-0.159205324682463));
#827=CARTESIAN_POINT('',(-0.0664716776830974,-0.480723615563456,-0.154715788141195));
#828=CARTESIAN_POINT('',(-0.123191612039109,-0.477495932870205,-0.122909626625173));
#829=CARTESIAN_POINT('',(-0.156089414010941,-0.474499999999998,-0.073480558194154));
#830=CARTESIAN_POINT('',(0.187466221572122,-0.624999999999999,0.033964552831976));
#831=CARTESIAN_POINT('',(0.,-0.624999999999999,0.0304056527951833));
#832=CARTESIAN_POINT('',(0.185336490988872,-0.624999999999999,0.0588069750871439));
#833=CARTESIAN_POINT('',(0.185336490988872,-0.731499999999999,0.0588069750871439));
#834=CARTESIAN_POINT('',(0.185336490988872,-0.570401507033673,0.0588069750871439));
#835=CARTESIAN_POINT('',(-0.187068456541467,-0.474499999999931,0.0431195258161353));
#836=CARTESIAN_POINT('',(-0.189620647261934,-0.476575950989953,0.00556728834369675));
#837=CARTESIAN_POINT('',(-0.180408591281969,-0.478320843690544,-0.0329561967616403));
#838=CARTESIAN_POINT('',(-0.142170092891894,-0.482453432907512,-0.0974600911502386));
#839=CARTESIAN_POINT('',(-0.112703859334022,-0.484391357722806,-0.124074477703838));
#840=CARTESIAN_POINT('',(-0.0104326893054497,-0.490300042605904,-0.171305753686865));
#841=CARTESIAN_POINT('',(0.0766240615051133,-0.494412024735354,-0.156710062063992));
#842=CARTESIAN_POINT('',(0.157938579416143,-0.5004953228773,-0.0774992915735088));
#843=CARTESIAN_POINT('',(0.176609926119609,-0.50230249601761,-0.0429152154653358));
#844=CARTESIAN_POINT('',(0.191224692894796,-0.506516125958364,0.0307697321013651));
#845=CARTESIAN_POINT('',(0.187016168418284,-0.508355775686113,0.0702422584349945));
#846=CARTESIAN_POINT('',(0.157315935176262,-0.512324342802481,0.139096493892195));
#847=CARTESIAN_POINT('',(0.131557209487278,-0.514472890370945,0.169201991502835));
#848=CARTESIAN_POINT('',(0.0678291481165098,-0.518281715262188,0.209209818497544));
#849=CARTESIAN_POINT('',(0.0300618054460598,-0.520510289340334,0.21933073089317));
#850=CARTESIAN_POINT('',(-0.045770121611666,-0.524445710697839,0.216151428652026));
#851=CARTESIAN_POINT('',(-0.082456323863671,-0.526298399047035,0.202972388648882));
#852=CARTESIAN_POINT('',(-0.142760257138926,-0.530498400902685,0.157676358968829));
#853=CARTESIAN_POINT('',(-0.165829894644575,-0.532282426648762,0.125610356708863));
#854=CARTESIAN_POINT('',(-0.189694201901943,-0.536375707624298,0.0544805228863687));
#855=CARTESIAN_POINT('',(-0.190577323581523,-0.53844751258187,0.0147749581743215));
#856=CARTESIAN_POINT('',(-0.169887311734033,-0.542251410040137,-0.0573573017449329));
#857=CARTESIAN_POINT('',(-0.14827493791052,-0.544495501837944,-0.0903978786891045));
#858=CARTESIAN_POINT('',(-0.0900280846418122,-0.548333702300695,-0.138336441559398));
#859=CARTESIAN_POINT('',(-0.0539683138744828,-0.550327727786694,-0.153124676546761));
#860=CARTESIAN_POINT('',(0.0216361372187751,-0.554539097794717,-0.159667591658284));
#861=CARTESIAN_POINT('',(0.0598380181470843,-0.556253922238193,-0.151227378598451));
#862=CARTESIAN_POINT('',(0.157977916036379,-0.562444506652558,-0.0955261306466849));
#863=CARTESIAN_POINT('',(0.196859789641955,-0.566590903216522,-0.0163897962119089));
#864=CARTESIAN_POINT('',(0.185336490988872,-0.570401507033673,0.0588069750871442));
#865=CARTESIAN_POINT('',(0.,-0.731499999999999,0.0304056527951833));
#866=CARTESIAN_POINT('',(0.,-0.662499999999999,0.0304056527951833));
#867=CARTESIAN_POINT('',(0.,-0.662499999999999,-0.0670943472048168));
#868=CARTESIAN_POINT('',(0.,-0.731499999999999,0.0304056527951833));
#869=CARTESIAN_POINT('',(0.,-0.662499999999999,0.0304056527951833));
#870=CARTESIAN_POINT('',(0.185336490988872,-0.624999999999999,0.0588069750871439));
#871=CARTESIAN_POINT('',(0.186410053616237,-0.626086345740041,0.0589731467884687));
#872=CARTESIAN_POINT('',(0.187483616233003,-0.627172691490809,0.0591393184881527));
#873=CARTESIAN_POINT('',(0.188557178839702,-0.628259037251762,0.0593054901862788));
#874=CARTESIAN_POINT('',(0.188557178839702,-0.628259037251762,0.0593054901862788));
#875=CARTESIAN_POINT('',(0.188557178839702,-0.628259037251762,0.0593054901862788));
#876=CARTESIAN_POINT('',(0.188751619345949,-0.627170714942707,0.0508531772580352));
#877=CARTESIAN_POINT('',(0.188375903894195,-0.626069107732919,0.042372485581724));
#878=CARTESIAN_POINT('',(0.187466221572122,-0.625,0.0339645528319851));
#879=CARTESIAN_POINT('',(0.,-0.662499999999999,0.0304056527951833));
#880=CARTESIAN_POINT('',(0.148524804191308,-0.591874847537726,0.0531090675148605));
#881=CARTESIAN_POINT('',(0.15106881668833,-0.590862621142895,0.0364662425193349));
#882=CARTESIAN_POINT('',(0.150770246815456,-0.589692341862727,0.0191638042351947));
#883=CARTESIAN_POINT('',(0.147660636592401,-0.588469132211074,0.002631583933618));
#884=CARTESIAN_POINT('',(0.144548563042222,-0.58724495357447,-0.0139137326288279));
#885=CARTESIAN_POINT('',(0.138533214445544,-0.586062208595952,-0.0301539604121219));
#886=CARTESIAN_POINT('',(0.130106527058833,-0.585025213497527,-0.0447432268816903));
#887=CARTESIAN_POINT('',(0.121677407075838,-0.583987919041796,-0.0593367049463692));
#888=CARTESIAN_POINT('',(0.11060402048303,-0.58297978870985,-0.0726744609086397));
#889=CARTESIAN_POINT('',(0.0978192754564509,-0.581797013458049,-0.0836401794354378));
#890=CARTESIAN_POINT('',(0.0850390091635914,-0.580614652554395,-0.0946020564672961));
#891=CARTESIAN_POINT('',(0.0701925149667162,-0.579344201588522,-0.103504016228155));
#892=CARTESIAN_POINT('',(0.0544953154943781,-0.578262620989699,-0.109613356946952));
#893=CARTESIAN_POINT('',(0.0387852043475005,-0.577180150740673,-0.115727722881817));
#894=CARTESIAN_POINT('',(0.0217904129095111,-0.576232605780408,-0.119208597050676));
#895=CARTESIAN_POINT('',(0.0049417949616392,-0.575145659063049,-0.119763056204252));
#896=CARTESIAN_POINT('',(-0.011893390623392,-0.574059578901199,-0.120317073321777));
#897=CARTESIAN_POINT('',(-0.0290414046569634,-0.572744224043518,-0.117969433027648));
#898=CARTESIAN_POINT('',(-0.0451025373009853,-0.571559656027362,-0.112915049230076));
#899=CARTESIAN_POINT('',(-0.0611766116044418,-0.570374133515892,-0.107856592736312));
#900=CARTESIAN_POINT('',(-0.0766078147351198,-0.569336382190038,-0.0999424141568592));
#901=CARTESIAN_POINT('',(-0.0901011955832459,-0.568308776325443,-0.0898309350409228));
#902=CARTESIAN_POINT('',(-0.103584012815083,-0.567281974946704,-0.0797273719385263));
#903=CARTESIAN_POINT('',(-0.115498075032266,-0.566101142564771,-0.0671583006790452));
#904=CARTESIAN_POINT('',(-0.124862896059379,-0.564894985335255,-0.0531665895324258));
#905=CARTESIAN_POINT('',(-0.134229740478593,-0.563688567499689,-0.0391718552935641));
#906=CARTESIAN_POINT('',(-0.141309501702625,-0.562543098677715,-0.0233595834871893));
#907=CARTESIAN_POINT('',(-0.145509414132007,-0.561527027400454,-0.00703861110411281));
#908=CARTESIAN_POINT('',(-0.14970884875993,-0.56051107171616,0.00928050452967902));
#909=CARTESIAN_POINT('',(-0.151141538151415,-0.559500260130989,0.026552881697254));
#910=CARTESIAN_POINT('',(-0.149693159261346,-0.55830232344363,0.0433292966450192));
#911=CARTESIAN_POINT('',(-0.14824527677375,-0.557104797324762,0.0600999618169848));
#912=CARTESIAN_POINT('',(-0.143881496162446,-0.555817534571868,0.0768466322215023));
#913=CARTESIAN_POINT('',(-0.136955949436019,-0.554722712762753,0.0921966749106871));
#914=CARTESIAN_POINT('',(-0.130022573543524,-0.553626653283589,0.107564070458514));
#915=CARTESIAN_POINT('',(-0.120327651056276,-0.552661676516805,0.12195096808521));
#916=CARTESIAN_POINT('',(-0.108687287249884,-0.551564392004672,0.134146368477413));
#917=CARTESIAN_POINT('',(-0.0970563087203105,-0.550467992200189,0.146331936083416));
#918=CARTESIAN_POINT('',(-0.0831683838869574,-0.549167636968264,0.156666143694536));
#919=CARTESIAN_POINT('',(-0.0681596920923232,-0.548009763290668,0.164306059343781));
#920=CARTESIAN_POINT('',(-0.0531399739341539,-0.546851038963577,0.171951587773172));
#921=CARTESIAN_POINT('',(-0.036578912723033,-0.545846683565999,0.177107372091124));
#922=CARTESIAN_POINT('',(-0.0198642885230546,-0.544826938403028,0.179336752775922));
#923=CARTESIAN_POINT('',(-0.00316482781600643,-0.543808118352006,0.18156411096845));
#924=CARTESIAN_POINT('',(0.0141390030311263,-0.54260564494787,0.18093315235898));
#925=CARTESIAN_POINT('',(0.0306195432746441,-0.541383321309312,0.177502580260213));
#926=CARTESIAN_POINT('',(0.0471035002714835,-0.540160744258044,0.174071296933632));
#927=CARTESIAN_POINT('',(0.0632277944197247,-0.539002404207949,0.167741866502346));
#928=CARTESIAN_POINT('',(0.0776530397043195,-0.537971794880961,0.159033285614416));
#929=CARTESIAN_POINT('',(0.0920796392092694,-0.536941088801917,0.150323887177997));
#930=CARTESIAN_POINT('',(0.105198309731292,-0.535909719997128,0.138996624682856));
#931=CARTESIAN_POINT('',(0.11591365467018,-0.53471736787137,0.126004225802327));
#932=CARTESIAN_POINT('',(0.126626291706988,-0.533525317067952,0.113015110263974));
#933=CARTESIAN_POINT('',(0.135240644834248,-0.532269611459002,0.0979984805324371));
#934=CARTESIAN_POINT('',(0.141045874905695,-0.531202454878257,0.0821852208900122));
#935=CARTESIAN_POINT('',(0.146855224098354,-0.530134541092844,0.066360740894144));
#936=CARTESIAN_POINT('',(0.150006686175016,-0.529189095627561,0.0493036513268552));
#937=CARTESIAN_POINT('',(0.150236083098197,-0.528082118065868,0.032450606416083));
#938=CARTESIAN_POINT('',(0.15046531588617,-0.526975932554867,0.0156096199844897));
#939=CARTESIAN_POINT('',(0.147788077436513,-0.525654460838274,-0.00148897048931785));
#940=CARTESIAN_POINT('',(0.142425027076599,-0.524481988576828,-0.0174501113532445));
#941=CARTESIAN_POINT('',(0.137056859040993,-0.523308397487031,-0.0334264830908608));
#942=CARTESIAN_POINT('',(0.128844615348698,-0.522289707286223,-0.0487050219101979));
#943=CARTESIAN_POINT('',(0.118473255720372,-0.521256391599502,-0.0620018695123392));
#944=CARTESIAN_POINT('',(0.108111206944316,-0.520224003568368,-0.0752867799154916));
#945=CARTESIAN_POINT('',(0.0953158036163406,-0.519014980766853,-0.0869546497797798));
#946=CARTESIAN_POINT('',(0.08114554893961,-0.517812406532845,-0.096047747267011));
#947=CARTESIAN_POINT('',(0.0669710999731398,-0.51660947634583,-0.105143536243306));
#948=CARTESIAN_POINT('',(0.0510218916306453,-0.515488565960859,-0.111917576092008));
#949=CARTESIAN_POINT('',(0.0346209858191467,-0.514477123825083,-0.115801220644168));
#950=CARTESIAN_POINT('',(0.0182245981373488,-0.51346596032189,-0.119683795327992));
#951=CARTESIAN_POINT('',(0.000930810526147428,-0.51242782833391,-0.12078189790566));
#952=CARTESIAN_POINT('',(-0.0158125356603245,-0.511219949340859,-0.119009962908099));
#953=CARTESIAN_POINT('',(-0.0325515581851141,-0.510012382260377,-0.117238485480212));
#954=CARTESIAN_POINT('',(-0.0492122263254809,-0.508740871741951,-0.112551832254179));
#955=CARTESIAN_POINT('',(-0.0644265191240291,-0.507660143252562,-0.105330437223504));
#956=CARTESIAN_POINT('',(-0.0796562264505844,-0.506578319811224,-0.0981017257570647));
#957=CARTESIAN_POINT('',(-0.0938515511420671,-0.505615541140402,-0.088131560896693));
#958=CARTESIAN_POINT('',(-0.105817959995545,-0.504499111532136,-0.0762602829218079));
#959=CARTESIAN_POINT('',(-0.117775750476738,-0.503383485991833,-0.0643975548046396));
#960=CARTESIAN_POINT('',(-0.127840176809476,-0.502081641993491,-0.0503136044729615));
#961=CARTESIAN_POINT('',(-0.135189552907184,-0.500936700370058,-0.0351599424873712));
#962=CARTESIAN_POINT('',(-0.142545054837438,-0.499790804417908,-0.0199936496614809));
#963=CARTESIAN_POINT('',(-0.147380767233755,-0.498803794592187,-0.00333376050196005));
#964=CARTESIAN_POINT('',(-0.149286987818815,-0.497775755578316,0.0134216082832036));
#965=CARTESIAN_POINT('',(-0.151191363196645,-0.4967487116985,0.0301607579970456));
#966=CARTESIAN_POINT('',(-0.150226625090709,-0.495516635958389,0.0474473404827111));
#967=CARTESIAN_POINT('',(-0.14647842192648,-0.494297992257547,0.0638591191316947));
#968=CARTESIAN_POINT('',(-0.142729073379816,-0.493078976161446,0.0802759129205115));
#969=CARTESIAN_POINT('',(-0.136087652872506,-0.491945315622707,0.0962783732139028));
#970=CARTESIAN_POINT('',(-0.127100262894978,-0.490919316908756,0.110534209951964));
#971=CARTESIAN_POINT('',(-0.118113753530005,-0.489893418725365,0.124788649858594));
#972=CARTESIAN_POINT('',(-0.106536866843853,-0.488835747910177,0.137683415565652));
#973=CARTESIAN_POINT('',(-0.0933412973066337,-0.487636167667192,0.148144621353238));
#974=CARTESIAN_POINT('',(-0.080147777380908,-0.486436773749886,0.158604202246381));
#975=CARTESIAN_POINT('',(-0.0649660467080008,-0.485198593832517,0.166927719062999));
#976=CARTESIAN_POINT('',(-0.0490423778861828,-0.484144533416999,0.17242645293118));
#977=CARTESIAN_POINT('',(-0.0331096046281678,-0.483089870337239,0.177928330727575));
#978=CARTESIAN_POINT('',(-0.0159968567896501,-0.482143877491237,0.180749008227328));
#979=CARTESIAN_POINT('',(0.000854026731282446,-0.481014812637128,0.18065322561532));
#980=CARTESIAN_POINT('',(0.0176940058765829,-0.479886478412203,0.1805575049852));
#981=CARTESIAN_POINT('',(0.0347369160342614,-0.478565561695921,0.177551610516013));
#982=CARTESIAN_POINT('',(0.0505918250670088,-0.477406471956136,0.171881904287754));
#983=CARTESIAN_POINT('',(0.066464210152803,-0.476246104611179,0.166205948633113));
#984=CARTESIAN_POINT('',(0.081583795304177,-0.475244077834589,0.157698851081201));
#985=CARTESIAN_POINT('',(0.0946787514041397,-0.474202901978571,0.147071828409854));
#986=CARTESIAN_POINT('',(0.107760873977744,-0.473162746512211,0.136455220601643));
#987=CARTESIAN_POINT('',(0.119178524813392,-0.47192781714037,0.123438145272508));
#988=CARTESIAN_POINT('',(0.12799666217736,-0.470730619354478,0.10909438751277));
#989=CARTESIAN_POINT('',(0.136818103482391,-0.469532973007766,0.0947452554967353));
#990=CARTESIAN_POINT('',(0.143283772362842,-0.468436592717592,0.0786649037907361));
#991=CARTESIAN_POINT('',(0.146849607891224,-0.467427858904855,0.0621901641520326));
#992=CARTESIAN_POINT('',(0.150413917060425,-0.466419556881556,0.0457224765408032));
#993=CARTESIAN_POINT('',(0.151177124580058,-0.465351371915662,0.0284136593996007));
#994=CARTESIAN_POINT('',(0.149082206049756,-0.464135981401322,0.0117091734651601));
#995=CARTESIAN_POINT('',(0.146987646223462,-0.462920798993142,-0.00499245223105764));
#996=CARTESIAN_POINT('',(0.141979435603088,-0.461667684811607,-0.0215613565729833));
#997=CARTESIAN_POINT('',(0.134464518722501,-0.46059976477473,-0.036634303236471));
#998=CARTESIAN_POINT('',(0.126943094498665,-0.459530920000779,-0.0517203019189336));
#999=CARTESIAN_POINT('',(0.116701535845496,-0.458566564191057,-0.0657183531574415));
#1000=CARTESIAN_POINT('',(0.104603909930411,-0.457430290159318,-0.0774511250505807));
#1001=CARTESIAN_POINT('',(0.092514011809325,-0.456294741963515,-0.0891764022133601));
#1002=CARTESIAN_POINT('',(0.0782390861634207,-0.454996783959972,-0.0989673204973686));
#1003=CARTESIAN_POINT('',(0.0629461951012018,-0.453865895554912,-0.106023226194133));
#1004=CARTESIAN_POINT('',(0.0476393383276447,-0.452733974404575,-0.113085575456197));
#1005=CARTESIAN_POINT('',(0.0308875674059084,-0.451761603517254,-0.117599076526632));
#1006=CARTESIAN_POINT('',(0.0140984232290188,-0.450723015534584,-0.119181435425878));
#1007=CARTESIAN_POINT('',(-0.00267408897392976,-0.449685456417237,-0.120762226779351));
#1008=CARTESIAN_POINT('',(-0.0199372347379408,-0.448426615549741,-0.119464257931625));
#1009=CARTESIAN_POINT('',(-0.0362743479100115,-0.447213509797568,-0.115399814124625));
#1010=CARTESIAN_POINT('',(-0.0526181621455429,-0.44599990646063,-0.111333703187356));
#1011=CARTESIAN_POINT('',(-0.0684928819252451,-0.444890750703304,-0.104382577203133));
#1012=CARTESIAN_POINT('',(-0.0825739819855504,-0.443867503678075,-0.095119643456409));
#1013=CARTESIAN_POINT('',(-0.0966510953383849,-0.442844546359371,-0.0858593322751815));
#1014=CARTESIAN_POINT('',(-0.109317317972165,-0.441758381570008,-0.074037157012661));
#1015=CARTESIAN_POINT('',(-0.119520748580071,-0.440553850120619,-0.0606429779405907));
#1016=CARTESIAN_POINT('',(-0.129206788393864,-0.439410397489433,-0.0479279846456288));
#1017=CARTESIAN_POINT('',(-0.136933468489021,-0.438249447325922,-0.0334699037056737));
#1018=CARTESIAN_POINT('',(-0.142122457976914,-0.437249999999998,-0.0183413413542042));
#1019=CARTESIAN_POINT('',(0.148524804191308,-0.591874847537726,0.0531090675148605));
#1020=CARTESIAN_POINT('',(-0.142122457976914,-0.437249999999998,-0.0183413413542042));
#1021=CARTESIAN_POINT('',(-0.187068456541425,-0.474499999999956,0.0431195258161328));
#1022=CARTESIAN_POINT('',(-0.182791914922409,-0.473043709925742,0.0845665066237362));
#1023=CARTESIAN_POINT('',(-0.164618250511052,-0.471656999686189,0.12384671601837));
#1024=CARTESIAN_POINT('',(-0.106550035719637,-0.46886357516388,0.183551475539475));
#1025=CARTESIAN_POINT('',(-0.0674397238323481,-0.467293720729165,0.202685711333367));
#1026=CARTESIAN_POINT('',(0.0150790265473734,-0.464552287640122,0.212120118346942));
#1027=CARTESIAN_POINT('',(0.0576895996746566,-0.46284851117311,0.201595712122324));
#1028=CARTESIAN_POINT('',(0.126470879479991,-0.460024463542796,0.155521635263782));
#1029=CARTESIAN_POINT('',(0.152067492779015,-0.458318138680978,0.119450897054857));
#1030=CARTESIAN_POINT('',(0.173164429717776,-0.455423788847598,0.0395885812248241));
#1031=CARTESIAN_POINT('',(0.168151783898392,-0.453705919659225,-0.00455012341764445));
#1032=CARTESIAN_POINT('',(0.129608360864662,-0.450630627952588,-0.0776809803634016));
#1033=CARTESIAN_POINT('',(0.0959929404193982,-0.448936113919704,-0.106506257516276));
#1034=CARTESIAN_POINT('',(0.0168713343645496,-0.445761396203244,-0.132863296503949));
#1035=CARTESIAN_POINT('',(-0.0274959720851901,-0.444018707854047,-0.129627960808957));
#1036=CARTESIAN_POINT('',(-0.101419705270053,-0.440718126166322,-0.0922940499060677));
#1037=CARTESIAN_POINT('',(-0.130261777549263,-0.43889040562184,-0.057977426287298));
#1038=CARTESIAN_POINT('',(-0.142122457976914,-0.437249999999998,-0.0183413413542041));
#1039=CARTESIAN_POINT('',(0.18920124990641,-0.568147079393376,0.0594051829123488));
#1040=CARTESIAN_POINT('',(0.140857444556923,-0.596347444110157,0.0519222730394964));
#1041=CARTESIAN_POINT('',(0.,-0.363506168264709,-0.161094347204817));
#1042=CARTESIAN_POINT('',(0.0250672913817686,-0.364808251598042,-0.161094347204817));
#1043=CARTESIAN_POINT('',(0.0751020885258226,-0.367412418264709,-0.150720498657986));
#1044=CARTESIAN_POINT('',(0.139059362901088,-0.371318668264709,-0.108628763701034));
#1045=CARTESIAN_POINT('',(0.18112615145317,-0.375224918264709,-0.0445966501111563));
#1046=CARTESIAN_POINT('',(0.196686924273415,-0.379131168264709,0.0304056527951833));
#1047=CARTESIAN_POINT('',(0.18112615145317,-0.383037418264709,0.105407955701523));
#1048=CARTESIAN_POINT('',(0.139034416496217,-0.386943668264709,0.1694400692914));
#1049=CARTESIAN_POINT('',(0.0750023029063396,-0.390849918264709,0.211531804248353));
#1050=CARTESIAN_POINT('',(0.,-0.394756168264709,0.227092577068598));
#1051=CARTESIAN_POINT('',(-0.0750023029063395,-0.398662418264709,0.211531804248353));
#1052=CARTESIAN_POINT('',(-0.139034416496217,-0.402568668264709,0.1694400692914));
#1053=CARTESIAN_POINT('',(-0.18112615145317,-0.406474918264709,0.105407955701523));
#1054=CARTESIAN_POINT('',(-0.196686924273415,-0.410381168264709,0.0304056527951833));
#1055=CARTESIAN_POINT('',(-0.18112615145317,-0.414287418264709,-0.0445966501111563));
#1056=CARTESIAN_POINT('',(-0.139034416496217,-0.418193668264709,-0.108628763701034));
#1057=CARTESIAN_POINT('',(-0.0750023029063396,-0.422099918264709,-0.150720498657986));
#1058=CARTESIAN_POINT('',(-1.2490009027033E-16,-0.426006168264709,-0.166281271478232));
#1059=CARTESIAN_POINT('',(0.0750023029063395,-0.429912418264709,-0.150720498657987));
#1060=CARTESIAN_POINT('',(0.139034416496217,-0.433818668264709,-0.108628763701034));
#1061=CARTESIAN_POINT('',(0.18112615145317,-0.437724918264709,-0.0445966501111563));
#1062=CARTESIAN_POINT('',(0.196686924273415,-0.441631168264709,0.0304056527951833));
#1063=CARTESIAN_POINT('',(0.18112615145317,-0.445537418264709,0.105407955701523));
#1064=CARTESIAN_POINT('',(0.139034416496217,-0.449443668264709,0.1694400692914));
#1065=CARTESIAN_POINT('',(0.0750023029063397,-0.453349918264709,0.211531804248353));
#1066=CARTESIAN_POINT('',(8.32667268468867E-17,-0.457256168264709,0.227092577068598));
#1067=CARTESIAN_POINT('',(-0.0750023029063396,-0.461162418264709,0.211531804248353));
#1068=CARTESIAN_POINT('',(-0.139034416496217,-0.465068668264709,0.1694400692914));
#1069=CARTESIAN_POINT('',(-0.18112615145317,-0.468974918264709,0.105407955701523));
#1070=CARTESIAN_POINT('',(-0.196686924273415,-0.472881168264709,0.0304056527951832));
#1071=CARTESIAN_POINT('',(-0.18112615145317,-0.476787418264709,-0.0445966501111562));
#1072=CARTESIAN_POINT('',(-0.139034416496217,-0.480693668264709,-0.108628763701033));
#1073=CARTESIAN_POINT('',(-0.0750023029063399,-0.484599918264709,-0.150720498657986));
#1074=CARTESIAN_POINT('',(-1.11022302462516E-16,-0.488506168264709,-0.166281271478232));
#1075=CARTESIAN_POINT('',(0.0750023029063396,-0.492412418264709,-0.150720498657986));
#1076=CARTESIAN_POINT('',(0.139034416496217,-0.496318668264709,-0.108628763701033));
#1077=CARTESIAN_POINT('',(0.18112615145317,-0.500224918264709,-0.0445966501111562));
#1078=CARTESIAN_POINT('',(0.196686924273415,-0.504131168264709,0.0304056527951832));
#1079=CARTESIAN_POINT('',(0.18112615145317,-0.508037418264709,0.105407955701523));
#1080=CARTESIAN_POINT('',(0.139034416496217,-0.511943668264709,0.1694400692914));
#1081=CARTESIAN_POINT('',(0.0750023029063398,-0.515849918264709,0.211531804248353));
#1082=CARTESIAN_POINT('',(1.11022302462516E-16,-0.519756168264709,0.227092577068598));
#1083=CARTESIAN_POINT('',(-0.0750023029063396,-0.523662418264709,0.211531804248353));
#1084=CARTESIAN_POINT('',(-0.139034416496217,-0.527568668264709,0.1694400692914));
#1085=CARTESIAN_POINT('',(-0.18112615145317,-0.531474918264709,0.105407955701523));
#1086=CARTESIAN_POINT('',(-0.196686924273415,-0.535381168264709,0.0304056527951838));
#1087=CARTESIAN_POINT('',(-0.18112615145317,-0.539287418264709,-0.0445966501111558));
#1088=CARTESIAN_POINT('',(-0.139034416496217,-0.543193668264709,-0.108628763701033));
#1089=CARTESIAN_POINT('',(-0.0750023029063398,-0.547099918264709,-0.150720498657986));
#1090=CARTESIAN_POINT('',(-1.2490009027033E-16,-0.551006168264709,-0.166281271478232));
#1091=CARTESIAN_POINT('',(0.0750023029063395,-0.554912418264709,-0.150720498657987));
#1092=CARTESIAN_POINT('',(0.139034416496217,-0.558818668264709,-0.108628763701034));
#1093=CARTESIAN_POINT('',(0.18112615145317,-0.562724918264709,-0.0445966501111561));
#1094=CARTESIAN_POINT('',(0.193512906554784,-0.565834388640931,0.01510701428199));
#1095=CARTESIAN_POINT('',(0.190718844813475,-0.56764177568382,0.0498099110396895));
#1096=CARTESIAN_POINT('',(0.18920124990641,-0.568147079393376,0.0594051829123488));
#1097=CARTESIAN_POINT('',(0.,-0.39170653298149,-0.112249882723379));
#1098=CARTESIAN_POINT('',(0.0186735659324598,-0.393008616314823,-0.112249882723379));
#1099=CARTESIAN_POINT('',(0.0558344473873696,-0.39561278298149,-0.104017968878179));
#1100=CARTESIAN_POINT('',(0.103744527543278,-0.39951903298149,-0.0732889819383531));
#1101=CARTESIAN_POINT('',(0.134423621673363,-0.40342528298149,-0.0252292233532202));
#1102=CARTESIAN_POINT('',(0.146771492441163,-0.40733153298149,0.0304056527951833));
#1103=CARTESIAN_POINT('',(0.134423621673363,-0.41123778298149,0.0860405289435868));
#1104=CARTESIAN_POINT('',(0.103694634733536,-0.41514403298149,0.13410028752872));
#1105=CARTESIAN_POINT('',(0.0556348761484034,-0.41905028298149,0.164829274468546));
#1106=CARTESIAN_POINT('',(0.,-0.42295653298149,0.177177145236346));
#1107=CARTESIAN_POINT('',(-0.0556348761484035,-0.42686278298149,0.164829274468546));
#1108=CARTESIAN_POINT('',(-0.103694634733536,-0.43076903298149,0.13410028752872));
#1109=CARTESIAN_POINT('',(-0.134423621673363,-0.43467528298149,0.0860405289435866));
#1110=CARTESIAN_POINT('',(-0.146771492441163,-0.43858153298149,0.0304056527951833));
#1111=CARTESIAN_POINT('',(-0.134423621673363,-0.44248778298149,-0.02522922335322));
#1112=CARTESIAN_POINT('',(-0.103694634733537,-0.44639403298149,-0.0732889819383531));
#1113=CARTESIAN_POINT('',(-0.0556348761484034,-0.45030028298149,-0.10401796887818));
#1114=CARTESIAN_POINT('',(-1.2490009027033E-16,-0.45420653298149,-0.116365839645979));
#1115=CARTESIAN_POINT('',(0.0556348761484032,-0.45811278298149,-0.104017968878179));
#1116=CARTESIAN_POINT('',(0.103694634733536,-0.46201903298149,-0.0732889819383532));
#1117=CARTESIAN_POINT('',(0.134423621673363,-0.46592528298149,-0.0252292233532199));
#1118=CARTESIAN_POINT('',(0.146771492441163,-0.46983153298149,0.0304056527951833));
#1119=CARTESIAN_POINT('',(0.134423621673363,-0.47373778298149,0.0860405289435863));
#1120=CARTESIAN_POINT('',(0.103694634733536,-0.47764403298149,0.13410028752872));
#1121=CARTESIAN_POINT('',(0.0556348761484036,-0.48155028298149,0.164829274468546));
#1122=CARTESIAN_POINT('',(8.32667268468867E-17,-0.48545653298149,0.177177145236346));
#1123=CARTESIAN_POINT('',(-0.0556348761484035,-0.48936278298149,0.164829274468546));
#1124=CARTESIAN_POINT('',(-0.103694634733536,-0.49326903298149,0.13410028752872));
#1125=CARTESIAN_POINT('',(-0.134423621673363,-0.49717528298149,0.0860405289435861));
#1126=CARTESIAN_POINT('',(-0.146771492441162,-0.50108153298149,0.0304056527951829));
#1127=CARTESIAN_POINT('',(-0.134423621673363,-0.50498778298149,-0.0252292233532199));
#1128=CARTESIAN_POINT('',(-0.103694634733537,-0.50889403298149,-0.0732889819383531));
#1129=CARTESIAN_POINT('',(-0.0556348761484039,-0.51280028298149,-0.104017968878179));
#1130=CARTESIAN_POINT('',(-1.11022302462516E-16,-0.51670653298149,-0.116365839645979));
#1131=CARTESIAN_POINT('',(0.0556348761484035,-0.52061278298149,-0.104017968878179));
#1132=CARTESIAN_POINT('',(0.103694634733537,-0.52451903298149,-0.0732889819383531));
#1133=CARTESIAN_POINT('',(0.134423621673363,-0.52842528298149,-0.0252292233532197));
#1134=CARTESIAN_POINT('',(0.146771492441162,-0.53233153298149,0.0304056527951832));
#1135=CARTESIAN_POINT('',(0.134423621673363,-0.53623778298149,0.0860405289435861));
#1136=CARTESIAN_POINT('',(0.103694634733537,-0.54014403298149,0.13410028752872));
#1137=CARTESIAN_POINT('',(0.0556348761484037,-0.54405028298149,0.164829274468546));
#1138=CARTESIAN_POINT('',(1.11022302462516E-16,-0.54795653298149,0.177177145236346));
#1139=CARTESIAN_POINT('',(-0.0556348761484044,-0.55186278298149,0.164829274468545));
#1140=CARTESIAN_POINT('',(-0.103694634733536,-0.55576903298149,0.13410028752872));
#1141=CARTESIAN_POINT('',(-0.134423621673363,-0.55967528298149,0.086040528943587));
#1142=CARTESIAN_POINT('',(-0.146771492441162,-0.56358153298149,0.0304056527951835));
#1143=CARTESIAN_POINT('',(-0.134423621673363,-0.56748778298149,-0.025229223353219));
#1144=CARTESIAN_POINT('',(-0.103694634733536,-0.57139403298149,-0.0732889819383533));
#1145=CARTESIAN_POINT('',(-0.0556348761484044,-0.57530028298149,-0.104017968878179));
#1146=CARTESIAN_POINT('',(-1.2490009027033E-16,-0.57920653298149,-0.116365839645979));
#1147=CARTESIAN_POINT('',(0.0556348761484043,-0.58311278298149,-0.104017968878179));
#1148=CARTESIAN_POINT('',(0.103694634733536,-0.58701903298149,-0.0732889819383534));
#1149=CARTESIAN_POINT('',(0.134423621673363,-0.59092528298149,-0.0252292233532192));
#1150=CARTESIAN_POINT('',(0.144252828294008,-0.594034753357712,0.0190574964594562));
#1151=CARTESIAN_POINT('',(0.142035668921689,-0.595842140400601,0.0447992575559977));
#1152=CARTESIAN_POINT('',(0.140857444556923,-0.596347444110157,0.0519222730394964));
#1153=CARTESIAN_POINT('',(0.140857444556923,-0.600434378147176,0.0519222730394964));
#1154=CARTESIAN_POINT('',(0.18920124990641,-0.628634742863957,0.0594051829123488));
#1155=CARTESIAN_POINT('',(0.148524804191308,-0.604906974719607,0.0531090675148605));
#1156=CARTESIAN_POINT('',(0.148524804191308,-0.393749999999999,0.0531090675148605));
#1157=CARTESIAN_POINT('',(0.18920124990641,-0.598390911128667,0.0594051829123488));
#1158=CARTESIAN_POINT('',(-0.156089414010942,-0.474499999999999,-0.0734805581941533));
#1159=CARTESIAN_POINT('',(-0.176491952382135,-0.469169055924947,-0.0332040649721907));
#1160=CARTESIAN_POINT('',(-0.180463417981035,-0.462477275074474,0.0150161927743247));
#1161=CARTESIAN_POINT('',(-0.154388721804277,-0.450994656904197,0.101609421756773));
#1162=CARTESIAN_POINT('',(-0.12230836712514,-0.443721403911944,0.138303399572491));
#1163=CARTESIAN_POINT('',(-0.0807436554201227,-0.437249999999999,0.157116049406498));
#1164=CARTESIAN_POINT('',(-0.0807436554201226,-0.437249999999998,0.157116049406497));
#1165=CARTESIAN_POINT('',(0.148524804191308,-0.604906974719607,0.0531090675148605));
#1166=CARTESIAN_POINT('',(0.150732782548028,-0.60384629998377,0.0386645640276233));
#1167=CARTESIAN_POINT('',(0.150812538284202,-0.602851512875919,0.0237342903517885));
#1168=CARTESIAN_POINT('',(0.148753969567716,-0.601969696717798,0.00925573464292805));
#1169=CARTESIAN_POINT('',(0.146380373035163,-0.600952934071741,-0.00743850993180987));
#1170=CARTESIAN_POINT('',(0.141082186475695,-0.599940058449988,-0.0239532441817169));
#1171=CARTESIAN_POINT('',(0.133307975551442,-0.598775993421302,-0.0389055739604889));
#1172=CARTESIAN_POINT('',(0.125539132066908,-0.597612732081753,-0.0538475804113337));
#1173=CARTESIAN_POINT('',(0.115085524926394,-0.596315110350946,-0.0676462275928925));
#1174=CARTESIAN_POINT('',(0.102799710006692,-0.595226594119027,-0.0791720918546316));
#1175=CARTESIAN_POINT('',(0.0905034972768175,-0.594137156647025,-0.0907077107601976));
#1176=CARTESIAN_POINT('',(0.0760328197903447,-0.593170464527904,-0.100278358730456));
#1177=CARTESIAN_POINT('',(0.0606058572976402,-0.592067662943819,-0.107078864737585));
#1178=CARTESIAN_POINT('',(0.0451969403252661,-0.590966151349802,-0.113871415927331));
#1179=CARTESIAN_POINT('',(0.028413673917737,-0.58967282433789,-0.118090444836657));
#1180=CARTESIAN_POINT('',(0.0116307241706826,-0.588480589323229,-0.119393508601887));
#1181=CARTESIAN_POINT('',(-0.00515859512175029,-0.58728790182583,-0.120697066912111));
#1182=CARTESIAN_POINT('',(-0.0224193185624315,-0.586288183126272,-0.119114920760295));
#1183=CARTESIAN_POINT('',(-0.0387019577963156,-0.585269483526329,-0.114774307814855));
#1184=CARTESIAN_POINT('',(-0.0549852374699974,-0.584250743858204,-0.110433524141486));
#1185=CARTESIAN_POINT('',(-0.0707344419491526,-0.583094403781814,-0.103217956321892));
#1186=CARTESIAN_POINT('',(-0.084647222867161,-0.58188703515099,-0.0937310064190761));
#1187=CARTESIAN_POINT('',(-0.0985575073051632,-0.580679883167841,-0.0842457588345018));
#1188=CARTESIAN_POINT('',(-0.111023895264339,-0.579512170965476,-0.072222948041691));
#1189=CARTESIAN_POINT('',(-0.121010651494092,-0.578487172723613,-0.0586532306751103));
#1190=CARTESIAN_POINT('',(-0.131004636509265,-0.577461432549917,-0.045073691042642));
#1191=CARTESIAN_POINT('',(-0.138784566941212,-0.576414493499449,-0.0295762209081805));
#1192=CARTESIAN_POINT('',(-0.143703959789682,-0.575224080969592,-0.0134604439170334));
#1193=CARTESIAN_POINT('',(-0.148619703335715,-0.574034551511179,0.00264337807355735));
#1194=CARTESIAN_POINT('',(-0.150819681566757,-0.572723973711242,0.0198114546262926));
#1195=CARTESIAN_POINT('',(-0.150120526237191,-0.571646144917912,0.0366418457258733));
#1196=CARTESIAN_POINT('',(-0.149420786058951,-0.570567414512717,0.0534863155737706));
#1197=CARTESIAN_POINT('',(-0.145793103583095,-0.569618173412975,0.0704510792197787));
#1198=CARTESIAN_POINT('',(-0.139543194699798,-0.568528801969344,0.0861080702739098));
#1199=CARTESIAN_POINT('',(-0.13329867491344,-0.567440369855938,0.10175156080441));
#1200=CARTESIAN_POINT('',(-0.124269176339607,-0.566164347000602,0.116520377992487));
#1201=CARTESIAN_POINT('',(-0.113197109789913,-0.564987094319984,0.129205839208015));
#1202=CARTESIAN_POINT('',(-0.102120684978256,-0.563809378241178,0.141896293760863));
#1203=CARTESIAN_POINT('',(-0.0886865691873207,-0.56281042122711,0.152854799528079));
#1204=CARTESIAN_POINT('',(-0.0740202088143625,-0.561769628886271,0.161157598046786));
#1205=CARTESIAN_POINT('',(-0.0593593495221474,-0.560729226927406,0.169457282339204));
#1206=CARTESIAN_POINT('',(-0.0430691792866139,-0.559535776424368,0.175331556406652));
#1207=CARTESIAN_POINT('',(-0.0264982930120319,-0.558311542479106,0.178300557938831));
#1208=CARTESIAN_POINT('',(-0.00992860434668144,-0.557087397011542,0.181269344895664));
#1209=CARTESIAN_POINT('',(0.00738921862161228,-0.55593099831238,0.181416602147419));
#1210=CARTESIAN_POINT('',(0.0240202257010998,-0.554920090558963,0.178723188027091));
#1211=CARTESIAN_POINT('',(0.0406641473267596,-0.553908397801078,0.17602768237852));
#1212=CARTESIAN_POINT('',(0.0570705931444558,-0.552875005496283,0.170412575895372));
#1213=CARTESIAN_POINT('',(0.0718681456589953,-0.551699938614453,0.162352733625103));
#1214=CARTESIAN_POINT('',(0.0866568561336583,-0.550525573874968,0.154297707384153));
#1215=CARTESIAN_POINT('',(0.100252159478405,-0.549238281051466,0.143579789984728));
#1216=CARTESIAN_POINT('',(0.111539606301544,-0.548165793706202,0.131073317544579));
#1217=CARTESIAN_POINT('',(0.122837548341727,-0.547092309148047,0.118555216421275));
#1218=CARTESIAN_POINT('',(0.13212750999083,-0.54612021188008,0.103901441273999));
#1219=CARTESIAN_POINT('',(0.138629006445558,-0.545001552560388,0.08834580357094));
#1220=CARTESIAN_POINT('',(0.145122510557945,-0.543884268417673,0.0728092885395204));
#1221=CARTESIAN_POINT('',(0.14901692447765,-0.542579842968161,0.055948301523787));
#1222=CARTESIAN_POINT('',(0.14999579266748,-0.541401270109021,0.0391420526288877));
#1223=CARTESIAN_POINT('',(0.15097510952455,-0.540222157047394,0.0223281005382208));
#1224=CARTESIAN_POINT('',(0.14905904174449,-0.539244216298808,0.0050981442196076));
#1225=CARTESIAN_POINT('',(0.144403809680387,-0.538218088656899,-0.0110985909612163));
#1226=CARTESIAN_POINT('',(0.139749181241585,-0.537192094068853,-0.0272932259762429));
#1227=CARTESIAN_POINT('',(0.132231857178707,-0.536011945196104,-0.0428973037410159));
#1228=CARTESIAN_POINT('',(0.122478713489545,-0.534803870616429,-0.0566232346040364));
#1229=CARTESIAN_POINT('',(0.11272649596799,-0.533595910756641,-0.0703478620398787));
#1230=CARTESIAN_POINT('',(0.100463445734599,-0.53245819598733,-0.0825812641385511));
#1231=CARTESIAN_POINT('',(0.0867029057113325,-0.531435706474462,-0.0923040397364655));
#1232=CARTESIAN_POINT('',(0.0729344467821734,-0.530412628540049,-0.102032410590441));
#1233=CARTESIAN_POINT('',(0.0572931318428244,-0.52934389875536,-0.10950995458075));
#1234=CARTESIAN_POINT('',(0.0410884238560624,-0.528143604841107,-0.114117023366811));
#1235=CARTESIAN_POINT('',(0.0248936034033023,-0.526944043303327,-0.118721281084056));
#1236=CARTESIAN_POINT('',(0.00768521591397879,-0.525648283914998,-0.120590322342781));
#1237=CARTESIAN_POINT('',(-0.00912956319255393,-0.524587249043896,-0.119566723247584));
#1238=CARTESIAN_POINT('',(-0.0259598077744032,-0.523525238280782,-0.118542182692113));
#1239=CARTESIAN_POINT('',(-0.0428524450062721,-0.522570475240724,-0.114587253882816));
#1240=CARTESIAN_POINT('',(-0.0583861219239637,-0.521464964976001,-0.108036115709413));
#1241=CARTESIAN_POINT('',(-0.0739054295973791,-0.520360477350486,-0.101491037588965));
#1242=CARTESIAN_POINT('',(-0.0884969292245208,-0.519074437608417,-0.0921786359075235));
#1243=CARTESIAN_POINT('',(-0.100967153787305,-0.517910379078356,-0.0808629247821842));
#1244=CARTESIAN_POINT('',(-0.113443463080607,-0.516745752556721,-0.0695416922604612));
#1245=CARTESIAN_POINT('',(-0.124141945131442,-0.515764094497527,-0.0558956962191166));
#1246=CARTESIAN_POINT('',(-0.132159974731328,-0.514714298506822,-0.0410702422955034));
#1247=CARTESIAN_POINT('',(-0.140173472284529,-0.513665095894375,-0.0262531681924525));
#1248=CARTESIAN_POINT('',(-0.145730807190718,-0.512448427470174,-0.00985551588061919));
#1249=CARTESIAN_POINT('',(-0.148379049113966,-0.511225608377739,0.00676838806266539));
#1250=CARTESIAN_POINT('',(-0.151027339521604,-0.510002766897759,0.0233925963587424));
#1251=CARTESIAN_POINT('',(-0.150839943031809,-0.508879195664243,0.0407124876998892));
#1252=CARTESIAN_POINT('',(-0.147825458474994,-0.507871066085485,0.0572886646550516));
#1253=CARTESIAN_POINT('',(-0.144808979123628,-0.506862269390557,0.0738758106720393));
#1254=CARTESIAN_POINT('',(-0.138879137580253,-0.505806689323914,0.0901676341023136));
#1255=CARTESIAN_POINT('',(-0.130536641178392,-0.504622009346362,0.104804898825393));
#1256=CARTESIAN_POINT('',(-0.122198420205359,-0.503437936503016,0.119434662126771));
#1257=CARTESIAN_POINT('',(-0.111219958248306,-0.502166208135306,0.132821572017288));
#1258=CARTESIAN_POINT('',(-0.0984976910759839,-0.501107525517984,0.143866074761171));
#1259=CARTESIAN_POINT('',(-0.0857628184227883,-0.500047793936409,0.154921520622835));
#1260=CARTESIAN_POINT('',(-0.0709321083072581,-0.499067625500565,0.163926937547282));
#1261=CARTESIAN_POINT('',(-0.0552542488208058,-0.497932757686883,0.17012691276391));
#1262=CARTESIAN_POINT('',(-0.0395957715969736,-0.496799292890369,0.176319223059954));
#1263=CARTESIAN_POINT('',(-0.0226628084357631,-0.495486904538336,0.179887845481566));
#1264=CARTESIAN_POINT('',(-0.00583906918975768,-0.49432456134811,0.180542149926951));
#1265=CARTESIAN_POINT('',(0.0109936218114157,-0.493161599685883,0.181196802521645));
#1266=CARTESIAN_POINT('',(0.0281862357390243,-0.492200533019558,0.178947388960832));
#1267=CARTESIAN_POINT('',(0.0442910752642991,-0.491165270759281,0.173979198937682));
#1268=CARTESIAN_POINT('',(0.0603911095445022,-0.49013031739304,0.169012491286994));
#1269=CARTESIAN_POINT('',(0.0758445121858769,-0.488927425253398,0.161196197843176));
#1270=CARTESIAN_POINT('',(0.0893787321094758,-0.487720688116798,0.151180255864299));
#1271=CARTESIAN_POINT('',(0.102912866965999,-0.486513958564943,0.141164376838951));
#1272=CARTESIAN_POINT('',(0.114908707733279,-0.485406440572303,0.128665276518014));
#1273=CARTESIAN_POINT('',(0.124363790816534,-0.484384399432235,0.114718819226894));
#1274=CARTESIAN_POINT('',(0.133822752817912,-0.483361939003,0.100766640445498));
#1275=CARTESIAN_POINT('',(0.140995074032017,-0.48227004798301,0.0849874400244355));
#1276=CARTESIAN_POINT('',(0.145288083659781,-0.481061419922974,0.0686997156048209));
#1277=CARTESIAN_POINT('',(0.149578988731988,-0.479853384366827,0.0524199758914876));
#1278=CARTESIAN_POINT('',(0.151116173015514,-0.47857752891496,0.0351775109997839));
#1279=CARTESIAN_POINT('',(0.149768373730932,-0.477530980398142,0.0183849735301842));
#1280=CARTESIAN_POINT('',(0.148419258407935,-0.476483409994707,0.00157603923900781));
#1281=CARTESIAN_POINT('',(0.144138769684863,-0.475519658781121,-0.0152372901618976));
#1282=CARTESIAN_POINT('',(0.137289216607013,-0.474398445215108,-0.0306413250451054));
#1283=CARTESIAN_POINT('',(0.130446083505433,-0.473278282544592,-0.0460309219734148));
#1284=CARTESIAN_POINT('',(0.1208541136511,-0.471984561694349,-0.0604400948419136));
#1285=CARTESIAN_POINT('',(0.109298712406623,-0.470836180862834,-0.0726906806326077));
#1286=CARTESIAN_POINT('',(0.0977366344425829,-0.469687136496009,-0.0849483448210215));
#1287=CARTESIAN_POINT('',(0.0838839346015192,-0.468717651430428,-0.0953825658602925));
#1288=CARTESIAN_POINT('',(0.0689049016292477,-0.467657300351932,-0.103112799230983));
#1289=CARTESIAN_POINT('',(0.053937034587303,-0.466597739698712,-0.110837270197159));
#1290=CARTESIAN_POINT('',(0.0374376965975891,-0.465359227883485,-0.116075820742603));
#1291=CARTESIAN_POINT('',(0.0207665209760765,-0.46414002817217,-0.118402324499551));
#1292=CARTESIAN_POINT('',(0.00409355037424776,-0.46292069719,-0.120729078750438));
#1293=CARTESIAN_POINT('',(-0.0132221610211516,-0.46182972298064,-0.120206798335229));
#1294=CARTESIAN_POINT('',(-0.0297374128591635,-0.460822238738809,-0.116872141785139));
#1295=CARTESIAN_POINT('',(-0.046261432371371,-0.459814219640248,-0.113535714921011));
#1296=CARTESIAN_POINT('',(-0.0624324373837624,-0.45873521144024,-0.107293372499309));
#1297=CARTESIAN_POINT('',(-0.0769040139167221,-0.457542415216319,-0.0986712047103223));
#1298=CARTESIAN_POINT('',(-0.091369347258709,-0.456350133577288,-0.0900527566155914));
#1299=CARTESIAN_POINT('',(-0.104542901621925,-0.455098451544219,-0.0788174804658337));
#1300=CARTESIAN_POINT('',(-0.115340057805956,-0.454051344635764,-0.0658841886488582));
#1301=CARTESIAN_POINT('',(-0.126148071534209,-0.453003184763976,-0.0529378912047115));
#1302=CARTESIAN_POINT('',(-0.134865018055445,-0.452011434853569,-0.0379367578174041));
#1303=CARTESIAN_POINT('',(-0.140761031723602,-0.450861333143225,-0.0221433191082431));
#1304=CARTESIAN_POINT('',(-0.146650087013429,-0.449712588763997,-0.00636851955561186));
#1305=CARTESIAN_POINT('',(-0.149891777276414,-0.448394416839454,0.0106305451306787));
#1306=CARTESIAN_POINT('',(-0.150221237768655,-0.447250909709498,0.0274658869451157));
#1307=CARTESIAN_POINT('',(-0.150550896163615,-0.44610671568938,0.0443113415348457));
#1308=CARTESIAN_POINT('',(-0.147968871805592,-0.445156760904262,0.0614599366911511));
#1309=CARTESIAN_POINT('',(-0.142689540184169,-0.44411075744505,0.0774668642333767));
#1310=CARTESIAN_POINT('',(-0.137412644099388,-0.443065236543089,0.0934664072312445));
#1311=CARTESIAN_POINT('',(-0.12930025174549,-0.441841121983091,0.108763700753438));
#1312=CARTESIAN_POINT('',(-0.119024981930932,-0.440637859288837,0.122101433376088));
#1313=CARTESIAN_POINT('',(-0.108748823132418,-0.439434492492087,0.135440319937322));
#1314=CARTESIAN_POINT('',(-0.096017980659776,-0.4383564976688,0.147194075081365));
#1315=CARTESIAN_POINT('',(-0.08189056879244,-0.437332907947964,0.156377861011324));
#1316=CARTESIAN_POINT('',(-0.0815093842324911,-0.43730528954192,0.156625657099613));
#1317=CARTESIAN_POINT('',(-0.08112707180704,-0.437277655236833,0.156871725014375));
#1318=CARTESIAN_POINT('',(-0.0807436554201226,-0.437249999999998,0.157116049406497));
#1319=CARTESIAN_POINT('',(0.,-0.395793467018509,-0.112249882723379));
#1320=CARTESIAN_POINT('',(0.0186735659324598,-0.397095550351842,-0.112249882723379));
#1321=CARTESIAN_POINT('',(0.0558344473873696,-0.399699717018509,-0.104017968878179));
#1322=CARTESIAN_POINT('',(0.103744527543278,-0.403605967018509,-0.0732889819383531));
#1323=CARTESIAN_POINT('',(0.134423621673363,-0.407512217018509,-0.0252292233532202));
#1324=CARTESIAN_POINT('',(0.146771492441163,-0.411418467018509,0.0304056527951833));
#1325=CARTESIAN_POINT('',(0.134423621673363,-0.415324717018509,0.0860405289435868));
#1326=CARTESIAN_POINT('',(0.103694634733536,-0.419230967018509,0.13410028752872));
#1327=CARTESIAN_POINT('',(0.0556348761484034,-0.423137217018509,0.164829274468546));
#1328=CARTESIAN_POINT('',(0.,-0.427043467018509,0.177177145236346));
#1329=CARTESIAN_POINT('',(-0.0556348761484035,-0.430949717018509,0.164829274468546));
#1330=CARTESIAN_POINT('',(-0.103694634733536,-0.434855967018509,0.13410028752872));
#1331=CARTESIAN_POINT('',(-0.134423621673363,-0.438762217018509,0.0860405289435866));
#1332=CARTESIAN_POINT('',(-0.146771492441163,-0.442668467018509,0.0304056527951833));
#1333=CARTESIAN_POINT('',(-0.134423621673363,-0.446574717018509,-0.02522922335322));
#1334=CARTESIAN_POINT('',(-0.103694634733537,-0.450480967018509,-0.0732889819383531));
#1335=CARTESIAN_POINT('',(-0.0556348761484034,-0.454387217018509,-0.10401796887818));
#1336=CARTESIAN_POINT('',(-1.2490009027033E-16,-0.458293467018509,-0.116365839645979));
#1337=CARTESIAN_POINT('',(0.0556348761484032,-0.462199717018509,-0.104017968878179));
#1338=CARTESIAN_POINT('',(0.103694634733536,-0.466105967018509,-0.0732889819383532));
#1339=CARTESIAN_POINT('',(0.134423621673363,-0.470012217018509,-0.0252292233532199));
#1340=CARTESIAN_POINT('',(0.146771492441163,-0.473918467018509,0.0304056527951833));
#1341=CARTESIAN_POINT('',(0.134423621673363,-0.477824717018509,0.0860405289435863));
#1342=CARTESIAN_POINT('',(0.103694634733536,-0.481730967018509,0.13410028752872));
#1343=CARTESIAN_POINT('',(0.0556348761484036,-0.485637217018509,0.164829274468546));
#1344=CARTESIAN_POINT('',(8.32667268468867E-17,-0.489543467018509,0.177177145236346));
#1345=CARTESIAN_POINT('',(-0.0556348761484035,-0.493449717018509,0.164829274468546));
#1346=CARTESIAN_POINT('',(-0.103694634733536,-0.497355967018509,0.13410028752872));
#1347=CARTESIAN_POINT('',(-0.134423621673363,-0.501262217018509,0.0860405289435861));
#1348=CARTESIAN_POINT('',(-0.146771492441162,-0.505168467018509,0.0304056527951829));
#1349=CARTESIAN_POINT('',(-0.134423621673363,-0.509074717018509,-0.0252292233532199));
#1350=CARTESIAN_POINT('',(-0.103694634733537,-0.512980967018509,-0.0732889819383531));
#1351=CARTESIAN_POINT('',(-0.0556348761484039,-0.516887217018509,-0.104017968878179));
#1352=CARTESIAN_POINT('',(-1.11022302462516E-16,-0.520793467018509,-0.116365839645979));
#1353=CARTESIAN_POINT('',(0.0556348761484035,-0.524699717018509,-0.104017968878179));
#1354=CARTESIAN_POINT('',(0.103694634733537,-0.528605967018509,-0.0732889819383531));
#1355=CARTESIAN_POINT('',(0.134423621673363,-0.532512217018509,-0.0252292233532197));
#1356=CARTESIAN_POINT('',(0.146771492441162,-0.536418467018509,0.0304056527951832));
#1357=CARTESIAN_POINT('',(0.134423621673363,-0.540324717018509,0.0860405289435861));
#1358=CARTESIAN_POINT('',(0.103694634733537,-0.544230967018509,0.13410028752872));
#1359=CARTESIAN_POINT('',(0.0556348761484037,-0.548137217018509,0.164829274468546));
#1360=CARTESIAN_POINT('',(1.11022302462516E-16,-0.552043467018509,0.177177145236346));
#1361=CARTESIAN_POINT('',(-0.0556348761484044,-0.555949717018509,0.164829274468545));
#1362=CARTESIAN_POINT('',(-0.103694634733536,-0.559855967018509,0.13410028752872));
#1363=CARTESIAN_POINT('',(-0.134423621673363,-0.563762217018509,0.086040528943587));
#1364=CARTESIAN_POINT('',(-0.146771492441162,-0.567668467018509,0.0304056527951835));
#1365=CARTESIAN_POINT('',(-0.134423621673363,-0.571574717018509,-0.025229223353219));
#1366=CARTESIAN_POINT('',(-0.103694634733536,-0.575480967018509,-0.0732889819383533));
#1367=CARTESIAN_POINT('',(-0.0556348761484044,-0.579387217018509,-0.104017968878179));
#1368=CARTESIAN_POINT('',(-1.2490009027033E-16,-0.583293467018509,-0.116365839645979));
#1369=CARTESIAN_POINT('',(0.0556348761484043,-0.587199717018509,-0.104017968878179));
#1370=CARTESIAN_POINT('',(0.103694634733536,-0.591105967018509,-0.0732889819383534));
#1371=CARTESIAN_POINT('',(0.134423621673363,-0.595012217018509,-0.0252292233532192));
#1372=CARTESIAN_POINT('',(0.144252828294008,-0.598121687394731,0.0190574964594562));
#1373=CARTESIAN_POINT('',(0.142035668921689,-0.59992907443762,0.0447992575559977));
#1374=CARTESIAN_POINT('',(0.140857444556923,-0.600434378147176,0.0519222730394964));
#1375=CARTESIAN_POINT('',(0.,-0.42399383173529,-0.161094347204817));
#1376=CARTESIAN_POINT('',(0.0250672913817686,-0.425295915068623,-0.161094347204817));
#1377=CARTESIAN_POINT('',(0.0751020885258226,-0.42790008173529,-0.150720498657986));
#1378=CARTESIAN_POINT('',(0.139059362901088,-0.43180633173529,-0.108628763701034));
#1379=CARTESIAN_POINT('',(0.18112615145317,-0.43571258173529,-0.0445966501111563));
#1380=CARTESIAN_POINT('',(0.196686924273415,-0.43961883173529,0.0304056527951833));
#1381=CARTESIAN_POINT('',(0.18112615145317,-0.44352508173529,0.105407955701523));
#1382=CARTESIAN_POINT('',(0.139034416496217,-0.44743133173529,0.1694400692914));
#1383=CARTESIAN_POINT('',(0.0750023029063396,-0.45133758173529,0.211531804248353));
#1384=CARTESIAN_POINT('',(0.,-0.45524383173529,0.227092577068598));
#1385=CARTESIAN_POINT('',(-0.0750023029063395,-0.45915008173529,0.211531804248353));
#1386=CARTESIAN_POINT('',(-0.139034416496217,-0.46305633173529,0.1694400692914));
#1387=CARTESIAN_POINT('',(-0.18112615145317,-0.46696258173529,0.105407955701523));
#1388=CARTESIAN_POINT('',(-0.196686924273415,-0.47086883173529,0.0304056527951833));
#1389=CARTESIAN_POINT('',(-0.18112615145317,-0.47477508173529,-0.0445966501111563));
#1390=CARTESIAN_POINT('',(-0.139034416496217,-0.47868133173529,-0.108628763701034));
#1391=CARTESIAN_POINT('',(-0.0750023029063396,-0.48258758173529,-0.150720498657986));
#1392=CARTESIAN_POINT('',(-1.2490009027033E-16,-0.48649383173529,-0.166281271478232));
#1393=CARTESIAN_POINT('',(0.0750023029063395,-0.49040008173529,-0.150720498657987));
#1394=CARTESIAN_POINT('',(0.139034416496217,-0.49430633173529,-0.108628763701034));
#1395=CARTESIAN_POINT('',(0.18112615145317,-0.49821258173529,-0.0445966501111563));
#1396=CARTESIAN_POINT('',(0.196686924273415,-0.50211883173529,0.0304056527951833));
#1397=CARTESIAN_POINT('',(0.18112615145317,-0.50602508173529,0.105407955701523));
#1398=CARTESIAN_POINT('',(0.139034416496217,-0.50993133173529,0.1694400692914));
#1399=CARTESIAN_POINT('',(0.0750023029063397,-0.51383758173529,0.211531804248353));
#1400=CARTESIAN_POINT('',(8.32667268468867E-17,-0.51774383173529,0.227092577068598));
#1401=CARTESIAN_POINT('',(-0.0750023029063396,-0.52165008173529,0.211531804248353));
#1402=CARTESIAN_POINT('',(-0.139034416496217,-0.52555633173529,0.1694400692914));
#1403=CARTESIAN_POINT('',(-0.18112615145317,-0.52946258173529,0.105407955701523));
#1404=CARTESIAN_POINT('',(-0.196686924273415,-0.53336883173529,0.0304056527951832));
#1405=CARTESIAN_POINT('',(-0.18112615145317,-0.53727508173529,-0.0445966501111562));
#1406=CARTESIAN_POINT('',(-0.139034416496217,-0.54118133173529,-0.108628763701033));
#1407=CARTESIAN_POINT('',(-0.0750023029063399,-0.54508758173529,-0.150720498657986));
#1408=CARTESIAN_POINT('',(-1.11022302462516E-16,-0.54899383173529,-0.166281271478232));
#1409=CARTESIAN_POINT('',(0.0750023029063396,-0.55290008173529,-0.150720498657986));
#1410=CARTESIAN_POINT('',(0.139034416496217,-0.55680633173529,-0.108628763701033));
#1411=CARTESIAN_POINT('',(0.18112615145317,-0.56071258173529,-0.0445966501111562));
#1412=CARTESIAN_POINT('',(0.196686924273415,-0.56461883173529,0.0304056527951832));
#1413=CARTESIAN_POINT('',(0.18112615145317,-0.56852508173529,0.105407955701523));
#1414=CARTESIAN_POINT('',(0.139034416496217,-0.57243133173529,0.1694400692914));
#1415=CARTESIAN_POINT('',(0.0750023029063398,-0.57633758173529,0.211531804248353));
#1416=CARTESIAN_POINT('',(1.11022302462516E-16,-0.58024383173529,0.227092577068598));
#1417=CARTESIAN_POINT('',(-0.0750023029063396,-0.58415008173529,0.211531804248353));
#1418=CARTESIAN_POINT('',(-0.139034416496217,-0.58805633173529,0.1694400692914));
#1419=CARTESIAN_POINT('',(-0.18112615145317,-0.59196258173529,0.105407955701523));
#1420=CARTESIAN_POINT('',(-0.196686924273415,-0.59586883173529,0.0304056527951838));
#1421=CARTESIAN_POINT('',(-0.18112615145317,-0.59977508173529,-0.0445966501111558));
#1422=CARTESIAN_POINT('',(-0.139034416496217,-0.60368133173529,-0.108628763701033));
#1423=CARTESIAN_POINT('',(-0.0750023029063398,-0.60758758173529,-0.150720498657986));
#1424=CARTESIAN_POINT('',(-1.2490009027033E-16,-0.61149383173529,-0.166281271478232));
#1425=CARTESIAN_POINT('',(0.0750023029063395,-0.61540008173529,-0.150720498657987));
#1426=CARTESIAN_POINT('',(0.139034416496217,-0.61930633173529,-0.108628763701034));
#1427=CARTESIAN_POINT('',(0.18112615145317,-0.62321258173529,-0.0445966501111561));
#1428=CARTESIAN_POINT('',(0.193512906554784,-0.626322052111512,0.01510701428199));
#1429=CARTESIAN_POINT('',(0.190718844813475,-0.628129439154401,0.0498099110396895));
#1430=CARTESIAN_POINT('',(0.18920124990641,-0.628634742863957,0.0594051829123488));
#1431=CARTESIAN_POINT('',(0.,-0.437249999999998,0.0304056527951833));
#1432=CARTESIAN_POINT('',(0.,-0.393749999999999,0.0304056527951833));
#1433=CARTESIAN_POINT('',(0.,-0.319999999999999,0.0304056527951833));
#1434=CARTESIAN_POINT('',(0.,3.7372530667103E-15,-9.03859434720482));
#1435=CARTESIAN_POINT('',(0.,-0.0975000000000125,-9.03859434720482));
#1436=CARTESIAN_POINT('',(0.,3.77212025364702E-15,-8.96959434720481));
#1437=CARTESIAN_POINT('',(0.,3.7372530667103E-15,-9.03859434720482));
#1438=CARTESIAN_POINT('',(0.,3.62342938761618E-15,-9.26384434720481));
#1439=CARTESIAN_POINT('',(-0.142122457976903,-0.0487469941494158,-9.26384434720481));
#1440=CARTESIAN_POINT('',(-0.0807436554201944,0.126710396611272,-9.26384434720481));
#1441=CARTESIAN_POINT('',(-0.142122457976903,-0.0487469941494158,-9.26384434720481));
#1442=CARTESIAN_POINT('',(-0.136933468489009,-0.0638755565008747,-9.26284489987889));
#1443=CARTESIAN_POINT('',(-0.129206788393856,-0.0783336374408196,-9.26168394971538));
#1444=CARTESIAN_POINT('',(-0.119520748580069,-0.0910486307357733,-9.26054049708419));
#1445=CARTESIAN_POINT('',(-0.109317317972163,-0.104442809807843,-9.2593359656348));
#1446=CARTESIAN_POINT('',(-0.0966510953383825,-0.116264985070363,-9.25824980084544));
#1447=CARTESIAN_POINT('',(-0.082573981985548,-0.12552529625159,-9.25722684352674));
#1448=CARTESIAN_POINT('',(-0.0684928819252423,-0.134788229998314,-9.25620359650151));
#1449=CARTESIAN_POINT('',(-0.0526181621455395,-0.141739355982537,-9.25509444074419));
#1450=CARTESIAN_POINT('',(-0.036274347910008,-0.145805466919806,-9.25388083740725));
#1451=CARTESIAN_POINT('',(-0.0199372347379375,-0.149869910726805,-9.25266773165507));
#1452=CARTESIAN_POINT('',(-0.00267408897392653,-0.15116787957453,-9.25140889078758));
#1453=CARTESIAN_POINT('',(0.0140984232290217,-0.149587088221057,-9.25037133167023));
#1454=CARTESIAN_POINT('',(0.0308875674059112,-0.148004729321811,-9.24933274368756));
#1455=CARTESIAN_POINT('',(0.0476393383276477,-0.143491228251376,-9.24836037280024));
#1456=CARTESIAN_POINT('',(0.0629461951012045,-0.136428878989311,-9.2472284516499));
#1457=CARTESIAN_POINT('',(0.0782390861634233,-0.129372973292547,-9.24609756324484));
#1458=CARTESIAN_POINT('',(0.0925140118093277,-0.119582055008538,-9.2447996052413));
#1459=CARTESIAN_POINT('',(0.104603909930413,-0.107856777845758,-9.2436640570455));
#1460=CARTESIAN_POINT('',(0.116701535845498,-0.0961240059526181,-9.24252778301376));
#1461=CARTESIAN_POINT('',(0.126943094498667,-0.08212595471411,-9.24156342720404));
#1462=CARTESIAN_POINT('',(0.134464518722503,-0.0670399560316471,-9.24049458243008));
#1463=CARTESIAN_POINT('',(0.141979435603089,-0.0519670093681592,-9.23942666239321));
#1464=CARTESIAN_POINT('',(0.146987646223463,-0.0353981050262333,-9.23817354821167));
#1465=CARTESIAN_POINT('',(0.149082206049757,-0.0186964793300154,-9.23695836580349));
#1466=CARTESIAN_POINT('',(0.151177124580058,-0.00199199339557473,-9.23574297528915));
#1467=CARTESIAN_POINT('',(0.150413917060424,0.0153168237456276,-9.23467479032326));
#1468=CARTESIAN_POINT('',(0.146849607891223,0.031784511356857,-9.23366648829996));
#1469=CARTESIAN_POINT('',(0.143283772362841,0.0482592509955601,-9.23265775448722));
#1470=CARTESIAN_POINT('',(0.136818103482389,0.0643396027015588,-9.23156137419705));
#1471=CARTESIAN_POINT('',(0.127996662177358,0.0786887347175934,-9.23036372785034));
#1472=CARTESIAN_POINT('',(0.119178524813391,0.0930324924773304,-9.22916653006444));
#1473=CARTESIAN_POINT('',(0.107760873977742,0.106049567806466,-9.2279316006926));
#1474=CARTESIAN_POINT('',(0.0946787514041372,0.116666175614676,-9.22689144522624));
#1475=CARTESIAN_POINT('',(0.081583795304174,0.127293198286023,-9.22585026937023));
#1476=CARTESIAN_POINT('',(0.0664642101527998,0.135800295837935,-9.22484824259363));
#1477=CARTESIAN_POINT('',(0.0505918250670052,0.141476251492576,-9.22368787524868));
#1478=CARTESIAN_POINT('',(0.0347369160342577,0.147145957720834,-9.22252878550889));
#1479=CARTESIAN_POINT('',(0.017694005876579,0.150151852190021,-9.22120786879261));
#1480=CARTESIAN_POINT('',(0.000854026731278694,0.15024757282014,-9.22007953456769));
#1481=CARTESIAN_POINT('',(-0.0159968567896536,0.150343355432148,-9.21895046971357));
#1482=CARTESIAN_POINT('',(-0.0331096046281711,0.147522677932395,-9.21800447686757));
#1483=CARTESIAN_POINT('',(-0.0490423778861858,0.142020800136,-9.21694981378781));
#1484=CARTESIAN_POINT('',(-0.064966046708004,0.136522066267818,-9.2158957533723));
#1485=CARTESIAN_POINT('',(-0.0801477773809112,0.128198549451199,-9.21465757345493));
#1486=CARTESIAN_POINT('',(-0.0933412973066368,0.117738968558056,-9.21345817953762));
#1487=CARTESIAN_POINT('',(-0.106536866843856,0.10727776277047,-9.21225859929464));
#1488=CARTESIAN_POINT('',(-0.118113753530007,0.0943829970634114,-9.21120092847945));
#1489=CARTESIAN_POINT('',(-0.12710026289498,0.0801285571567813,-9.21017503029606));
#1490=CARTESIAN_POINT('',(-0.136087652872507,0.0658727204187198,-9.20914903158211));
#1491=CARTESIAN_POINT('',(-0.142729073379818,0.0498702601253284,-9.20801537104337));
#1492=CARTESIAN_POINT('',(-0.146478421926481,0.0334534663365117,-9.20679635494727));
#1493=CARTESIAN_POINT('',(-0.150226625090709,0.0170416876875282,-9.20557771124642));
#1494=CARTESIAN_POINT('',(-0.151191363196645,-0.000244894798137518,-9.20434563550632));
#1495=CARTESIAN_POINT('',(-0.149286987818815,-0.0169840445119794,-9.2033185916265));
#1496=CARTESIAN_POINT('',(-0.147380767233754,-0.033739413297143,-9.20229055261263));
#1497=CARTESIAN_POINT('',(-0.142545054837437,-0.0503993024566638,-9.20130354278691));
#1498=CARTESIAN_POINT('',(-0.135189552907182,-0.065565595282554,-9.20015764683476));
#1499=CARTESIAN_POINT('',(-0.127840176809474,-0.080719257268144,-9.19901270521132));
#1500=CARTESIAN_POINT('',(-0.117775750476736,-0.0948032075998218,-9.19771086121298));
#1501=CARTESIAN_POINT('',(-0.105817959995542,-0.10666593571699,-9.19659523567268));
#1502=CARTESIAN_POINT('',(-0.0938515511420643,-0.118537213691875,-9.19547880606441));
#1503=CARTESIAN_POINT('',(-0.0796562264505814,-0.128507378552246,-9.19451602739359));
#1504=CARTESIAN_POINT('',(-0.064426519124026,-0.135736090018685,-9.19343420395225));
#1505=CARTESIAN_POINT('',(-0.0492122263254781,-0.14295748504936,-9.19235347546286));
#1506=CARTESIAN_POINT('',(-0.0325515581851116,-0.147644138275392,-9.19108196494444));
#1507=CARTESIAN_POINT('',(-0.0158125356603225,-0.149415615703279,-9.18987439786395));
#1508=CARTESIAN_POINT('',(0.000930810526149161,-0.151187550700839,-9.1886665188709));
#1509=CARTESIAN_POINT('',(0.0182245981373503,-0.150089448123172,-9.18762838688292));
#1510=CARTESIAN_POINT('',(0.0346209858191481,-0.146206873439347,-9.18661722337973));
#1511=CARTESIAN_POINT('',(0.0510218916306466,-0.142323228887187,-9.18560578124396));
#1512=CARTESIAN_POINT('',(0.0669710999731408,-0.135549189038485,-9.18448487085899));
#1513=CARTESIAN_POINT('',(0.0811455489396109,-0.12645340006219,-9.18328194067197));
#1514=CARTESIAN_POINT('',(0.0953158036163414,-0.117360302574959,-9.18207936643796));
#1515=CARTESIAN_POINT('',(0.108111206944316,-0.105692432710671,-9.18087034363645));
#1516=CARTESIAN_POINT('',(0.118473255720373,-0.092407522307518,-9.17983795560531));
#1517=CARTESIAN_POINT('',(0.128844615348699,-0.0791106747053765,-9.17880463991859));
#1518=CARTESIAN_POINT('',(0.137056859040993,-0.0638321358860393,-9.17778594971778));
#1519=CARTESIAN_POINT('',(0.1424250270766,-0.0478557641484228,-9.17661235862798));
#1520=CARTESIAN_POINT('',(0.147788077436513,-0.0318946232844962,-9.17543988636654));
#1521=CARTESIAN_POINT('',(0.150465315886171,-0.0147960328106888,-9.17411841464995));
#1522=CARTESIAN_POINT('',(0.150236083098197,0.0020449536209044,-9.17301222913895));
#1523=CARTESIAN_POINT('',(0.150006686175016,0.0188979985316766,-9.17190525157725));
#1524=CARTESIAN_POINT('',(0.146855224098354,0.0359550880989654,-9.17095980611197));
#1525=CARTESIAN_POINT('',(0.141045874905695,0.0517795680948336,-9.16989189232656));
#1526=CARTESIAN_POINT('',(0.135240644834247,0.0675928277372581,-9.16882473574581));
#1527=CARTESIAN_POINT('',(0.126626291706988,0.0826094574687944,-9.16756903013686));
#1528=CARTESIAN_POINT('',(0.11591365467018,0.0955985730071475,-9.16637697933344));
#1529=CARTESIAN_POINT('',(0.105198309731292,0.108590971887676,-9.16518462720768));
#1530=CARTESIAN_POINT('',(0.0920796392092697,0.119918234382817,-9.1641532584029));
#1531=CARTESIAN_POINT('',(0.07765303970432,0.128627632819236,-9.16312255232386));
#1532=CARTESIAN_POINT('',(0.0632277944197256,0.137336213707166,-9.16209194299687));
#1533=CARTESIAN_POINT('',(0.0471035002714849,0.143665644138451,-9.16093360294677));
#1534=CARTESIAN_POINT('',(0.0306195432746461,0.147096927465033,-9.1597110258955));
#1535=CARTESIAN_POINT('',(0.0141390030311287,0.1505274995638,-9.15848870225694));
#1536=CARTESIAN_POINT('',(-0.00316482781600343,0.15115845817327,-9.1572862288528));
#1537=CARTESIAN_POINT('',(-0.0198642885230515,0.148931099980743,-9.15626740880178));
#1538=CARTESIAN_POINT('',(-0.0365789127230301,0.146701719295945,-9.15524766363882));
#1539=CARTESIAN_POINT('',(-0.0531399739341511,0.141545934977993,-9.15424330824124));
#1540=CARTESIAN_POINT('',(-0.0681596920923204,0.133900406548603,-9.15308458391415));
#1541=CARTESIAN_POINT('',(-0.0831683838869547,0.126260490899358,-9.15192671023655));
#1542=CARTESIAN_POINT('',(-0.0970563087203079,0.115926283288239,-9.15062635500463));
#1543=CARTESIAN_POINT('',(-0.108687287249882,0.103740715682236,-9.14952995520014));
#1544=CARTESIAN_POINT('',(-0.120327651056274,0.0915453152900327,-9.14843267068801));
#1545=CARTESIAN_POINT('',(-0.130022573543522,0.0771584176633378,-9.14746769392123));
#1546=CARTESIAN_POINT('',(-0.136955949436017,0.0617910221155109,-9.14637163444206));
#1547=CARTESIAN_POINT('',(-0.143881496162445,0.0464409794263262,-9.14527681263295));
#1548=CARTESIAN_POINT('',(-0.14824527677375,0.029694309021809,-9.14398954988005));
#1549=CARTESIAN_POINT('',(-0.149693159261345,0.0129236438498434,-9.14279202376119));
#1550=CARTESIAN_POINT('',(-0.151141538151416,-0.00385277109792187,-9.14159408707383));
#1551=CARTESIAN_POINT('',(-0.149708848759931,-0.0211251482654968,-9.14058327548865));
#1552=CARTESIAN_POINT('',(-0.145509414132008,-0.0374442638992887,-9.13956731980436));
#1553=CARTESIAN_POINT('',(-0.141309501702627,-0.0537652362823653,-9.1385512485271));
#1554=CARTESIAN_POINT('',(-0.134229740478595,-0.0695775080887405,-9.13740577970513));
#1555=CARTESIAN_POINT('',(-0.124862896059381,-0.0835722423276026,-9.13619936186956));
#1556=CARTESIAN_POINT('',(-0.115498075032268,-0.097563953474222,-9.13499320464005));
#1557=CARTESIAN_POINT('',(-0.103584012815086,-0.110133024733703,-9.13381237225811));
#1558=CARTESIAN_POINT('',(-0.0901011955832492,-0.1202365878361,-9.13278557087937));
#1559=CARTESIAN_POINT('',(-0.0766078147351237,-0.130348066952036,-9.13175796501478));
#1560=CARTESIAN_POINT('',(-0.0611766116044458,-0.13826224553149,-9.13072021368893));
#1561=CARTESIAN_POINT('',(-0.0451025373009899,-0.143320702025254,-9.12953469117745));
#1562=CARTESIAN_POINT('',(-0.0290414046569683,-0.148375085822827,-9.1283501231613));
#1563=CARTESIAN_POINT('',(-0.0118933906233973,-0.150722726116957,-9.12703476830361));
#1564=CARTESIAN_POINT('',(0.00494179496163409,-0.150168708999432,-9.12594868814176));
#1565=CARTESIAN_POINT('',(0.0217904129095064,-0.149614249845857,-9.12486174142441));
#1566=CARTESIAN_POINT('',(0.0387852043474963,-0.146133375676998,-9.12391419646414));
#1567=CARTESIAN_POINT('',(0.0544953154943742,-0.140019009742133,-9.12283172621511));
#1568=CARTESIAN_POINT('',(0.0701925149667124,-0.133909669023337,-9.12175014561629));
#1569=CARTESIAN_POINT('',(0.0850390091635881,-0.125007709262478,-9.12047969465042));
#1570=CARTESIAN_POINT('',(0.0978192754564478,-0.11404583223062,-9.11929733374676));
#1571=CARTESIAN_POINT('',(0.110604020483028,-0.103080113703822,-9.11811455849496));
#1572=CARTESIAN_POINT('',(0.121677407075836,-0.0897423577415515,-9.11710642816302));
#1573=CARTESIAN_POINT('',(0.130106527058831,-0.0751488796768725,-9.11606913370729));
#1574=CARTESIAN_POINT('',(0.138533214445543,-0.0605596132073043,-9.11503213860886));
#1575=CARTESIAN_POINT('',(0.144548563042221,-0.0443193854240102,-9.11384939363034));
#1576=CARTESIAN_POINT('',(0.1476606365924,-0.0277740688615643,-9.11262521499374));
#1577=CARTESIAN_POINT('',(0.150770246815456,-0.0112418485599868,-9.11140200534209));
#1578=CARTESIAN_POINT('',(0.15106881668833,0.00606058972415445,-9.11023172606192));
#1579=CARTESIAN_POINT('',(0.148524804191308,0.0227034147196809,-9.10921949966709));
#1580=CARTESIAN_POINT('',(0.148524804191308,0.0227034147196809,-9.10921949966709));
#1581=CARTESIAN_POINT('',(0.148524804191308,0.0227034147196808,-9.30734434720481));
#1582=CARTESIAN_POINT('',(0.148524804191308,0.0227034147196809,-9.09618737248521));
#1583=CARTESIAN_POINT('',(0.148524804191308,0.0227034147196809,-9.09618737248521));
#1584=CARTESIAN_POINT('',(0.150732782548028,0.00825891123244367,-9.09724804722105));
#1585=CARTESIAN_POINT('',(0.150812538284202,-0.0066713624433914,-9.09824283432889));
#1586=CARTESIAN_POINT('',(0.148753969567716,-0.0211499181522519,-9.09912465048702));
#1587=CARTESIAN_POINT('',(0.146380373035163,-0.0378441627269896,-9.10014141313308));
#1588=CARTESIAN_POINT('',(0.141082186475695,-0.0543588969768965,-9.10115428875483));
#1589=CARTESIAN_POINT('',(0.133307975551442,-0.0693112267556684,-9.10231835378351));
#1590=CARTESIAN_POINT('',(0.125539132066908,-0.0842532332065134,-9.10348161512306));
#1591=CARTESIAN_POINT('',(0.115085524926394,-0.0980518803880721,-9.10477923685387));
#1592=CARTESIAN_POINT('',(0.102799710006692,-0.109577744649811,-9.10586775308579));
#1593=CARTESIAN_POINT('',(0.0905034972768172,-0.121113363555377,-9.10695719055779));
#1594=CARTESIAN_POINT('',(0.076032819790344,-0.130684011525635,-9.10792388267691));
#1595=CARTESIAN_POINT('',(0.0606058572976392,-0.137484517532765,-9.109026684261));
#1596=CARTESIAN_POINT('',(0.0451969403252655,-0.144277068722511,-9.11012819585501));
#1597=CARTESIAN_POINT('',(0.0284136739177363,-0.148496097631836,-9.11142152286692));
#1598=CARTESIAN_POINT('',(0.0116307241706823,-0.149799161397067,-9.11261375788158));
#1599=CARTESIAN_POINT('',(-0.00515859512175038,-0.151102719707291,-9.11380644537898));
#1600=CARTESIAN_POINT('',(-0.0224193185624313,-0.149520573555474,-9.11480616407854));
#1601=CARTESIAN_POINT('',(-0.0387019577963153,-0.145179960610034,-9.11582486367849));
#1602=CARTESIAN_POINT('',(-0.0549852374699971,-0.140839176936665,-9.11684360334661));
#1603=CARTESIAN_POINT('',(-0.0707344419491524,-0.133623609117072,-9.117999943423));
#1604=CARTESIAN_POINT('',(-0.0846472228671607,-0.124136659214256,-9.11920731205382));
#1605=CARTESIAN_POINT('',(-0.098557507305163,-0.114651411629682,-9.12041446403697));
#1606=CARTESIAN_POINT('',(-0.111023895264339,-0.102628600836871,-9.12158217623934));
#1607=CARTESIAN_POINT('',(-0.121010651494092,-0.0890588834702902,-9.1226071744812));
#1608=CARTESIAN_POINT('',(-0.131004636509265,-0.075479343837822,-9.1236329146549));
#1609=CARTESIAN_POINT('',(-0.138784566941211,-0.0599818737033605,-9.12467985370536));
#1610=CARTESIAN_POINT('',(-0.143703959789681,-0.0438660967122137,-9.12587026623522));
#1611=CARTESIAN_POINT('',(-0.148619703335715,-0.0277622747216229,-9.12705979569363));
#1612=CARTESIAN_POINT('',(-0.150819681566757,-0.0105941981688877,-9.12837037349357));
#1613=CARTESIAN_POINT('',(-0.150120526237191,0.00623619293069306,-9.1294482022869));
#1614=CARTESIAN_POINT('',(-0.149420786058951,0.0230806627785904,-9.1305269326921));
#1615=CARTESIAN_POINT('',(-0.145793103583095,0.0400454264245987,-9.13147617379184));
#1616=CARTESIAN_POINT('',(-0.139543194699798,0.0557024174787299,-9.13256554523547));
#1617=CARTESIAN_POINT('',(-0.133298674913441,0.0713459080092297,-9.13365397734888));
#1618=CARTESIAN_POINT('',(-0.124269176339608,0.0861147251973067,-9.13493000020421));
#1619=CARTESIAN_POINT('',(-0.113197109789914,0.0988001864128348,-9.13610725288483));
#1620=CARTESIAN_POINT('',(-0.102120684978257,0.111490640965682,-9.13728496896364));
#1621=CARTESIAN_POINT('',(-0.0886865691873222,0.122449146732899,-9.1382839259777));
#1622=CARTESIAN_POINT('',(-0.0740202088143643,0.130751945251606,-9.13932471831854));
#1623=CARTESIAN_POINT('',(-0.0593593495221491,0.139051629544023,-9.1403651202774));
#1624=CARTESIAN_POINT('',(-0.0430691792866157,0.144925903611472,-9.14155857078044));
#1625=CARTESIAN_POINT('',(-0.0264982930120339,0.147894905143651,-9.14278280472571));
#1626=CARTESIAN_POINT('',(-0.00992860434668379,0.150863692100485,-9.14400695019327));
#1627=CARTESIAN_POINT('',(0.00738921862161006,0.15101094935224,-9.14516334889243));
#1628=CARTESIAN_POINT('',(0.0240202257010974,0.148317535231912,-9.14617425664585));
#1629=CARTESIAN_POINT('',(0.0406641473267575,0.145622029583341,-9.14718594940374));
#1630=CARTESIAN_POINT('',(0.0570705931444542,0.140006923100193,-9.14821934170853));
#1631=CARTESIAN_POINT('',(0.0718681456589941,0.131947080829924,-9.14939440859036));
#1632=CARTESIAN_POINT('',(0.0866568561336571,0.123892054588974,-9.15056877332985));
#1633=CARTESIAN_POINT('',(0.100252159478404,0.113174137189549,-9.15185606615334));
#1634=CARTESIAN_POINT('',(0.111539606301543,0.1006676647494,-9.15292855349861));
#1635=CARTESIAN_POINT('',(0.122837548341727,0.0881495636260966,-9.15400203805677));
#1636=CARTESIAN_POINT('',(0.132127509990829,0.0734957884788209,-9.15497413532473));
#1637=CARTESIAN_POINT('',(0.138629006445558,0.057940150775762,-9.15609279464443));
#1638=CARTESIAN_POINT('',(0.145122510557944,0.0424036357443424,-9.15721007878714));
#1639=CARTESIAN_POINT('',(0.149016924477649,0.0255426487286089,-9.15851450423665));
#1640=CARTESIAN_POINT('',(0.14999579266748,0.0087363998337094,-9.15969307709579));
#1641=CARTESIAN_POINT('',(0.15097510952455,-0.00807755225695718,-9.16087219015742));
#1642=CARTESIAN_POINT('',(0.14905904174449,-0.0253075085755698,-9.16185013090601));
#1643=CARTESIAN_POINT('',(0.144403809680387,-0.0415042437563936,-9.16287625854791));
#1644=CARTESIAN_POINT('',(0.139749181241586,-0.05769887877142,-9.16390225313596));
#1645=CARTESIAN_POINT('',(0.132231857178709,-0.0733029565361926,-9.16508240200871));
#1646=CARTESIAN_POINT('',(0.122478713489547,-0.087028887399213,-9.16629047658838));
#1647=CARTESIAN_POINT('',(0.112726495967993,-0.100753514835055,-9.16749843644817));
#1648=CARTESIAN_POINT('',(0.100463445734603,-0.112986916933728,-9.16863615121749));
#1649=CARTESIAN_POINT('',(0.0867029057113364,-0.122709692531642,-9.16965864073035));
#1650=CARTESIAN_POINT('',(0.0729344467821773,-0.132438063385619,-9.17068171866476));
#1651=CARTESIAN_POINT('',(0.0572931318428282,-0.139915607375929,-9.17175044844945));
#1652=CARTESIAN_POINT('',(0.041088423856066,-0.144522676161989,-9.17295074236371));
#1653=CARTESIAN_POINT('',(0.0248936034033061,-0.149126933879235,-9.17415030390149));
#1654=CARTESIAN_POINT('',(0.00768521591398239,-0.15099597513796,-9.17544606328981));
#1655=CARTESIAN_POINT('',(-0.00912956319255018,-0.149972376042764,-9.17650709816092));
#1656=CARTESIAN_POINT('',(-0.0259598077743993,-0.148947835487293,-9.17756910892403));
#1657=CARTESIAN_POINT('',(-0.0428524450062685,-0.144992906677996,-9.17852387196409));
#1658=CARTESIAN_POINT('',(-0.0583861219239602,-0.138441768504594,-9.17962938222881));
#1659=CARTESIAN_POINT('',(-0.0739054295973757,-0.131896690384147,-9.18073386985433));
#1660=CARTESIAN_POINT('',(-0.0884969292245175,-0.122584288702705,-9.1820199095964));
#1661=CARTESIAN_POINT('',(-0.100967153787302,-0.111268577577367,-9.18318396812646));
#1662=CARTESIAN_POINT('',(-0.113443463080604,-0.0999473450556441,-9.18434859464809));
#1663=CARTESIAN_POINT('',(-0.124141945131439,-0.0863013490143003,-9.18533025270729));
#1664=CARTESIAN_POINT('',(-0.132159974731325,-0.0714758950906876,-9.18638004869799));
#1665=CARTESIAN_POINT('',(-0.140173472284527,-0.0566588209876366,-9.18742925131044));
#1666=CARTESIAN_POINT('',(-0.145730807190717,-0.0402611686758035,-9.18864591973464));
#1667=CARTESIAN_POINT('',(-0.148379049113966,-0.0236372647325186,-9.18986873882707));
#1668=CARTESIAN_POINT('',(-0.151027339521604,-0.0070130564364416,-9.19109158030705));
#1669=CARTESIAN_POINT('',(-0.150839943031809,0.010306834904705,-9.19221515154057));
#1670=CARTESIAN_POINT('',(-0.147825458474995,0.0268830118598676,-9.19322328111933));
#1671=CARTESIAN_POINT('',(-0.144808979123629,0.0434701578768552,-9.19423207781426));
#1672=CARTESIAN_POINT('',(-0.138879137580255,0.0597619813071293,-9.1952876578809));
#1673=CARTESIAN_POINT('',(-0.130536641178395,0.0743992460302092,-9.19647233785845));
#1674=CARTESIAN_POINT('',(-0.122198420205362,0.0890290093315873,-9.1976564107018));
#1675=CARTESIAN_POINT('',(-0.11121995824831,0.102415919222105,-9.19892813906951));
#1676=CARTESIAN_POINT('',(-0.0984976910759875,0.113460421965988,-9.19998682168683));
#1677=CARTESIAN_POINT('',(-0.0857628184227923,0.124515867827652,-9.2010465532684));
#1678=CARTESIAN_POINT('',(-0.0709321083072625,0.1335212847521,-9.20202672170425));
#1679=CARTESIAN_POINT('',(-0.0552542488208105,0.139721259968728,-9.20316158951793));
#1680=CARTESIAN_POINT('',(-0.0395957715969784,0.145913570264773,-9.20429505431444));
#1681=CARTESIAN_POINT('',(-0.0226628084357679,0.149482192686385,-9.20560744266648));
#1682=CARTESIAN_POINT('',(-0.00583906918976246,0.150136497131771,-9.2067697858567));
#1683=CARTESIAN_POINT('',(0.0109936218114108,0.150791149726466,-9.20793274751893));
#1684=CARTESIAN_POINT('',(0.0281862357390192,0.148541736165653,-9.20889381418525));
#1685=CARTESIAN_POINT('',(0.044291075264294,0.143573546142504,-9.20992907644553));
#1686=CARTESIAN_POINT('',(0.0603911095444975,0.138606838491817,-9.21096402981177));
#1687=CARTESIAN_POINT('',(0.0758445121858727,0.130790545047998,-9.21216692195141));
#1688=CARTESIAN_POINT('',(0.089378732109472,0.120774603069123,-9.21337365908801));
#1689=CARTESIAN_POINT('',(0.102912866965996,0.110758724043775,-9.21458038863987));
#1690=CARTESIAN_POINT('',(0.114908707733276,0.0982596237228371,-9.21568790663251));
#1691=CARTESIAN_POINT('',(0.124363790816532,0.0843131664317171,-9.21670994777258));
#1692=CARTESIAN_POINT('',(0.13382275281791,0.0703609876503214,-9.21773240820181));
#1693=CARTESIAN_POINT('',(0.140995074032016,0.0545817872292594,-9.2188242992218));
#1694=CARTESIAN_POINT('',(0.14528808365978,0.038294062809645,-9.22003292728184));
#1695=CARTESIAN_POINT('',(0.149578988731987,0.0220143230963118,-9.22124096283799));
#1696=CARTESIAN_POINT('',(0.151116173015513,0.00477185820460815,-9.22251681828985));
#1697=CARTESIAN_POINT('',(0.149768373730932,-0.0120206792649916,-9.22356336680667));
#1698=CARTESIAN_POINT('',(0.148419258407936,-0.028829613556168,-9.22461093721011));
#1699=CARTESIAN_POINT('',(0.144138769684864,-0.0456429429570735,-9.22557468842369));
#1700=CARTESIAN_POINT('',(0.137289216607014,-0.0610469778402814,-9.22669590198971));
#1701=CARTESIAN_POINT('',(0.130446083505435,-0.076436574768591,-9.22781606466022));
#1702=CARTESIAN_POINT('',(0.120854113651102,-0.0908457476370902,-9.22910978551046));
#1703=CARTESIAN_POINT('',(0.109298712406626,-0.103096333427785,-9.23025816634198));
#1704=CARTESIAN_POINT('',(0.0977366344425856,-0.115353997616199,-9.2314072107088));
#1705=CARTESIAN_POINT('',(0.083883934601522,-0.12578821865547,-9.23237669577439));
#1706=CARTESIAN_POINT('',(0.0689049016292506,-0.133518452026161,-9.23343704685288));
#1707=CARTESIAN_POINT('',(0.053937034587306,-0.141242922992337,-9.2344966075061));
#1708=CARTESIAN_POINT('',(0.0374376965975919,-0.146481473537782,-9.23573511932133));
#1709=CARTESIAN_POINT('',(0.0207665209760791,-0.14880797729473,-9.23695431903264));
#1710=CARTESIAN_POINT('',(0.00409355037425031,-0.151134731545617,-9.23817365001481));
#1711=CARTESIAN_POINT('',(-0.0132221610211491,-0.150612451130409,-9.23926462422417));
#1712=CARTESIAN_POINT('',(-0.0297374128591609,-0.147277794580319,-9.24027210846601));
#1713=CARTESIAN_POINT('',(-0.0462614323713685,-0.143941367716191,-9.24128012756456));
#1714=CARTESIAN_POINT('',(-0.0624324373837602,-0.13769902529449,-9.24235913576457));
#1715=CARTESIAN_POINT('',(-0.07690401391672,-0.129076857505503,-9.24355193198849));
#1716=CARTESIAN_POINT('',(-0.091369347258707,-0.120458409410773,-9.24474421362753));
#1717=CARTESIAN_POINT('',(-0.104542901621923,-0.109223133261015,-9.2459958956606));
#1718=CARTESIAN_POINT('',(-0.115340057805955,-0.0962898414440398,-9.24704300256905));
#1719=CARTESIAN_POINT('',(-0.126148071534208,-0.0833435439998934,-9.24809116244084));
#1720=CARTESIAN_POINT('',(-0.134865018055444,-0.0683424106125859,-9.24908291235124));
#1721=CARTESIAN_POINT('',(-0.140761031723601,-0.052548971903425,-9.25023301406159));
#1722=CARTESIAN_POINT('',(-0.146650087013429,-0.036774172350794,-9.25138175844082));
#1723=CARTESIAN_POINT('',(-0.149891777276414,-0.0197751076645036,-9.25269993036536));
#1724=CARTESIAN_POINT('',(-0.150221237768655,-0.00293976585006661,-9.25384343749532));
#1725=CARTESIAN_POINT('',(-0.150550896163615,0.0139056887396633,-9.25498763151543));
#1726=CARTESIAN_POINT('',(-0.147968871805592,0.0310542838959687,-9.25593758630055));
#1727=CARTESIAN_POINT('',(-0.14268954018417,0.0470612114381944,-9.25698358975976));
#1728=CARTESIAN_POINT('',(-0.137412644099389,0.0630607544360626,-9.25802911066172));
#1729=CARTESIAN_POINT('',(-0.129300251745491,0.0783580479582568,-9.25925322522172));
#1730=CARTESIAN_POINT('',(-0.119024981930933,0.0916957805809066,-9.26045648791597));
#1731=CARTESIAN_POINT('',(-0.108748823132419,0.105034667142141,-9.26165985471272));
#1732=CARTESIAN_POINT('',(-0.0960179806597773,0.116788422286184,-9.26273784953601));
#1733=CARTESIAN_POINT('',(-0.0818905687924413,0.125972208216143,-9.26376143925685));
#1734=CARTESIAN_POINT('',(-0.0815093842325158,0.126220004304417,-9.26378905766289));
#1735=CARTESIAN_POINT('',(-0.0811270718070882,0.126466072219164,-9.26381669196798));
#1736=CARTESIAN_POINT('',(-0.0807436554201944,0.126710396611272,-9.26384434720481));
#1737=CARTESIAN_POINT('',(0.,3.60144790019956E-15,-9.30734434720481));
#1738=CARTESIAN_POINT('',(-0.142122457976901,-0.048746994149415,-9.26384434720481));
#1739=CARTESIAN_POINT('',(-0.130261777549231,-0.0883830790825369,-9.26220394158297));
#1740=CARTESIAN_POINT('',(-0.101419705269979,-0.12269970270132,-9.26037622103849));
#1741=CARTESIAN_POINT('',(-0.0274959720850255,-0.16003361360418,-9.25707563935076));
#1742=CARTESIAN_POINT('',(0.0168713343647655,-0.163268949299117,-9.25533295100156));
#1743=CARTESIAN_POINT('',(0.0959929404196228,-0.136911910311312,-9.2521582332851));
#1744=CARTESIAN_POINT('',(0.129608360864875,-0.108086633158352,-9.25046371925222));
#1745=CARTESIAN_POINT('',(0.168151783898483,-0.0349557762124655,-9.24738842754558));
#1746=CARTESIAN_POINT('',(0.173164429717774,0.00918292843005055,-9.2456705583572));
#1747=CARTESIAN_POINT('',(0.152067492778795,0.0890452442600987,-9.24277620852382));
#1748=CARTESIAN_POINT('',(0.126470879479656,0.125115982468973,-9.241069883662));
#1749=CARTESIAN_POINT('',(0.0576895996741131,0.171190059327355,-9.23824583603168));
#1750=CARTESIAN_POINT('',(0.015079026546785,0.181714465551838,-9.23654205956467));
#1751=CARTESIAN_POINT('',(-0.0674397238330012,0.172280058537962,-9.23380062647562));
#1752=CARTESIAN_POINT('',(-0.106550035720222,0.15314582274393,-9.23223077204091));
#1753=CARTESIAN_POINT('',(-0.164618250511474,0.0934410632225118,-9.2294373475186));
#1754=CARTESIAN_POINT('',(-0.182791914922672,0.0541608538278149,-9.22805063727904));
#1755=CARTESIAN_POINT('',(-0.187068456541507,0.0127138730201323,-9.22659434720483));
#1756=CARTESIAN_POINT('',(0.140857444556923,0.0215166202443169,-9.10474690309466));
#1757=CARTESIAN_POINT('',(0.18920124990641,0.0289995301171692,-9.13294726781144));
#1758=CARTESIAN_POINT('',(0.,-0.191499999999996,-9.33758817894011));
#1759=CARTESIAN_POINT('',(0.0250672913817686,-0.191499999999996,-9.33628609560677));
#1760=CARTESIAN_POINT('',(0.0751020885258226,-0.181126151453166,-9.33368192894011));
#1761=CARTESIAN_POINT('',(0.139059362901088,-0.139034416496213,-9.32977567894011));
#1762=CARTESIAN_POINT('',(0.18112615145317,-0.075002302906336,-9.32586942894011));
#1763=CARTESIAN_POINT('',(0.196686924273415,3.58018290168289E-15,-9.32196317894011));
#1764=CARTESIAN_POINT('',(0.18112615145317,0.0750023029063432,-9.31805692894011));
#1765=CARTESIAN_POINT('',(0.139034416496217,0.139034416496221,-9.31415067894011));
#1766=CARTESIAN_POINT('',(0.0750023029063396,0.181126151453173,-9.31024442894011));
#1767=CARTESIAN_POINT('',(0.,0.196686924273419,-9.30633817894011));
#1768=CARTESIAN_POINT('',(-0.0750023029063395,0.181126151453173,-9.30243192894011));
#1769=CARTESIAN_POINT('',(-0.139034416496217,0.139034416496221,-9.29852567894011));
#1770=CARTESIAN_POINT('',(-0.18112615145317,0.0750023029063432,-9.29461942894011));
#1771=CARTESIAN_POINT('',(-0.196686924273415,3.65148535134563E-15,-9.29071317894011));
#1772=CARTESIAN_POINT('',(-0.18112615145317,-0.0750023029063359,-9.28680692894011));
#1773=CARTESIAN_POINT('',(-0.139034416496217,-0.139034416496213,-9.28290067894011));
#1774=CARTESIAN_POINT('',(-0.0750023029063396,-0.181126151453166,-9.27899442894011));
#1775=CARTESIAN_POINT('',(-1.2490009027033E-16,-0.196686924273411,-9.27508817894011));
#1776=CARTESIAN_POINT('',(0.0750023029063395,-0.181126151453166,-9.27118192894011));
#1777=CARTESIAN_POINT('',(0.139034416496217,-0.139034416496213,-9.26727567894011));
#1778=CARTESIAN_POINT('',(0.18112615145317,-0.0750023029063359,-9.26336942894011));
#1779=CARTESIAN_POINT('',(0.196686924273415,3.59788771073804E-15,-9.25946317894011));
#1780=CARTESIAN_POINT('',(0.18112615145317,0.0750023029063431,-9.25555692894011));
#1781=CARTESIAN_POINT('',(0.139034416496217,0.13903441649622,-9.25165067894011));
#1782=CARTESIAN_POINT('',(0.0750023029063397,0.181126151453173,-9.24774442894011));
#1783=CARTESIAN_POINT('',(8.32667268468867E-17,0.196686924273419,-9.24383817894011));
#1784=CARTESIAN_POINT('',(-0.0750023029063396,0.181126151453173,-9.23993192894011));
#1785=CARTESIAN_POINT('',(-0.139034416496217,0.13903441649622,-9.23602567894011));
#1786=CARTESIAN_POINT('',(-0.18112615145317,0.0750023029063431,-9.23211942894011));
#1787=CARTESIAN_POINT('',(-0.196686924273415,3.50265670670701E-15,-9.22821317894011));
#1788=CARTESIAN_POINT('',(-0.18112615145317,-0.0750023029063358,-9.22430692894011));
#1789=CARTESIAN_POINT('',(-0.139034416496217,-0.139034416496213,-9.22040067894011));
#1790=CARTESIAN_POINT('',(-0.0750023029063399,-0.181126151453166,-9.21649442894011));
#1791=CARTESIAN_POINT('',(-1.11022302462516E-16,-0.196686924273411,-9.21258817894011));
#1792=CARTESIAN_POINT('',(0.0750023029063396,-0.181126151453166,-9.20868192894011));
#1793=CARTESIAN_POINT('',(0.139034416496217,-0.139034416496213,-9.20477567894011));
#1794=CARTESIAN_POINT('',(0.18112615145317,-0.0750023029063359,-9.20086942894011));
#1795=CARTESIAN_POINT('',(0.196686924273415,3.54620358075412E-15,-9.19696317894011));
#1796=CARTESIAN_POINT('',(0.18112615145317,0.075002302906343,-9.19305692894011));
#1797=CARTESIAN_POINT('',(0.139034416496217,0.13903441649622,-9.18915067894011));
#1798=CARTESIAN_POINT('',(0.0750023029063398,0.181126151453173,-9.18524442894011));
#1799=CARTESIAN_POINT('',(1.11022302462516E-16,0.196686924273419,-9.18133817894011));
#1800=CARTESIAN_POINT('',(-0.0750023029063396,0.181126151453173,-9.17743192894011));
#1801=CARTESIAN_POINT('',(-0.139034416496217,0.13903441649622,-9.17352567894011));
#1802=CARTESIAN_POINT('',(-0.18112615145317,0.0750023029063435,-9.16961942894011));
#1803=CARTESIAN_POINT('',(-0.196686924273415,4.21425090615288E-15,-9.16571317894011));
#1804=CARTESIAN_POINT('',(-0.18112615145317,-0.0750023029063354,-9.16180692894011));
#1805=CARTESIAN_POINT('',(-0.139034416496217,-0.139034416496213,-9.15790067894011));
#1806=CARTESIAN_POINT('',(-0.0750023029063398,-0.181126151453166,-9.15399442894011));
#1807=CARTESIAN_POINT('',(-1.2490009027033E-16,-0.196686924273411,-9.15008817894011));
#1808=CARTESIAN_POINT('',(0.0750023029063395,-0.181126151453166,-9.14618192894011));
#1809=CARTESIAN_POINT('',(0.139034416496217,-0.139034416496213,-9.14227567894011));
#1810=CARTESIAN_POINT('',(0.18112615145317,-0.0750023029063357,-9.13836942894011));
#1811=CARTESIAN_POINT('',(0.193512906554784,-0.0152986385131896,-9.13525995856388));
#1812=CARTESIAN_POINT('',(0.190718844813475,0.0194042582445099,-9.13345257152099));
#1813=CARTESIAN_POINT('',(0.18920124990641,0.0289995301171692,-9.13294726781144));
#1814=CARTESIAN_POINT('',(0.,-0.142655535518559,-9.30938781422332));
#1815=CARTESIAN_POINT('',(0.0186735659324598,-0.142655535518559,-9.30808573088999));
#1816=CARTESIAN_POINT('',(0.0558344473873696,-0.134423621673359,-9.30548156422332));
#1817=CARTESIAN_POINT('',(0.103744527543278,-0.103694634733533,-9.30157531422332));
#1818=CARTESIAN_POINT('',(0.134423621673363,-0.0556348761483999,-9.29766906422332));
#1819=CARTESIAN_POINT('',(0.146771492441163,3.5805553658789E-15,-9.29376281422332));
#1820=CARTESIAN_POINT('',(0.134423621673363,0.0556348761484071,-9.28985656422332));
#1821=CARTESIAN_POINT('',(0.103694634733536,0.10369463473354,-9.28595031422332));
#1822=CARTESIAN_POINT('',(0.0556348761484034,0.134423621673366,-9.28204406422332));
#1823=CARTESIAN_POINT('',(0.,0.146771492441166,-9.27813781422332));
#1824=CARTESIAN_POINT('',(-0.0556348761484035,0.134423621673366,-9.27423156422332));
#1825=CARTESIAN_POINT('',(-0.103694634733536,0.10369463473354,-9.27032531422332));
#1826=CARTESIAN_POINT('',(-0.134423621673363,0.055634876148407,-9.26641906422332));
#1827=CARTESIAN_POINT('',(-0.146771492441163,3.67267449725336E-15,-9.26251281422332));
#1828=CARTESIAN_POINT('',(-0.134423621673363,-0.0556348761483997,-9.25860656422332));
#1829=CARTESIAN_POINT('',(-0.103694634733537,-0.103694634733533,-9.25470031422332));
#1830=CARTESIAN_POINT('',(-0.0556348761484034,-0.134423621673359,-9.25079406422332));
#1831=CARTESIAN_POINT('',(-1.2490009027033E-16,-0.146771492441159,-9.24688781422332));
#1832=CARTESIAN_POINT('',(0.0556348761484032,-0.134423621673359,-9.24298156422332));
#1833=CARTESIAN_POINT('',(0.103694634733536,-0.103694634733533,-9.23907531422332));
#1834=CARTESIAN_POINT('',(0.134423621673363,-0.0556348761483995,-9.23516906422332));
#1835=CARTESIAN_POINT('',(0.146771492441163,3.68152690178093E-15,-9.23126281422332));
#1836=CARTESIAN_POINT('',(0.134423621673363,0.0556348761484066,-9.22735656422332));
#1837=CARTESIAN_POINT('',(0.103694634733536,0.10369463473354,-9.22345031422332));
#1838=CARTESIAN_POINT('',(0.0556348761484036,0.134423621673366,-9.21954406422332));
#1839=CARTESIAN_POINT('',(8.32667268468867E-17,0.146771492441166,-9.21563781422332));
#1840=CARTESIAN_POINT('',(-0.0556348761484035,0.134423621673366,-9.21173156422332));
#1841=CARTESIAN_POINT('',(-0.103694634733536,0.10369463473354,-9.20782531422332));
#1842=CARTESIAN_POINT('',(-0.134423621673363,0.0556348761484065,-9.20391906422332));
#1843=CARTESIAN_POINT('',(-0.146771492441162,3.26710677817017E-15,-9.20001281422332));
#1844=CARTESIAN_POINT('',(-0.134423621673363,-0.0556348761483995,-9.19610656422332));
#1845=CARTESIAN_POINT('',(-0.103694634733537,-0.103694634733533,-9.19220031422332));
#1846=CARTESIAN_POINT('',(-0.0556348761484039,-0.134423621673359,-9.18829406422332));
#1847=CARTESIAN_POINT('',(-1.11022302462516E-16,-0.146771492441159,-9.18438781422332));
#1848=CARTESIAN_POINT('',(0.0556348761484035,-0.134423621673359,-9.18048156422332));
#1849=CARTESIAN_POINT('',(0.103694634733537,-0.103694634733533,-9.17657531422332));
#1850=CARTESIAN_POINT('',(0.134423621673363,-0.0556348761483993,-9.17266906422332));
#1851=CARTESIAN_POINT('',(0.146771492441162,3.57433162056575E-15,-9.16876281422332));
#1852=CARTESIAN_POINT('',(0.134423621673363,0.0556348761484065,-9.16485656422332));
#1853=CARTESIAN_POINT('',(0.103694634733537,0.10369463473354,-9.16095031422332));
#1854=CARTESIAN_POINT('',(0.0556348761484037,0.134423621673366,-9.15704406422332));
#1855=CARTESIAN_POINT('',(1.11022302462516E-16,0.146771492441166,-9.15313781422332));
#1856=CARTESIAN_POINT('',(-0.0556348761484044,0.134423621673366,-9.14923156422332));
#1857=CARTESIAN_POINT('',(-0.103694634733536,0.10369463473354,-9.14532531422332));
#1858=CARTESIAN_POINT('',(-0.134423621673363,0.0556348761484074,-9.14141906422332));
#1859=CARTESIAN_POINT('',(-0.146771492441162,3.86073978124962E-15,-9.13751281422332));
#1860=CARTESIAN_POINT('',(-0.134423621673363,-0.0556348761483986,-9.13360656422332));
#1861=CARTESIAN_POINT('',(-0.103694634733536,-0.103694634733533,-9.12970031422332));
#1862=CARTESIAN_POINT('',(-0.0556348761484044,-0.134423621673359,-9.12579406422332));
#1863=CARTESIAN_POINT('',(-1.2490009027033E-16,-0.146771492441159,-9.12188781422332));
#1864=CARTESIAN_POINT('',(0.0556348761484043,-0.134423621673359,-9.11798156422332));
#1865=CARTESIAN_POINT('',(0.103694634733536,-0.103694634733533,-9.11407531422332));
#1866=CARTESIAN_POINT('',(0.134423621673363,-0.0556348761483988,-9.11016906422332));
#1867=CARTESIAN_POINT('',(0.144252828294008,-0.0113481563357234,-9.1070595938471));
#1868=CARTESIAN_POINT('',(0.142035668921689,0.0143936047608182,-9.10525220680421));
#1869=CARTESIAN_POINT('',(0.140857444556923,0.0215166202443169,-9.10474690309466));
#1870=CARTESIAN_POINT('',(0.140857444556923,0.0215166202443169,-9.10065996905764));
#1871=CARTESIAN_POINT('',(0.18920124990641,0.0289995301171692,-9.07245960434086));
#1872=CARTESIAN_POINT('',(0.18920124990641,0.0289995301171692,-9.10270343607614));
#1873=CARTESIAN_POINT('',(-0.156089414010816,-0.103886210989562,-9.22659434720479));
#1874=CARTESIAN_POINT('',(-0.176491952382062,-0.0636097177676017,-9.23192529127986));
#1875=CARTESIAN_POINT('',(-0.180463417981047,-0.0153894600210617,-9.23861707213031));
#1876=CARTESIAN_POINT('',(-0.154388721804341,0.0712037689614698,-9.25009969030061));
#1877=CARTESIAN_POINT('',(-0.12230836712522,0.107897746777227,-9.25737294329286));
#1878=CARTESIAN_POINT('',(-0.0807436554201938,0.12671039661127,-9.26384434720481));
#1879=CARTESIAN_POINT('',(0.,-0.142655535518559,-9.30530088018631));
#1880=CARTESIAN_POINT('',(0.0186735659324598,-0.142655535518559,-9.30399879685297));
#1881=CARTESIAN_POINT('',(0.0558344473873696,-0.134423621673359,-9.30139463018631));
#1882=CARTESIAN_POINT('',(0.103744527543278,-0.103694634733533,-9.29748838018631));
#1883=CARTESIAN_POINT('',(0.134423621673363,-0.0556348761483999,-9.29358213018631));
#1884=CARTESIAN_POINT('',(0.146771492441163,3.58262058172044E-15,-9.28967588018631));
#1885=CARTESIAN_POINT('',(0.134423621673363,0.0556348761484071,-9.28576963018631));
#1886=CARTESIAN_POINT('',(0.103694634733536,0.10369463473354,-9.28186338018631));
#1887=CARTESIAN_POINT('',(0.0556348761484034,0.134423621673366,-9.27795713018631));
#1888=CARTESIAN_POINT('',(0.,0.146771492441166,-9.27405088018631));
#1889=CARTESIAN_POINT('',(-0.0556348761484035,0.134423621673366,-9.27014463018631));
#1890=CARTESIAN_POINT('',(-0.103694634733536,0.10369463473354,-9.26623838018631));
#1891=CARTESIAN_POINT('',(-0.134423621673363,0.055634876148407,-9.26233213018631));
#1892=CARTESIAN_POINT('',(-0.146771492441163,3.67473971309491E-15,-9.25842588018631));
#1893=CARTESIAN_POINT('',(-0.134423621673363,-0.0556348761483997,-9.25451963018631));
#1894=CARTESIAN_POINT('',(-0.103694634733537,-0.103694634733533,-9.25061338018631));
#1895=CARTESIAN_POINT('',(-0.0556348761484034,-0.134423621673359,-9.24670713018631));
#1896=CARTESIAN_POINT('',(-1.2490009027033E-16,-0.146771492441159,-9.24280088018631));
#1897=CARTESIAN_POINT('',(0.0556348761484032,-0.134423621673359,-9.23889463018631));
#1898=CARTESIAN_POINT('',(0.103694634733536,-0.103694634733533,-9.23498838018631));
#1899=CARTESIAN_POINT('',(0.134423621673363,-0.0556348761483995,-9.23108213018631));
#1900=CARTESIAN_POINT('',(0.146771492441163,3.68359211762248E-15,-9.22717588018631));
#1901=CARTESIAN_POINT('',(0.134423621673363,0.0556348761484066,-9.22326963018631));
#1902=CARTESIAN_POINT('',(0.103694634733536,0.10369463473354,-9.21936338018631));
#1903=CARTESIAN_POINT('',(0.0556348761484036,0.134423621673366,-9.21545713018631));
#1904=CARTESIAN_POINT('',(8.32667268468867E-17,0.146771492441166,-9.21155088018631));
#1905=CARTESIAN_POINT('',(-0.0556348761484035,0.134423621673366,-9.20764463018631));
#1906=CARTESIAN_POINT('',(-0.103694634733536,0.10369463473354,-9.20373838018631));
#1907=CARTESIAN_POINT('',(-0.134423621673363,0.0556348761484065,-9.19983213018631));
#1908=CARTESIAN_POINT('',(-0.146771492441162,3.26917199401172E-15,-9.19592588018631));
#1909=CARTESIAN_POINT('',(-0.134423621673363,-0.0556348761483995,-9.19201963018631));
#1910=CARTESIAN_POINT('',(-0.103694634733537,-0.103694634733533,-9.18811338018631));
#1911=CARTESIAN_POINT('',(-0.0556348761484039,-0.134423621673359,-9.18420713018631));
#1912=CARTESIAN_POINT('',(-1.11022302462516E-16,-0.146771492441159,-9.18030088018631));
#1913=CARTESIAN_POINT('',(0.0556348761484035,-0.134423621673359,-9.17639463018631));
#1914=CARTESIAN_POINT('',(0.103694634733537,-0.103694634733533,-9.17248838018631));
#1915=CARTESIAN_POINT('',(0.134423621673363,-0.0556348761483993,-9.16858213018631));
#1916=CARTESIAN_POINT('',(0.146771492441162,3.5763968364073E-15,-9.16467588018631));
#1917=CARTESIAN_POINT('',(0.134423621673363,0.0556348761484065,-9.16076963018631));
#1918=CARTESIAN_POINT('',(0.103694634733537,0.10369463473354,-9.15686338018631));
#1919=CARTESIAN_POINT('',(0.0556348761484037,0.134423621673366,-9.15295713018631));
#1920=CARTESIAN_POINT('',(1.11022302462516E-16,0.146771492441166,-9.14905088018631));
#1921=CARTESIAN_POINT('',(-0.0556348761484044,0.134423621673366,-9.14514463018631));
#1922=CARTESIAN_POINT('',(-0.103694634733536,0.10369463473354,-9.14123838018631));
#1923=CARTESIAN_POINT('',(-0.134423621673363,0.0556348761484074,-9.13733213018631));
#1924=CARTESIAN_POINT('',(-0.146771492441162,3.86280499709116E-15,-9.13342588018631));
#1925=CARTESIAN_POINT('',(-0.134423621673363,-0.0556348761483986,-9.12951963018631));
#1926=CARTESIAN_POINT('',(-0.103694634733536,-0.103694634733533,-9.12561338018631));
#1927=CARTESIAN_POINT('',(-0.0556348761484044,-0.134423621673359,-9.12170713018631));
#1928=CARTESIAN_POINT('',(-1.2490009027033E-16,-0.146771492441159,-9.11780088018631));
#1929=CARTESIAN_POINT('',(0.0556348761484043,-0.134423621673359,-9.11389463018631));
#1930=CARTESIAN_POINT('',(0.103694634733536,-0.103694634733533,-9.10998838018631));
#1931=CARTESIAN_POINT('',(0.134423621673363,-0.0556348761483988,-9.10608213018631));
#1932=CARTESIAN_POINT('',(0.144252828294008,-0.0113481563357234,-9.10297265981008));
#1933=CARTESIAN_POINT('',(0.142035668921689,0.0143936047608182,-9.10116527276719));
#1934=CARTESIAN_POINT('',(0.140857444556923,0.0215166202443169,-9.10065996905764));
#1935=CARTESIAN_POINT('',(0.,-0.191499999999996,-9.27710051546952));
#1936=CARTESIAN_POINT('',(0.0250672913817686,-0.191499999999996,-9.27579843213619));
#1937=CARTESIAN_POINT('',(0.0751020885258226,-0.181126151453166,-9.27319426546952));
#1938=CARTESIAN_POINT('',(0.139059362901088,-0.139034416496213,-9.26928801546952));
#1939=CARTESIAN_POINT('',(0.18112615145317,-0.0750023029063359,-9.26538176546952));
#1940=CARTESIAN_POINT('',(0.196686924273415,3.61074862153208E-15,-9.26147551546952));
#1941=CARTESIAN_POINT('',(0.18112615145317,0.0750023029063432,-9.25756926546952));
#1942=CARTESIAN_POINT('',(0.139034416496217,0.139034416496221,-9.25366301546952));
#1943=CARTESIAN_POINT('',(0.0750023029063396,0.181126151453173,-9.24975676546952));
#1944=CARTESIAN_POINT('',(0.,0.196686924273419,-9.24585051546952));
#1945=CARTESIAN_POINT('',(-0.0750023029063395,0.181126151453173,-9.24194426546952));
#1946=CARTESIAN_POINT('',(-0.139034416496217,0.139034416496221,-9.23803801546952));
#1947=CARTESIAN_POINT('',(-0.18112615145317,0.0750023029063433,-9.23413176546952));
#1948=CARTESIAN_POINT('',(-0.196686924273415,3.68205107119482E-15,-9.23022551546952));
#1949=CARTESIAN_POINT('',(-0.18112615145317,-0.0750023029063359,-9.22631926546952));
#1950=CARTESIAN_POINT('',(-0.139034416496217,-0.139034416496213,-9.22241301546952));
#1951=CARTESIAN_POINT('',(-0.0750023029063396,-0.181126151453166,-9.21850676546952));
#1952=CARTESIAN_POINT('',(-1.2490009027033E-16,-0.196686924273411,-9.21460051546952));
#1953=CARTESIAN_POINT('',(0.0750023029063395,-0.181126151453166,-9.21069426546952));
#1954=CARTESIAN_POINT('',(0.139034416496217,-0.139034416496213,-9.20678801546952));
#1955=CARTESIAN_POINT('',(0.18112615145317,-0.0750023029063359,-9.20288176546952));
#1956=CARTESIAN_POINT('',(0.196686924273415,3.62845343058723E-15,-9.19897551546952));
#1957=CARTESIAN_POINT('',(0.18112615145317,0.0750023029063431,-9.19506926546952));
#1958=CARTESIAN_POINT('',(0.139034416496217,0.13903441649622,-9.19116301546952));
#1959=CARTESIAN_POINT('',(0.0750023029063397,0.181126151453173,-9.18725676546952));
#1960=CARTESIAN_POINT('',(8.32667268468867E-17,0.196686924273419,-9.18335051546952));
#1961=CARTESIAN_POINT('',(-0.0750023029063396,0.181126151453173,-9.17944426546952));
#1962=CARTESIAN_POINT('',(-0.139034416496217,0.13903441649622,-9.17553801546952));
#1963=CARTESIAN_POINT('',(-0.18112615145317,0.0750023029063431,-9.17163176546952));
#1964=CARTESIAN_POINT('',(-0.196686924273415,3.53322242655619E-15,-9.16772551546952));
#1965=CARTESIAN_POINT('',(-0.18112615145317,-0.0750023029063358,-9.16381926546952));
#1966=CARTESIAN_POINT('',(-0.139034416496217,-0.139034416496213,-9.15991301546952));
#1967=CARTESIAN_POINT('',(-0.0750023029063399,-0.181126151453166,-9.15600676546952));
#1968=CARTESIAN_POINT('',(-1.11022302462516E-16,-0.196686924273411,-9.15210051546952));
#1969=CARTESIAN_POINT('',(0.0750023029063396,-0.181126151453166,-9.14819426546952));
#1970=CARTESIAN_POINT('',(0.139034416496217,-0.139034416496213,-9.14428801546952));
#1971=CARTESIAN_POINT('',(0.18112615145317,-0.0750023029063358,-9.14038176546952));
#1972=CARTESIAN_POINT('',(0.196686924273415,3.57676930060331E-15,-9.13647551546952));
#1973=CARTESIAN_POINT('',(0.18112615145317,0.075002302906343,-9.13256926546952));
#1974=CARTESIAN_POINT('',(0.139034416496217,0.13903441649622,-9.12866301546952));
#1975=CARTESIAN_POINT('',(0.0750023029063398,0.181126151453173,-9.12475676546952));
#1976=CARTESIAN_POINT('',(1.11022302462516E-16,0.196686924273419,-9.12085051546952));
#1977=CARTESIAN_POINT('',(-0.0750023029063396,0.181126151453173,-9.11694426546952));
#1978=CARTESIAN_POINT('',(-0.139034416496217,0.139034416496221,-9.11303801546952));
#1979=CARTESIAN_POINT('',(-0.18112615145317,0.0750023029063435,-9.10913176546952));
#1980=CARTESIAN_POINT('',(-0.196686924273415,4.24481662600207E-15,-9.10522551546952));
#1981=CARTESIAN_POINT('',(-0.18112615145317,-0.0750023029063354,-9.10131926546952));
#1982=CARTESIAN_POINT('',(-0.139034416496217,-0.139034416496213,-9.09741301546952));
#1983=CARTESIAN_POINT('',(-0.0750023029063398,-0.181126151453166,-9.09350676546952));
#1984=CARTESIAN_POINT('',(-1.2490009027033E-16,-0.196686924273411,-9.08960051546952));
#1985=CARTESIAN_POINT('',(0.0750023029063395,-0.181126151453166,-9.08569426546952));
#1986=CARTESIAN_POINT('',(0.139034416496217,-0.139034416496213,-9.08178801546952));
#1987=CARTESIAN_POINT('',(0.18112615145317,-0.0750023029063357,-9.07788176546952));
#1988=CARTESIAN_POINT('',(0.193512906554784,-0.0152986385131895,-9.0747722950933));
#1989=CARTESIAN_POINT('',(0.190718844813475,0.01940425824451,-9.07296490805041));
#1990=CARTESIAN_POINT('',(0.18920124990641,0.0289995301171692,-9.07245960434086));
#1991=CARTESIAN_POINT('',(0.,3.56418043590126E-15,-9.38109434720482));
#1992=MECHANICAL_DESIGN_GEOMETRIC_PRESENTATION_REPRESENTATION('',(#24),
#1993);
#1993=(
GEOMETRIC_REPRESENTATION_CONTEXT(3)
GLOBAL_UNCERTAINTY_ASSIGNED_CONTEXT((#1994))
GLOBAL_UNIT_ASSIGNED_CONTEXT((#1999,#1996,#1995))
REPRESENTATION_CONTEXT('regulator_to_fuel_tank_tube',
'TOP_LEVEL_ASSEMBLY_PART')
);
#1994=UNCERTAINTY_MEASURE_WITH_UNIT(LENGTH_MEASURE(0.002),#1999,
'DISTANCE_ACCURACY_VALUE','Maximum Tolerance applied to model');
#1995=(
NAMED_UNIT(*)
SI_UNIT($,.STERADIAN.)
SOLID_ANGLE_UNIT()
);
#1996=(
CONVERSION_BASED_UNIT('DEGREE',#1997)
NAMED_UNIT(#2001)
PLANE_ANGLE_UNIT()
);
#1997=PLANE_ANGLE_MEASURE_WITH_UNIT(PLANE_ANGLE_MEASURE(0.0174532925),#1998);
#1998=(
NAMED_UNIT(*)
PLANE_ANGLE_UNIT()
SI_UNIT($,.RADIAN.)
);
#1999=(
CONVERSION_BASED_UNIT('INCH',#2002)
LENGTH_UNIT()
NAMED_UNIT(#2000)
);
#2000=DIMENSIONAL_EXPONENTS(1.,0.,0.,0.,0.,0.,0.);
#2001=DIMENSIONAL_EXPONENTS(0.,0.,0.,0.,0.,0.,0.);
#2002=LENGTH_MEASURE_WITH_UNIT(LENGTH_MEASURE(25.4),#2003);
#2003=(
LENGTH_UNIT()
NAMED_UNIT(*)
SI_UNIT(.MILLI.,.METRE.)
);
ENDSEC;
END-ISO-10303-21;
