ISO-10303-21;
HEADER;
/* Generated by software containing ST-Developer
 * from STEP Tools, Inc. (www.steptools.com) 
 */
/* OPTION: using custom renumber hook */

FILE_DESCRIPTION(
/* description */ (
'CAx-IF Rec.Pracs.---Representation and Presentation of Product Manufa
cturing Information (PMI)---4.0---2014-10-13',
'CAx-IF Rec.Pracs.---3D Tessellated Geometry---0.4---2014-09-14','2;1'),

/* implementation_level */ '2;1');

FILE_NAME(
/* name */ 'RegulatedRocket',
/* time_stamp */ '2025-08-15T20:12:48-04:00',
/* author */ (''),
/* organization */ (''),
/* preprocessor_version */ 'ST-DEVELOPER v18.102',
/* originating_system */ 'SIEMENS PLM Software NX 2027',
/* authorisation */ $);

FILE_SCHEMA (('AP242_MANAGED_MODEL_BASED_3D_ENGINEERING_MIM_LF { 1 0 10303 442 3 1 4 }'));
ENDSEC;

DATA;
#10=DEFAULT_MODEL_GEOMETRIC_VIEW('','',#53,#27,'','',#5104,*);
#11=MECHANICAL_DESIGN_AND_DRAUGHTING_RELATIONSHIP('','',#19,#20);
#12=MECHANICAL_DESIGN_AND_DRAUGHTING_RELATIONSHIP('','',#21,#20);
#13=MECHANICAL_DESIGN_AND_DRAUGHTING_RELATIONSHIP('','',#22,#20);
#14=MECHANICAL_DESIGN_AND_DRAUGHTING_RELATIONSHIP('','',#23,#20);
#15=MECHANICAL_DESIGN_AND_DRAUGHTING_RELATIONSHIP('','',#24,#20);
#16=MECHANICAL_DESIGN_AND_DRAUGHTING_RELATIONSHIP('','',#25,#20);
#17=MECHANICAL_DESIGN_AND_DRAUGHTING_RELATIONSHIP('','',#26,#20);
#18=MECHANICAL_DESIGN_AND_DRAUGHTING_RELATIONSHIP('','',#27,#20);
#19=DRAUGHTING_MODEL('Top',(#46,#37),#5096);
#20=DRAUGHTING_MODEL('',(#38),#5096);
#21=DRAUGHTING_MODEL('Front',(#47,#39),#5096);
#22=DRAUGHTING_MODEL('Right',(#48,#40),#5096);
#23=DRAUGHTING_MODEL('Back',(#49,#41),#5096);
#24=DRAUGHTING_MODEL('Bottom',(#50,#42),#5096);
#25=DRAUGHTING_MODEL('Left',(#51,#43),#5096);
#26=DRAUGHTING_MODEL('Isometric',(#52,#44),#5096);
#27=DRAUGHTING_MODEL('Trimetric',(#53,#45),#5096);
#28=REPRESENTATION_MAP(#935,#71);
#29=REPRESENTATION_MAP(#935,#71);
#30=REPRESENTATION_MAP(#935,#71);
#31=REPRESENTATION_MAP(#935,#71);
#32=REPRESENTATION_MAP(#935,#71);
#33=REPRESENTATION_MAP(#935,#71);
#34=REPRESENTATION_MAP(#935,#71);
#35=REPRESENTATION_MAP(#935,#71);
#36=REPRESENTATION_MAP(#935,#71);
#37=MAPPED_ITEM('',#28,#935);
#38=MAPPED_ITEM('',#29,#935);
#39=MAPPED_ITEM('',#30,#935);
#40=MAPPED_ITEM('',#31,#935);
#41=MAPPED_ITEM('',#32,#935);
#42=MAPPED_ITEM('',#33,#935);
#43=MAPPED_ITEM('',#34,#935);
#44=MAPPED_ITEM('',#35,#935);
#45=MAPPED_ITEM('',#36,#935);
#46=CAMERA_MODEL_D3('Top',#1030,#54);
#47=CAMERA_MODEL_D3('Front',#1032,#55);
#48=CAMERA_MODEL_D3('Right',#1034,#56);
#49=CAMERA_MODEL_D3('Back',#1036,#57);
#50=CAMERA_MODEL_D3('Bottom',#1038,#58);
#51=CAMERA_MODEL_D3('Left',#1040,#59);
#52=CAMERA_MODEL_D3('Isometric',#1042,#60);
#53=CAMERA_MODEL_D3('Trimetric',#1044,#61);
#54=VIEW_VOLUME(.PARALLEL.,#5072,1.56329745054245,0.,.F.,0.,.F.,.F.,#62);
#55=VIEW_VOLUME(.PARALLEL.,#5075,2.25103950500488,0.,.F.,0.,.F.,.F.,#63);
#56=VIEW_VOLUME(.PARALLEL.,#5078,2.25103950500488,0.,.F.,0.,.F.,.F.,#64);
#57=VIEW_VOLUME(.PARALLEL.,#5081,2.25103950500488,0.,.F.,0.,.F.,.F.,#65);
#58=VIEW_VOLUME(.PARALLEL.,#5084,1.5632973909378,0.,.F.,0.,.F.,.F.,#66);
#59=VIEW_VOLUME(.PARALLEL.,#5087,2.25103950500488,0.,.F.,0.,.F.,.F.,#67);
#60=VIEW_VOLUME(.PARALLEL.,#5090,3.26343877739485,0.,.F.,0.,.F.,.F.,#68);
#61=VIEW_VOLUME(.PARALLEL.,#5093,3.01834537027274,0.,.F.,0.,.F.,.F.,#69);
#62=PLANAR_BOX('',0.779547660794046,0.779547660794046,#1031);
#63=PLANAR_BOX('',1.12249436591395,1.12249436591395,#1033);
#64=PLANAR_BOX('',1.12249436591395,1.12249436591395,#1035);
#65=PLANAR_BOX('',1.12249436591395,1.12249436591395,#1037);
#66=PLANAR_BOX('',0.779547631071832,0.779547631071832,#1039);
#67=PLANAR_BOX('',1.12249436591395,1.12249436591395,#1041);
#68=PLANAR_BOX('',1.62733334221199,1.62733334221199,#1043);
#69=PLANAR_BOX('',1.50511604304619,1.50511604304619,#1045);
#70=SHAPE_REPRESENTATION_RELATIONSHIP('','',#934,#71);
#71=ADVANCED_BREP_SHAPE_REPRESENTATION('',(#932),#5096);
#72=SPHERICAL_SURFACE('',#996,0.03);
#73=SPHERICAL_SURFACE('',#999,0.03);
#74=SPHERICAL_SURFACE('',#1012,0.03);
#75=SPHERICAL_SURFACE('',#1014,0.03);
#76=SPHERICAL_SURFACE('',#1016,0.03);
#77=SPHERICAL_SURFACE('',#1018,0.03);
#78=SPHERICAL_SURFACE('',#1026,0.03);
#79=SPHERICAL_SURFACE('',#1028,0.03);
#80=TOROIDAL_SURFACE('',#980,0.422361062769011,0.03);
#81=TOROIDAL_SURFACE('',#981,0.422361062769011,0.03);
#82=TOROIDAL_SURFACE('',#984,0.41566889606898,0.03);
#83=TOROIDAL_SURFACE('',#986,0.41566889606898,0.03);
#84=TOROIDAL_SURFACE('',#989,0.41566889606898,0.03);
#85=TOROIDAL_SURFACE('',#992,0.41566889606898,0.03);
#86=(
BOUNDED_SURFACE()
B_SPLINE_SURFACE(2,3,((#2650,#2651,#2652,#2653,#2654,#2655,#2656,#2657,
#2658,#2659,#2660,#2661,#2662,#2663,#2664,#2665,#2666,#2667,#2668,#2669,
#2670,#2671,#2672,#2673,#2674,#2675,#2676,#2677,#2678,#2679,#2680,#2681,
#2682,#2683,#2684,#2685,#2686,#2687,#2688,#2689,#2690,#2691,#2692,#2693,
#2694,#2695,#2696,#2697,#2698,#2699,#2700,#2701,#2702,#2703,#2704,#2705,
#2706,#2707,#2708,#2709,#2710,#2711,#2712,#2713,#2714,#2715,#2716,#2717,
#2718,#2719,#2720,#2721,#2722,#2723,#2724,#2725,#2726,#2727,#2728,#2729,
#2730,#2731,#2732,#2733,#2734,#2735,#2736,#2737,#2738,#2739,#2740,#2741,
#2742,#2743,#2744,#2745,#2746,#2747,#2748,#2749,#2750,#2751,#2752,#2753,
#2754,#2755,#2756,#2757,#2758,#2759,#2760,#2761,#2762,#2763,#2764,#2765,
#2766,#2767,#2768,#2769,#2770,#2771,#2772,#2773,#2774,#2775,#2776,#2777,
#2778,#2779,#2780,#2781,#2782,#2783,#2784,#2785,#2786,#2787,#2788,#2789,
#2790,#2791,#2792,#2793,#2794,#2795,#2796,#2797,#2798,#2799,#2800,#2801,
#2802,#2803,#2804,#2805,#2806,#2807,#2808,#2809,#2810,#2811,#2812,#2813,
#2814,#2815,#2816,#2817,#2818,#2819,#2820,#2821,#2822,#2823,#2824,#2825,
#2826,#2827,#2828,#2829,#2830,#2831,#2832,#2833,#2834,#2835,#2836,#2837,
#2838,#2839,#2840,#2841,#2842,#2843,#2844,#2845,#2846,#2847,#2848,#2849,
#2850,#2851,#2852,#2853,#2854,#2855,#2856,#2857,#2858,#2859,#2860,#2861,
#2862,#2863,#2864,#2865,#2866,#2867,#2868,#2869,#2870,#2871,#2872,#2873,
#2874,#2875,#2876,#2877,#2878,#2879,#2880,#2881,#2882,#2883,#2884,#2885,
#2886,#2887,#2888,#2889,#2890,#2891,#2892,#2893,#2894,#2895,#2896,#2897,
#2898,#2899,#2900,#2901,#2902,#2903,#2904,#2905,#2906,#2907,#2908,#2909,
#2910,#2911,#2912,#2913,#2914,#2915,#2916,#2917,#2918,#2919,#2920,#2921,
#2922,#2923,#2924,#2925,#2926,#2927,#2928,#2929,#2930,#2931,#2932,#2933,
#2934,#2935,#2936,#2937,#2938,#2939,#2940,#2941,#2942,#2943,#2944,#2945,
#2946,#2947),(#2948,#2949,#2950,#2951,#2952,#2953,#2954,#2955,#2956,#2957,
#2958,#2959,#2960,#2961,#2962,#2963,#2964,#2965,#2966,#2967,#2968,#2969,
#2970,#2971,#2972,#2973,#2974,#2975,#2976,#2977,#2978,#2979,#2980,#2981,
#2982,#2983,#2984,#2985,#2986,#2987,#2988,#2989,#2990,#2991,#2992,#2993,
#2994,#2995,#2996,#2997,#2998,#2999,#3000,#3001,#3002,#3003,#3004,#3005,
#3006,#3007,#3008,#3009,#3010,#3011,#3012,#3013,#3014,#3015,#3016,#3017,
#3018,#3019,#3020,#3021,#3022,#3023,#3024,#3025,#3026,#3027,#3028,#3029,
#3030,#3031,#3032,#3033,#3034,#3035,#3036,#3037,#3038,#3039,#3040,#3041,
#3042,#3043,#3044,#3045,#3046,#3047,#3048,#3049,#3050,#3051,#3052,#3053,
#3054,#3055,#3056,#3057,#3058,#3059,#3060,#3061,#3062,#3063,#3064,#3065,
#3066,#3067,#3068,#3069,#3070,#3071,#3072,#3073,#3074,#3075,#3076,#3077,
#3078,#3079,#3080,#3081,#3082,#3083,#3084,#3085,#3086,#3087,#3088,#3089,
#3090,#3091,#3092,#3093,#3094,#3095,#3096,#3097,#3098,#3099,#3100,#3101,
#3102,#3103,#3104,#3105,#3106,#3107,#3108,#3109,#3110,#3111,#3112,#3113,
#3114,#3115,#3116,#3117,#3118,#3119,#3120,#3121,#3122,#3123,#3124,#3125,
#3126,#3127,#3128,#3129,#3130,#3131,#3132,#3133,#3134,#3135,#3136,#3137,
#3138,#3139,#3140,#3141,#3142,#3143,#3144,#3145,#3146,#3147,#3148,#3149,
#3150,#3151,#3152,#3153,#3154,#3155,#3156,#3157,#3158,#3159,#3160,#3161,
#3162,#3163,#3164,#3165,#3166,#3167,#3168,#3169,#3170,#3171,#3172,#3173,
#3174,#3175,#3176,#3177,#3178,#3179,#3180,#3181,#3182,#3183,#3184,#3185,
#3186,#3187,#3188,#3189,#3190,#3191,#3192,#3193,#3194,#3195,#3196,#3197,
#3198,#3199,#3200,#3201,#3202,#3203,#3204,#3205,#3206,#3207,#3208,#3209,
#3210,#3211,#3212,#3213,#3214,#3215,#3216,#3217,#3218,#3219,#3220,#3221,
#3222,#3223,#3224,#3225,#3226,#3227,#3228,#3229,#3230,#3231,#3232,#3233,
#3234,#3235,#3236,#3237,#3238,#3239,#3240,#3241,#3242,#3243,#3244,#3245),
(#3246,#3247,#3248,#3249,#3250,#3251,#3252,#3253,#3254,#3255,#3256,#3257,
#3258,#3259,#3260,#3261,#3262,#3263,#3264,#3265,#3266,#3267,#3268,#3269,
#3270,#3271,#3272,#3273,#3274,#3275,#3276,#3277,#3278,#3279,#3280,#3281,
#3282,#3283,#3284,#3285,#3286,#3287,#3288,#3289,#3290,#3291,#3292,#3293,
#3294,#3295,#3296,#3297,#3298,#3299,#3300,#3301,#3302,#3303,#3304,#3305,
#3306,#3307,#3308,#3309,#3310,#3311,#3312,#3313,#3314,#3315,#3316,#3317,
#3318,#3319,#3320,#3321,#3322,#3323,#3324,#3325,#3326,#3327,#3328,#3329,
#3330,#3331,#3332,#3333,#3334,#3335,#3336,#3337,#3338,#3339,#3340,#3341,
#3342,#3343,#3344,#3345,#3346,#3347,#3348,#3349,#3350,#3351,#3352,#3353,
#3354,#3355,#3356,#3357,#3358,#3359,#3360,#3361,#3362,#3363,#3364,#3365,
#3366,#3367,#3368,#3369,#3370,#3371,#3372,#3373,#3374,#3375,#3376,#3377,
#3378,#3379,#3380,#3381,#3382,#3383,#3384,#3385,#3386,#3387,#3388,#3389,
#3390,#3391,#3392,#3393,#3394,#3395,#3396,#3397,#3398,#3399,#3400,#3401,
#3402,#3403,#3404,#3405,#3406,#3407,#3408,#3409,#3410,#3411,#3412,#3413,
#3414,#3415,#3416,#3417,#3418,#3419,#3420,#3421,#3422,#3423,#3424,#3425,
#3426,#3427,#3428,#3429,#3430,#3431,#3432,#3433,#3434,#3435,#3436,#3437,
#3438,#3439,#3440,#3441,#3442,#3443,#3444,#3445,#3446,#3447,#3448,#3449,
#3450,#3451,#3452,#3453,#3454,#3455,#3456,#3457,#3458,#3459,#3460,#3461,
#3462,#3463,#3464,#3465,#3466,#3467,#3468,#3469,#3470,#3471,#3472,#3473,
#3474,#3475,#3476,#3477,#3478,#3479,#3480,#3481,#3482,#3483,#3484,#3485,
#3486,#3487,#3488,#3489,#3490,#3491,#3492,#3493,#3494,#3495,#3496,#3497,
#3498,#3499,#3500,#3501,#3502,#3503,#3504,#3505,#3506,#3507,#3508,#3509,
#3510,#3511,#3512,#3513,#3514,#3515,#3516,#3517,#3518,#3519,#3520,#3521,
#3522,#3523,#3524,#3525,#3526,#3527,#3528,#3529,#3530,#3531,#3532,#3533,
#3534,#3535,#3536,#3537,#3538,#3539,#3540,#3541,#3542,#3543)),
 .UNSPECIFIED.,.F.,.F.,.F.)
B_SPLINE_SURFACE_WITH_KNOTS((3,3),(4,2,2,2,2,2,2,2,2,2,2,2,2,2,2,2,2,2,
2,2,2,2,2,2,2,2,2,2,2,2,2,2,2,2,2,2,2,2,2,2,2,2,2,2,2,2,2,2,2,2,2,2,2,2,
2,2,2,2,2,2,2,2,2,2,2,2,2,2,2,2,2,2,2,2,2,2,2,2,2,2,2,2,2,2,2,2,2,2,2,2,
2,2,2,2,2,2,2,2,2,2,2,2,2,2,2,2,2,2,2,2,2,2,2,2,2,2,2,2,2,2,2,2,2,2,2,2,
2,2,2,2,2,2,2,2,2,2,2,2,2,2,2,2,2,2,2,2,2,2,4),(0.,1.),(1.5707963267949,
1.61988371200724,1.63215555831032,1.63829148146186,1.64442740461341,1.65669925091649,
1.66897109721958,1.68124294352266,1.69351478982575,1.70578663612883,1.71805848243192,
1.730330328735,1.74260217503809,1.75487402134117,1.76714586764426,1.77941771394734,
1.79168956025043,1.80396140655351,1.8162332528566,1.82850509915968,1.84077694546277,
1.85304879176585,1.86532063806894,1.87759248437202,1.88986433067511,1.91440802328128,
1.93895171588745,1.96349540849362,1.98803910109979,2.01258279370596,2.03712648631213,
2.0616701789183,2.08621387152447,2.11075756413064,2.13530125673681,2.15984494934298,
2.18438864194915,2.20893233455532,2.23347602716149,2.25801971976766,2.28256341237383,
2.30710710498,2.33165079758617,2.35619449019234,2.38073818279852,2.40528187540469,
2.42982556801086,2.45436926061703,2.4789129532232,2.50345664582937,2.52800033843554,
2.55254403104171,2.57708772364788,2.60163141625405,2.62617510886022,2.65071880146639,
2.67526249407256,2.69980618667873,2.7243498792849,2.74889357189107,2.79798095710341,
2.82252464970958,2.84706834231575,2.87161203492192,2.89615572752809,2.92069942013426,
2.94524311274043,2.9697868053466,2.99433049795277,3.01887419055894,3.04341788316511,
3.06796157577128,3.09250526837745,3.11704896098362,3.14159265358979,3.16613634619596,
3.19068003880213,3.2152237314083,3.23976742401447,3.26431111662064,3.28885480922682,
3.31339850183299,3.33794219443916,3.36248588704533,3.3870295796515,3.41157327225767,
3.43611696486384,3.46066065747001,3.48520435007618,3.53429173528852,3.55883542789469,
3.58337912050086,3.60792281310703,3.6324665057132,3.65701019831937,3.68155389092554,
3.70609758353171,3.73064127613788,3.75518496874405,3.77972866135022,3.80427235395639,
3.82881604656256,3.85335973916873,3.8779034317749,3.90244712438107,3.92699081698724,
3.95153450959341,3.97607820219958,4.00062189480575,4.02516558741192,4.04970928001809,
4.07425297262426,4.09879666523043,4.1233403578366,4.14788405044277,4.17242774304894,
4.19697143565511,4.22151512826128,4.24605882086745,4.27060251347362,4.29514620607979,
4.31968989868597,4.34423359129214,4.36877728389831,4.39332097650448,4.40559282280756,
4.41786466911065,4.43013651541373,4.44240836171682,4.4546802080199,4.46695205432299,
4.47922390062607,4.49149574692916,4.50376759323224,4.51603943953533,4.52831128583841,
4.5405831321415,4.55285497844458,4.56512682474767,4.57739867105075,4.58967051735384,
4.60194236365692,4.61421420996001,4.62648605626309,4.63875790256618,4.64489382571772,
4.65102974886926,4.66330159517235,4.71238898038469),.UNSPECIFIED.)
GEOMETRIC_REPRESENTATION_ITEM()
RATIONAL_B_SPLINE_SURFACE(((1.,1.,1.,1.,1.,1.,1.,1.,1.,1.,1.,1.,1.,1.,1.,
1.,1.,1.,1.,1.,1.,1.,1.,1.,1.,1.,1.,1.,1.,1.,1.,1.,1.,1.,1.,1.,1.,1.,1.,
1.,1.,1.,1.,1.,1.,1.,1.,1.,1.,1.,1.,1.,1.,1.,1.,1.,1.,1.,1.,1.,1.,1.,1.,
1.,1.,1.,1.,1.,1.,1.,1.,1.,1.,1.,1.,1.,1.,1.,1.,1.,1.,1.,1.,1.,1.,1.,1.,
1.,1.,1.,1.,1.,1.,1.,1.,1.,1.,1.,1.,1.,1.,1.,1.,1.,1.,1.,1.,1.,1.,1.,1.,
1.,1.,1.,1.,1.,1.,1.,1.,1.,1.,1.,1.,1.,1.,1.,1.,1.,1.,1.,1.,1.,1.,1.,1.,
1.,1.,1.,1.,1.,1.,1.,1.,1.,1.,1.,1.,1.,1.,1.,1.,1.,1.,1.,1.,1.,1.,1.,1.,
1.,1.,1.,1.,1.,1.,1.,1.,1.,1.,1.,1.,1.,1.,1.,1.,1.,1.,1.,1.,1.,1.,1.,1.,
1.,1.,1.,1.,1.,1.,1.,1.,1.,1.,1.,1.,1.,1.,1.,1.,1.,1.,1.,1.,1.,1.,1.,1.,
1.,1.,1.,1.,1.,1.,1.,1.,1.,1.,1.,1.,1.,1.,1.,1.,1.,1.,1.,1.,1.,1.,1.,1.,
1.,1.,1.,1.,1.,1.,1.,1.,1.,1.,1.,1.,1.,1.,1.,1.,1.,1.,1.,1.,1.,1.,1.,1.,
1.,1.,1.,1.,1.,1.,1.,1.,1.,1.,1.,1.,1.,1.,1.,1.,1.,1.,1.,1.,1.,1.,1.,1.,
1.,1.,1.,1.,1.,1.,1.,1.,1.,1.,1.,1.,1.,1.,1.,1.,1.,1.,1.),(0.00023,0.00023,
0.000229953793358251,0.000229838450663993,0.000229812504264396,0.000229769275214033,
0.000229754147305617,0.000229722456466686,0.000229705893535968,0.000229654054556104,
0.000229616628250438,0.000229536055812691,0.000229492909680014,0.00022940091391465,
0.000229352064281264,0.00022924868002585,0.000229194145403035,0.000229079411868156,
0.000229019212955216,0.000228893173730904,0.000228827333418572,0.000228690036481451,
0.000228618579855626,0.000228470077576793,0.00022839303192265,0.000228233381076184,
0.000228150775882628,0.000227980037654846,0.000227891904619295,0.000227710144618685,
0.000227616517652206,0.00022742380592002,0.000227324721152802,0.000227121132174336,
0.000227016627961486,0.000226802240678021,0.000226692357605707,0.000226467255427083,
0.00022635203631898,0.000226116307136836,0.000225995797060903,0.000225749533262515,
0.000225623779538068,0.000225367078020829,0.000225236130225935,0.000224969092412369,
0.000224833002391511,0.000224555734244954,0.00022441455611698,0.0002239834741781,
0.000223686021655222,0.000223071466231538,0.000222754363316512,0.000222101022771233,
0.000221764785125978,0.000221073728019354,0.000220718908542284,0.000219991278214736,
0.00021961846734796,0.000218855482542175,0.000218465308586391,0.000217668264081031,
0.000217261393514348,0.000216431660761066,0.000216008798557213,0.000215147826311084,
0.000214709716251624,0.000213819031183243,0.000213366456157448,0.000212447663432852,
0.000211981445717786,0.000211036229530086,0.00021055723104215,0.000209587355076067,
0.000209096477583966,0.000208103785391457,0.000207601970678901,0.000206588385940954,
0.000206076615905754,0.000205044142551725,0.000204523439226028,0.000203474161378055,
0.000202945586852503,0.000201881668558288,0.000201346324790677,0.000200270009503535,
0.000199729037990223,0.000198642647750619,0.000198097229036619,0.000197003163304467,
0.000196454516305681,0.000195355250388013,0.000194804631496634,0.000193702714510249,
0.000193151416452027,0.000192049468756388,0.000191498819166241,0.000190399529197715,
0.000189850888878331,0.000188757009313504,0.000188211770140069,0.000187126113313696,
0.000186585695747034,0.000185511128248935,0.000184976978419269,0.000183916414795544,
0.000183390001119893,0.000182346396606537,0.000181829205904893,0.000180805548127561,
0.000180299081206417,0.000179298380788608,0.000178804147465538,0.00017782942749951,
0.000177348941049449,0.000176403225400092,0.000175937996412858,0.000175024296844684,
0.000174575826494375,0.000173257779706787,0.000172415584736392,0.000171215706359339,
0.000170826312005973,0.00017007003820135,0.000169703159037851,0.000168993250020756,
0.00016865022046179,0.00016798928484171,0.000167671379077894,0.000167061895509459,
0.000166770318000054,0.000166214616184317,0.000165950492165922,0.000165450734039041,
0.000165215100205714,0.000164773261637273,0.000164567057158904,0.000164184910500251,
0.00016400896855271,0.000163688066383538,0.000163543106365323,0.000163284766783019,
0.000163171387388155,0.000162976681167928,0.000162895354473411,0.000162765094397865,
0.000162716161105994,0.000162650893720929,0.000162634559672906,0.000162634559672906,
0.00016265089372093,0.000162716161105994,0.000162765094397862,0.000162895354473414,
0.000162976681167928,0.000163171387388155,0.00016328476678302,0.000163543106365322,
0.000163688066383541,0.000164008968552708,0.000164184910500251,0.000164567057158904,
0.000164773261637272,0.000165215100205715,0.00016545073403904,0.000165950492165923,
0.000166214616184317,0.000166770318000054,0.00016706189550946,0.000167671379077892,
0.000167989284841711,0.000168650220461789,0.000168993250020754,0.000169703159037853,
0.00017007003820135,0.000170826312005973,0.000171215706359339,0.000172415584736392,
0.000173257779706791,0.000174575826494372,0.000175024296844683,0.000175937996412859,
0.000176403225400092,0.000177348941049449,0.00017782942749951,0.000178804147465538,
0.000179298380788608,0.000180299081206417,0.000180805548127562,0.000181829205904892,
0.000182346396606534,0.000183390001119895,0.000183916414795544,0.000184976978419268,
0.000185511128248936,0.000186585695747033,0.000187126113313698,0.000188211770140066,
0.000188757009313504,0.000189850888878331,0.000190399529197714,0.000191498819166241,
0.000192049468756391,0.000193151416452025,0.000193702714510249,0.000194804631496633,
0.000195355250388014,0.000196454516305679,0.000197003163304471,0.000198097229036615,
0.000198642647750619,0.000199729037990223,0.000200270009503535,0.000201346324790677,
0.00020188166855829,0.000202945586852501,0.000203474161378059,0.000204523439226024,
0.000205044142551727,0.000206076615905753,0.000206588385940953,0.000207601970678903,
0.000208103785391452,0.000209096477583969,0.000209587355076065,0.000210557231042153,
0.000211036229530087,0.000211981445717784,0.000212447663432852,0.000213366456157448,
0.000213819031183244,0.000214709716251622,0.000215147826311087,0.00021600879855721,
0.000216431660761066,0.000217261393514348,0.00021766826408103,0.000218465308586392,
0.000218855482542177,0.000219618467347958,0.00021999127821474,0.000220718908542281,
0.000221073728019356,0.000221764785125976,0.000222101022771228,0.000222754363316518,
0.000223071466231536,0.000223686021655224,0.0002239834741781,0.000224414556116979,
0.000224555734244955,0.000224833002391511,0.000224969092412369,0.000225236130225935,
0.000225367078020826,0.000225623779538071,0.000225749533262515,0.000225995797060904,
0.000226116307136833,0.000226352036318983,0.000226467255427083,0.000226692357605707,
0.000226802240678021,0.000227016627961487,0.00022712113217434,0.000227324721152798,
0.000227423805920023,0.000227616517652203,0.000227710144618686,0.000227891904619295,
0.000227980037654847,0.000228150775882627,0.000228233381076183,0.000228393031922651,
0.000228470077576797,0.000228618579855623,0.000228690036481453,0.000228827333418569,
0.000228893173730905,0.000229019212955216,0.000229079411868154,0.000229194145403037,
0.000229248680025847,0.000229352064281266,0.000229400913914653,0.000229492909680012,
0.000229536055812693,0.000229616628250436,0.000229654054556108,0.000229705893535966,
0.000229722456466686,0.000229754147305616,0.000229769275214033,0.000229812504264398,
0.000229838450663991,0.00022995379335826,0.00023,0.00023),(1.,1.,1.,1.,
1.,1.,1.,1.,1.,1.,1.,1.,1.,1.,1.,1.,1.,1.,1.,1.,1.,1.,1.,1.,1.,1.,1.,1.,
1.,1.,1.,1.,1.,1.,1.,1.,1.,1.,1.,1.,1.,1.,1.,1.,1.,1.,1.,1.,1.,1.,1.,1.,
1.,1.,1.,1.,1.,1.,1.,1.,1.,1.,1.,1.,1.,1.,1.,1.,1.,1.,1.,1.,1.,1.,1.,1.,
1.,1.,1.,1.,1.,1.,1.,1.,1.,1.,1.,1.,1.,1.,1.,1.,1.,1.,1.,1.,1.,1.,1.,1.,
1.,1.,1.,1.,1.,1.,1.,1.,1.,1.,1.,1.,1.,1.,1.,1.,1.,1.,1.,1.,1.,1.,1.,1.,
1.,1.,1.,1.,1.,1.,1.,1.,1.,1.,1.,1.,1.,1.,1.,1.,1.,1.,1.,1.,1.,1.,1.,1.,
1.,1.,1.,1.,1.,1.,1.,1.,1.,1.,1.,1.,1.,1.,1.,1.,1.,1.,1.,1.,1.,1.,1.,1.,
1.,1.,1.,1.,1.,1.,1.,1.,1.,1.,1.,1.,1.,1.,1.,1.,1.,1.,1.,1.,1.,1.,1.,1.,
1.,1.,1.,1.,1.,1.,1.,1.,1.,1.,1.,1.,1.,1.,1.,1.,1.,1.,1.,1.,1.,1.,1.,1.,
1.,1.,1.,1.,1.,1.,1.,1.,1.,1.,1.,1.,1.,1.,1.,1.,1.,1.,1.,1.,1.,1.,1.,1.,
1.,1.,1.,1.,1.,1.,1.,1.,1.,1.,1.,1.,1.,1.,1.,1.,1.,1.,1.,1.,1.,1.,1.,1.,
1.,1.,1.,1.,1.,1.,1.,1.,1.,1.,1.,1.,1.,1.,1.,1.,1.,1.,1.,1.,1.,1.,1.,1.,
1.,1.,1.,1.,1.,1.)))
REPRESENTATION_ITEM('')
SURFACE()
);
#87=(
BOUNDED_SURFACE()
B_SPLINE_SURFACE(2,3,((#3544,#3545,#3546,#3547,#3548,#3549,#3550,#3551,
#3552,#3553,#3554,#3555,#3556,#3557,#3558,#3559,#3560,#3561,#3562,#3563,
#3564,#3565,#3566,#3567,#3568,#3569,#3570,#3571,#3572,#3573,#3574,#3575,
#3576,#3577,#3578,#3579,#3580,#3581,#3582,#3583,#3584,#3585,#3586,#3587,
#3588,#3589,#3590,#3591,#3592,#3593,#3594,#3595,#3596,#3597,#3598,#3599,
#3600,#3601,#3602,#3603,#3604,#3605,#3606,#3607,#3608,#3609,#3610,#3611,
#3612,#3613,#3614,#3615,#3616,#3617,#3618,#3619,#3620,#3621,#3622,#3623,
#3624,#3625,#3626,#3627,#3628,#3629,#3630,#3631,#3632,#3633,#3634,#3635,
#3636,#3637,#3638,#3639,#3640,#3641,#3642,#3643,#3644,#3645,#3646,#3647,
#3648,#3649,#3650,#3651,#3652,#3653,#3654,#3655,#3656,#3657,#3658,#3659,
#3660,#3661,#3662,#3663,#3664,#3665,#3666,#3667,#3668,#3669,#3670,#3671,
#3672,#3673,#3674,#3675,#3676,#3677,#3678,#3679,#3680,#3681,#3682,#3683,
#3684,#3685,#3686,#3687,#3688,#3689,#3690,#3691,#3692,#3693,#3694,#3695,
#3696,#3697,#3698,#3699,#3700,#3701,#3702,#3703,#3704,#3705,#3706,#3707,
#3708,#3709,#3710,#3711,#3712,#3713,#3714,#3715,#3716,#3717,#3718,#3719,
#3720,#3721,#3722,#3723,#3724,#3725,#3726,#3727,#3728,#3729,#3730,#3731,
#3732,#3733,#3734,#3735,#3736,#3737,#3738,#3739,#3740,#3741,#3742,#3743,
#3744,#3745,#3746,#3747,#3748,#3749,#3750,#3751,#3752,#3753,#3754,#3755,
#3756,#3757,#3758,#3759,#3760,#3761,#3762,#3763,#3764,#3765,#3766,#3767,
#3768,#3769,#3770,#3771,#3772,#3773,#3774,#3775,#3776,#3777,#3778,#3779,
#3780,#3781,#3782,#3783,#3784,#3785,#3786,#3787,#3788,#3789,#3790,#3791,
#3792,#3793,#3794,#3795,#3796,#3797,#3798,#3799,#3800,#3801,#3802,#3803,
#3804,#3805,#3806,#3807,#3808,#3809,#3810,#3811,#3812,#3813,#3814,#3815,
#3816,#3817,#3818,#3819,#3820,#3821,#3822,#3823,#3824,#3825,#3826,#3827,
#3828,#3829,#3830,#3831,#3832,#3833,#3834,#3835,#3836,#3837,#3838,#3839,
#3840,#3841),(#3842,#3843,#3844,#3845,#3846,#3847,#3848,#3849,#3850,#3851,
#3852,#3853,#3854,#3855,#3856,#3857,#3858,#3859,#3860,#3861,#3862,#3863,
#3864,#3865,#3866,#3867,#3868,#3869,#3870,#3871,#3872,#3873,#3874,#3875,
#3876,#3877,#3878,#3879,#3880,#3881,#3882,#3883,#3884,#3885,#3886,#3887,
#3888,#3889,#3890,#3891,#3892,#3893,#3894,#3895,#3896,#3897,#3898,#3899,
#3900,#3901,#3902,#3903,#3904,#3905,#3906,#3907,#3908,#3909,#3910,#3911,
#3912,#3913,#3914,#3915,#3916,#3917,#3918,#3919,#3920,#3921,#3922,#3923,
#3924,#3925,#3926,#3927,#3928,#3929,#3930,#3931,#3932,#3933,#3934,#3935,
#3936,#3937,#3938,#3939,#3940,#3941,#3942,#3943,#3944,#3945,#3946,#3947,
#3948,#3949,#3950,#3951,#3952,#3953,#3954,#3955,#3956,#3957,#3958,#3959,
#3960,#3961,#3962,#3963,#3964,#3965,#3966,#3967,#3968,#3969,#3970,#3971,
#3972,#3973,#3974,#3975,#3976,#3977,#3978,#3979,#3980,#3981,#3982,#3983,
#3984,#3985,#3986,#3987,#3988,#3989,#3990,#3991,#3992,#3993,#3994,#3995,
#3996,#3997,#3998,#3999,#4000,#4001,#4002,#4003,#4004,#4005,#4006,#4007,
#4008,#4009,#4010,#4011,#4012,#4013,#4014,#4015,#4016,#4017,#4018,#4019,
#4020,#4021,#4022,#4023,#4024,#4025,#4026,#4027,#4028,#4029,#4030,#4031,
#4032,#4033,#4034,#4035,#4036,#4037,#4038,#4039,#4040,#4041,#4042,#4043,
#4044,#4045,#4046,#4047,#4048,#4049,#4050,#4051,#4052,#4053,#4054,#4055,
#4056,#4057,#4058,#4059,#4060,#4061,#4062,#4063,#4064,#4065,#4066,#4067,
#4068,#4069,#4070,#4071,#4072,#4073,#4074,#4075,#4076,#4077,#4078,#4079,
#4080,#4081,#4082,#4083,#4084,#4085,#4086,#4087,#4088,#4089,#4090,#4091,
#4092,#4093,#4094,#4095,#4096,#4097,#4098,#4099,#4100,#4101,#4102,#4103,
#4104,#4105,#4106,#4107,#4108,#4109,#4110,#4111,#4112,#4113,#4114,#4115,
#4116,#4117,#4118,#4119,#4120,#4121,#4122,#4123,#4124,#4125,#4126,#4127,
#4128,#4129,#4130,#4131,#4132,#4133,#4134,#4135,#4136,#4137,#4138,#4139),
(#4140,#4141,#4142,#4143,#4144,#4145,#4146,#4147,#4148,#4149,#4150,#4151,
#4152,#4153,#4154,#4155,#4156,#4157,#4158,#4159,#4160,#4161,#4162,#4163,
#4164,#4165,#4166,#4167,#4168,#4169,#4170,#4171,#4172,#4173,#4174,#4175,
#4176,#4177,#4178,#4179,#4180,#4181,#4182,#4183,#4184,#4185,#4186,#4187,
#4188,#4189,#4190,#4191,#4192,#4193,#4194,#4195,#4196,#4197,#4198,#4199,
#4200,#4201,#4202,#4203,#4204,#4205,#4206,#4207,#4208,#4209,#4210,#4211,
#4212,#4213,#4214,#4215,#4216,#4217,#4218,#4219,#4220,#4221,#4222,#4223,
#4224,#4225,#4226,#4227,#4228,#4229,#4230,#4231,#4232,#4233,#4234,#4235,
#4236,#4237,#4238,#4239,#4240,#4241,#4242,#4243,#4244,#4245,#4246,#4247,
#4248,#4249,#4250,#4251,#4252,#4253,#4254,#4255,#4256,#4257,#4258,#4259,
#4260,#4261,#4262,#4263,#4264,#4265,#4266,#4267,#4268,#4269,#4270,#4271,
#4272,#4273,#4274,#4275,#4276,#4277,#4278,#4279,#4280,#4281,#4282,#4283,
#4284,#4285,#4286,#4287,#4288,#4289,#4290,#4291,#4292,#4293,#4294,#4295,
#4296,#4297,#4298,#4299,#4300,#4301,#4302,#4303,#4304,#4305,#4306,#4307,
#4308,#4309,#4310,#4311,#4312,#4313,#4314,#4315,#4316,#4317,#4318,#4319,
#4320,#4321,#4322,#4323,#4324,#4325,#4326,#4327,#4328,#4329,#4330,#4331,
#4332,#4333,#4334,#4335,#4336,#4337,#4338,#4339,#4340,#4341,#4342,#4343,
#4344,#4345,#4346,#4347,#4348,#4349,#4350,#4351,#4352,#4353,#4354,#4355,
#4356,#4357,#4358,#4359,#4360,#4361,#4362,#4363,#4364,#4365,#4366,#4367,
#4368,#4369,#4370,#4371,#4372,#4373,#4374,#4375,#4376,#4377,#4378,#4379,
#4380,#4381,#4382,#4383,#4384,#4385,#4386,#4387,#4388,#4389,#4390,#4391,
#4392,#4393,#4394,#4395,#4396,#4397,#4398,#4399,#4400,#4401,#4402,#4403,
#4404,#4405,#4406,#4407,#4408,#4409,#4410,#4411,#4412,#4413,#4414,#4415,
#4416,#4417,#4418,#4419,#4420,#4421,#4422,#4423,#4424,#4425,#4426,#4427,
#4428,#4429,#4430,#4431,#4432,#4433,#4434,#4435,#4436,#4437)),
 .UNSPECIFIED.,.F.,.F.,.F.)
B_SPLINE_SURFACE_WITH_KNOTS((3,3),(4,2,2,2,2,2,2,2,2,2,2,2,2,2,2,2,2,2,
2,2,2,2,2,2,2,2,2,2,2,2,2,2,2,2,2,2,2,2,2,2,2,2,2,2,2,2,2,2,2,2,2,2,2,2,
2,2,2,2,2,2,2,2,2,2,2,2,2,2,2,2,2,2,2,2,2,2,2,2,2,2,2,2,2,2,2,2,2,2,2,2,
2,2,2,2,2,2,2,2,2,2,2,2,2,2,2,2,2,2,2,2,2,2,2,2,2,2,2,2,2,2,2,2,2,2,2,2,
2,2,2,2,2,2,2,2,2,2,2,2,2,2,2,2,2,2,2,2,2,2,4),(0.,1.),(-1.5707963267949,
-1.52170894158256,-1.50943709527947,-1.50330117212793,-1.49716524897639,
-1.4848934026733,-1.47262155637022,-1.46034971006713,-1.44807786376405,
-1.43580601746096,-1.42353417115788,-1.41126232485479,-1.3989904785517,
-1.38671863224862,-1.37444678594553,-1.36217493964245,-1.34990309333936,
-1.33763124703628,-1.32535940073319,-1.31308755443011,-1.30081570812702,
-1.28854386182394,-1.27627201552085,-1.26400016921777,-1.25172832291468,
-1.22718463030851,-1.20264093770234,-1.17809724509617,-1.15355355249,-1.12900985988383,
-1.10446616727766,-1.07992247467149,-1.05537878206532,-1.03083508945915,
-1.00629139685298,-0.98174770424681,-0.95720401164064,-0.93266031903447,
-0.9081166264283,-0.883572933822129,-0.859029241215959,-0.834485548609789,
-0.809941856003619,-0.785398163397448,-0.760854470791278,-0.736310778185108,
-0.711767085578938,-0.687223392972767,-0.662679700366597,-0.638136007760427,
-0.613592315154256,-0.589048622548086,-0.564504929941916,-0.539961237335746,
-0.515417544729575,-0.490873852123405,-0.466330159517235,-0.441786466911065,
-0.417242774304894,-0.392699081698724,-0.343611696486384,-0.319068003880213,
-0.294524311274043,-0.269980618667873,-0.245436926061703,-0.220893233455532,
-0.196349540849362,-0.171805848243192,-0.147262155637022,-0.122718463030851,
-0.098174770424681,-0.0736310778185108,-0.0490873852123405,-0.0245436926061703,
0.,0.0245436926061703,0.0490873852123405,0.0736310778185108,0.098174770424681,
0.122718463030851,0.147262155637022,0.171805848243192,0.196349540849362,
0.220893233455532,0.245436926061703,0.269980618667873,0.294524311274043,
0.319068003880213,0.343611696486384,0.392699081698724,0.417242774304894,
0.441786466911065,0.466330159517235,0.490873852123405,0.515417544729575,
0.539961237335746,0.564504929941916,0.589048622548086,0.613592315154256,
0.638136007760427,0.662679700366597,0.687223392972767,0.711767085578938,
0.736310778185108,0.760854470791278,0.785398163397448,0.809941856003619,
0.834485548609789,0.859029241215959,0.883572933822129,0.9081166264283,0.93266031903447,
0.95720401164064,0.98174770424681,1.00629139685298,1.03083508945915,1.05537878206532,
1.07992247467149,1.10446616727766,1.12900985988383,1.15355355249,1.17809724509617,
1.20264093770234,1.22718463030851,1.25172832291468,1.26400016921777,1.27627201552085,
1.28854386182394,1.30081570812702,1.31308755443011,1.32535940073319,1.33763124703628,
1.34990309333936,1.36217493964245,1.37444678594553,1.38671863224862,1.3989904785517,
1.41126232485479,1.42353417115788,1.43580601746096,1.44807786376405,1.46034971006713,
1.47262155637022,1.4848934026733,1.49716524897639,1.50330117212793,1.50943709527947,
1.52170894158256,1.5707963267949),.UNSPECIFIED.)
GEOMETRIC_REPRESENTATION_ITEM()
RATIONAL_B_SPLINE_SURFACE(((1.,1.,1.,1.,1.,1.,1.,1.,1.,1.,1.,1.,1.,1.,1.,
1.,1.,1.,1.,1.,1.,1.,1.,1.,1.,1.,1.,1.,1.,1.,1.,1.,1.,1.,1.,1.,1.,1.,1.,
1.,1.,1.,1.,1.,1.,1.,1.,1.,1.,1.,1.,1.,1.,1.,1.,1.,1.,1.,1.,1.,1.,1.,1.,
1.,1.,1.,1.,1.,1.,1.,1.,1.,1.,1.,1.,1.,1.,1.,1.,1.,1.,1.,1.,1.,1.,1.,1.,
1.,1.,1.,1.,1.,1.,1.,1.,1.,1.,1.,1.,1.,1.,1.,1.,1.,1.,1.,1.,1.,1.,1.,1.,
1.,1.,1.,1.,1.,1.,1.,1.,1.,1.,1.,1.,1.,1.,1.,1.,1.,1.,1.,1.,1.,1.,1.,1.,
1.,1.,1.,1.,1.,1.,1.,1.,1.,1.,1.,1.,1.,1.,1.,1.,1.,1.,1.,1.,1.,1.,1.,1.,
1.,1.,1.,1.,1.,1.,1.,1.,1.,1.,1.,1.,1.,1.,1.,1.,1.,1.,1.,1.,1.,1.,1.,1.,
1.,1.,1.,1.,1.,1.,1.,1.,1.,1.,1.,1.,1.,1.,1.,1.,1.,1.,1.,1.,1.,1.,1.,1.,
1.,1.,1.,1.,1.,1.,1.,1.,1.,1.,1.,1.,1.,1.,1.,1.,1.,1.,1.,1.,1.,1.,1.,1.,
1.,1.,1.,1.,1.,1.,1.,1.,1.,1.,1.,1.,1.,1.,1.,1.,1.,1.,1.,1.,1.,1.,1.,1.,
1.,1.,1.,1.,1.,1.,1.,1.,1.,1.,1.,1.,1.,1.,1.,1.,1.,1.,1.,1.,1.,1.,1.,1.,
1.,1.,1.,1.,1.,1.,1.,1.,1.,1.,1.,1.,1.,1.,1.,1.,1.,1.,1.),(0.00023,0.00023,
0.000229953793358254,0.000229838450663992,0.000229812504264396,0.000229769275214033,
0.000229754147305617,0.000229722456466686,0.000229705893535967,0.000229654054556105,
0.000229616628250438,0.000229536055812691,0.000229492909680014,0.00022940091391465,
0.000229352064281264,0.000229248680025849,0.000229194145403036,0.000229079411868155,
0.000229019212955217,0.000228893173730903,0.000228827333418571,0.000228690036481452,
0.000228618579855628,0.000228470077576792,0.00022839303192265,0.000228233381076184,
0.000228150775882627,0.000227980037654846,0.000227891904619295,0.000227710144618685,
0.000227616517652206,0.000227423805920021,0.000227324721152802,0.000227121132174336,
0.000227016627961488,0.00022680224067802,0.000226692357605707,0.000226467255427083,
0.00022635203631898,0.000226116307136836,0.000225995797060903,0.000225749533262515,
0.000225623779538068,0.000225367078020829,0.000225236130225935,0.000224969092412369,
0.000224833002391511,0.000224555734244955,0.000224414556116979,0.000223983474178101,
0.000223686021655224,0.000223071466231537,0.000222754363316512,0.000222101022771233,
0.000221764785125978,0.000221073728019354,0.000220718908542282,0.000219991278214738,
0.000219618467347957,0.000218855482542178,0.000218465308586389,0.000217668264081033,
0.000217261393514348,0.000216431660761066,0.000216008798557209,0.000215147826311088,
0.000214709716251621,0.000213819031183245,0.000213366456157451,0.000212447663432849,
0.000211981445717781,0.00021103622953009,0.000210557231042151,0.000209587355076067,
0.000209096477583964,0.000208103785391458,0.000207601970678901,0.000206588385940954,
0.000206076615905754,0.000205044142551726,0.000204523439226025,0.000203474161378058,
0.000202945586852502,0.000201881668558289,0.000201346324790675,0.000200270009503538,
0.000199729037990222,0.00019864264775062,0.000198097229036617,0.000197003163304469,
0.000196454516305673,0.00019535525038802,0.000194804631496636,0.000193702714510247,
0.000193151416452027,0.000192049468756389,0.000191498819166241,0.000190399529197714,
0.000189850888878333,0.000188757009313502,0.00018821177014007,0.000187126113313695,
0.000186585695747035,0.000185511128248934,0.000184976978419269,0.000183916414795543,
0.000183390001119895,0.000182346396606534,0.000181829205904892,0.000180805548127562,
0.000180299081206414,0.00017929838078861,0.000178804147465535,0.000177829427499513,
0.000177348941049447,0.000176403225400093,0.00017593799641286,0.000175024296844682,
0.000174575826494373,0.000173257779706789,0.000172415584736394,0.000171215706359338,
0.000170826312005973,0.00017007003820135,0.000169703159037853,0.000168993250020754,
0.000168650220461789,0.000167989284841711,0.000167671379077893,0.00016706189550946,
0.000166770318000055,0.000166214616184316,0.000165950492165922,0.00016545073403904,
0.000165215100205712,0.000164773261637275,0.000164567057158904,0.000164184910500251,
0.000164008968552706,0.000163688066383542,0.000163543106365322,0.00016328476678302,
0.000163171387388157,0.000162976681167925,0.00016289535447341,0.000162765094397865,
0.000162716161105994,0.000162650893720929,0.000162634559672906,0.000162634559672906,
0.000162650893720927,0.000162716161105996,0.000162765094397864,0.000162895354473411,
0.000162976681167926,0.000163171387388156,0.00016328476678302,0.000163543106365322,
0.00016368806638354,0.000164008968552708,0.00016418491050025,0.000164567057158905,
0.000164773261637271,0.000165215100205716,0.00016545073403904,0.000165950492165922,
0.000166214616184317,0.000166770318000054,0.00016706189550946,0.000167671379077893,
0.000167989284841711,0.000168650220461789,0.000168993250020755,0.000169703159037852,
0.00017007003820135,0.000170826312005973,0.000171215706359339,0.000172415584736391,
0.000173257779706787,0.000174575826494374,0.000175024296844683,0.000175937996412859,
0.00017640322540009,0.00017734894104945,0.00017782942749951,0.000178804147465537,
0.000179298380788606,0.000180299081206418,0.000180805548127563,0.000181829205904891,
0.000182346396606535,0.000183390001119894,0.000183916414795542,0.00018497697841927,
0.000185511128248932,0.000186585695747036,0.000187126113313693,0.000188211770140071,
0.000188757009313506,0.000189850888878329,0.000190399529197713,0.000191498819166243,
0.00019204946875639,0.000193151416452025,0.000193702714510251,0.000194804631496632,
0.000195355250388015,0.000196454516305678,0.00019700316330447,0.000198097229036615,
0.00019864264775062,0.000199729037990222,0.000200270009503534,0.000201346324790678,
0.00020188166855829,0.000202945586852501,0.000203474161378058,0.000204523439226025,
0.000205044142551727,0.000206076615905752,0.000206588385940954,0.000207601970678901,
0.000208103785391452,0.00020909647758397,0.000209587355076067,0.000210557231042151,
0.000211036229530088,0.000211981445717783,0.000212447663432851,0.000213366456157449,
0.000213819031183244,0.000214709716251622,0.000215147826311084,0.000216008798557213,
0.000216431660761067,0.000217261393514346,0.000217668264081031,0.000218465308586391,
0.000218855482542176,0.000219618467347959,0.000219991278214738,0.000220718908542282,
0.000221073728019355,0.000221764785125977,0.000222101022771233,0.000222754363316512,
0.000223071466231534,0.000223686021655227,0.000223983474178103,0.000224414556116978,
0.000224555734244954,0.000224833002391511,0.000224969092412368,0.000225236130225936,
0.000225367078020824,0.000225623779538074,0.000225749533262514,0.000225995797060904,
0.000226116307136833,0.000226352036318983,0.000226467255427083,0.000226692357605707,
0.000226802240678022,0.000227016627961486,0.000227121132174336,0.000227324721152802,
0.000227423805920024,0.000227616517652203,0.000227710144618686,0.000227891904619295,
0.000227980037654847,0.000228150775882627,0.000228233381076183,0.000228393031922651,
0.000228470077576795,0.000228618579855625,0.000228690036481455,0.000228827333418567,
0.000228893173730905,0.000229019212955215,0.000229079411868154,0.000229194145403036,
0.000229248680025849,0.000229352064281264,0.00022940091391465,0.000229492909680014,
0.000229536055812694,0.000229616628250434,0.000229654054556108,0.000229705893535965,
0.000229722456466685,0.000229754147305618,0.000229769275214032,0.0002298125042644,
0.000229838450663992,0.000229953793358254,0.00023,0.00023),(1.,1.,1.,1.,
1.,1.,1.,1.,1.,1.,1.,1.,1.,1.,1.,1.,1.,1.,1.,1.,1.,1.,1.,1.,1.,1.,1.,1.,
1.,1.,1.,1.,1.,1.,1.,1.,1.,1.,1.,1.,1.,1.,1.,1.,1.,1.,1.,1.,1.,1.,1.,1.,
1.,1.,1.,1.,1.,1.,1.,1.,1.,1.,1.,1.,1.,1.,1.,1.,1.,1.,1.,1.,1.,1.,1.,1.,
1.,1.,1.,1.,1.,1.,1.,1.,1.,1.,1.,1.,1.,1.,1.,1.,1.,1.,1.,1.,1.,1.,1.,1.,
1.,1.,1.,1.,1.,1.,1.,1.,1.,1.,1.,1.,1.,1.,1.,1.,1.,1.,1.,1.,1.,1.,1.,1.,
1.,1.,1.,1.,1.,1.,1.,1.,1.,1.,1.,1.,1.,1.,1.,1.,1.,1.,1.,1.,1.,1.,1.,1.,
1.,1.,1.,1.,1.,1.,1.,1.,1.,1.,1.,1.,1.,1.,1.,1.,1.,1.,1.,1.,1.,1.,1.,1.,
1.,1.,1.,1.,1.,1.,1.,1.,1.,1.,1.,1.,1.,1.,1.,1.,1.,1.,1.,1.,1.,1.,1.,1.,
1.,1.,1.,1.,1.,1.,1.,1.,1.,1.,1.,1.,1.,1.,1.,1.,1.,1.,1.,1.,1.,1.,1.,1.,
1.,1.,1.,1.,1.,1.,1.,1.,1.,1.,1.,1.,1.,1.,1.,1.,1.,1.,1.,1.,1.,1.,1.,1.,
1.,1.,1.,1.,1.,1.,1.,1.,1.,1.,1.,1.,1.,1.,1.,1.,1.,1.,1.,1.,1.,1.,1.,1.,
1.,1.,1.,1.,1.,1.,1.,1.,1.,1.,1.,1.,1.,1.,1.,1.,1.,1.,1.,1.,1.,1.,1.,1.,
1.,1.,1.,1.,1.,1.)))
REPRESENTATION_ITEM('')
SURFACE()
);
#88=(
BOUNDED_SURFACE()
B_SPLINE_SURFACE(3,2,((#4753,#4754,#4755),(#4756,#4757,#4758),(#4759,#4760,
#4761),(#4762,#4763,#4764),(#4765,#4766,#4767),(#4768,#4769,#4770),(#4771,
#4772,#4773)),.UNSPECIFIED.,.F.,.F.,.F.)
B_SPLINE_SURFACE_WITH_KNOTS((4,1,1,1,4),(3,3),(0.0078909722198031,0.011328242308779,
0.014765512397755,0.0182027824867309,0.0216400525757069),(0.,1.),
 .UNSPECIFIED.)
GEOMETRIC_REPRESENTATION_ITEM()
RATIONAL_B_SPLINE_SURFACE(((1.,0.887010833177184,1.),(1.,0.924794874646722,
1.),(1.,0.966076289477497,1.),(1.,0.977262681750321,1.),(1.,0.9660419029585,
1.),(1.,0.924443742036744,1.),(1.,0.887010833178221,1.)))
REPRESENTATION_ITEM('')
SURFACE()
);
#89=(
BOUNDED_SURFACE()
B_SPLINE_SURFACE(3,2,((#4791,#4792,#4793),(#4794,#4795,#4796),(#4797,#4798,
#4799),(#4800,#4801,#4802),(#4803,#4804,#4805),(#4806,#4807,#4808),(#4809,
#4810,#4811),(#4812,#4813,#4814)),.UNSPECIFIED.,.F.,.F.,.F.)
B_SPLINE_SURFACE_WITH_KNOTS((4,1,1,1,1,4),(3,3),(0.0319171223920357,0.037429256333257,
0.0429413902744783,0.0456974572450889,0.0484535242156996,0.0539656581569209),
(0.,1.),.UNSPECIFIED.)
GEOMETRIC_REPRESENTATION_ITEM()
RATIONAL_B_SPLINE_SURFACE(((1.,0.852795250242415,1.),(1.,0.86295439081205,
1.),(1.,0.886743493841684,1.),(1.,0.910940348604525,1.),(1.,0.901877100821419,
1.),(1.,0.881216494712014,1.),(1.,0.863011059401841,1.),(1.,0.852795250242415,
1.)))
REPRESENTATION_ITEM('')
SURFACE()
);
#90=(
BOUNDED_SURFACE()
B_SPLINE_SURFACE(3,2,((#4820,#4821,#4822),(#4823,#4824,#4825),(#4826,#4827,
#4828),(#4829,#4830,#4831)),.UNSPECIFIED.,.F.,.F.,.F.)
B_SPLINE_SURFACE_WITH_KNOTS((4,4),(3,3),(0.00720405168640926,0.0114438037009653),
(0.,1.),.PIECEWISE_BEZIER_KNOTS.)
GEOMETRIC_REPRESENTATION_ITEM()
RATIONAL_B_SPLINE_SURFACE(((1.,0.887010833178223,1.),(1.,0.928227866407724,
1.),(1.,0.927879902054629,1.),(1.,0.887010833178152,1.)))
REPRESENTATION_ITEM('')
SURFACE()
);
#91=(
BOUNDED_SURFACE()
B_SPLINE_SURFACE(3,2,((#4836,#4837,#4838),(#4839,#4840,#4841),(#4842,#4843,
#4844),(#4845,#4846,#4847),(#4848,#4849,#4850),(#4851,#4852,#4853),(#4854,
#4855,#4856)),.UNSPECIFIED.,.F.,.F.,.F.)
B_SPLINE_SURFACE_WITH_KNOTS((4,1,1,1,4),(3,3),(0.00789097221981518,0.0113282423087974,
0.0147655123977797,0.018202782486762,0.0216400525757442),(0.,1.),
 .UNSPECIFIED.)
GEOMETRIC_REPRESENTATION_ITEM()
RATIONAL_B_SPLINE_SURFACE(((1.,0.887010833177458,1.),(1.,0.924794874592248,
1.),(1.,0.966076289503072,1.),(1.,0.977262681743348,1.),(1.,0.966041902960783,
1.),(1.,0.924443742034978,1.),(1.,0.8870108331772,1.)))
REPRESENTATION_ITEM('')
SURFACE()
);
#92=(
BOUNDED_SURFACE()
B_SPLINE_SURFACE(3,2,((#4862,#4863,#4864),(#4865,#4866,#4867),(#4868,#4869,
#4870),(#4871,#4872,#4873)),.UNSPECIFIED.,.F.,.F.,.F.)
B_SPLINE_SURFACE_WITH_KNOTS((4,4),(3,3),(0.0072040516864092,0.0114438037009654),
(0.,1.),.PIECEWISE_BEZIER_KNOTS.)
GEOMETRIC_REPRESENTATION_ITEM()
RATIONAL_B_SPLINE_SURFACE(((1.,0.887010833178221,1.),(1.,0.928227866408661,
1.),(1.,0.927879902056253,1.),(1.,0.887010833178148,1.)))
REPRESENTATION_ITEM('')
SURFACE()
);
#93=(
BOUNDED_SURFACE()
B_SPLINE_SURFACE(3,2,((#4881,#4882,#4883),(#4884,#4885,#4886),(#4887,#4888,
#4889),(#4890,#4891,#4892),(#4893,#4894,#4895),(#4896,#4897,#4898),(#4899,
#4900,#4901),(#4902,#4903,#4904)),.UNSPECIFIED.,.F.,.F.,.F.)
B_SPLINE_SURFACE_WITH_KNOTS((4,1,1,1,1,4),(3,3),(0.0319171223920356,0.0374292563332569,
0.0429413902744782,0.0456974572450889,0.0484535242156995,0.0539656581569208),
(0.,1.),.UNSPECIFIED.)
GEOMETRIC_REPRESENTATION_ITEM()
RATIONAL_B_SPLINE_SURFACE(((1.,0.852795250242414,1.),(1.,0.862954390813985,
1.),(1.,0.886743493840764,1.),(1.,0.910940348604637,1.),(1.,0.9018771008214,
1.),(1.,0.881216494712002,1.),(1.,0.863011059401943,1.),(1.,0.852795250242414,
1.)))
REPRESENTATION_ITEM('')
SURFACE()
);
#94=(
BOUNDED_SURFACE()
B_SPLINE_SURFACE(3,2,((#4908,#4909,#4910),(#4911,#4912,#4913),(#4914,#4915,
#4916),(#4917,#4918,#4919),(#4920,#4921,#4922),(#4923,#4924,#4925),(#4926,
#4927,#4928)),.UNSPECIFIED.,.F.,.F.,.F.)
B_SPLINE_SURFACE_WITH_KNOTS((4,1,1,1,4),(3,3),(0.0236156212063277,0.0291317293744432,
0.0346478375425587,0.0401639457106742,0.0456800538787897),(0.,1.),
 .UNSPECIFIED.)
GEOMETRIC_REPRESENTATION_ITEM()
RATIONAL_B_SPLINE_SURFACE(((1.,0.852795250242414,1.),(1.,0.862988456774777,
1.),(1.,0.886764892884063,1.),(1.,0.915906423787306,1.),(1.,0.887446803882442,
1.),(1.,0.863020655958568,1.),(1.,0.852795250242414,1.)))
REPRESENTATION_ITEM('')
SURFACE()
);
#95=(
BOUNDED_SURFACE()
B_SPLINE_SURFACE(3,2,((#4933,#4934,#4935),(#4936,#4937,#4938),(#4939,#4940,
#4941),(#4942,#4943,#4944),(#4945,#4946,#4947),(#4948,#4949,#4950),(#4951,
#4952,#4953),(#4954,#4955,#4956)),.UNSPECIFIED.,.F.,.F.,.F.)
B_SPLINE_SURFACE_WITH_KNOTS((4,1,1,1,1,4),(3,3),(0.0146966224663727,0.0202138654150032,
0.0229724868893185,0.0257311083636337,0.0312483513122642,0.0367655942608947),
(0.,1.),.UNSPECIFIED.)
GEOMETRIC_REPRESENTATION_ITEM()
RATIONAL_B_SPLINE_SURFACE(((1.,0.852795250242414,1.),(1.,0.863000322002749,
1.),(1.,0.880869190456527,1.),(1.,0.901406792401431,1.),(1.,0.911120371617225,
1.),(1.,0.887468075004524,1.),(1.,0.863061663610121,1.),(1.,0.852795250242415,
1.)))
REPRESENTATION_ITEM('')
SURFACE()
);
#96=(
BOUNDED_SURFACE()
B_SPLINE_SURFACE(3,2,((#4958,#4959,#4960),(#4961,#4962,#4963),(#4964,#4965,
#4966),(#4967,#4968,#4969),(#4970,#4971,#4972),(#4973,#4974,#4975),(#4976,
#4977,#4978)),.UNSPECIFIED.,.F.,.F.,.F.)
B_SPLINE_SURFACE_WITH_KNOTS((4,1,1,1,4),(3,3),(0.0236156212063279,0.0291317293744434,
0.0346478375425589,0.0401639457106743,0.0456800538787898),(0.,1.),
 .UNSPECIFIED.)
GEOMETRIC_REPRESENTATION_ITEM()
RATIONAL_B_SPLINE_SURFACE(((1.,0.852795250242413,1.),(1.,0.862988456776309,
1.),(1.,0.886764892883347,1.),(1.,0.915906423787509,1.),(1.,0.88744680388234,
1.),(1.,0.86302065595867,1.),(1.,0.852795250242413,1.)))
REPRESENTATION_ITEM('')
SURFACE()
);
#97=(
BOUNDED_SURFACE()
B_SPLINE_SURFACE(3,2,((#4991,#4992,#4993),(#4994,#4995,#4996),(#4997,#4998,
#4999),(#5000,#5001,#5002),(#5003,#5004,#5005),(#5006,#5007,#5008),(#5009,
#5010,#5011),(#5012,#5013,#5014)),.UNSPECIFIED.,.F.,.F.,.F.)
B_SPLINE_SURFACE_WITH_KNOTS((4,1,1,1,1,4),(3,3),(0.0319171223920358,0.0374292563332571,
0.0429413902744784,0.0456974572450891,0.0484535242156997,0.053965658156921),
(0.,1.),.UNSPECIFIED.)
GEOMETRIC_REPRESENTATION_ITEM()
RATIONAL_B_SPLINE_SURFACE(((1.,0.852795250242414,1.),(1.,0.862954390812457,
1.),(1.,0.88674349384147,1.),(1.,0.910940348604602,1.),(1.,0.90187710082132,
1.),(1.,0.881216494712523,1.),(1.,0.863011059399588,1.),(1.,0.852795250242415,
1.)))
REPRESENTATION_ITEM('')
SURFACE()
);
#98=(
BOUNDED_SURFACE()
B_SPLINE_SURFACE(3,2,((#5016,#5017,#5018),(#5019,#5020,#5021),(#5022,#5023,
#5024),(#5025,#5026,#5027),(#5028,#5029,#5030),(#5031,#5032,#5033),(#5034,
#5035,#5036),(#5037,#5038,#5039)),.UNSPECIFIED.,.F.,.F.,.F.)
B_SPLINE_SURFACE_WITH_KNOTS((4,1,1,1,1,4),(3,3),(0.0146966224663726,0.0202138654150031,
0.0229724868893183,0.0257311083636336,0.0312483513122641,0.0367655942608946),
(0.,1.),.UNSPECIFIED.)
GEOMETRIC_REPRESENTATION_ITEM()
RATIONAL_B_SPLINE_SURFACE(((1.,0.852795250242415,1.),(1.,0.86300032200101,
1.),(1.,0.88086919045692,1.),(1.,0.901406792401358,1.),(1.,0.911120371617277,
1.),(1.,0.88746807500441,1.),(1.,0.863061663610327,1.),(1.,0.852795250242414,
1.)))
REPRESENTATION_ITEM('')
SURFACE()
);
#99=(
BOUNDED_SURFACE()
B_SPLINE_SURFACE(3,2,((#5047,#5048,#5049),(#5050,#5051,#5052),(#5053,#5054,
#5055),(#5056,#5057,#5058),(#5059,#5060,#5061),(#5062,#5063,#5064),(#5065,
#5066,#5067),(#5068,#5069,#5070)),.UNSPECIFIED.,.F.,.F.,.F.)
B_SPLINE_SURFACE_WITH_KNOTS((4,1,1,1,1,4),(3,3),(0.0319171223920356,0.0374292563332569,
0.0429413902744782,0.0456974572450889,0.0484535242156995,0.0539656581569209),
(0.,1.),.UNSPECIFIED.)
GEOMETRIC_REPRESENTATION_ITEM()
RATIONAL_B_SPLINE_SURFACE(((1.,0.852795250242415,1.),(1.,0.862954390812254,
1.),(1.,0.886743493841586,1.),(1.,0.910940348604538,1.),(1.,0.901877100821412,
1.),(1.,0.881216494712037,1.),(1.,0.863011059401739,1.),(1.,0.852795250242415,
1.)))
REPRESENTATION_ITEM('')
SURFACE()
);
#100=B_SPLINE_SURFACE_WITH_KNOTS('',1,3,((#1963,#1964,#1965,#1966,#1967,
#1968,#1969,#1970,#1971,#1972,#1973,#1974,#1975,#1976,#1977,#1978,#1979,
#1980,#1981,#1982,#1983,#1984,#1985,#1986,#1987,#1988,#1989,#1990,#1991,
#1992,#1993,#1994,#1995,#1996,#1997,#1998,#1999,#2000,#2001,#2002,#2003,
#2004),(#2005,#2006,#2007,#2008,#2009,#2010,#2011,#2012,#2013,#2014,#2015,
#2016,#2017,#2018,#2019,#2020,#2021,#2022,#2023,#2024,#2025,#2026,#2027,
#2028,#2029,#2030,#2031,#2032,#2033,#2034,#2035,#2036,#2037,#2038,#2039,
#2040,#2041,#2042,#2043,#2044,#2045,#2046)),.RULED_SURF.,.F.,.F.,.F.,(2,
2),(4,1,1,1,1,1,1,1,1,1,1,1,1,1,1,1,1,1,1,1,1,1,1,1,1,1,1,1,1,1,1,1,1,1,
1,1,1,1,1,4),(0.200092178681753,0.853982828317511),(0.0164789036184482,
0.0256449469345906,0.0512898938691812,0.0769348408037717,0.102579787738362,
0.128224734672953,0.153869681607543,0.179514628542134,0.205159575476725,
0.230804522411315,0.256449469345906,0.282094416280496,0.307739363215087,
0.333384310149678,0.359029257084268,0.384674204018859,0.410319150953449,
0.43596409788804,0.46160904482263,0.487253991757221,0.512898938691812,0.538543885626402,
0.564188832560993,0.589833779495583,0.615478726430174,0.641123673364765,
0.666768620299355,0.692413567233946,0.718058514168536,0.743703461103127,
0.769348408037717,0.794993354972308,0.820638301906899,0.846283248841489,
0.87192819577608,0.89757314271067,0.923218089645261,0.948863036579851,0.974507983514442,
1.),.UNSPECIFIED.);
#101=B_SPLINE_SURFACE_WITH_KNOTS('',3,3,((#2047,#2048,#2049,#2050,#2051,
#2052,#2053,#2054,#2055,#2056,#2057,#2058,#2059,#2060,#2061,#2062,#2063,
#2064,#2065,#2066,#2067,#2068,#2069,#2070,#2071,#2072,#2073,#2074,#2075,
#2076,#2077,#2078,#2079,#2080,#2081,#2082,#2083),(#2084,#2085,#2086,#2087,
#2088,#2089,#2090,#2091,#2092,#2093,#2094,#2095,#2096,#2097,#2098,#2099,
#2100,#2101,#2102,#2103,#2104,#2105,#2106,#2107,#2108,#2109,#2110,#2111,
#2112,#2113,#2114,#2115,#2116,#2117,#2118,#2119,#2120),(#2121,#2122,#2123,
#2124,#2125,#2126,#2127,#2128,#2129,#2130,#2131,#2132,#2133,#2134,#2135,
#2136,#2137,#2138,#2139,#2140,#2141,#2142,#2143,#2144,#2145,#2146,#2147,
#2148,#2149,#2150,#2151,#2152,#2153,#2154,#2155,#2156,#2157),(#2158,#2159,
#2160,#2161,#2162,#2163,#2164,#2165,#2166,#2167,#2168,#2169,#2170,#2171,
#2172,#2173,#2174,#2175,#2176,#2177,#2178,#2179,#2180,#2181,#2182,#2183,
#2184,#2185,#2186,#2187,#2188,#2189,#2190,#2191,#2192,#2193,#2194)),
 .UNSPECIFIED.,.F.,.F.,.F.,(4,4),(4,1,1,1,1,1,1,1,1,1,1,1,1,1,1,1,1,1,1,
1,1,1,1,1,1,1,1,1,1,1,1,1,1,1,4),(0.187026979209001,0.840761562967615),
(0.133228403183343,0.160315015583864,0.173858321784124,0.191916063384471,
0.214488240384905,0.241574852785425,0.268661465185946,0.295748077586466,
0.322834689986987,0.349921302387507,0.377007914788028,0.404094527188548,
0.431181139589069,0.458267751989589,0.48535436439011,0.51244097679063,0.539527589191151,
0.566614201591672,0.593700813992192,0.620787426392713,0.647874038793233,
0.674960651193754,0.702047263594274,0.729133875994795,0.756220488395315,
0.783307100795836,0.810393713196356,0.837480325596877,0.864566937997397,
0.891653550397918,0.918740162798438,0.941312339798872,0.959370081399219,
0.972913387599479,1.),.UNSPECIFIED.);
#102=B_SPLINE_SURFACE_WITH_KNOTS('',3,3,((#2278,#2279,#2280,#2281,#2282,
#2283,#2284,#2285,#2286,#2287,#2288,#2289,#2290,#2291,#2292,#2293,#2294,
#2295,#2296,#2297,#2298,#2299,#2300,#2301,#2302,#2303,#2304,#2305,#2306,
#2307,#2308,#2309,#2310,#2311,#2312,#2313,#2314),(#2315,#2316,#2317,#2318,
#2319,#2320,#2321,#2322,#2323,#2324,#2325,#2326,#2327,#2328,#2329,#2330,
#2331,#2332,#2333,#2334,#2335,#2336,#2337,#2338,#2339,#2340,#2341,#2342,
#2343,#2344,#2345,#2346,#2347,#2348,#2349,#2350,#2351),(#2352,#2353,#2354,
#2355,#2356,#2357,#2358,#2359,#2360,#2361,#2362,#2363,#2364,#2365,#2366,
#2367,#2368,#2369,#2370,#2371,#2372,#2373,#2374,#2375,#2376,#2377,#2378,
#2379,#2380,#2381,#2382,#2383,#2384,#2385,#2386,#2387,#2388),(#2389,#2390,
#2391,#2392,#2393,#2394,#2395,#2396,#2397,#2398,#2399,#2400,#2401,#2402,
#2403,#2404,#2405,#2406,#2407,#2408,#2409,#2410,#2411,#2412,#2413,#2414,
#2415,#2416,#2417,#2418,#2419,#2420,#2421,#2422,#2423,#2424,#2425)),
 .UNSPECIFIED.,.F.,.F.,.F.,(4,4),(4,1,1,1,1,1,1,1,1,1,1,1,1,1,1,1,1,1,1,
1,1,1,1,1,1,1,1,1,1,1,1,1,1,1,4),(0.187026979209003,0.840761562967614),
(0.133228403183343,0.160315015583863,0.173858321784124,0.191916063384471,
0.214488240384904,0.241574852785425,0.268661465185945,0.295748077586466,
0.322834689986987,0.349921302387507,0.377007914788028,0.404094527188548,
0.431181139589069,0.458267751989589,0.48535436439011,0.51244097679063,0.539527589191151,
0.566614201591671,0.593700813992192,0.620787426392712,0.647874038793233,
0.674960651193754,0.702047263594274,0.729133875994795,0.756220488395315,
0.783307100795836,0.810393713196356,0.837480325596877,0.864566937997397,
0.891653550397918,0.918740162798438,0.941312339798872,0.959370081399219,
0.972913387599479,1.),.UNSPECIFIED.);
#103=B_SPLINE_SURFACE_WITH_KNOTS('',3,3,((#2426,#2427,#2428,#2429,#2430,
#2431,#2432,#2433,#2434,#2435,#2436,#2437,#2438,#2439,#2440,#2441,#2442,
#2443,#2444,#2445,#2446,#2447,#2448,#2449,#2450,#2451,#2452,#2453,#2454,
#2455,#2456,#2457,#2458,#2459,#2460,#2461,#2462,#2463,#2464,#2465,#2466,
#2467,#2468,#2469,#2470,#2471,#2472,#2473,#2474,#2475,#2476,#2477,#2478,
#2479,#2480,#2481),(#2482,#2483,#2484,#2485,#2486,#2487,#2488,#2489,#2490,
#2491,#2492,#2493,#2494,#2495,#2496,#2497,#2498,#2499,#2500,#2501,#2502,
#2503,#2504,#2505,#2506,#2507,#2508,#2509,#2510,#2511,#2512,#2513,#2514,
#2515,#2516,#2517,#2518,#2519,#2520,#2521,#2522,#2523,#2524,#2525,#2526,
#2527,#2528,#2529,#2530,#2531,#2532,#2533,#2534,#2535,#2536,#2537),(#2538,
#2539,#2540,#2541,#2542,#2543,#2544,#2545,#2546,#2547,#2548,#2549,#2550,
#2551,#2552,#2553,#2554,#2555,#2556,#2557,#2558,#2559,#2560,#2561,#2562,
#2563,#2564,#2565,#2566,#2567,#2568,#2569,#2570,#2571,#2572,#2573,#2574,
#2575,#2576,#2577,#2578,#2579,#2580,#2581,#2582,#2583,#2584,#2585,#2586,
#2587,#2588,#2589,#2590,#2591,#2592,#2593),(#2594,#2595,#2596,#2597,#2598,
#2599,#2600,#2601,#2602,#2603,#2604,#2605,#2606,#2607,#2608,#2609,#2610,
#2611,#2612,#2613,#2614,#2615,#2616,#2617,#2618,#2619,#2620,#2621,#2622,
#2623,#2624,#2625,#2626,#2627,#2628,#2629,#2630,#2631,#2632,#2633,#2634,
#2635,#2636,#2637,#2638,#2639,#2640,#2641,#2642,#2643,#2644,#2645,#2646,
#2647,#2648,#2649)),.UNSPECIFIED.,.F.,.F.,.F.,(4,4),(4,1,1,1,1,1,1,1,1,
1,1,1,1,1,1,1,1,1,1,1,1,1,1,1,1,1,1,1,1,1,1,1,1,1,1,1,1,1,1,1,1,1,1,1,1,
1,1,1,1,1,1,1,1,4),(0.159224828484559,0.812973824029579),(0.00137095313016616,
0.0327657101870504,0.0484630887154925,0.0641604672439346,0.0798578457723768,
0.1007876838103,0.126949981357703,0.153112278905107,0.174042116943029,0.189739495471472,
0.205436873999914,0.221134252528356,0.236831631056798,0.257761469094721,
0.283923766642124,0.310086064189528,0.331015902227451,0.346713280755893,
0.362410659284335,0.383340497322258,0.409502794869661,0.435665092417065,
0.456594930454988,0.47229230898343,0.487989687511872,0.503687066040314,
0.519384444568756,0.540314282606679,0.566476580154083,0.592638877701486,
0.613568715739409,0.629266094267851,0.644963472796293,0.665893310834216,
0.692055608381619,0.718217905929023,0.739147743966946,0.754845122495388,
0.77054250102383,0.786239879552272,0.801937258080714,0.822867096118637,
0.84379693415656,0.864726772194483,0.880424150722925,0.896121529251367,
0.911818907779809,0.927516286308251,0.943213664836693,0.958911043365135,
0.974608421893577,0.987689570667279,0.996846374808871,1.00600317895046),
 .UNSPECIFIED.);
#104=B_SPLINE_SURFACE_WITH_KNOTS('',1,3,((#4519,#4520,#4521,#4522,#4523,
#4524,#4525,#4526,#4527,#4528,#4529,#4530,#4531,#4532,#4533,#4534,#4535,
#4536,#4537,#4538,#4539,#4540,#4541,#4542,#4543,#4544,#4545,#4546,#4547,
#4548,#4549,#4550,#4551,#4552,#4553,#4554,#4555,#4556,#4557,#4558,#4559,
#4560),(#4561,#4562,#4563,#4564,#4565,#4566,#4567,#4568,#4569,#4570,#4571,
#4572,#4573,#4574,#4575,#4576,#4577,#4578,#4579,#4580,#4581,#4582,#4583,
#4584,#4585,#4586,#4587,#4588,#4589,#4590,#4591,#4592,#4593,#4594,#4595,
#4596,#4597,#4598,#4599,#4600,#4601,#4602)),.RULED_SURF.,.F.,.F.,.F.,(2,
2),(4,1,1,1,1,1,1,1,1,1,1,1,1,1,1,1,1,1,1,1,1,1,1,1,1,1,1,1,1,1,1,1,1,1,
1,1,1,1,1,4),(0.200092178681752,0.853982828317511),(0.0164789036184187,
0.0256449469345906,0.0512898938691812,0.0769348408037717,0.102579787738362,
0.128224734672953,0.153869681607543,0.179514628542134,0.205159575476725,
0.230804522411315,0.256449469345906,0.282094416280496,0.307739363215087,
0.333384310149678,0.359029257084268,0.384674204018859,0.410319150953449,
0.43596409788804,0.46160904482263,0.487253991757221,0.512898938691812,0.538543885626402,
0.564188832560993,0.589833779495583,0.615478726430174,0.641123673364765,
0.666768620299355,0.692413567233946,0.718058514168536,0.743703461103127,
0.769348408037717,0.794993354972308,0.820638301906899,0.846283248841489,
0.87192819577608,0.89757314271067,0.923218089645261,0.948863036579851,0.974507983514442,
1.),.UNSPECIFIED.);
#105=B_SPLINE_SURFACE_WITH_KNOTS('',3,3,((#4603,#4604,#4605,#4606,#4607,
#4608,#4609,#4610,#4611,#4612,#4613,#4614,#4615,#4616,#4617,#4618,#4619,
#4620,#4621,#4622,#4623,#4624,#4625,#4626,#4627,#4628,#4629,#4630,#4631,
#4632,#4633,#4634,#4635,#4636,#4637,#4638,#4639),(#4640,#4641,#4642,#4643,
#4644,#4645,#4646,#4647,#4648,#4649,#4650,#4651,#4652,#4653,#4654,#4655,
#4656,#4657,#4658,#4659,#4660,#4661,#4662,#4663,#4664,#4665,#4666,#4667,
#4668,#4669,#4670,#4671,#4672,#4673,#4674,#4675,#4676),(#4677,#4678,#4679,
#4680,#4681,#4682,#4683,#4684,#4685,#4686,#4687,#4688,#4689,#4690,#4691,
#4692,#4693,#4694,#4695,#4696,#4697,#4698,#4699,#4700,#4701,#4702,#4703,
#4704,#4705,#4706,#4707,#4708,#4709,#4710,#4711,#4712,#4713),(#4714,#4715,
#4716,#4717,#4718,#4719,#4720,#4721,#4722,#4723,#4724,#4725,#4726,#4727,
#4728,#4729,#4730,#4731,#4732,#4733,#4734,#4735,#4736,#4737,#4738,#4739,
#4740,#4741,#4742,#4743,#4744,#4745,#4746,#4747,#4748,#4749,#4750)),
 .UNSPECIFIED.,.F.,.F.,.F.,(4,4),(4,1,1,1,1,1,1,1,1,1,1,1,1,1,1,1,1,1,1,
1,1,1,1,1,1,1,1,1,1,1,1,1,1,1,4),(0.187026979209002,0.840761562967614),
(0.133228403183341,0.160315015583862,0.173858321784122,0.191916063384469,
0.214488240384903,0.241574852785424,0.268661465185944,0.295748077586465,
0.322834689986986,0.349921302387506,0.377007914788027,0.404094527188547,
0.431181139589068,0.458267751989588,0.485354364390109,0.51244097679063,
0.53952758919115,0.566614201591671,0.593700813992191,0.620787426392712,
0.647874038793233,0.674960651193753,0.702047263594274,0.729133875994794,
0.756220488395315,0.783307100795835,0.810393713196356,0.837480325596876,
0.864566937997397,0.891653550397918,0.918740162798438,0.941312339798872,
0.959370081399219,0.972913387599479,1.),.UNSPECIFIED.);
#106=CYLINDRICAL_SURFACE('',#951,0.15625);
#107=CYLINDRICAL_SURFACE('',#959,0.15625);
#108=CYLINDRICAL_SURFACE('',#975,0.1875);
#109=CYLINDRICAL_SURFACE('',#977,0.1875);
#110=CYLINDRICAL_SURFACE('',#979,0.1875);
#111=CYLINDRICAL_SURFACE('',#1003,0.03);
#112=CYLINDRICAL_SURFACE('',#1007,0.03);
#113=CYLINDRICAL_SURFACE('',#1020,0.03);
#114=CYLINDRICAL_SURFACE('',#1024,0.03);
#115=CONICAL_SURFACE('',#947,0.400051884552428,0.872664625997165);
#116=CONICAL_SURFACE('',#949,0.400051884552428,0.872664625997165);
#117=CONICAL_SURFACE('',#954,0.400051884552428,0.610865238198016);
#118=CONICAL_SURFACE('',#961,0.400051884552428,0.610865238198015);
#119=CONICAL_SURFACE('',#969,0.400051884552428,0.610865238198015);
#120=CIRCLE('',#937,0.41566889606898);
#121=CIRCLE('',#939,0.41566889606898);
#122=CIRCLE('',#941,0.41566889606898);
#123=CIRCLE('',#944,0.41566889606898);
#124=CIRCLE('',#948,0.403077434478414);
#125=CIRCLE('',#950,0.403077434478414);
#126=CIRCLE('',#952,0.15625);
#127=CIRCLE('',#953,0.15625);
#128=CIRCLE('',#955,0.397786501440341);
#129=CIRCLE('',#956,0.225);
#130=CIRCLE('',#958,0.1875);
#131=CIRCLE('',#960,0.15625);
#132=CIRCLE('',#962,0.39109433474031);
#133=CIRCLE('',#963,0.39109433474031);
#134=CIRCLE('',#964,0.39109433474031);
#135=CIRCLE('',#965,0.39109433474031);
#136=CIRCLE('',#966,0.225);
#137=CIRCLE('',#968,0.1875);
#138=CIRCLE('',#970,0.397786501440341);
#139=CIRCLE('',#971,0.225);
#140=CIRCLE('',#973,0.1875);
#141=CIRCLE('',#982,0.03);
#142=CIRCLE('',#983,0.03);
#143=CIRCLE('',#985,0.03);
#144=CIRCLE('',#987,0.03);
#145=CIRCLE('',#988,0.03);
#146=CIRCLE('',#990,0.03);
#147=CIRCLE('',#991,0.03);
#148=CIRCLE('',#993,0.03);
#149=CIRCLE('',#994,0.03);
#150=CIRCLE('',#995,0.03);
#151=CIRCLE('',#997,0.03);
#152=CIRCLE('',#998,0.03);
#153=CIRCLE('',#1000,0.03);
#154=CIRCLE('',#1001,0.03);
#155=CIRCLE('',#1002,0.03);
#156=CIRCLE('',#1004,0.03);
#157=CIRCLE('',#1005,0.03);
#158=CIRCLE('',#1006,0.03);
#159=CIRCLE('',#1008,0.03);
#160=CIRCLE('',#1009,0.03);
#161=CIRCLE('',#1010,0.03);
#162=CIRCLE('',#1011,0.03);
#163=CIRCLE('',#1013,0.03);
#164=CIRCLE('',#1015,0.03);
#165=CIRCLE('',#1017,0.03);
#166=CIRCLE('',#1019,0.03);
#167=CIRCLE('',#1021,0.03);
#168=CIRCLE('',#1022,0.03);
#169=CIRCLE('',#1023,0.03);
#170=CIRCLE('',#1025,0.03);
#171=CIRCLE('',#1027,0.03);
#172=CIRCLE('',#1029,0.03);
#173=B_SPLINE_CURVE_WITH_KNOTS('',3,(#1289,#1290,#1291,#1292),
 .UNSPECIFIED.,.F.,.F.,(4,4),(0.,0.00456999198940238),.UNSPECIFIED.);
#174=B_SPLINE_CURVE_WITH_KNOTS('',3,(#1296,#1297,#1298,#1299),
 .UNSPECIFIED.,.F.,.F.,(4,4),(0.017475688714649,0.0220056282271382),
 .UNSPECIFIED.);
#175=B_SPLINE_CURVE_WITH_KNOTS('',3,(#1309,#1310,#1311,#1312),
 .UNSPECIFIED.,.F.,.F.,(4,4),(0.0174388929974068,0.0219551702298504),
 .UNSPECIFIED.);
#176=B_SPLINE_CURVE_WITH_KNOTS('',3,(#1316,#1317,#1318,#1319,#1320,#1321,
#1322,#1323),.UNSPECIFIED.,.F.,.F.,(4,1,1,1,1,4),(0.,0.00557699978524807,
0.0111539995704961,0.0139424994631202,0.0167309993557442,0.0223079991409923),
 .UNSPECIFIED.);
#177=B_SPLINE_CURVE_WITH_KNOTS('',3,(#1328,#1329,#1330,#1331,#1332,#1333,
#1334,#1335),.UNSPECIFIED.,.F.,.F.,(4,1,1,1,1,4),(0.,0.00553707053628719,
0.00830560580443078,0.0110741410725744,0.0166112116088616,0.0221482821451487),
 .UNSPECIFIED.);
#178=B_SPLINE_CURVE_WITH_KNOTS('',3,(#1342,#1343,#1344,#1345),
 .UNSPECIFIED.,.F.,.F.,(4,4),(0.,0.00457353791024355),.UNSPECIFIED.);
#179=B_SPLINE_CURVE_WITH_KNOTS('',3,(#1352,#1353,#1354,#1355,#1356,#1357,
#1358),.UNSPECIFIED.,.F.,.F.,(4,1,1,1,4),(0.,0.00550140705678454,0.0110028141135691,
0.0165042211703536,0.0220056282271382),.UNSPECIFIED.);
#180=B_SPLINE_CURVE_WITH_KNOTS('',3,(#1362,#1363,#1364,#1365,#1366,#1367,
#1368),.UNSPECIFIED.,.F.,.F.,(4,1,1,1,4),(0.,0.00550140705678454,0.0110028141135691,
0.0165042211703536,0.0220056282271382),.UNSPECIFIED.);
#181=B_SPLINE_CURVE_WITH_KNOTS('',3,(#1370,#1371,#1372,#1373,#1374,#1375,
#1376),.UNSPECIFIED.,.F.,.F.,(4,1,1,1,4),(0.,0.00550140705678454,0.0110028141135691,
0.0165042211703536,0.0220056282271382),.UNSPECIFIED.);
#182=B_SPLINE_CURVE_WITH_KNOTS('',3,(#1381,#1382,#1383,#1384,#1385,#1386,
#1387),.UNSPECIFIED.,.F.,.F.,(4,1,1,1,4),(0.,0.00557693539292207,0.0111538707858441,
0.0167308061787662,0.0223077415716883),.UNSPECIFIED.);
#183=B_SPLINE_CURVE_WITH_KNOTS('',3,(#1393,#1394,#1395,#1396,#1397,#1398,
#1399),.UNSPECIFIED.,.F.,.F.,(4,1,1,1,4),(0.,0.00571895394914178,0.0114379078982836,
0.0171568618474254,0.0228758157965671),.UNSPECIFIED.);
#184=B_SPLINE_CURVE_WITH_KNOTS('',3,(#1402,#1403,#1404,#1405,#1406,#1407,
#1408),.UNSPECIFIED.,.F.,.F.,(4,1,1,1,4),(0.,0.00571895394914178,0.0114379078982836,
0.0171568618474253,0.0228758157965671),.UNSPECIFIED.);
#185=B_SPLINE_CURVE_WITH_KNOTS('',3,(#1410,#1411,#1412,#1413,#1414,#1415,
#1416,#1417),.UNSPECIFIED.,.F.,.F.,(4,1,1,1,1,4),(0.,0.00570583492199304,
0.00855875238298956,0.0114116698439861,0.0171175047659791,0.0228233396879722),
 .UNSPECIFIED.);
#186=B_SPLINE_CURVE_WITH_KNOTS('',3,(#1419,#1420,#1421,#1422,#1423,#1424,
#1425),.UNSPECIFIED.,.F.,.F.,(4,1,1,1,4),(0.,0.00572330001951969,0.0114466000390394,
0.0171699000585591,0.0228932000780788),.UNSPECIFIED.);
#187=B_SPLINE_CURVE_WITH_KNOTS('',3,(#1429,#1430,#1431,#1432,#1433,#1434,
#1435),.UNSPECIFIED.,.F.,.F.,(4,1,1,1,4),(0.,0.00572095653902035,0.0114419130780407,
0.017162869617061,0.0228838261560814),.UNSPECIFIED.);
#188=B_SPLINE_CURVE_WITH_KNOTS('',3,(#1438,#1439,#1440,#1441,#1442,#1443,
#1444),.UNSPECIFIED.,.F.,.F.,(4,1,1,1,4),(0.,0.00565145499462235,0.0113029099892447,
0.0169543649838671,0.0226058199784894),.UNSPECIFIED.);
#189=B_SPLINE_CURVE_WITH_KNOTS('',3,(#1446,#1447,#1448,#1449,#1450,#1451,
#1452),.UNSPECIFIED.,.F.,.F.,(4,1,1,1,4),(0.,0.00571895394914178,0.0114379078982836,
0.0171568618474253,0.0228758157965671),.UNSPECIFIED.);
#190=B_SPLINE_CURVE_WITH_KNOTS('',3,(#1454,#1455,#1456,#1457,#1458,#1459,
#1460),.UNSPECIFIED.,.F.,.F.,(4,1,1,1,4),(0.,0.00571895394914178,0.0114379078982836,
0.0171568618474253,0.0228758157965671),.UNSPECIFIED.);
#191=B_SPLINE_CURVE_WITH_KNOTS('',3,(#1462,#1463,#1464,#1465,#1466,#1467,
#1468,#1469,#1470,#1471,#1472,#1473,#1474,#1475,#1476,#1477,#1478,#1479,
#1480,#1481,#1482,#1483,#1484,#1485,#1486),.UNSPECIFIED.,.F.,.F.,(4,1,1,
1,1,1,1,1,1,1,1,1,1,1,1,1,1,1,1,1,1,1,4),(0.,0.0625,0.09375,0.109375,0.125,
0.140625,0.15625,0.1875,0.25,0.3125,0.375,0.5,0.625,0.6875,0.75,0.8125,
0.84375,0.859375,0.875,0.890625,0.90625,0.9375,1.),.UNSPECIFIED.);
#192=B_SPLINE_CURVE_WITH_KNOTS('',3,(#1489,#1490,#1491,#1492,#1493,#1494,
#1495,#1496,#1497,#1498,#1499,#1500,#1501,#1502,#1503,#1504,#1505,#1506,
#1507,#1508,#1509,#1510,#1511,#1512,#1513),.UNSPECIFIED.,.F.,.F.,(4,1,1,
1,1,1,1,1,1,1,1,1,1,1,1,1,1,1,1,1,1,1,4),(0.,0.0625,0.09375,0.109375,0.125,
0.140625,0.15625,0.1875,0.25,0.3125,0.375,0.5,0.625,0.6875,0.75,0.8125,
0.84375,0.859375,0.875,0.890625,0.90625,0.9375,1.),.UNSPECIFIED.);
#193=B_SPLINE_CURVE_WITH_KNOTS('',3,(#1517,#1518,#1519,#1520,#1521,#1522,
#1523,#1524,#1525,#1526,#1527,#1528,#1529,#1530,#1531,#1532,#1533,#1534,
#1535,#1536,#1537,#1538,#1539,#1540,#1541,#1542,#1543,#1544,#1545,#1546,
#1547,#1548,#1549,#1550,#1551),.UNSPECIFIED.,.F.,.F.,(4,1,1,1,1,1,1,1,1,
1,1,1,1,1,1,1,1,1,1,1,1,1,1,1,1,1,1,1,1,1,1,1,4),(0.,0.00370316592861043,
0.00740633185722087,0.0111094977858313,0.0148126637144417,0.0185158296430522,
0.0222189955716626,0.025922161500273,0.0296253274288835,0.0333284933574939,
0.0370316592861043,0.0407348252147148,0.0444379911433252,0.0481411570719356,
0.0518443230005461,0.0555474889291565,0.0592506548577669,0.0629538207863774,
0.0666569867149878,0.0703601526435983,0.0740633185722087,0.0777664845008191,
0.0814696504294296,0.08517281635804,0.0888759822866504,0.0925791482152609,
0.0962823141438713,0.0999854800724817,0.103688646001092,0.107391811929703,
0.111094977858313,0.114798143786923,0.118501309715534),.UNSPECIFIED.);
#194=B_SPLINE_CURVE_WITH_KNOTS('',3,(#1555,#1556,#1557,#1558,#1559,#1560,
#1561,#1562,#1563,#1564,#1565,#1566,#1567,#1568,#1569,#1570,#1571,#1572,
#1573,#1574,#1575,#1576,#1577,#1578,#1579,#1580,#1581,#1582,#1583,#1584,
#1585,#1586,#1587,#1588,#1589),.UNSPECIFIED.,.F.,.F.,(4,1,1,1,1,1,1,1,1,
1,1,1,1,1,1,1,1,1,1,1,1,1,1,1,1,1,1,1,1,1,1,1,4),(0.0332648533552527,0.0363382309344873,
0.0394116085137219,0.0424849860929565,0.0455583636721911,0.0486317412514257,
0.0517051188306603,0.0547784964098949,0.0578518739891294,0.060925251568364,
0.0639986291475986,0.0670720067268332,0.0701453843060678,0.0732187618853024,
0.076292139464537,0.0793655170437716,0.0824388946230062,0.0855122722022408,
0.0885856497814753,0.0916590273607099,0.0947324049399445,0.0978057825191791,
0.100879160098414,0.103952537677648,0.107025915256883,0.110099292836117,
0.113172670415352,0.116246047994587,0.119319425573821,0.122392803153056,
0.12546618073229,0.128539558311525,0.13161293589076),.UNSPECIFIED.);
#195=B_SPLINE_CURVE_WITH_KNOTS('',3,(#1593,#1594,#1595,#1596,#1597,#1598,
#1599,#1600,#1601,#1602,#1603,#1604,#1605,#1606,#1607,#1608,#1609,#1610,
#1611,#1612,#1613,#1614,#1615,#1616,#1617,#1618,#1619,#1620,#1621,#1622,
#1623,#1624,#1625,#1626,#1627),.UNSPECIFIED.,.F.,.F.,(4,1,1,1,1,1,1,1,1,
1,1,1,1,1,1,1,1,1,1,1,1,1,1,1,1,1,1,1,1,1,1,1,4),(4.33680868994202E-19,
0.00370316592861053,0.00740633185722106,0.0111094977858316,0.0148126637144421,
0.0185158296430527,0.0222189955716632,0.0259221615002737,0.0296253274288843,
0.0333284933574948,0.0370316592861053,0.0407348252147158,0.0444379911433264,
0.0481411570719369,0.0518443230005474,0.055547488929158,0.0592506548577685,
0.062953820786379,0.0666569867149896,0.0703601526436001,0.0740633185722106,
0.0777664845008212,0.0814696504294317,0.0851728163580422,0.0888759822866527,
0.0925791482152633,0.0962823141438738,0.0999854800724843,0.103688646001095,
0.107391811929705,0.111094977858316,0.114798143786926,0.118501309715537),
 .UNSPECIFIED.);
#196=B_SPLINE_CURVE_WITH_KNOTS('',3,(#1631,#1632,#1633,#1634,#1635,#1636,
#1637,#1638,#1639,#1640,#1641,#1642,#1643,#1644,#1645,#1646,#1647,#1648,
#1649,#1650,#1651,#1652,#1653,#1654,#1655,#1656,#1657,#1658,#1659,#1660,
#1661,#1662,#1663,#1664,#1665),.UNSPECIFIED.,.F.,.F.,(4,1,1,1,1,1,1,1,1,
1,1,1,1,1,1,1,1,1,1,1,1,1,1,1,1,1,1,1,1,1,1,1,4),(0.0332648533552694,0.0363382309345034,
0.0394116085137374,0.0424849860929715,0.0455583636722055,0.0486317412514395,
0.0517051188306735,0.0547784964099076,0.0578518739891416,0.0609252515683756,
0.0639986291476096,0.0670720067268437,0.0701453843060777,0.0732187618853117,
0.0762921394645457,0.0793655170437798,0.0824388946230138,0.0855122722022478,
0.0885856497814818,0.0916590273607159,0.0947324049399499,0.0978057825191839,
0.100879160098418,0.103952537677652,0.107025915256886,0.11009929283612,
0.113172670415354,0.116246047994588,0.119319425573822,0.122392803153056,
0.12546618073229,0.128539558311524,0.131612935890758),.UNSPECIFIED.);
#197=B_SPLINE_CURVE_WITH_KNOTS('',3,(#1672,#1673,#1674,#1675,#1676),
 .UNSPECIFIED.,.F.,.F.,(4,1,4),(0.00224569974684524,0.00621543067498237,
0.0101851616031195),.UNSPECIFIED.);
#198=B_SPLINE_CURVE_WITH_KNOTS('',3,(#1680,#1681,#1682,#1683,#1684),
 .UNSPECIFIED.,.F.,.F.,(4,1,4),(0.00738673341487344,0.0113696766403158,
0.0153526198657581),.UNSPECIFIED.);
#199=B_SPLINE_CURVE_WITH_KNOTS('',3,(#1689,#1690,#1691,#1692,#1693,#1694,
#1695,#1696,#1697,#1698,#1699,#1700,#1701,#1702,#1703,#1704,#1705,#1706,
#1707,#1708,#1709,#1710,#1711,#1712,#1713,#1714,#1715,#1716,#1717,#1718,
#1719,#1720,#1721,#1722,#1723),.UNSPECIFIED.,.F.,.F.,(4,1,1,1,1,1,1,1,1,
1,1,1,1,1,1,1,1,1,1,1,1,1,1,1,1,1,1,1,1,1,1,1,4),(0.0332648533552866,0.03633823093452,
0.0394116085137534,0.0424849860929868,0.0455583636722203,0.0486317412514537,
0.0517051188306871,0.0547784964099205,0.057851873989154,0.0609252515683874,
0.0639986291476208,0.0670720067268542,0.0701453843060876,0.0732187618853211,
0.0762921394645545,0.0793655170437879,0.0824388946230213,0.0855122722022547,
0.0885856497814882,0.0916590273607216,0.094732404939955,0.0978057825191885,
0.100879160098422,0.103952537677655,0.107025915256889,0.110099292836122,
0.113172670415356,0.116246047994589,0.119319425573822,0.122392803153056,
0.125466180732289,0.128539558311523,0.131612935890756),.UNSPECIFIED.);
#200=B_SPLINE_CURVE_WITH_KNOTS('',3,(#1727,#1728,#1729,#1730,#1731,#1732,
#1733,#1734,#1735,#1736,#1737,#1738,#1739,#1740,#1741,#1742,#1743,#1744,
#1745,#1746,#1747,#1748,#1749,#1750,#1751,#1752,#1753,#1754,#1755,#1756,
#1757,#1758,#1759,#1760,#1761),.UNSPECIFIED.,.F.,.F.,(4,1,1,1,1,1,1,1,1,
1,1,1,1,1,1,1,1,1,1,1,1,1,1,1,1,1,1,1,1,1,1,1,4),(0.029743975990236,0.033506735288207,
0.0372694945861779,0.0410322538841488,0.0447950131821197,0.0485577724800906,
0.0523205317780615,0.0560832910760325,0.0598460503740034,0.0636088096719743,
0.0673715689699452,0.0711343282679161,0.0748970875658871,0.078659846863858,
0.0824226061618289,0.0861853654597998,0.0899481247577707,0.0937108840557416,
0.0974736433537126,0.101236402651683,0.104999161949654,0.108761921247625,
0.112524680545596,0.116287439843567,0.120050199141538,0.123812958439509,
0.12757571773748,0.131338477035451,0.135101236333422,0.138863995631393,
0.142626754929364,0.146389514227334,0.150152273525305),.UNSPECIFIED.);
#201=B_SPLINE_CURVE_WITH_KNOTS('',3,(#1762,#1763,#1764,#1765,#1766,#1767,
#1768,#1769,#1770,#1771,#1772,#1773,#1774,#1775,#1776,#1777,#1778,#1779,
#1780,#1781,#1782,#1783,#1784,#1785,#1786),.UNSPECIFIED.,.F.,.F.,(4,1,1,
1,1,1,1,1,1,1,1,1,1,1,1,1,1,1,1,1,1,1,4),(0.,0.0625,0.09375,0.109375,0.125,
0.140625,0.15625,0.1875,0.25,0.3125,0.375,0.5,0.625,0.6875,0.75,0.8125,
0.84375,0.859375,0.875,0.890625,0.90625,0.9375,1.),.UNSPECIFIED.);
#202=B_SPLINE_CURVE_WITH_KNOTS('',3,(#1787,#1788,#1789,#1790,#1791,#1792,
#1793,#1794,#1795,#1796,#1797,#1798,#1799,#1800,#1801,#1802,#1803,#1804,
#1805,#1806,#1807,#1808,#1809,#1810,#1811),.UNSPECIFIED.,.F.,.F.,(4,1,1,
1,1,1,1,1,1,1,1,1,1,1,1,1,1,1,1,1,1,1,4),(0.,0.0625,0.09375,0.109375,0.125,
0.140625,0.15625,0.1875,0.25,0.3125,0.375,0.5,0.625,0.6875,0.75,0.8125,
0.84375,0.859375,0.875,0.890625,0.90625,0.9375,1.),.UNSPECIFIED.);
#203=B_SPLINE_CURVE_WITH_KNOTS('',3,(#1816,#1817,#1818,#1819,#1820,#1821,
#1822),.UNSPECIFIED.,.F.,.F.,(4,1,1,1,4),(5.15186588005614E-17,0.00320499940626019,
0.00640999881252033,0.00961499821878046,0.0128199976250406),
 .UNSPECIFIED.);
#204=B_SPLINE_CURVE_WITH_KNOTS('',3,(#1826,#1827,#1828,#1829),
 .UNSPECIFIED.,.F.,.F.,(4,4),(0.,0.00396852099658595),.UNSPECIFIED.);
#205=B_SPLINE_CURVE_WITH_KNOTS('',3,(#1833,#1834,#1835,#1836,#1837,#1838,
#1839),.UNSPECIFIED.,.F.,.F.,(4,1,1,1,4),(0.,0.00320499940625483,0.00640999881250967,
0.0096149982187645,0.0128199976250193),.UNSPECIFIED.);
#206=B_SPLINE_CURVE_WITH_KNOTS('',3,(#1843,#1844,#1845,#1846),
 .UNSPECIFIED.,.F.,.F.,(4,4),(0.,0.00396852099658582),.UNSPECIFIED.);
#207=B_SPLINE_CURVE_WITH_KNOTS('',3,(#1853,#1854,#1855,#1856,#1857),
 .UNSPECIFIED.,.F.,.F.,(4,1,4),(0.00738673341487336,0.0113696766403158,
0.0153526198657583),.UNSPECIFIED.);
#208=B_SPLINE_CURVE_WITH_KNOTS('',3,(#1858,#1859,#1860,#1861,#1862),
 .UNSPECIFIED.,.F.,.F.,(4,1,4),(0.0323104621910658,0.0362283067577705,0.0401461513244752),
 .UNSPECIFIED.);
#209=B_SPLINE_CURVE_WITH_KNOTS('',3,(#1869,#1870,#1871,#1872,#1873),
 .UNSPECIFIED.,.F.,.F.,(4,1,4),(0.00224569974684171,0.00621543067495044,
0.0101851616030592),.UNSPECIFIED.);
#210=B_SPLINE_CURVE_WITH_KNOTS('',3,(#1877,#1878,#1879,#1880,#1881),
 .UNSPECIFIED.,.F.,.F.,(4,1,4),(0.00738673341487335,0.0113696766403156,
0.0153526198657579),.UNSPECIFIED.);
#211=B_SPLINE_CURVE_WITH_KNOTS('',3,(#1883,#1884,#1885,#1886),
 .UNSPECIFIED.,.F.,.F.,(4,4),(0.00600930866879214,0.00692593636824961),
 .UNSPECIFIED.);
#212=B_SPLINE_CURVE_WITH_KNOTS('',1,(#1890,#1891),.UNSPECIFIED.,.F.,.F.,
(2,2),(0.,1.),.PIECEWISE_BEZIER_KNOTS.);
#213=B_SPLINE_CURVE_WITH_KNOTS('',3,(#1893,#1894,#1895,#1896,#1897,#1898,
#1899,#1900,#1901,#1902,#1903,#1904,#1905,#1906,#1907,#1908,#1909,#1910,
#1911,#1912,#1913,#1914,#1915,#1916,#1917,#1918,#1919,#1920,#1921,#1922,
#1923,#1924,#1925,#1926,#1927),.UNSPECIFIED.,.F.,.F.,(4,1,1,1,1,1,1,1,1,
1,1,1,1,1,1,1,1,1,1,1,1,1,1,1,1,1,1,1,1,1,1,1,4),(0.0118821205921865,0.0160559669950876,
0.0202298133979886,0.0244036598008896,0.0285775062037906,0.0327513526066917,
0.0369251990095927,0.0410990454124937,0.0452728918153947,0.0494467382182958,
0.0536205846211968,0.0577944310240978,0.0619682774269988,0.0661421238298999,
0.0703159702328009,0.0744898166357019,0.0786636630386029,0.082837509441504,
0.087011355844405,0.091185202247306,0.0953590486502071,0.0995328950531081,
0.103706741456009,0.10788058785891,0.112054434261811,0.116228280664712,
0.120402127067613,0.124575973470514,0.128749819873415,0.132923666276316,
0.137097512679217,0.141271359082118,0.145445205485019),.UNSPECIFIED.);
#214=B_SPLINE_CURVE_WITH_KNOTS('',3,(#1928,#1929,#1930,#1931,#1932,#1933,
#1934,#1935,#1936,#1937,#1938,#1939,#1940,#1941,#1942,#1943,#1944,#1945,
#1946,#1947,#1948,#1949,#1950,#1951,#1952,#1953,#1954,#1955,#1956,#1957,
#1958,#1959,#1960,#1961,#1962),.UNSPECIFIED.,.F.,.F.,(4,1,1,1,1,1,1,1,1,
1,1,1,1,1,1,1,1,1,1,1,1,1,1,1,1,1,1,1,1,1,1,1,4),(0.,0.00391478283425317,
0.00782956566850633,0.0117443485027595,0.0156591313370127,0.0195739141712658,
0.023488697005519,0.0274034798397722,0.0313182626740253,0.0352330455082785,
0.0391478283425317,0.0430626111767848,0.046977394011038,0.0508921768452912,
0.0548069596795443,0.0587217425137975,0.0626365253480507,0.0665513081823038,
0.070466091016557,0.0743808738508102,0.0782956566850633,0.0822104395193165,
0.0861252223535697,0.0900400051878228,0.093954788022076,0.0978695708563292,
0.101784353690582,0.105699136524835,0.109613919359089,0.113528702193342,
0.117443485027595,0.121358267861848,0.125273050696101),.UNSPECIFIED.);
#215=B_SPLINE_CURVE_WITH_KNOTS('',3,(#2196,#2197,#2198,#2199),
 .UNSPECIFIED.,.F.,.F.,(4,4),(0.00600930866879212,0.00692593636824959),
 .UNSPECIFIED.);
#216=B_SPLINE_CURVE_WITH_KNOTS('',3,(#2203,#2204,#2205,#2206),
 .UNSPECIFIED.,.F.,.F.,(4,4),(0.00195993965155554,0.00287656749021294),
 .UNSPECIFIED.);
#217=B_SPLINE_CURVE_WITH_KNOTS('',3,(#2208,#2209,#2210,#2211,#2212,#2213,
#2214,#2215,#2216,#2217,#2218,#2219,#2220,#2221,#2222,#2223,#2224,#2225,
#2226,#2227,#2228,#2229,#2230,#2231,#2232,#2233,#2234,#2235,#2236,#2237,
#2238,#2239,#2240,#2241,#2242),.UNSPECIFIED.,.F.,.F.,(4,1,1,1,1,1,1,1,1,
1,1,1,1,1,1,1,1,1,1,1,1,1,1,1,1,1,1,1,1,1,1,1,4),(0.,0.00424011366481955,
0.00848022732963911,0.0127203409944587,0.0169604546592782,0.0212005683240978,
0.0254406819889173,0.0296807956537369,0.0339209093185564,0.038161022983376,
0.0424011366481955,0.0466412503130151,0.0508813639778347,0.0551214776426542,
0.0593615913074738,0.0636017049722933,0.0678418186371129,0.0720819323019324,
0.076322045966752,0.0805621596315715,0.0848022732963911,0.0890423869612106,
0.0932825006260302,0.0975226142908498,0.101762727955669,0.106002841620489,
0.110242955285308,0.114483068950128,0.118723182614948,0.122963296279767,
0.127203409944587,0.131443523609406,0.135683637274226),.UNSPECIFIED.);
#218=B_SPLINE_CURVE_WITH_KNOTS('',3,(#2243,#2244,#2245,#2246,#2247,#2248,
#2249,#2250,#2251,#2252,#2253,#2254,#2255,#2256,#2257,#2258,#2259,#2260,
#2261,#2262,#2263,#2264,#2265,#2266,#2267,#2268,#2269,#2270,#2271,#2272,
#2273,#2274,#2275,#2276,#2277),.UNSPECIFIED.,.F.,.F.,(4,1,1,1,1,1,1,1,1,
1,1,1,1,1,1,1,1,1,1,1,1,1,1,1,1,1,1,1,1,1,1,1,4),(0.,0.00391478283425317,
0.00782956566850634,0.0117443485027595,0.0156591313370127,0.0195739141712658,
0.023488697005519,0.0274034798397722,0.0313182626740254,0.0352330455082785,
0.0391478283425317,0.0430626111767849,0.046977394011038,0.0508921768452912,
0.0548069596795444,0.0587217425137975,0.0626365253480507,0.0665513081823039,
0.070466091016557,0.0743808738508102,0.0782956566850634,0.0822104395193166,
0.0861252223535697,0.0900400051878229,0.0939547880220761,0.0978695708563292,
0.101784353690582,0.105699136524836,0.109613919359089,0.113528702193342,
0.117443485027595,0.121358267861848,0.125273050696101),.UNSPECIFIED.);
#219=B_SPLINE_CURVE_WITH_KNOTS('',3,(#4439,#4440,#4441,#4442),
 .UNSPECIFIED.,.F.,.F.,(4,4),(0.00600930866879212,0.00692593636824959),
 .UNSPECIFIED.);
#220=B_SPLINE_CURVE_WITH_KNOTS('',1,(#4446,#4447),.UNSPECIFIED.,.F.,.F.,
(2,2),(0.,1.),.PIECEWISE_BEZIER_KNOTS.);
#221=B_SPLINE_CURVE_WITH_KNOTS('',3,(#4449,#4450,#4451,#4452,#4453,#4454,
#4455,#4456,#4457,#4458,#4459,#4460,#4461,#4462,#4463,#4464,#4465,#4466,
#4467,#4468,#4469,#4470,#4471,#4472,#4473,#4474,#4475,#4476,#4477,#4478,
#4479,#4480,#4481,#4482,#4483),.UNSPECIFIED.,.F.,.F.,(4,1,1,1,1,1,1,1,1,
1,1,1,1,1,1,1,1,1,1,1,1,1,1,1,1,1,1,1,1,1,1,1,4),(0.0118821205921249,0.0160559669950279,
0.0202298133979308,0.0244036598008338,0.0285775062037367,0.0327513526066397,
0.0369251990095427,0.0410990454124456,0.0452728918153485,0.0494467382182515,
0.0536205846211544,0.0577944310240574,0.0619682774269604,0.0661421238298633,
0.0703159702327663,0.0744898166356692,0.0786636630385722,0.0828375094414751,
0.0870113558443781,0.091185202247281,0.095359048650184,0.0995328950530869,
0.10370674145599,0.107880587858893,0.112054434261796,0.116228280664699,
0.120402127067602,0.124575973470505,0.128749819873408,0.13292366627631,
0.137097512679213,0.141271359082116,0.145445205485019),.UNSPECIFIED.);
#222=B_SPLINE_CURVE_WITH_KNOTS('',3,(#4484,#4485,#4486,#4487,#4488,#4489,
#4490,#4491,#4492,#4493,#4494,#4495,#4496,#4497,#4498,#4499,#4500,#4501,
#4502,#4503,#4504,#4505,#4506,#4507,#4508,#4509,#4510,#4511,#4512,#4513,
#4514,#4515,#4516,#4517,#4518),.UNSPECIFIED.,.F.,.F.,(4,1,1,1,1,1,1,1,1,
1,1,1,1,1,1,1,1,1,1,1,1,1,1,1,1,1,1,1,1,1,1,1,4),(0.,0.00391478283425318,
0.00782956566850635,0.0117443485027595,0.0156591313370127,0.0195739141712659,
0.0234886970055191,0.0274034798397722,0.0313182626740254,0.0352330455082786,
0.0391478283425318,0.0430626111767849,0.0469773940110381,0.0508921768452913,
0.0548069596795445,0.0587217425137977,0.0626365253480508,0.066551308182304,
0.0704660910165572,0.0743808738508104,0.0782956566850635,0.0822104395193167,
0.0861252223535699,0.0900400051878231,0.0939547880220762,0.0978695708563294,
0.101784353690583,0.105699136524836,0.109613919359089,0.113528702193342,
0.117443485027595,0.121358267861848,0.125273050696102),.UNSPECIFIED.);
#223=B_SPLINE_CURVE_WITH_KNOTS('',3,(#4774,#4775,#4776,#4777,#4778),
 .UNSPECIFIED.,.F.,.F.,(4,1,4),(1.3931895148881E-15,0.00662817381683142,
0.0132563476336615),.UNSPECIFIED.);
#224=B_SPLINE_CURVE_WITH_KNOTS('',3,(#4832,#4833,#4834,#4835),
 .UNSPECIFIED.,.F.,.F.,(4,4),(0.,0.00417226820321305),.UNSPECIFIED.);
#225=B_SPLINE_CURVE_WITH_KNOTS('',3,(#4857,#4858,#4859,#4860,#4861),
 .UNSPECIFIED.,.F.,.F.,(4,1,4),(1.04935859217378E-15,0.00662817381684251,
0.013256347633684),.UNSPECIFIED.);
#226=B_SPLINE_CURVE_WITH_KNOTS('',3,(#4874,#4875,#4876,#4877),
 .UNSPECIFIED.,.F.,.F.,(4,4),(0.,0.00417226820321319),.UNSPECIFIED.);
#227=ORIENTED_EDGE('',*,*,#473,.T.);
#228=ORIENTED_EDGE('',*,*,#474,.T.);
#229=ORIENTED_EDGE('',*,*,#475,.T.);
#230=ORIENTED_EDGE('',*,*,#476,.T.);
#231=ORIENTED_EDGE('',*,*,#477,.T.);
#232=ORIENTED_EDGE('',*,*,#478,.T.);
#233=ORIENTED_EDGE('',*,*,#479,.T.);
#234=ORIENTED_EDGE('',*,*,#480,.T.);
#235=ORIENTED_EDGE('',*,*,#481,.T.);
#236=ORIENTED_EDGE('',*,*,#482,.T.);
#237=ORIENTED_EDGE('',*,*,#483,.T.);
#238=ORIENTED_EDGE('',*,*,#484,.T.);
#239=ORIENTED_EDGE('',*,*,#485,.T.);
#240=ORIENTED_EDGE('',*,*,#486,.T.);
#241=ORIENTED_EDGE('',*,*,#487,.T.);
#242=ORIENTED_EDGE('',*,*,#488,.T.);
#243=ORIENTED_EDGE('',*,*,#489,.T.);
#244=ORIENTED_EDGE('',*,*,#490,.T.);
#245=ORIENTED_EDGE('',*,*,#491,.T.);
#246=ORIENTED_EDGE('',*,*,#492,.T.);
#247=ORIENTED_EDGE('',*,*,#493,.T.);
#248=ORIENTED_EDGE('',*,*,#494,.T.);
#249=ORIENTED_EDGE('',*,*,#495,.T.);
#250=ORIENTED_EDGE('',*,*,#496,.T.);
#251=ORIENTED_EDGE('',*,*,#497,.T.);
#252=ORIENTED_EDGE('',*,*,#498,.T.);
#253=ORIENTED_EDGE('',*,*,#499,.T.);
#254=ORIENTED_EDGE('',*,*,#500,.T.);
#255=ORIENTED_EDGE('',*,*,#501,.T.);
#256=ORIENTED_EDGE('',*,*,#502,.T.);
#257=ORIENTED_EDGE('',*,*,#503,.T.);
#258=ORIENTED_EDGE('',*,*,#504,.T.);
#259=ORIENTED_EDGE('',*,*,#505,.T.);
#260=ORIENTED_EDGE('',*,*,#506,.T.);
#261=ORIENTED_EDGE('',*,*,#507,.T.);
#262=ORIENTED_EDGE('',*,*,#508,.T.);
#263=ORIENTED_EDGE('',*,*,#509,.F.);
#264=ORIENTED_EDGE('',*,*,#510,.T.);
#265=ORIENTED_EDGE('',*,*,#511,.T.);
#266=ORIENTED_EDGE('',*,*,#512,.T.);
#267=ORIENTED_EDGE('',*,*,#513,.F.);
#268=ORIENTED_EDGE('',*,*,#514,.T.);
#269=ORIENTED_EDGE('',*,*,#515,.T.);
#270=ORIENTED_EDGE('',*,*,#516,.T.);
#271=ORIENTED_EDGE('',*,*,#517,.T.);
#272=ORIENTED_EDGE('',*,*,#518,.F.);
#273=ORIENTED_EDGE('',*,*,#511,.F.);
#274=ORIENTED_EDGE('',*,*,#519,.T.);
#275=ORIENTED_EDGE('',*,*,#520,.T.);
#276=ORIENTED_EDGE('',*,*,#521,.T.);
#277=ORIENTED_EDGE('',*,*,#518,.T.);
#278=ORIENTED_EDGE('',*,*,#522,.T.);
#279=ORIENTED_EDGE('',*,*,#523,.T.);
#280=ORIENTED_EDGE('',*,*,#524,.F.);
#281=ORIENTED_EDGE('',*,*,#525,.T.);
#282=ORIENTED_EDGE('',*,*,#526,.T.);
#283=ORIENTED_EDGE('',*,*,#527,.T.);
#284=ORIENTED_EDGE('',*,*,#528,.T.);
#285=ORIENTED_EDGE('',*,*,#529,.T.);
#286=ORIENTED_EDGE('',*,*,#530,.T.);
#287=ORIENTED_EDGE('',*,*,#531,.T.);
#288=ORIENTED_EDGE('',*,*,#532,.T.);
#289=ORIENTED_EDGE('',*,*,#533,.T.);
#290=ORIENTED_EDGE('',*,*,#534,.T.);
#291=ORIENTED_EDGE('',*,*,#535,.T.);
#292=ORIENTED_EDGE('',*,*,#536,.F.);
#293=ORIENTED_EDGE('',*,*,#537,.T.);
#294=ORIENTED_EDGE('',*,*,#538,.T.);
#295=ORIENTED_EDGE('',*,*,#522,.F.);
#296=ORIENTED_EDGE('',*,*,#539,.T.);
#297=ORIENTED_EDGE('',*,*,#536,.T.);
#298=ORIENTED_EDGE('',*,*,#540,.T.);
#299=ORIENTED_EDGE('',*,*,#541,.F.);
#300=ORIENTED_EDGE('',*,*,#515,.F.);
#301=ORIENTED_EDGE('',*,*,#542,.T.);
#302=ORIENTED_EDGE('',*,*,#543,.T.);
#303=ORIENTED_EDGE('',*,*,#544,.T.);
#304=ORIENTED_EDGE('',*,*,#541,.T.);
#305=ORIENTED_EDGE('',*,*,#509,.T.);
#306=ORIENTED_EDGE('',*,*,#545,.F.);
#307=ORIENTED_EDGE('',*,*,#546,.F.);
#308=ORIENTED_EDGE('',*,*,#547,.T.);
#309=ORIENTED_EDGE('',*,*,#548,.F.);
#310=ORIENTED_EDGE('',*,*,#546,.T.);
#311=ORIENTED_EDGE('',*,*,#549,.F.);
#312=ORIENTED_EDGE('',*,*,#520,.F.);
#313=ORIENTED_EDGE('',*,*,#547,.F.);
#314=ORIENTED_EDGE('',*,*,#548,.T.);
#315=ORIENTED_EDGE('',*,*,#519,.F.);
#316=ORIENTED_EDGE('',*,*,#510,.F.);
#317=ORIENTED_EDGE('',*,*,#521,.F.);
#318=ORIENTED_EDGE('',*,*,#549,.T.);
#319=ORIENTED_EDGE('',*,*,#545,.T.);
#320=ORIENTED_EDGE('',*,*,#512,.F.);
#321=ORIENTED_EDGE('',*,*,#524,.T.);
#322=ORIENTED_EDGE('',*,*,#550,.F.);
#323=ORIENTED_EDGE('',*,*,#551,.F.);
#324=ORIENTED_EDGE('',*,*,#552,.T.);
#325=ORIENTED_EDGE('',*,*,#553,.F.);
#326=ORIENTED_EDGE('',*,*,#551,.T.);
#327=ORIENTED_EDGE('',*,*,#554,.F.);
#328=ORIENTED_EDGE('',*,*,#537,.F.);
#329=ORIENTED_EDGE('',*,*,#538,.F.);
#330=ORIENTED_EDGE('',*,*,#554,.T.);
#331=ORIENTED_EDGE('',*,*,#550,.T.);
#332=ORIENTED_EDGE('',*,*,#523,.F.);
#333=ORIENTED_EDGE('',*,*,#552,.F.);
#334=ORIENTED_EDGE('',*,*,#553,.T.);
#335=ORIENTED_EDGE('',*,*,#539,.F.);
#336=ORIENTED_EDGE('',*,*,#525,.F.);
#337=ORIENTED_EDGE('',*,*,#508,.F.);
#338=ORIENTED_EDGE('',*,*,#527,.F.);
#339=ORIENTED_EDGE('',*,*,#507,.F.);
#340=ORIENTED_EDGE('',*,*,#526,.F.);
#341=ORIENTED_EDGE('',*,*,#513,.T.);
#342=ORIENTED_EDGE('',*,*,#555,.F.);
#343=ORIENTED_EDGE('',*,*,#556,.F.);
#344=ORIENTED_EDGE('',*,*,#557,.T.);
#345=ORIENTED_EDGE('',*,*,#558,.F.);
#346=ORIENTED_EDGE('',*,*,#556,.T.);
#347=ORIENTED_EDGE('',*,*,#559,.F.);
#348=ORIENTED_EDGE('',*,*,#543,.F.);
#349=ORIENTED_EDGE('',*,*,#557,.F.);
#350=ORIENTED_EDGE('',*,*,#558,.T.);
#351=ORIENTED_EDGE('',*,*,#542,.F.);
#352=ORIENTED_EDGE('',*,*,#514,.F.);
#353=ORIENTED_EDGE('',*,*,#544,.F.);
#354=ORIENTED_EDGE('',*,*,#559,.T.);
#355=ORIENTED_EDGE('',*,*,#555,.T.);
#356=ORIENTED_EDGE('',*,*,#516,.F.);
#357=ORIENTED_EDGE('',*,*,#497,.F.);
#358=ORIENTED_EDGE('',*,*,#517,.F.);
#359=ORIENTED_EDGE('',*,*,#502,.F.);
#360=ORIENTED_EDGE('',*,*,#540,.F.);
#361=ORIENTED_EDGE('',*,*,#560,.F.);
#362=ORIENTED_EDGE('',*,*,#561,.T.);
#363=ORIENTED_EDGE('',*,*,#533,.F.);
#364=ORIENTED_EDGE('',*,*,#562,.T.);
#365=ORIENTED_EDGE('',*,*,#561,.F.);
#366=ORIENTED_EDGE('',*,*,#478,.F.);
#367=ORIENTED_EDGE('',*,*,#563,.F.);
#368=ORIENTED_EDGE('',*,*,#534,.F.);
#369=ORIENTED_EDGE('',*,*,#564,.T.);
#370=ORIENTED_EDGE('',*,*,#528,.F.);
#371=ORIENTED_EDGE('',*,*,#565,.F.);
#372=ORIENTED_EDGE('',*,*,#475,.F.);
#373=ORIENTED_EDGE('',*,*,#566,.F.);
#374=ORIENTED_EDGE('',*,*,#530,.F.);
#375=ORIENTED_EDGE('',*,*,#567,.T.);
#376=ORIENTED_EDGE('',*,*,#479,.F.);
#377=ORIENTED_EDGE('',*,*,#562,.F.);
#378=ORIENTED_EDGE('',*,*,#532,.F.);
#379=ORIENTED_EDGE('',*,*,#568,.F.);
#380=ORIENTED_EDGE('',*,*,#488,.F.);
#381=ORIENTED_EDGE('',*,*,#569,.T.);
#382=ORIENTED_EDGE('',*,*,#476,.F.);
#383=ORIENTED_EDGE('',*,*,#560,.T.);
#384=ORIENTED_EDGE('',*,*,#487,.F.);
#385=ORIENTED_EDGE('',*,*,#570,.T.);
#386=ORIENTED_EDGE('',*,*,#506,.F.);
#387=ORIENTED_EDGE('',*,*,#571,.T.);
#388=ORIENTED_EDGE('',*,*,#569,.F.);
#389=ORIENTED_EDGE('',*,*,#572,.T.);
#390=ORIENTED_EDGE('',*,*,#535,.F.);
#391=ORIENTED_EDGE('',*,*,#563,.T.);
#392=ORIENTED_EDGE('',*,*,#573,.F.);
#393=ORIENTED_EDGE('',*,*,#565,.T.);
#394=ORIENTED_EDGE('',*,*,#529,.F.);
#395=ORIENTED_EDGE('',*,*,#564,.F.);
#396=ORIENTED_EDGE('',*,*,#574,.F.);
#397=ORIENTED_EDGE('',*,*,#567,.F.);
#398=ORIENTED_EDGE('',*,*,#531,.F.);
#399=ORIENTED_EDGE('',*,*,#566,.T.);
#400=ORIENTED_EDGE('',*,*,#575,.F.);
#401=ORIENTED_EDGE('',*,*,#568,.T.);
#402=ORIENTED_EDGE('',*,*,#576,.T.);
#403=ORIENTED_EDGE('',*,*,#570,.F.);
#404=ORIENTED_EDGE('',*,*,#577,.T.);
#405=ORIENTED_EDGE('',*,*,#572,.F.);
#406=ORIENTED_EDGE('',*,*,#505,.F.);
#407=ORIENTED_EDGE('',*,*,#578,.T.);
#408=ORIENTED_EDGE('',*,*,#492,.F.);
#409=ORIENTED_EDGE('',*,*,#571,.F.);
#410=ORIENTED_EDGE('',*,*,#491,.F.);
#411=ORIENTED_EDGE('',*,*,#579,.T.);
#412=ORIENTED_EDGE('',*,*,#473,.F.);
#413=ORIENTED_EDGE('',*,*,#573,.T.);
#414=ORIENTED_EDGE('',*,*,#477,.F.);
#415=ORIENTED_EDGE('',*,*,#574,.T.);
#416=ORIENTED_EDGE('',*,*,#474,.F.);
#417=ORIENTED_EDGE('',*,*,#580,.F.);
#418=ORIENTED_EDGE('',*,*,#501,.F.);
#419=ORIENTED_EDGE('',*,*,#581,.F.);
#420=ORIENTED_EDGE('',*,*,#480,.F.);
#421=ORIENTED_EDGE('',*,*,#575,.T.);
#422=ORIENTED_EDGE('',*,*,#481,.F.);
#423=ORIENTED_EDGE('',*,*,#582,.T.);
#424=ORIENTED_EDGE('',*,*,#485,.F.);
#425=ORIENTED_EDGE('',*,*,#577,.F.);
#426=ORIENTED_EDGE('',*,*,#486,.F.);
#427=ORIENTED_EDGE('',*,*,#576,.F.);
#428=ORIENTED_EDGE('',*,*,#484,.F.);
#429=ORIENTED_EDGE('',*,*,#583,.T.);
#430=ORIENTED_EDGE('',*,*,#503,.F.);
#431=ORIENTED_EDGE('',*,*,#584,.F.);
#432=ORIENTED_EDGE('',*,*,#504,.F.);
#433=ORIENTED_EDGE('',*,*,#585,.F.);
#434=ORIENTED_EDGE('',*,*,#495,.F.);
#435=ORIENTED_EDGE('',*,*,#578,.F.);
#436=ORIENTED_EDGE('',*,*,#584,.T.);
#437=ORIENTED_EDGE('',*,*,#586,.T.);
#438=ORIENTED_EDGE('',*,*,#580,.T.);
#439=ORIENTED_EDGE('',*,*,#579,.F.);
#440=ORIENTED_EDGE('',*,*,#587,.T.);
#441=ORIENTED_EDGE('',*,*,#582,.F.);
#442=ORIENTED_EDGE('',*,*,#581,.T.);
#443=ORIENTED_EDGE('',*,*,#588,.T.);
#444=ORIENTED_EDGE('',*,*,#585,.T.);
#445=ORIENTED_EDGE('',*,*,#583,.F.);
#446=ORIENTED_EDGE('',*,*,#589,.T.);
#447=ORIENTED_EDGE('',*,*,#586,.F.);
#448=ORIENTED_EDGE('',*,*,#494,.F.);
#449=ORIENTED_EDGE('',*,*,#590,.T.);
#450=ORIENTED_EDGE('',*,*,#489,.F.);
#451=ORIENTED_EDGE('',*,*,#587,.F.);
#452=ORIENTED_EDGE('',*,*,#490,.F.);
#453=ORIENTED_EDGE('',*,*,#591,.T.);
#454=ORIENTED_EDGE('',*,*,#498,.F.);
#455=ORIENTED_EDGE('',*,*,#588,.F.);
#456=ORIENTED_EDGE('',*,*,#500,.F.);
#457=ORIENTED_EDGE('',*,*,#592,.T.);
#458=ORIENTED_EDGE('',*,*,#482,.F.);
#459=ORIENTED_EDGE('',*,*,#589,.F.);
#460=ORIENTED_EDGE('',*,*,#483,.F.);
#461=ORIENTED_EDGE('',*,*,#593,.T.);
#462=ORIENTED_EDGE('',*,*,#496,.F.);
#463=ORIENTED_EDGE('',*,*,#591,.F.);
#464=ORIENTED_EDGE('',*,*,#590,.F.);
#465=ORIENTED_EDGE('',*,*,#594,.T.);
#466=ORIENTED_EDGE('',*,*,#593,.F.);
#467=ORIENTED_EDGE('',*,*,#592,.F.);
#468=ORIENTED_EDGE('',*,*,#595,.T.);
#469=ORIENTED_EDGE('',*,*,#594,.F.);
#470=ORIENTED_EDGE('',*,*,#493,.F.);
#471=ORIENTED_EDGE('',*,*,#595,.F.);
#472=ORIENTED_EDGE('',*,*,#499,.F.);
#473=EDGE_CURVE('',#596,#597,#669,.F.);
#474=EDGE_CURVE('',#597,#598,#173,.T.);
#475=EDGE_CURVE('',#598,#596,#120,.T.);
#476=EDGE_CURVE('',#599,#600,#174,.T.);
#477=EDGE_CURVE('',#600,#601,#670,.F.);
#478=EDGE_CURVE('',#601,#599,#121,.T.);
#479=EDGE_CURVE('',#602,#603,#122,.T.);
#480=EDGE_CURVE('',#603,#604,#175,.T.);
#481=EDGE_CURVE('',#604,#602,#671,.T.);
#482=EDGE_CURVE('',#605,#606,#176,.T.);
#483=EDGE_CURVE('',#606,#607,#672,.T.);
#484=EDGE_CURVE('',#607,#608,#177,.T.);
#485=EDGE_CURVE('',#608,#605,#673,.F.);
#486=EDGE_CURVE('',#609,#610,#674,.T.);
#487=EDGE_CURVE('',#610,#611,#178,.T.);
#488=EDGE_CURVE('',#611,#609,#123,.T.);
#489=EDGE_CURVE('',#612,#613,#675,.F.);
#490=EDGE_CURVE('',#613,#614,#179,.T.);
#491=EDGE_CURVE('',#614,#615,#676,.T.);
#492=EDGE_CURVE('',#615,#612,#180,.T.);
#493=EDGE_CURVE('',#616,#617,#181,.T.);
#494=EDGE_CURVE('',#617,#618,#677,.T.);
#495=EDGE_CURVE('',#618,#619,#182,.T.);
#496=EDGE_CURVE('',#619,#616,#678,.F.);
#497=EDGE_CURVE('',#620,#620,#124,.F.);
#498=EDGE_CURVE('',#621,#622,#183,.T.);
#499=EDGE_CURVE('',#622,#623,#184,.T.);
#500=EDGE_CURVE('',#623,#624,#185,.T.);
#501=EDGE_CURVE('',#624,#621,#186,.T.);
#502=EDGE_CURVE('',#625,#625,#125,.T.);
#503=EDGE_CURVE('',#626,#627,#187,.T.);
#504=EDGE_CURVE('',#627,#628,#188,.T.);
#505=EDGE_CURVE('',#628,#629,#189,.T.);
#506=EDGE_CURVE('',#629,#626,#190,.T.);
#507=EDGE_CURVE('',#630,#631,#191,.T.);
#508=EDGE_CURVE('',#631,#630,#192,.T.);
#509=EDGE_CURVE('',#632,#633,#679,.T.);
#510=EDGE_CURVE('',#632,#634,#193,.T.);
#511=EDGE_CURVE('',#634,#635,#126,.T.);
#512=EDGE_CURVE('',#635,#633,#194,.F.);
#513=EDGE_CURVE('',#636,#637,#680,.F.);
#514=EDGE_CURVE('',#636,#638,#195,.T.);
#515=EDGE_CURVE('',#638,#639,#127,.T.);
#516=EDGE_CURVE('',#639,#637,#196,.F.);
#517=EDGE_CURVE('',#640,#640,#128,.T.);
#518=EDGE_CURVE('',#641,#641,#129,.T.);
#519=EDGE_CURVE('',#634,#642,#197,.T.);
#520=EDGE_CURVE('',#642,#643,#130,.T.);
#521=EDGE_CURVE('',#643,#635,#198,.T.);
#522=EDGE_CURVE('',#644,#645,#131,.T.);
#523=EDGE_CURVE('',#645,#646,#199,.F.);
#524=EDGE_CURVE('',#647,#646,#681,.T.);
#525=EDGE_CURVE('',#647,#644,#200,.T.);
#526=EDGE_CURVE('',#631,#630,#201,.T.);
#527=EDGE_CURVE('',#630,#631,#202,.T.);
#528=EDGE_CURVE('',#648,#649,#132,.F.);
#529=EDGE_CURVE('',#649,#650,#203,.T.);
#530=EDGE_CURVE('',#650,#651,#133,.F.);
#531=EDGE_CURVE('',#651,#652,#204,.T.);
#532=EDGE_CURVE('',#652,#653,#134,.F.);
#533=EDGE_CURVE('',#653,#654,#205,.T.);
#534=EDGE_CURVE('',#654,#655,#135,.F.);
#535=EDGE_CURVE('',#655,#648,#206,.T.);
#536=EDGE_CURVE('',#656,#656,#136,.T.);
#537=EDGE_CURVE('',#657,#658,#137,.T.);
#538=EDGE_CURVE('',#658,#645,#207,.T.);
#539=EDGE_CURVE('',#644,#657,#208,.T.);
#540=EDGE_CURVE('',#659,#659,#138,.F.);
#541=EDGE_CURVE('',#660,#660,#139,.T.);
#542=EDGE_CURVE('',#638,#661,#209,.T.);
#543=EDGE_CURVE('',#661,#662,#140,.T.);
#544=EDGE_CURVE('',#662,#639,#210,.T.);
#545=EDGE_CURVE('',#663,#633,#211,.T.);
#546=EDGE_CURVE('',#664,#663,#682,.F.);
#547=EDGE_CURVE('',#664,#632,#212,.F.);
#548=EDGE_CURVE('',#664,#642,#213,.F.);
#549=EDGE_CURVE('',#643,#663,#214,.T.);
#550=EDGE_CURVE('',#665,#646,#215,.T.);
#551=EDGE_CURVE('',#666,#665,#683,.F.);
#552=EDGE_CURVE('',#666,#647,#216,.T.);
#553=EDGE_CURVE('',#666,#657,#217,.T.);
#554=EDGE_CURVE('',#658,#665,#218,.T.);
#555=EDGE_CURVE('',#667,#637,#219,.T.);
#556=EDGE_CURVE('',#668,#667,#684,.F.);
#557=EDGE_CURVE('',#668,#636,#220,.F.);
#558=EDGE_CURVE('',#668,#661,#221,.F.);
#559=EDGE_CURVE('',#662,#667,#222,.T.);
#560=EDGE_CURVE('',#599,#611,#223,.T.);
#561=EDGE_CURVE('',#599,#654,#141,.F.);
#562=EDGE_CURVE('',#653,#611,#142,.F.);
#563=EDGE_CURVE('',#655,#601,#143,.F.);
#564=EDGE_CURVE('',#598,#649,#144,.T.);
#565=EDGE_CURVE('',#596,#648,#145,.F.);
#566=EDGE_CURVE('',#651,#602,#146,.F.);
#567=EDGE_CURVE('',#650,#603,#147,.T.);
#568=EDGE_CURVE('',#609,#652,#148,.F.);
#569=EDGE_CURVE('',#629,#600,#149,.F.);
#570=EDGE_CURVE('',#610,#626,#150,.F.);
#571=EDGE_CURVE('',#615,#600,#151,.T.);
#572=EDGE_CURVE('',#629,#615,#152,.T.);
#573=EDGE_CURVE('',#596,#601,#224,.T.);
#574=EDGE_CURVE('',#603,#598,#225,.T.);
#575=EDGE_CURVE('',#609,#602,#226,.T.);
#576=EDGE_CURVE('',#608,#626,#153,.T.);
#577=EDGE_CURVE('',#610,#608,#154,.T.);
#578=EDGE_CURVE('',#628,#612,#155,.F.);
#579=EDGE_CURVE('',#614,#597,#156,.F.);
#580=EDGE_CURVE('',#621,#597,#157,.T.);
#581=EDGE_CURVE('',#604,#624,#158,.T.);
#582=EDGE_CURVE('',#604,#605,#159,.F.);
#583=EDGE_CURVE('',#607,#627,#160,.F.);
#584=EDGE_CURVE('',#628,#618,#161,.T.);
#585=EDGE_CURVE('',#619,#627,#162,.T.);
#586=EDGE_CURVE('',#618,#612,#163,.T.);
#587=EDGE_CURVE('',#614,#621,#164,.T.);
#588=EDGE_CURVE('',#624,#605,#165,.T.);
#589=EDGE_CURVE('',#607,#619,#166,.T.);
#590=EDGE_CURVE('',#617,#613,#167,.F.);
#591=EDGE_CURVE('',#613,#622,#168,.F.);
#592=EDGE_CURVE('',#623,#606,#169,.F.);
#593=EDGE_CURVE('',#606,#616,#170,.F.);
#594=EDGE_CURVE('',#617,#622,#171,.T.);
#595=EDGE_CURVE('',#623,#616,#172,.T.);
#596=VERTEX_POINT('',#1287);
#597=VERTEX_POINT('',#1288);
#598=VERTEX_POINT('',#1293);
#599=VERTEX_POINT('',#1300);
#600=VERTEX_POINT('',#1301);
#601=VERTEX_POINT('',#1303);
#602=VERTEX_POINT('',#1307);
#603=VERTEX_POINT('',#1308);
#604=VERTEX_POINT('',#1313);
#605=VERTEX_POINT('',#1324);
#606=VERTEX_POINT('',#1325);
#607=VERTEX_POINT('',#1327);
#608=VERTEX_POINT('',#1336);
#609=VERTEX_POINT('',#1340);
#610=VERTEX_POINT('',#1341);
#611=VERTEX_POINT('',#1346);
#612=VERTEX_POINT('',#1350);
#613=VERTEX_POINT('',#1351);
#614=VERTEX_POINT('',#1359);
#615=VERTEX_POINT('',#1361);
#616=VERTEX_POINT('',#1377);
#617=VERTEX_POINT('',#1378);
#618=VERTEX_POINT('',#1380);
#619=VERTEX_POINT('',#1388);
#620=VERTEX_POINT('',#1392);
#621=VERTEX_POINT('',#1400);
#622=VERTEX_POINT('',#1401);
#623=VERTEX_POINT('',#1409);
#624=VERTEX_POINT('',#1418);
#625=VERTEX_POINT('',#1428);
#626=VERTEX_POINT('',#1436);
#627=VERTEX_POINT('',#1437);
#628=VERTEX_POINT('',#1445);
#629=VERTEX_POINT('',#1453);
#630=VERTEX_POINT('',#1487);
#631=VERTEX_POINT('',#1488);
#632=VERTEX_POINT('',#1515);
#633=VERTEX_POINT('',#1516);
#634=VERTEX_POINT('',#1552);
#635=VERTEX_POINT('',#1554);
#636=VERTEX_POINT('',#1591);
#637=VERTEX_POINT('',#1592);
#638=VERTEX_POINT('',#1628);
#639=VERTEX_POINT('',#1630);
#640=VERTEX_POINT('',#1668);
#641=VERTEX_POINT('',#1670);
#642=VERTEX_POINT('',#1677);
#643=VERTEX_POINT('',#1679);
#644=VERTEX_POINT('',#1687);
#645=VERTEX_POINT('',#1688);
#646=VERTEX_POINT('',#1724);
#647=VERTEX_POINT('',#1726);
#648=VERTEX_POINT('',#1814);
#649=VERTEX_POINT('',#1815);
#650=VERTEX_POINT('',#1823);
#651=VERTEX_POINT('',#1825);
#652=VERTEX_POINT('',#1830);
#653=VERTEX_POINT('',#1832);
#654=VERTEX_POINT('',#1840);
#655=VERTEX_POINT('',#1842);
#656=VERTEX_POINT('',#1848);
#657=VERTEX_POINT('',#1851);
#658=VERTEX_POINT('',#1852);
#659=VERTEX_POINT('',#1865);
#660=VERTEX_POINT('',#1867);
#661=VERTEX_POINT('',#1874);
#662=VERTEX_POINT('',#1876);
#663=VERTEX_POINT('',#1887);
#664=VERTEX_POINT('',#1889);
#665=VERTEX_POINT('',#2200);
#666=VERTEX_POINT('',#2202);
#667=VERTEX_POINT('',#4443);
#668=VERTEX_POINT('',#4445);
#669=LINE('',#1286,#685);
#670=LINE('',#1302,#686);
#671=LINE('',#1314,#687);
#672=LINE('',#1326,#688);
#673=LINE('',#1337,#689);
#674=LINE('',#1339,#690);
#675=LINE('',#1349,#691);
#676=LINE('',#1360,#692);
#677=LINE('',#1379,#693);
#678=LINE('',#1389,#694);
#679=LINE('',#1514,#695);
#680=LINE('',#1590,#696);
#681=LINE('',#1725,#697);
#682=LINE('',#1888,#698);
#683=LINE('',#2201,#699);
#684=LINE('',#4444,#700);
#685=VECTOR('',#1050,39.3700787401575);
#686=VECTOR('',#1055,39.3700787401575);
#687=VECTOR('',#1062,39.3700787401575);
#688=VECTOR('',#1065,39.3700787401575);
#689=VECTOR('',#1066,39.3700787401575);
#690=VECTOR('',#1069,39.3700787401575);
#691=VECTOR('',#1074,39.3700787401575);
#692=VECTOR('',#1075,39.3700787401575);
#693=VECTOR('',#1078,39.3700787401575);
#694=VECTOR('',#1079,39.3700787401575);
#695=VECTOR('',#1090,39.3700787401575);
#696=VECTOR('',#1093,39.3700787401575);
#697=VECTOR('',#1110,39.3700787401575);
#698=VECTOR('',#1139,39.3700787401575);
#699=VECTOR('',#1144,39.3700787401575);
#700=VECTOR('',#1149,39.3700787401575);
#701=EDGE_LOOP('',(#227,#228,#229));
#702=EDGE_LOOP('',(#230,#231,#232));
#703=EDGE_LOOP('',(#233,#234,#235));
#704=EDGE_LOOP('',(#236,#237,#238,#239));
#705=EDGE_LOOP('',(#240,#241,#242));
#706=EDGE_LOOP('',(#243,#244,#245,#246));
#707=EDGE_LOOP('',(#247,#248,#249,#250));
#708=EDGE_LOOP('',(#251));
#709=EDGE_LOOP('',(#252,#253,#254,#255));
#710=EDGE_LOOP('',(#256));
#711=EDGE_LOOP('',(#257,#258,#259,#260));
#712=EDGE_LOOP('',(#261,#262));
#713=EDGE_LOOP('',(#263,#264,#265,#266));
#714=EDGE_LOOP('',(#267,#268,#269,#270));
#715=EDGE_LOOP('',(#271));
#716=EDGE_LOOP('',(#272));
#717=EDGE_LOOP('',(#273,#274,#275,#276));
#718=EDGE_LOOP('',(#277));
#719=EDGE_LOOP('',(#278,#279,#280,#281));
#720=EDGE_LOOP('',(#282,#283));
#721=EDGE_LOOP('',(#284,#285,#286,#287,#288,#289,#290,#291));
#722=EDGE_LOOP('',(#292));
#723=EDGE_LOOP('',(#293,#294,#295,#296));
#724=EDGE_LOOP('',(#297));
#725=EDGE_LOOP('',(#298));
#726=EDGE_LOOP('',(#299));
#727=EDGE_LOOP('',(#300,#301,#302,#303));
#728=EDGE_LOOP('',(#304));
#729=EDGE_LOOP('',(#305,#306,#307,#308));
#730=EDGE_LOOP('',(#309,#310,#311,#312));
#731=EDGE_LOOP('',(#313,#314,#315,#316));
#732=EDGE_LOOP('',(#317,#318,#319,#320));
#733=EDGE_LOOP('',(#321,#322,#323,#324));
#734=EDGE_LOOP('',(#325,#326,#327,#328));
#735=EDGE_LOOP('',(#329,#330,#331,#332));
#736=EDGE_LOOP('',(#333,#334,#335,#336));
#737=EDGE_LOOP('',(#337,#338));
#738=EDGE_LOOP('',(#339,#340));
#739=EDGE_LOOP('',(#341,#342,#343,#344));
#740=EDGE_LOOP('',(#345,#346,#347,#348));
#741=EDGE_LOOP('',(#349,#350,#351,#352));
#742=EDGE_LOOP('',(#353,#354,#355,#356));
#743=EDGE_LOOP('',(#357));
#744=EDGE_LOOP('',(#358));
#745=EDGE_LOOP('',(#359));
#746=EDGE_LOOP('',(#360));
#747=EDGE_LOOP('',(#361,#362,#363,#364));
#748=EDGE_LOOP('',(#365,#366,#367,#368));
#749=EDGE_LOOP('',(#369,#370,#371,#372));
#750=EDGE_LOOP('',(#373,#374,#375,#376));
#751=EDGE_LOOP('',(#377,#378,#379,#380));
#752=EDGE_LOOP('',(#381,#382,#383,#384,#385,#386));
#753=EDGE_LOOP('',(#387,#388,#389));
#754=EDGE_LOOP('',(#390,#391,#392,#393));
#755=EDGE_LOOP('',(#394,#395,#396,#397));
#756=EDGE_LOOP('',(#398,#399,#400,#401));
#757=EDGE_LOOP('',(#402,#403,#404));
#758=EDGE_LOOP('',(#405,#406,#407,#408));
#759=EDGE_LOOP('',(#409,#410,#411,#412,#413,#414));
#760=EDGE_LOOP('',(#415,#416,#417,#418,#419,#420));
#761=EDGE_LOOP('',(#421,#422,#423,#424,#425,#426));
#762=EDGE_LOOP('',(#427,#428,#429,#430));
#763=EDGE_LOOP('',(#431,#432,#433,#434));
#764=EDGE_LOOP('',(#435,#436,#437));
#765=EDGE_LOOP('',(#438,#439,#440));
#766=EDGE_LOOP('',(#441,#442,#443));
#767=EDGE_LOOP('',(#444,#445,#446));
#768=EDGE_LOOP('',(#447,#448,#449,#450));
#769=EDGE_LOOP('',(#451,#452,#453,#454));
#770=EDGE_LOOP('',(#455,#456,#457,#458));
#771=EDGE_LOOP('',(#459,#460,#461,#462));
#772=EDGE_LOOP('',(#463,#464,#465));
#773=EDGE_LOOP('',(#466,#467,#468));
#774=EDGE_LOOP('',(#469,#470,#471,#472));
#775=FACE_BOUND('',#701,.T.);
#776=FACE_BOUND('',#702,.T.);
#777=FACE_BOUND('',#703,.T.);
#778=FACE_BOUND('',#704,.T.);
#779=FACE_BOUND('',#705,.T.);
#780=FACE_BOUND('',#706,.T.);
#781=FACE_BOUND('',#707,.T.);
#782=FACE_BOUND('',#708,.T.);
#783=FACE_BOUND('',#709,.T.);
#784=FACE_BOUND('',#710,.T.);
#785=FACE_BOUND('',#711,.T.);
#786=FACE_BOUND('',#712,.T.);
#787=FACE_BOUND('',#713,.T.);
#788=FACE_BOUND('',#714,.T.);
#789=FACE_BOUND('',#715,.T.);
#790=FACE_BOUND('',#716,.T.);
#791=FACE_BOUND('',#717,.T.);
#792=FACE_BOUND('',#718,.T.);
#793=FACE_BOUND('',#719,.T.);
#794=FACE_BOUND('',#720,.T.);
#795=FACE_BOUND('',#721,.T.);
#796=FACE_BOUND('',#722,.T.);
#797=FACE_BOUND('',#723,.T.);
#798=FACE_BOUND('',#724,.T.);
#799=FACE_BOUND('',#725,.T.);
#800=FACE_BOUND('',#726,.T.);
#801=FACE_BOUND('',#727,.T.);
#802=FACE_BOUND('',#728,.T.);
#803=FACE_BOUND('',#729,.T.);
#804=FACE_BOUND('',#730,.T.);
#805=FACE_BOUND('',#731,.T.);
#806=FACE_BOUND('',#732,.T.);
#807=FACE_BOUND('',#733,.T.);
#808=FACE_BOUND('',#734,.T.);
#809=FACE_BOUND('',#735,.T.);
#810=FACE_BOUND('',#736,.T.);
#811=FACE_BOUND('',#737,.T.);
#812=FACE_BOUND('',#738,.T.);
#813=FACE_BOUND('',#739,.T.);
#814=FACE_BOUND('',#740,.T.);
#815=FACE_BOUND('',#741,.T.);
#816=FACE_BOUND('',#742,.T.);
#817=FACE_BOUND('',#743,.T.);
#818=FACE_BOUND('',#744,.T.);
#819=FACE_BOUND('',#745,.T.);
#820=FACE_BOUND('',#746,.T.);
#821=FACE_BOUND('',#747,.T.);
#822=FACE_BOUND('',#748,.T.);
#823=FACE_BOUND('',#749,.T.);
#824=FACE_BOUND('',#750,.T.);
#825=FACE_BOUND('',#751,.T.);
#826=FACE_BOUND('',#752,.T.);
#827=FACE_BOUND('',#753,.T.);
#828=FACE_BOUND('',#754,.T.);
#829=FACE_BOUND('',#755,.T.);
#830=FACE_BOUND('',#756,.T.);
#831=FACE_BOUND('',#757,.T.);
#832=FACE_BOUND('',#758,.T.);
#833=FACE_BOUND('',#759,.T.);
#834=FACE_BOUND('',#760,.T.);
#835=FACE_BOUND('',#761,.T.);
#836=FACE_BOUND('',#762,.T.);
#837=FACE_BOUND('',#763,.T.);
#838=FACE_BOUND('',#764,.T.);
#839=FACE_BOUND('',#765,.T.);
#840=FACE_BOUND('',#766,.T.);
#841=FACE_BOUND('',#767,.T.);
#842=FACE_BOUND('',#768,.T.);
#843=FACE_BOUND('',#769,.T.);
#844=FACE_BOUND('',#770,.T.);
#845=FACE_BOUND('',#771,.T.);
#846=FACE_BOUND('',#772,.T.);
#847=FACE_BOUND('',#773,.T.);
#848=FACE_BOUND('',#774,.T.);
#849=PLANE('',#936);
#850=PLANE('',#938);
#851=PLANE('',#940);
#852=PLANE('',#942);
#853=PLANE('',#943);
#854=PLANE('',#945);
#855=PLANE('',#946);
#856=PLANE('',#957);
#857=PLANE('',#967);
#858=PLANE('',#972);
#859=PLANE('',#974);
#860=PLANE('',#976);
#861=PLANE('',#978);
#862=ADVANCED_FACE('',(#775),#849,.F.);
#863=ADVANCED_FACE('',(#776),#850,.F.);
#864=ADVANCED_FACE('',(#777),#851,.F.);
#865=ADVANCED_FACE('',(#778),#852,.F.);
#866=ADVANCED_FACE('',(#779),#853,.F.);
#867=ADVANCED_FACE('',(#780),#854,.F.);
#868=ADVANCED_FACE('',(#781),#855,.F.);
#869=ADVANCED_FACE('',(#782,#783),#115,.T.);
#870=ADVANCED_FACE('',(#784,#785),#116,.T.);
#871=ADVANCED_FACE('',(#786,#787,#788),#106,.F.);
#872=ADVANCED_FACE('',(#789,#790),#117,.T.);
#873=ADVANCED_FACE('',(#791,#792),#856,.F.);
#874=ADVANCED_FACE('',(#793,#794),#107,.F.);
#875=ADVANCED_FACE('',(#795,#796),#118,.T.);
#876=ADVANCED_FACE('',(#797,#798),#857,.F.);
#877=ADVANCED_FACE('',(#799,#800),#119,.T.);
#878=ADVANCED_FACE('',(#801,#802),#858,.F.);
#879=ADVANCED_FACE('',(#803),#859,.T.);
#880=ADVANCED_FACE('',(#804),#108,.F.);
#881=ADVANCED_FACE('',(#805),#100,.F.);
#882=ADVANCED_FACE('',(#806),#101,.F.);
#883=ADVANCED_FACE('',(#807),#860,.T.);
#884=ADVANCED_FACE('',(#808),#109,.F.);
#885=ADVANCED_FACE('',(#809),#102,.F.);
#886=ADVANCED_FACE('',(#810),#103,.F.);
#887=ADVANCED_FACE('',(#811),#86,.T.);
#888=ADVANCED_FACE('',(#812),#87,.T.);
#889=ADVANCED_FACE('',(#813),#861,.T.);
#890=ADVANCED_FACE('',(#814),#110,.F.);
#891=ADVANCED_FACE('',(#815),#104,.F.);
#892=ADVANCED_FACE('',(#816),#105,.F.);
#893=ADVANCED_FACE('',(#817,#818),#80,.F.);
#894=ADVANCED_FACE('',(#819,#820),#81,.F.);
#895=ADVANCED_FACE('',(#821),#88,.F.);
#896=ADVANCED_FACE('',(#822),#82,.F.);
#897=ADVANCED_FACE('',(#823),#83,.F.);
#898=ADVANCED_FACE('',(#824),#84,.F.);
#899=ADVANCED_FACE('',(#825),#85,.F.);
#900=ADVANCED_FACE('',(#826),#89,.T.);
#901=ADVANCED_FACE('',(#827),#72,.T.);
#902=ADVANCED_FACE('',(#828),#90,.F.);
#903=ADVANCED_FACE('',(#829),#91,.F.);
#904=ADVANCED_FACE('',(#830),#92,.F.);
#905=ADVANCED_FACE('',(#831),#73,.T.);
#906=ADVANCED_FACE('',(#832),#93,.T.);
#907=ADVANCED_FACE('',(#833),#111,.T.);
#908=ADVANCED_FACE('',(#834),#94,.T.);
#909=ADVANCED_FACE('',(#835),#112,.T.);
#910=ADVANCED_FACE('',(#836),#95,.T.);
#911=ADVANCED_FACE('',(#837),#96,.T.);
#912=ADVANCED_FACE('',(#838),#74,.T.);
#913=ADVANCED_FACE('',(#839),#75,.T.);
#914=ADVANCED_FACE('',(#840),#76,.T.);
#915=ADVANCED_FACE('',(#841),#77,.T.);
#916=ADVANCED_FACE('',(#842),#113,.T.);
#917=ADVANCED_FACE('',(#843),#97,.T.);
#918=ADVANCED_FACE('',(#844),#98,.T.);
#919=ADVANCED_FACE('',(#845),#114,.T.);
#920=ADVANCED_FACE('',(#846),#78,.T.);
#921=ADVANCED_FACE('',(#847),#79,.T.);
#922=ADVANCED_FACE('',(#848),#99,.T.);
#923=CLOSED_SHELL('',(#862,#863,#864,#865,#866,#867,#868,#869,#870,#871,
#872,#873,#874,#875,#876,#877,#878,#879,#880,#881,#882,#883,#884,#885,#886,
#887,#888,#889,#890,#891,#892,#893,#894,#895,#896,#897,#898,#899,#900,#901,
#902,#903,#904,#905,#906,#907,#908,#909,#910,#911,#912,#913,#914,#915,#916,
#917,#918,#919,#920,#921,#922));
#924=STYLED_ITEM('',(#925),#932);
#925=PRESENTATION_STYLE_ASSIGNMENT((#926));
#926=SURFACE_STYLE_USAGE(.BOTH.,#927);
#927=SURFACE_SIDE_STYLE('',(#928));
#928=SURFACE_STYLE_FILL_AREA(#929);
#929=FILL_AREA_STYLE('',(#930));
#930=FILL_AREA_STYLE_COLOUR('',#931);
#931=DRAUGHTING_PRE_DEFINED_COLOUR('white');
#932=MANIFOLD_SOLID_BREP('Body (0)',#923);
#933=SHAPE_DEFINITION_REPRESENTATION(#5104,#934);
#934=SHAPE_REPRESENTATION('RegulatedRocket',(#935),#5096);
#935=AXIS2_PLACEMENT_3D('',#1284,#1046,#1047);
#936=AXIS2_PLACEMENT_3D('',#1285,#1048,#1049);
#937=AXIS2_PLACEMENT_3D('',#1294,#1051,#1052);
#938=AXIS2_PLACEMENT_3D('',#1295,#1053,#1054);
#939=AXIS2_PLACEMENT_3D('',#1304,#1056,#1057);
#940=AXIS2_PLACEMENT_3D('',#1305,#1058,#1059);
#941=AXIS2_PLACEMENT_3D('',#1306,#1060,#1061);
#942=AXIS2_PLACEMENT_3D('',#1315,#1063,#1064);
#943=AXIS2_PLACEMENT_3D('',#1338,#1067,#1068);
#944=AXIS2_PLACEMENT_3D('',#1347,#1070,#1071);
#945=AXIS2_PLACEMENT_3D('',#1348,#1072,#1073);
#946=AXIS2_PLACEMENT_3D('',#1369,#1076,#1077);
#947=AXIS2_PLACEMENT_3D('',#1390,#1080,#1081);
#948=AXIS2_PLACEMENT_3D('',#1391,#1082,#1083);
#949=AXIS2_PLACEMENT_3D('',#1426,#1084,#1085);
#950=AXIS2_PLACEMENT_3D('',#1427,#1086,#1087);
#951=AXIS2_PLACEMENT_3D('',#1461,#1088,#1089);
#952=AXIS2_PLACEMENT_3D('',#1553,#1091,#1092);
#953=AXIS2_PLACEMENT_3D('',#1629,#1094,#1095);
#954=AXIS2_PLACEMENT_3D('',#1666,#1096,#1097);
#955=AXIS2_PLACEMENT_3D('',#1667,#1098,#1099);
#956=AXIS2_PLACEMENT_3D('',#1669,#1100,#1101);
#957=AXIS2_PLACEMENT_3D('',#1671,#1102,#1103);
#958=AXIS2_PLACEMENT_3D('',#1678,#1104,#1105);
#959=AXIS2_PLACEMENT_3D('',#1685,#1106,#1107);
#960=AXIS2_PLACEMENT_3D('',#1686,#1108,#1109);
#961=AXIS2_PLACEMENT_3D('',#1812,#1111,#1112);
#962=AXIS2_PLACEMENT_3D('',#1813,#1113,#1114);
#963=AXIS2_PLACEMENT_3D('',#1824,#1115,#1116);
#964=AXIS2_PLACEMENT_3D('',#1831,#1117,#1118);
#965=AXIS2_PLACEMENT_3D('',#1841,#1119,#1120);
#966=AXIS2_PLACEMENT_3D('',#1847,#1121,#1122);
#967=AXIS2_PLACEMENT_3D('',#1849,#1123,#1124);
#968=AXIS2_PLACEMENT_3D('',#1850,#1125,#1126);
#969=AXIS2_PLACEMENT_3D('',#1863,#1127,#1128);
#970=AXIS2_PLACEMENT_3D('',#1864,#1129,#1130);
#971=AXIS2_PLACEMENT_3D('',#1866,#1131,#1132);
#972=AXIS2_PLACEMENT_3D('',#1868,#1133,#1134);
#973=AXIS2_PLACEMENT_3D('',#1875,#1135,#1136);
#974=AXIS2_PLACEMENT_3D('',#1882,#1137,#1138);
#975=AXIS2_PLACEMENT_3D('',#1892,#1140,#1141);
#976=AXIS2_PLACEMENT_3D('',#2195,#1142,#1143);
#977=AXIS2_PLACEMENT_3D('',#2207,#1145,#1146);
#978=AXIS2_PLACEMENT_3D('',#4438,#1147,#1148);
#979=AXIS2_PLACEMENT_3D('',#4448,#1150,#1151);
#980=AXIS2_PLACEMENT_3D('',#4751,#1152,#1153);
#981=AXIS2_PLACEMENT_3D('',#4752,#1154,#1155);
#982=AXIS2_PLACEMENT_3D('',#4779,#1156,#1157);
#983=AXIS2_PLACEMENT_3D('',#4780,#1158,#1159);
#984=AXIS2_PLACEMENT_3D('',#4781,#1160,#1161);
#985=AXIS2_PLACEMENT_3D('',#4782,#1162,#1163);
#986=AXIS2_PLACEMENT_3D('',#4783,#1164,#1165);
#987=AXIS2_PLACEMENT_3D('',#4784,#1166,#1167);
#988=AXIS2_PLACEMENT_3D('',#4785,#1168,#1169);
#989=AXIS2_PLACEMENT_3D('',#4786,#1170,#1171);
#990=AXIS2_PLACEMENT_3D('',#4787,#1172,#1173);
#991=AXIS2_PLACEMENT_3D('',#4788,#1174,#1175);
#992=AXIS2_PLACEMENT_3D('',#4789,#1176,#1177);
#993=AXIS2_PLACEMENT_3D('',#4790,#1178,#1179);
#994=AXIS2_PLACEMENT_3D('',#4815,#1180,#1181);
#995=AXIS2_PLACEMENT_3D('',#4816,#1182,#1183);
#996=AXIS2_PLACEMENT_3D('',#4817,#1184,#1185);
#997=AXIS2_PLACEMENT_3D('',#4818,#1186,#1187);
#998=AXIS2_PLACEMENT_3D('',#4819,#1188,#1189);
#999=AXIS2_PLACEMENT_3D('',#4878,#1190,#1191);
#1000=AXIS2_PLACEMENT_3D('',#4879,#1192,#1193);
#1001=AXIS2_PLACEMENT_3D('',#4880,#1194,#1195);
#1002=AXIS2_PLACEMENT_3D('',#4905,#1196,#1197);
#1003=AXIS2_PLACEMENT_3D('',#4906,#1198,#1199);
#1004=AXIS2_PLACEMENT_3D('',#4907,#1200,#1201);
#1005=AXIS2_PLACEMENT_3D('',#4929,#1202,#1203);
#1006=AXIS2_PLACEMENT_3D('',#4930,#1204,#1205);
#1007=AXIS2_PLACEMENT_3D('',#4931,#1206,#1207);
#1008=AXIS2_PLACEMENT_3D('',#4932,#1208,#1209);
#1009=AXIS2_PLACEMENT_3D('',#4957,#1210,#1211);
#1010=AXIS2_PLACEMENT_3D('',#4979,#1212,#1213);
#1011=AXIS2_PLACEMENT_3D('',#4980,#1214,#1215);
#1012=AXIS2_PLACEMENT_3D('',#4981,#1216,#1217);
#1013=AXIS2_PLACEMENT_3D('',#4982,#1218,#1219);
#1014=AXIS2_PLACEMENT_3D('',#4983,#1220,#1221);
#1015=AXIS2_PLACEMENT_3D('',#4984,#1222,#1223);
#1016=AXIS2_PLACEMENT_3D('',#4985,#1224,#1225);
#1017=AXIS2_PLACEMENT_3D('',#4986,#1226,#1227);
#1018=AXIS2_PLACEMENT_3D('',#4987,#1228,#1229);
#1019=AXIS2_PLACEMENT_3D('',#4988,#1230,#1231);
#1020=AXIS2_PLACEMENT_3D('',#4989,#1232,#1233);
#1021=AXIS2_PLACEMENT_3D('',#4990,#1234,#1235);
#1022=AXIS2_PLACEMENT_3D('',#5015,#1236,#1237);
#1023=AXIS2_PLACEMENT_3D('',#5040,#1238,#1239);
#1024=AXIS2_PLACEMENT_3D('',#5041,#1240,#1241);
#1025=AXIS2_PLACEMENT_3D('',#5042,#1242,#1243);
#1026=AXIS2_PLACEMENT_3D('',#5043,#1244,#1245);
#1027=AXIS2_PLACEMENT_3D('',#5044,#1246,#1247);
#1028=AXIS2_PLACEMENT_3D('',#5045,#1248,#1249);
#1029=AXIS2_PLACEMENT_3D('',#5046,#1250,#1251);
#1030=AXIS2_PLACEMENT_3D('',#5071,#1252,#1253);
#1031=AXIS2_PLACEMENT_3D('',#5073,#1254,#1255);
#1032=AXIS2_PLACEMENT_3D('',#5074,#1256,#1257);
#1033=AXIS2_PLACEMENT_3D('',#5076,#1258,#1259);
#1034=AXIS2_PLACEMENT_3D('',#5077,#1260,#1261);
#1035=AXIS2_PLACEMENT_3D('',#5079,#1262,#1263);
#1036=AXIS2_PLACEMENT_3D('',#5080,#1264,#1265);
#1037=AXIS2_PLACEMENT_3D('',#5082,#1266,#1267);
#1038=AXIS2_PLACEMENT_3D('',#5083,#1268,#1269);
#1039=AXIS2_PLACEMENT_3D('',#5085,#1270,#1271);
#1040=AXIS2_PLACEMENT_3D('',#5086,#1272,#1273);
#1041=AXIS2_PLACEMENT_3D('',#5088,#1274,#1275);
#1042=AXIS2_PLACEMENT_3D('',#5089,#1276,#1277);
#1043=AXIS2_PLACEMENT_3D('',#5091,#1278,#1279);
#1044=AXIS2_PLACEMENT_3D('',#5092,#1280,#1281);
#1045=AXIS2_PLACEMENT_3D('',#5094,#1282,#1283);
#1046=DIRECTION('',(0.,0.,1.));
#1047=DIRECTION('',(1.,0.,0.));
#1048=DIRECTION('',(-1.,1.56105599637958E-16,0.));
#1049=DIRECTION('',(-1.56105599637958E-16,-1.,-1.32069519613182E-31));
#1050=DIRECTION('',(0.,0.,-1.));
#1051=DIRECTION('',(-1.,1.56105599637958E-16,0.));
#1052=DIRECTION('',(-1.56105599637958E-16,-1.,0.));
#1053=DIRECTION('',(-1.,1.56105599637958E-16,0.));
#1054=DIRECTION('',(-1.56105599637958E-16,-1.,-1.32069519613182E-31));
#1055=DIRECTION('',(0.,0.,-1.));
#1056=DIRECTION('',(-1.,1.56105599637958E-16,0.));
#1057=DIRECTION('',(-1.56105599637958E-16,-1.,0.));
#1058=DIRECTION('',(-1.,1.56105599637958E-16,0.));
#1059=DIRECTION('',(-1.56105599637958E-16,-1.,-1.32069519613182E-31));
#1060=DIRECTION('',(-1.,1.56105599637958E-16,0.));
#1061=DIRECTION('',(-1.56105599637958E-16,-1.,0.));
#1062=DIRECTION('',(2.07555777226651E-47,1.32958572727703E-31,-1.));
#1063=DIRECTION('',(-7.80527998189789E-17,1.,1.32958572727703E-31));
#1064=DIRECTION('',(-1.,-7.80527998189789E-17,5.91645678915759E-31));
#1065=DIRECTION('',(-5.91645678915759E-31,1.32958572727703E-31,-1.));
#1066=DIRECTION('',(2.07555777226651E-47,1.32958572727703E-31,-1.));
#1067=DIRECTION('',(-1.,1.56105599637958E-16,0.));
#1068=DIRECTION('',(-1.56105599637958E-16,-1.,-1.32069519613182E-31));
#1069=DIRECTION('',(2.07555777226651E-47,1.32958572727703E-31,-1.));
#1070=DIRECTION('',(-1.,1.56105599637958E-16,0.));
#1071=DIRECTION('',(-1.56105599637958E-16,-1.,0.));
#1072=DIRECTION('',(-3.12211199275916E-16,-1.,0.));
#1073=DIRECTION('',(1.,-3.12211199275916E-16,0.));
#1074=DIRECTION('',(-5.91645678915759E-31,1.84718406960702E-46,-1.));
#1075=DIRECTION('',(0.,0.,-1.));
#1076=DIRECTION('',(1.,1.56105599637958E-16,-5.91645678915759E-31));
#1077=DIRECTION('',(-1.56105599637958E-16,1.,1.77810622904075E-33));
#1078=DIRECTION('',(-5.91645678915759E-31,1.84718406960702E-46,-1.));
#1079=DIRECTION('',(-5.91645678915759E-31,1.32958572727703E-31,-1.));
#1080=DIRECTION('',(2.12086612424002E-15,-6.79778162497437E-31,-1.));
#1081=DIRECTION('',(1.,0.,-2.22044604925031E-16));
#1082=DIRECTION('',(-9.49410759657493E-16,3.38688581511079E-31,1.));
#1083=DIRECTION('',(1.,0.,9.49410759657493E-16));
#1084=DIRECTION('',(-2.12086612424002E-15,6.79778162497437E-31,1.));
#1085=DIRECTION('',(-1.,-1.4791141972894E-31,-2.12086612424002E-15));
#1086=DIRECTION('',(-2.12086612424002E-15,6.79778162497437E-31,1.));
#1087=DIRECTION('',(1.,0.,2.12086612424002E-15));
#1088=DIRECTION('',(2.22044604925031E-16,-2.4009994752794E-33,1.));
#1089=DIRECTION('',(1.,0.,-2.22044604925031E-16));
#1090=DIRECTION('',(2.22044604925031E-16,-2.4009994752794E-33,1.));
#1091=DIRECTION('',(2.22044604925031E-16,-2.4009994752794E-33,1.));
#1092=DIRECTION('',(1.,0.,-2.22044604925031E-16));
#1093=DIRECTION('',(2.22044604925031E-16,-2.4009994752794E-33,1.));
#1094=DIRECTION('',(2.12086612424002E-15,-6.79778162497437E-31,-1.));
#1095=DIRECTION('',(-1.,-1.4791141972894E-31,-2.12086612424002E-15));
#1096=DIRECTION('',(-2.22044604925031E-16,2.4009994752794E-33,-1.));
#1097=DIRECTION('',(-1.,0.,2.22044604925031E-16));
#1098=DIRECTION('',(-9.49410759657493E-16,3.38688581511079E-31,1.));
#1099=DIRECTION('',(1.,0.,9.49410759657493E-16));
#1100=DIRECTION('',(2.22044604925031E-16,-2.4009994752794E-33,1.));
#1101=DIRECTION('',(1.,0.,-2.22044604925031E-16));
#1102=DIRECTION('',(-2.22044604925031E-16,2.4009994752794E-33,-1.));
#1103=DIRECTION('',(-1.,0.,2.22044604925031E-16));
#1104=DIRECTION('',(-2.22044604925031E-16,2.4009994752794E-33,-1.));
#1105=DIRECTION('',(-1.,0.,2.22044604925031E-16));
#1106=DIRECTION('',(1.,-3.12211199275916E-16,9.49410759657493E-16));
#1107=DIRECTION('',(9.49410759657493E-16,-1.8213838765043E-32,-1.));
#1108=DIRECTION('',(1.,-3.12211199275916E-16,9.49410759657493E-16));
#1109=DIRECTION('',(9.49410759657493E-16,-1.8213838765043E-32,-1.));
#1110=DIRECTION('',(1.,-3.12211199275916E-16,9.49410759657493E-16));
#1111=DIRECTION('',(-1.,3.12211199275916E-16,-9.49410759657493E-16));
#1112=DIRECTION('',(-9.49410759657493E-16,1.8213838765043E-32,1.));
#1113=DIRECTION('',(-1.,3.12211199275916E-16,-9.49410759657493E-16));
#1114=DIRECTION('',(-9.49410759657493E-16,0.,1.));
#1115=DIRECTION('',(-1.,3.12211199275916E-16,-9.49410759657493E-16));
#1116=DIRECTION('',(-9.49410759657493E-16,0.,1.));
#1117=DIRECTION('',(-1.,3.12211199275916E-16,-9.49410759657493E-16));
#1118=DIRECTION('',(-9.49410759657493E-16,0.,1.));
#1119=DIRECTION('',(-1.,3.12211199275916E-16,-9.49410759657493E-16));
#1120=DIRECTION('',(-9.49410759657493E-16,0.,1.));
#1121=DIRECTION('',(1.,-3.12211199275916E-16,9.49410759657493E-16));
#1122=DIRECTION('',(9.49410759657493E-16,-1.8213838765043E-32,-1.));
#1123=DIRECTION('',(-1.,3.12211199275916E-16,-9.49410759657493E-16));
#1124=DIRECTION('',(-9.49410759657493E-16,1.8213838765043E-32,1.));
#1125=DIRECTION('',(-1.,3.12211199275916E-16,-9.49410759657493E-16));
#1126=DIRECTION('',(-9.49410759657493E-16,0.,1.));
#1127=DIRECTION('',(-2.12086612424002E-15,6.79778162497437E-31,1.));
#1128=DIRECTION('',(1.,1.4791141972894E-31,2.12086612424002E-15));
#1129=DIRECTION('',(-2.12086612424002E-15,6.79778162497437E-31,1.));
#1130=DIRECTION('',(1.,0.,2.12086612424002E-15));
#1131=DIRECTION('',(2.12086612424002E-15,-6.79778162497437E-31,-1.));
#1132=DIRECTION('',(-1.,-1.4791141972894E-31,-2.12086612424002E-15));
#1133=DIRECTION('',(-2.12086612424002E-15,6.79778162497437E-31,1.));
#1134=DIRECTION('',(1.,1.4791141972894E-31,2.12086612424002E-15));
#1135=DIRECTION('',(-2.12086612424002E-15,6.79778162497437E-31,1.));
#1136=DIRECTION('',(1.,0.,2.12086612424002E-15));
#1137=DIRECTION('',(-0.710404590289351,0.703793519503994,5.91645678915759E-31));
#1138=DIRECTION('',(-0.703793519503994,-0.710404590289351,0.));
#1139=DIRECTION('',(0.,-1.76200063447983E-32,-1.));
#1140=DIRECTION('',(0.,-1.76200063447983E-32,-1.));
#1141=DIRECTION('',(0.,-1.,-1.76200063447983E-32));
#1142=DIRECTION('',(-6.51957347734414E-16,0.703793519503994,0.710404590289352));
#1143=DIRECTION('',(0.,0.710404590289352,-0.703793519503994));
#1144=DIRECTION('',(-1.,0.,-1.17145536458252E-15));
#1145=DIRECTION('',(-1.,0.,-1.17145536458252E-15));
#1146=DIRECTION('',(-1.17145536458252E-15,0.,1.));
#1147=DIRECTION('',(-0.710404590289351,-0.703793519503995,0.));
#1148=DIRECTION('',(0.703793519503995,-0.710404590289351,0.));
#1149=DIRECTION('',(0.,0.,1.));
#1150=DIRECTION('',(0.,0.,1.));
#1151=DIRECTION('',(0.,1.,0.));
#1152=DIRECTION('',(-9.49410759657493E-16,3.38688581511079E-31,1.));
#1153=DIRECTION('',(1.,0.,9.49410759657493E-16));
#1154=DIRECTION('',(2.12086612424002E-15,-6.79778162497437E-31,-1.));
#1155=DIRECTION('',(-1.,0.,-2.12086612424002E-15));
#1156=DIRECTION('',(-3.02461679279132E-14,-0.803459608008163,-0.595359268256881));
#1157=DIRECTION('',(0.,-0.595359268256881,0.803459608008163));
#1158=DIRECTION('',(0.,0.803459608009887,-0.595359268254555));
#1159=DIRECTION('',(0.,-0.595359268254555,-0.803459608009887));
#1160=DIRECTION('',(-1.,1.56105599637958E-16,0.));
#1161=DIRECTION('',(-1.56105599637958E-16,-1.,0.));
#1162=DIRECTION('',(-4.49111233143972E-16,0.197277989486483,0.98034758879908));
#1163=DIRECTION('',(0.,0.980347588799081,-0.197277989486483));
#1164=DIRECTION('',(-1.,1.56105599637958E-16,0.));
#1165=DIRECTION('',(-1.56105599637958E-16,-1.,0.));
#1166=DIRECTION('',(-9.14553965886406E-16,-0.803459608008163,0.595359268256881));
#1167=DIRECTION('',(0.,0.595359268256881,0.803459608008163));
#1168=DIRECTION('',(-4.49111233143974E-16,0.197277989486484,-0.98034758879908));
#1169=DIRECTION('',(0.,-0.98034758879908,-0.197277989486484));
#1170=DIRECTION('',(-1.,1.56105599637958E-16,0.));
#1171=DIRECTION('',(-1.56105599637958E-16,-1.,0.));
#1172=DIRECTION('',(0.,-0.19727798948649,-0.980347588799079));
#1173=DIRECTION('',(0.,-0.980347588799079,0.19727798948649));
#1174=DIRECTION('',(-3.28580557182581E-14,0.803459608008588,0.595359268256308));
#1175=DIRECTION('',(0.,0.595359268256308,-0.803459608008588));
#1176=DIRECTION('',(-1.,1.56105599637958E-16,0.));
#1177=DIRECTION('',(-1.56105599637958E-16,-1.,0.));
#1178=DIRECTION('',(0.,-0.197277989486488,0.98034758879908));
#1179=DIRECTION('',(0.,0.98034758879908,0.197277989486488));
#1180=DIRECTION('',(0.,0.860012120645904,0.510273605374738));
#1181=DIRECTION('',(0.,0.510273605374738,-0.860012120645905));
#1182=DIRECTION('',(5.80829135442837E-16,-0.860012120645904,0.510273605374738));
#1183=DIRECTION('',(0.,0.510273605374738,0.860012120645904));
#1184=DIRECTION('',(0.454519477672045,0.454519477672045,-0.766044443118977));
#1185=DIRECTION('',(0.,-0.860012120645905,-0.510273605374738));
#1186=DIRECTION('',(0.,0.,-1.));
#1187=DIRECTION('',(0.,-1.,0.));
#1188=DIRECTION('',(0.860012120645904,0.,0.510273605374738));
#1189=DIRECTION('',(0.510273605374738,0.,-0.860012120645905));
#1190=DIRECTION('',(0.454519477672045,-0.454519477672045,-0.766044443118976));
#1191=DIRECTION('',(0.,-0.860012120645904,0.510273605374739));
#1192=DIRECTION('',(0.860012120645904,0.,0.510273605374739));
#1193=DIRECTION('',(0.510273605374739,0.,-0.860012120645904));
#1194=DIRECTION('',(0.,0.,-1.));
#1195=DIRECTION('',(0.,-1.,0.));
#1196=DIRECTION('',(-0.860012120645907,0.,0.510273605374735));
#1197=DIRECTION('',(0.510273605374735,0.,0.860012120645907));
#1198=DIRECTION('',(0.,0.,-1.));
#1199=DIRECTION('',(0.,-1.,0.));
#1200=DIRECTION('',(0.,0.,1.));
#1201=DIRECTION('',(0.,1.,0.));
#1202=DIRECTION('',(1.16165827088567E-15,0.860012120645905,-0.510273605374738));
#1203=DIRECTION('',(0.,-0.510273605374738,-0.860012120645905));
#1204=DIRECTION('',(0.,-0.860012120645904,-0.510273605374738));
#1205=DIRECTION('',(0.,-0.510273605374738,0.860012120645905));
#1206=DIRECTION('',(2.07555777226651E-47,1.32958572727703E-31,-1.));
#1207=DIRECTION('',(0.,-1.,-1.32958572727703E-31));
#1208=DIRECTION('',(0.,0.,1.));
#1209=DIRECTION('',(0.,1.,0.));
#1210=DIRECTION('',(-0.860012120645907,5.80829135442833E-16,0.510273605374735));
#1211=DIRECTION('',(0.510273605374735,0.,0.860012120645906));
#1212=DIRECTION('',(5.80829135442835E-16,0.860012120645905,0.510273605374737));
#1213=DIRECTION('',(0.,0.510273605374737,-0.860012120645906));
#1214=DIRECTION('',(0.,-0.860012120645906,0.510273605374736));
#1215=DIRECTION('',(0.,0.510273605374736,0.860012120645906));
#1216=DIRECTION('',(-0.454519477672042,0.454519477672044,-0.766044443118979));
#1217=DIRECTION('',(0.,-0.860012120645906,-0.510273605374736));
#1218=DIRECTION('',(0.,0.,-1.));
#1219=DIRECTION('',(0.,-1.,0.));
#1220=DIRECTION('',(0.454519477672042,0.454519477672045,0.766044443118978));
#1221=DIRECTION('',(0.,0.860012120645905,-0.510273605374738));
#1222=DIRECTION('',(0.860012120645906,0.,-0.510273605374736));
#1223=DIRECTION('',(-0.510273605374736,0.,-0.860012120645906));
#1224=DIRECTION('',(0.454519477672042,-0.454519477672045,0.766044443118978));
#1225=DIRECTION('',(0.,0.860012120645905,0.510273605374738));
#1226=DIRECTION('',(0.860012120645906,-1.16165827088567E-15,-0.510273605374736));
#1227=DIRECTION('',(-0.510273605374736,0.,-0.860012120645906));
#1228=DIRECTION('',(-0.454519477672042,-0.454519477672044,-0.766044443118979));
#1229=DIRECTION('',(0.,-0.860012120645906,0.510273605374736));
#1230=DIRECTION('',(0.,0.,-1.));
#1231=DIRECTION('',(0.,-1.,0.));
#1232=DIRECTION('',(-5.91645678915759E-31,1.84718406960702E-46,-1.));
#1233=DIRECTION('',(-1.,0.,5.91645678915759E-31));
#1234=DIRECTION('',(0.,0.,1.));
#1235=DIRECTION('',(0.,1.,0.));
#1236=DIRECTION('',(-0.860012120645903,0.,-0.51027360537474));
#1237=DIRECTION('',(-0.51027360537474,0.,0.860012120645903));
#1238=DIRECTION('',(-0.860012120645905,0.,-0.510273605374738));
#1239=DIRECTION('',(-0.510273605374738,0.,0.860012120645905));
#1240=DIRECTION('',(-5.91645678915759E-31,1.32958572727703E-31,-1.));
#1241=DIRECTION('',(-1.,0.,5.91645678915759E-31));
#1242=DIRECTION('',(0.,0.,1.));
#1243=DIRECTION('',(0.,1.,0.));
#1244=DIRECTION('',(-0.454519477672047,0.454519477672044,0.766044443118976));
#1245=DIRECTION('',(0.860012120645903,0.,0.510273605374741));
#1246=DIRECTION('',(0.,0.860012120645904,-0.510273605374738));
#1247=DIRECTION('',(0.,-0.510273605374738,-0.860012120645905));
#1248=DIRECTION('',(-0.454519477672045,-0.454519477672045,0.766044443118977));
#1249=DIRECTION('',(0.,0.860012120645905,0.510273605374738));
#1250=DIRECTION('',(5.80829135442836E-16,-0.860012120645905,-0.510273605374738));
#1251=DIRECTION('',(0.,-0.510273605374738,0.860012120645905));
#1252=DIRECTION('',(0.,0.,-1.));
#1253=DIRECTION('',(-1.,0.,0.));
#1254=DIRECTION('',(0.,0.,1.));
#1255=DIRECTION('',(1.,0.,0.));
#1256=DIRECTION('',(0.,1.,0.));
#1257=DIRECTION('',(-1.,0.,0.));
#1258=DIRECTION('',(0.,0.,1.));
#1259=DIRECTION('',(1.,0.,0.));
#1260=DIRECTION('',(-1.,0.,0.));
#1261=DIRECTION('',(0.,-1.,0.));
#1262=DIRECTION('',(0.,0.,1.));
#1263=DIRECTION('',(1.,0.,0.));
#1264=DIRECTION('',(0.,-1.,0.));
#1265=DIRECTION('',(1.,0.,0.));
#1266=DIRECTION('',(0.,0.,1.));
#1267=DIRECTION('',(1.,0.,0.));
#1268=DIRECTION('',(0.,0.,1.));
#1269=DIRECTION('',(-1.,0.,0.));
#1270=DIRECTION('',(0.,0.,1.));
#1271=DIRECTION('',(1.,0.,0.));
#1272=DIRECTION('',(1.,0.,0.));
#1273=DIRECTION('',(0.,1.,0.));
#1274=DIRECTION('',(0.,0.,1.));
#1275=DIRECTION('',(1.,0.,0.));
#1276=DIRECTION('',(-0.577350269189626,0.577350269189626,-0.577350269189626));
#1277=DIRECTION('',(-0.707106783050647,-0.707106779322448,3.72819863869722E-9));
#1278=DIRECTION('',(0.,0.,1.));
#1279=DIRECTION('',(1.,0.,0.));
#1280=DIRECTION('',(-0.718873086818576,0.585048618558824,-0.375419230954334));
#1281=DIRECTION('',(-0.631219059022785,-0.775604602569111,-2.09432468312176E-8));
#1282=DIRECTION('',(0.,0.,1.));
#1283=DIRECTION('',(1.,0.,0.));
#1284=CARTESIAN_POINT('',(0.,0.,0.));
#1285=CARTESIAN_POINT('',(0.4375,-0.437499999999999,-0.849999999999998));
#1286=CARTESIAN_POINT('',(0.437500000000001,0.4075,-0.849999999999998));
#1287=CARTESIAN_POINT('',(0.437500000000001,0.4075,-1.20549767589144));
#1288=CARTESIAN_POINT('',(0.437500000000001,0.4075,-1.03704525692696));
#1289=CARTESIAN_POINT('',(0.437500000000001,0.4075,-1.03704525692696));
#1290=CARTESIAN_POINT('',(0.437500000000001,0.355445789583542,-1.00615977405238));
#1291=CARTESIAN_POINT('',(0.437500000000001,0.30245996194548,-0.977476892518004));
#1292=CARTESIAN_POINT('',(0.437500000000001,0.24747232980088,-0.953526831702979));
#1293=CARTESIAN_POINT('',(0.437500000000001,0.247472329800774,-0.95352683170323));
#1294=CARTESIAN_POINT('',(0.437500000000001,1.56512879813923E-16,-1.2875));
#1295=CARTESIAN_POINT('',(0.4375,-0.437499999999999,-0.849999999999998));
#1296=CARTESIAN_POINT('',(0.437500000000001,0.247472329800848,-1.62147316829703));
#1297=CARTESIAN_POINT('',(0.437500000000001,0.302572709456926,-1.59747399989815));
#1298=CARTESIAN_POINT('',(0.437500000000001,0.355686346860585,-1.5686974953673));
#1299=CARTESIAN_POINT('',(0.437500000000001,0.4075,-1.53795474307303));
#1300=CARTESIAN_POINT('',(0.437500000000001,0.247472329800767,-1.62147316829677));
#1301=CARTESIAN_POINT('',(0.437500000000001,0.4075,-1.53795474307303));
#1302=CARTESIAN_POINT('',(0.437500000000001,0.4075,-0.849999999999998));
#1303=CARTESIAN_POINT('',(0.437500000000001,0.4075,-1.36950232410855));
#1304=CARTESIAN_POINT('',(0.437500000000001,1.56512879813923E-16,-1.2875));
#1305=CARTESIAN_POINT('',(0.4375,-0.437499999999999,-0.849999999999998));
#1306=CARTESIAN_POINT('',(0.437500000000001,1.56512879813923E-16,-1.2875));
#1307=CARTESIAN_POINT('',(0.4375,-0.407499999999999,-1.20549767589144));
#1308=CARTESIAN_POINT('',(0.4375,-0.247472329800528,-0.953526831703048));
#1309=CARTESIAN_POINT('',(0.4375,-0.247472329800593,-0.953526831702854));
#1310=CARTESIAN_POINT('',(0.4375,-0.302476804421953,-0.977484228319147));
#1311=CARTESIAN_POINT('',(0.4375,-0.355674355137189,-1.00629538954701));
#1312=CARTESIAN_POINT('',(0.4375,-0.407499999999999,-1.03704525692696));
#1313=CARTESIAN_POINT('',(0.4375,-0.407499999999999,-1.03704525692696));
#1314=CARTESIAN_POINT('',(0.4375,-0.407499999999999,-0.849999999999998));
#1315=CARTESIAN_POINT('',(-0.437499999999999,-0.4375,-0.849999999999998));
#1316=CARTESIAN_POINT('',(0.407500000000001,-0.437499999999999,-1.03704525692696));
#1317=CARTESIAN_POINT('',(0.344545831502105,-0.437499999999999,-0.999692468795719));
#1318=CARTESIAN_POINT('',(0.215938182531697,-0.437499999999999,-0.930382500095193));
#1319=CARTESIAN_POINT('',(0.0357386816572331,-0.4375,-0.886516046838219));
#1320=CARTESIAN_POINT('',(-0.111501828442933,-0.4375,-0.904435853217727));
#1321=CARTESIAN_POINT('',(-0.248342236374249,-0.4375,-0.948427777203919));
#1322=CARTESIAN_POINT('',(-0.344898233057835,-0.4375,-0.999901560281836));
#1323=CARTESIAN_POINT('',(-0.407499999999999,-0.4375,-1.03704525692697));
#1324=CARTESIAN_POINT('',(0.407500000000001,-0.437499999999999,-1.03704525692696));
#1325=CARTESIAN_POINT('',(-0.407499999999999,-0.4375,-1.03704525692697));
#1326=CARTESIAN_POINT('',(-0.407499999999999,-0.4375,-0.849999999999998));
#1327=CARTESIAN_POINT('',(-0.407499999999999,-0.4375,-1.53795474307303));
#1328=CARTESIAN_POINT('',(-0.407499999999999,-0.4375,-1.53795474307303));
#1329=CARTESIAN_POINT('',(-0.345004826112106,-0.4375,-1.5750351945373));
#1330=CARTESIAN_POINT('',(-0.248959766572414,-0.4375,-1.62624913668899));
#1331=CARTESIAN_POINT('',(-0.112401408120631,-0.4375,-1.6703579646607));
#1332=CARTESIAN_POINT('',(0.0350696610422101,-0.437499999999999,-1.68857481151058));
#1333=CARTESIAN_POINT('',(0.215617596677189,-0.437499999999999,-1.64479297515937));
#1334=CARTESIAN_POINT('',(0.344441770029978,-0.437499999999999,-1.57536927431381));
#1335=CARTESIAN_POINT('',(0.407500000000001,-0.437499999999999,-1.53795474307303));
#1336=CARTESIAN_POINT('',(0.407500000000001,-0.437499999999999,-1.53795474307303));
#1337=CARTESIAN_POINT('',(0.407500000000001,-0.437499999999999,-0.849999999999998));
#1338=CARTESIAN_POINT('',(0.4375,-0.437499999999999,-0.849999999999998));
#1339=CARTESIAN_POINT('',(0.4375,-0.407499999999999,-0.849999999999998));
#1340=CARTESIAN_POINT('',(0.4375,-0.407499999999999,-1.36950232410855));
#1341=CARTESIAN_POINT('',(0.4375,-0.407499999999999,-1.53795474307303));
#1342=CARTESIAN_POINT('',(0.437500000000001,-0.407499999999999,-1.53795474307303));
#1343=CARTESIAN_POINT('',(0.437500000000001,-0.355475080800185,-1.56882284650102));
#1344=CARTESIAN_POINT('',(0.437500000000001,-0.302499521968715,-1.59750587697176));
#1345=CARTESIAN_POINT('',(0.437500000000001,-0.247472329799806,-1.62147316829748));
#1346=CARTESIAN_POINT('',(0.4375,-0.247472329799806,-1.62147316829748));
#1347=CARTESIAN_POINT('',(0.437500000000001,1.56512879813923E-16,-1.2875));
#1348=CARTESIAN_POINT('',(0.437500000000001,0.4375,-0.849999999999998));
#1349=CARTESIAN_POINT('',(-0.407499999999999,0.4375,-0.849999999999998));
#1350=CARTESIAN_POINT('',(-0.407499999999999,0.4375,-1.53795474307303));
#1351=CARTESIAN_POINT('',(-0.407499999999999,0.4375,-1.03704525692697));
#1352=CARTESIAN_POINT('',(-0.407499999999999,0.4375,-1.03704525692697));
#1353=CARTESIAN_POINT('',(-0.344920381500835,0.4375,-0.999914701684837));
#1354=CARTESIAN_POINT('',(-0.218209833586592,0.4375,-0.931394815481453));
#1355=CARTESIAN_POINT('',(-0.0011020262413893,0.4375,-0.877718834558686));
#1356=CARTESIAN_POINT('',(0.215709348806585,0.4375,-0.930209613889412));
#1357=CARTESIAN_POINT('',(0.34457465712664,0.4375,-0.999709571991134));
#1358=CARTESIAN_POINT('',(0.407500000000001,0.4375,-1.03704525692696));
#1359=CARTESIAN_POINT('',(0.407500000000001,0.4375,-1.03704525692696));
#1360=CARTESIAN_POINT('',(0.407500000000001,0.4375,-0.849999999999998));
#1361=CARTESIAN_POINT('',(0.407500000000001,0.4375,-1.53795474307303));
#1362=CARTESIAN_POINT('',(0.407500000000001,0.4375,-1.53795474307303));
#1363=CARTESIAN_POINT('',(0.344920381500836,0.4375,-1.57508529831516));
#1364=CARTESIAN_POINT('',(0.218209833586594,0.4375,-1.64360518451854));
#1365=CARTESIAN_POINT('',(0.00110202624139053,0.4375,-1.69728116544131));
#1366=CARTESIAN_POINT('',(-0.215709348806585,0.4375,-1.64479038611058));
#1367=CARTESIAN_POINT('',(-0.344574657126638,0.4375,-1.57529042800886));
#1368=CARTESIAN_POINT('',(-0.407499999999999,0.4375,-1.53795474307303));
#1369=CARTESIAN_POINT('',(-0.437499999999999,0.4375,-0.849999999999998));
#1370=CARTESIAN_POINT('',(-0.437499999999999,-0.407499999999999,-1.03704525692697));
#1371=CARTESIAN_POINT('',(-0.437499999999999,-0.344920381500835,-0.999914701684837));
#1372=CARTESIAN_POINT('',(-0.437499999999999,-0.218209833586592,-0.931394815481454));
#1373=CARTESIAN_POINT('',(-0.437499999999999,-0.00110202624138909,-0.877718834558687));
#1374=CARTESIAN_POINT('',(-0.437499999999999,0.215709348806586,-0.930209613889414));
#1375=CARTESIAN_POINT('',(-0.437499999999999,0.34457465712664,-0.999709571991136));
#1376=CARTESIAN_POINT('',(-0.437499999999999,0.4075,-1.03704525692697));
#1377=CARTESIAN_POINT('',(-0.437499999999999,-0.407499999999999,-1.03704525692697));
#1378=CARTESIAN_POINT('',(-0.437499999999999,0.4075,-1.03704525692697));
#1379=CARTESIAN_POINT('',(-0.437499999999999,0.4075,-0.849999999999998));
#1380=CARTESIAN_POINT('',(-0.437499999999999,0.4075,-1.53795474307303));
#1381=CARTESIAN_POINT('',(-0.437499999999999,0.4075,-1.53795474307303));
#1382=CARTESIAN_POINT('',(-0.437499999999999,0.344514448146536,-1.57532615198602));
#1383=CARTESIAN_POINT('',(-0.437499999999999,0.21569457542816,-1.6448302576935));
#1384=CARTESIAN_POINT('',(-0.437499999999999,-0.00157339596049963,-1.69732534327664));
#1385=CARTESIAN_POINT('',(-0.437499999999999,-0.218628046913731,-1.64338218227109));
#1386=CARTESIAN_POINT('',(-0.437499999999999,-0.344980248678551,-1.57504977714065));
#1387=CARTESIAN_POINT('',(-0.437499999999999,-0.407499999999999,-1.53795474307303));
#1388=CARTESIAN_POINT('',(-0.437499999999999,-0.407499999999999,-1.53795474307303));
#1389=CARTESIAN_POINT('',(-0.437499999999999,-0.407499999999999,-0.849999999999998));
#1390=CARTESIAN_POINT('',(6.36973468803568E-16,5.63523489684587E-16,-0.849999999999998));
#1391=CARTESIAN_POINT('',(6.42357791859187E-16,5.63523489684587E-16,-0.852538737827002));
#1392=CARTESIAN_POINT('',(0.403077434478415,5.63523489684587E-16,-0.852538737827002));
#1393=CARTESIAN_POINT('',(0.421135584330162,0.421135584330162,-1.0140639236334));
#1394=CARTESIAN_POINT('',(0.356250745948003,0.422203294554342,-0.976199113024243));
#1395=CARTESIAN_POINT('',(0.223047239114282,0.424776911669201,-0.90629114546368));
#1396=CARTESIAN_POINT('',(0.000207348672186183,0.427786744027414,-0.855504616983121));
#1397=CARTESIAN_POINT('',(-0.223107716150825,0.424777876748555,-0.906274056964336));
#1398=CARTESIAN_POINT('',(-0.356200780878892,0.422204116752816,-0.976169954935451));
#1399=CARTESIAN_POINT('',(-0.421135584330161,0.421135584330162,-1.0140639236334));
#1400=CARTESIAN_POINT('',(0.421135584330162,0.421135584330162,-1.0140639236334));
#1401=CARTESIAN_POINT('',(-0.421135584330161,0.421135584330162,-1.0140639236334));
#1402=CARTESIAN_POINT('',(-0.421135584330161,0.421135584330162,-1.0140639236334));
#1403=CARTESIAN_POINT('',(-0.422203294554341,0.356250745948003,-0.976199113024245));
#1404=CARTESIAN_POINT('',(-0.4247769116692,0.223047239114282,-0.906291145463682));
#1405=CARTESIAN_POINT('',(-0.427786744027413,0.000207348672186514,-0.855504616983122));
#1406=CARTESIAN_POINT('',(-0.424777876748554,-0.223107716150824,-0.906274056964336));
#1407=CARTESIAN_POINT('',(-0.422204116752815,-0.356200780878892,-0.976169954935451));
#1408=CARTESIAN_POINT('',(-0.421135584330161,-0.421135584330161,-1.0140639236334));
#1409=CARTESIAN_POINT('',(-0.421135584330161,-0.421135584330161,-1.0140639236334));
#1410=CARTESIAN_POINT('',(-0.421135584330161,-0.421135584330161,-1.0140639236334));
#1411=CARTESIAN_POINT('',(-0.356466525087536,-0.422199743808139,-0.976325035141885));
#1412=CARTESIAN_POINT('',(-0.256988135610467,-0.424090133148255,-0.924659304393935));
#1413=CARTESIAN_POINT('',(-0.115613284296236,-0.42627016187814,-0.881285799910532));
#1414=CARTESIAN_POINT('',(0.0361776903465825,-0.427289840737522,-0.863785828924586));
#1415=CARTESIAN_POINT('',(0.222467396766624,-0.424791872317132,-0.906013801794183));
#1416=CARTESIAN_POINT('',(0.355938077370805,-0.422208439661349,-0.976016649189017));
#1417=CARTESIAN_POINT('',(0.421135584330163,-0.421135584330161,-1.01406392363339));
#1418=CARTESIAN_POINT('',(0.421135584330162,-0.421135584330161,-1.0140639236334));
#1419=CARTESIAN_POINT('',(0.421135584330162,-0.421135584330161,-1.0140639236334));
#1420=CARTESIAN_POINT('',(0.422203738246079,-0.356223782764525,-0.976183378133608));
#1421=CARTESIAN_POINT('',(0.424775997497406,-0.223131988894563,-0.906314153094046));
#1422=CARTESIAN_POINT('',(0.427788236652936,-1.39483643273965E-5,-0.855471080562656));
#1423=CARTESIAN_POINT('',(0.424772825453108,0.223331141938642,-0.906385105738974));
#1424=CARTESIAN_POINT('',(0.422203685929006,0.356226962077388,-0.976185233483523));
#1425=CARTESIAN_POINT('',(0.421135584330162,0.421135584330161,-1.0140639236334));
#1426=CARTESIAN_POINT('',(1.27778981098433E-15,5.63523489684587E-16,-1.725));
#1427=CARTESIAN_POINT('',(1.27240548792871E-15,5.63523489684587E-16,-1.72246126217299));
#1428=CARTESIAN_POINT('',(0.403077434478416,5.63523489684587E-16,-1.72246126217299));
#1429=CARTESIAN_POINT('',(0.421135584330162,-0.421135584330161,-1.5609360763666));
#1430=CARTESIAN_POINT('',(0.356285880014807,-0.422202716406914,-1.59878038380708));
#1431=CARTESIAN_POINT('',(0.223842425869514,-0.424762571656747,-1.66838992604449));
#1432=CARTESIAN_POINT('',(0.000328795154026226,-0.427788721733748,-1.71953967501432));
#1433=CARTESIAN_POINT('',(-0.222723583010213,-0.424784258883191,-1.66886686921301));
#1434=CARTESIAN_POINT('',(-0.356174836303884,-0.422204543682876,-1.59884518552638));
#1435=CARTESIAN_POINT('',(-0.42113558433016,-0.421135584330161,-1.5609360763666));
#1436=CARTESIAN_POINT('',(0.421135584330162,-0.421135584330161,-1.5609360763666));
#1437=CARTESIAN_POINT('',(-0.42113558433016,-0.421135584330161,-1.5609360763666));
#1438=CARTESIAN_POINT('',(-0.42113558433016,-0.421135584330161,-1.5609360763666));
#1439=CARTESIAN_POINT('',(-0.422199744823306,-0.356466463395733,-1.59867500085957));
#1440=CARTESIAN_POINT('',(-0.424727064534706,-0.225506467080371,-1.6676069311106));
#1441=CARTESIAN_POINT('',(-0.427794890283754,-0.0016076471205345,-1.71967988181496));
#1442=CARTESIAN_POINT('',(-0.424794337422977,0.222375051213973,-1.66907566030355));
#1443=CARTESIAN_POINT('',(-0.422207550970184,0.355992083206154,-1.59895183465438));
#1444=CARTESIAN_POINT('',(-0.421135584330161,0.421135584330162,-1.5609360763666));
#1445=CARTESIAN_POINT('',(-0.421135584330161,0.421135584330162,-1.5609360763666));
#1446=CARTESIAN_POINT('',(-0.421135584330161,0.421135584330162,-1.5609360763666));
#1447=CARTESIAN_POINT('',(-0.356250745948002,0.422203294554342,-1.59880088697575));
#1448=CARTESIAN_POINT('',(-0.223047239114281,0.424776911669201,-1.66870885453632));
#1449=CARTESIAN_POINT('',(-0.0002073486721851,0.427786744027414,-1.71949538301688));
#1450=CARTESIAN_POINT('',(0.223107716150825,0.424777876748555,-1.66872594303566));
#1451=CARTESIAN_POINT('',(0.356200780878893,0.422204116752816,-1.59883004506455));
#1452=CARTESIAN_POINT('',(0.421135584330162,0.421135584330162,-1.5609360763666));
#1453=CARTESIAN_POINT('',(0.421135584330162,0.421135584330162,-1.5609360763666));
#1454=CARTESIAN_POINT('',(0.421135584330162,0.421135584330162,-1.5609360763666));
#1455=CARTESIAN_POINT('',(0.422203294554342,0.356250745948003,-1.59880088697575));
#1456=CARTESIAN_POINT('',(0.424776911669201,0.223047239114282,-1.66870885453632));
#1457=CARTESIAN_POINT('',(0.427786744027414,0.000207348672186266,-1.71949538301688));
#1458=CARTESIAN_POINT('',(0.424777876748555,-0.223107716150824,-1.66872594303566));
#1459=CARTESIAN_POINT('',(0.422204116752817,-0.356200780878892,-1.59883004506455));
#1460=CARTESIAN_POINT('',(0.421135584330162,-0.421135584330161,-1.5609360763666));
#1461=CARTESIAN_POINT('',(6.36973468803568E-16,5.63523489684587E-16,-0.849999999999998));
#1462=CARTESIAN_POINT('',(5.84090976786741E-16,0.156250000000001,-1.2875));
#1463=CARTESIAN_POINT('',(0.0135993180296441,0.156250000000001,-1.25388248583072));
#1464=CARTESIAN_POINT('',(0.0314941104846916,0.153584244187395,-1.20994359665554));
#1465=CARTESIAN_POINT('',(0.0470398248285828,0.149122044665183,-1.17134340308885));
#1466=CARTESIAN_POINT('',(0.055063895943421,0.146247956240169,-1.15140790480448));
#1467=CARTESIAN_POINT('',(0.0590047104684051,0.144739796126884,-1.14163092349157));
#1468=CARTESIAN_POINT('',(0.0676829800252336,0.140929920981629,-1.12019954672316));
#1469=CARTESIAN_POINT('',(0.0769899434466591,0.13613568602413,-1.0972266791221));
#1470=CARTESIAN_POINT('',(0.0929799257452731,0.126284108058609,-1.05774113019351));
#1471=CARTESIAN_POINT('',(0.110475544030651,0.111855385388686,-1.01435930009865));
#1472=CARTESIAN_POINT('',(0.13152962915159,0.0863212132150526,-0.962425337993096));
#1473=CARTESIAN_POINT('',(0.149673257601587,0.051700792704506,-0.917467761810156));
#1474=CARTESIAN_POINT('',(0.160635190151102,1.09418986975191E-6,-0.890436412255816));
#1475=CARTESIAN_POINT('',(0.149671171945111,-0.0517040752741124,-0.917473001422384));
#1476=CARTESIAN_POINT('',(0.131533383333248,-0.0863157422657055,-0.962415906691085));
#1477=CARTESIAN_POINT('',(0.110473342102599,-0.111857761626955,-1.01436491545377));
#1478=CARTESIAN_POINT('',(0.0929837700327221,-0.126281142428543,-1.05773120765396));
#1479=CARTESIAN_POINT('',(0.0769925470452532,-0.136134254198674,-1.09722054848216));
#1480=CARTESIAN_POINT('',(0.0676846986572175,-0.140929140783573,-1.12019560487286));
#1481=CARTESIAN_POINT('',(0.0590039639533149,-0.144740116717172,-1.14163273870015));
#1482=CARTESIAN_POINT('',(0.0550651633717976,-0.146247454077066,-1.15140458582044));
#1483=CARTESIAN_POINT('',(0.047041770479996,-0.149121422333583,-1.17133832803771));
#1484=CARTESIAN_POINT('',(0.031497046012159,-0.153583603566853,-1.20993622463699));
#1485=CARTESIAN_POINT('',(0.0136009717782384,-0.156249999999999,-1.25387839776419));
#1486=CARTESIAN_POINT('',(4.1061862918906E-16,-0.156249999999999,-1.2875));
#1487=CARTESIAN_POINT('',(5.81673060131821E-16,0.156250000000001,-1.2875));
#1488=CARTESIAN_POINT('',(4.84107060358097E-16,-0.156249999999999,-1.2875));
#1489=CARTESIAN_POINT('',(5.1112629479385E-16,-0.156249999999999,-1.2875));
#1490=CARTESIAN_POINT('',(0.0135993180288751,-0.156249999999999,-1.32111751416738));
#1491=CARTESIAN_POINT('',(0.0314941104833495,-0.153584244187681,-1.36505640334109));
#1492=CARTESIAN_POINT('',(0.0470398248276474,-0.149122044665485,-1.40365659690871));
#1493=CARTESIAN_POINT('',(0.0550638959428851,-0.146247956240377,-1.42359209519411));
#1494=CARTESIAN_POINT('',(0.0590047104685481,-0.144739796126827,-1.43336907650876));
#1495=CARTESIAN_POINT('',(0.0676829800251965,-0.140929920981642,-1.45480045327692));
#1496=CARTESIAN_POINT('',(0.0769899434466809,-0.136135686024121,-1.47777332087826));
#1497=CARTESIAN_POINT('',(0.092979925745258,-0.126284108058614,-1.51725886980687));
#1498=CARTESIAN_POINT('',(0.110475544030662,-0.111855385388677,-1.56064069990142));
#1499=CARTESIAN_POINT('',(0.131529629151568,-0.0863212132150729,-1.61257466200618));
#1500=CARTESIAN_POINT('',(0.149673257601617,-0.0517007927045172,-1.6575322381903));
#1501=CARTESIAN_POINT('',(0.160635190150938,-1.09418965615789E-6,-1.6845635877437));
#1502=CARTESIAN_POINT('',(0.14967117194557,0.0517040752734883,-1.65752699857861));
#1503=CARTESIAN_POINT('',(0.131533383332453,0.086315742266789,-1.61258409330721));
#1504=CARTESIAN_POINT('',(0.110473342103366,0.11185776162625,-1.56063508454804));
#1505=CARTESIAN_POINT('',(0.0929837700309559,0.126281142429878,-1.51726879234171));
#1506=CARTESIAN_POINT('',(0.0769925470440474,0.136134254199343,-1.47777945151515));
#1507=CARTESIAN_POINT('',(0.0676846986563985,0.140929140783944,-1.45480439512534));
#1508=CARTESIAN_POINT('',(0.0590039639537348,0.144740116716996,-1.43336726130086));
#1509=CARTESIAN_POINT('',(0.0550651633709393,0.146247454077406,-1.42359541417731));
#1510=CARTESIAN_POINT('',(0.0470417704786224,0.149121422334026,-1.40366167195871));
#1511=CARTESIAN_POINT('',(0.0314970460101206,0.153583603567296,-1.36506377535789));
#1512=CARTESIAN_POINT('',(0.0136009717770838,0.156250000000001,-1.32112160223295));
#1513=CARTESIAN_POINT('',(5.8766671974056E-16,0.156250000000001,-1.2875));
#1514=CARTESIAN_POINT('',(0.1099677374225,0.111000717232712,-0.849999999999998));
#1515=CARTESIAN_POINT('',(0.1099677374225,0.111000717232712,-0.897839022055821));
#1516=CARTESIAN_POINT('',(0.1099677374225,0.111000717232712,-0.844316618881));
#1517=CARTESIAN_POINT('',(0.1099677374225,0.111000717232712,-0.897839022055821));
#1518=CARTESIAN_POINT('',(0.0750177672296388,0.145625440756211,-0.894693910687106));
#1519=CARTESIAN_POINT('',(-0.0275688041984584,0.178364467915883,-0.888545164189037));
#1520=CARTESIAN_POINT('',(-0.160381080086612,0.0836072581121871,-0.879119868074699));
#1521=CARTESIAN_POINT('',(-0.162304951656697,-0.0795689755645348,-0.869811750381494));
#1522=CARTESIAN_POINT('',(-0.0322801374110079,-0.177814799423882,-0.860592108880848));
#1523=CARTESIAN_POINT('',(0.123902762362184,-0.131583005086405,-0.851309329505414));
#1524=CARTESIAN_POINT('',(0.179467979028629,0.0217130606075909,-0.842009999135461));
#1525=CARTESIAN_POINT('',(0.0889319474220862,0.157386994210727,-0.832594262761975));
#1526=CARTESIAN_POINT('',(-0.0739372834488176,0.164917165988025,-0.823273278372454));
#1527=CARTESIAN_POINT('',(-0.176586391693692,0.0384605288994161,-0.814045604205983));
#1528=CARTESIAN_POINT('',(-0.135765425152367,-0.119355652780357,-0.804764398656138));
#1529=CARTESIAN_POINT('',(0.0156150290188122,-0.180104712076003,-0.795492974817966));
#1530=CARTESIAN_POINT('',(0.154240228222635,-0.0942253858871999,-0.786066681346821));
#1531=CARTESIAN_POINT('',(0.167378718043728,0.0681516841831997,-0.776746490548954));
#1532=CARTESIAN_POINT('',(0.044515806883081,0.175188842425958,-0.767494280065958));
#1533=CARTESIAN_POINT('',(-0.114684835352997,0.139749870414715,-0.758213955399824));
#1534=CARTESIAN_POINT('',(-0.18051331955094,-0.00948540260650418,-0.7489722349337));
#1535=CARTESIAN_POINT('',(-0.0994768291934871,-0.150877914268379,-0.739546726155801));
#1536=CARTESIAN_POINT('',(0.0623182526060782,-0.169655212737146,-0.730221678729066));
#1537=CARTESIAN_POINT('',(0.173595972037336,-0.0504579184922843,-0.720941835945856));
#1538=CARTESIAN_POINT('',(0.143555530919338,0.109871950988258,-0.711661248678583));
#1539=CARTESIAN_POINT('',(-0.00329467533857573,0.180699108457819,-0.702447586955231));
#1540=CARTESIAN_POINT('',(-0.147322467524959,0.104678453524808,-0.693033622627674));
#1541=CARTESIAN_POINT('',(-0.171715039000961,-0.0565018845169286,-0.683694413315208));
#1542=CARTESIAN_POINT('',(-0.0563173417030827,-0.171785333256708,-0.674391980444124));
#1543=CARTESIAN_POINT('',(0.104893083567629,-0.147192855742896,-0.665108697947574));
#1544=CARTESIAN_POINT('',(0.180696692347966,-0.00300255022910105,-0.655921300724078));
#1545=CARTESIAN_POINT('',(0.10969147646739,0.143671129267987,-0.646515279516109));
#1546=CARTESIAN_POINT('',(-0.0506463911425067,0.173539055786545,-0.6371705896877));
#1547=CARTESIAN_POINT('',(-0.169742131279425,0.0621329057465478,-0.627841258915019));
#1548=CARTESIAN_POINT('',(-0.15074529312503,-0.0997786501229716,-0.618576164834636));
#1549=CARTESIAN_POINT('',(-0.00913721668275172,-0.180319355458911,-0.60933257376668));
#1550=CARTESIAN_POINT('',(0.0899242709196524,-0.136921488092265,-0.603232853108949));
#1551=CARTESIAN_POINT('',(0.121034332342913,-0.0988167642371718,-0.599999999999999));
#1552=CARTESIAN_POINT('',(0.121034332343278,-0.0988167642366096,-0.599999999999998));
#1553=CARTESIAN_POINT('',(6.92484620034825E-16,5.63523489684587E-16,-0.599999999999998));
#1554=CARTESIAN_POINT('',(0.15236478859264,0.0346270659617672,-0.599999999999998));
#1555=CARTESIAN_POINT('',(0.109967737422495,0.111000717232715,-0.844316618880999));
#1556=CARTESIAN_POINT('',(0.0815916892817311,0.139112696045334,-0.841776383410507));
#1557=CARTESIAN_POINT('',(0.00205702873806576,0.172380654159677,-0.836622398987375));
#1558=CARTESIAN_POINT('',(-0.118194315518519,0.125429439110791,-0.829058398670624));
#1559=CARTESIAN_POINT('',(-0.172139643345692,0.00827789976613309,-0.821366202309505));
#1560=CARTESIAN_POINT('',(-0.129668856618189,-0.113590348322451,-0.813800149650216));
#1561=CARTESIAN_POINT('',(-0.0142629464029279,-0.171792902725058,-0.806098893065011));
#1562=CARTESIAN_POINT('',(0.108972654700774,-0.13350861209762,-0.798530952213678));
#1563=CARTESIAN_POINT('',(0.171127708736806,-0.0204971687329651,-0.790850818888701));
#1564=CARTESIAN_POINT('',(0.137379769420452,0.104142705101044,-0.783274087902817));
#1565=CARTESIAN_POINT('',(0.0264046363593831,0.170336466286951,-0.77558670977266));
#1566=CARTESIAN_POINT('',(-0.0991973029205055,0.140917128657287,-0.768011111326062));
#1567=CARTESIAN_POINT('',(-0.169257350338247,0.0326062908957715,-0.760343088992383));
#1568=CARTESIAN_POINT('',(-0.144384044289415,-0.0941923567889796,-0.752747943304504));
#1569=CARTESIAN_POINT('',(-0.0384341663320048,-0.168012340354741,-0.745079298624468));
#1570=CARTESIAN_POINT('',(0.088926927594493,-0.147620531566568,-0.737488824385415));
#1571=CARTESIAN_POINT('',(0.166525357318712,-0.0445278699539606,-0.729832164678611));
#1572=CARTESIAN_POINT('',(0.150701581698777,0.0837412504401864,-0.722219007564657));
#1573=CARTESIAN_POINT('',(0.0501693250385692,0.164891701014316,-0.714559368576121));
#1574=CARTESIAN_POINT('',(-0.078326566429464,0.153546829551146,-0.706951363886638));
#1575=CARTESIAN_POINT('',(-0.163060240773267,0.0559432634310295,-0.699295114141253));
#1576=CARTESIAN_POINT('',(-0.156143614521736,-0.0729359201173778,-0.691672293541144));
#1577=CARTESIAN_POINT('',(-0.0618058651682628,-0.16088204814367,-0.684039424678977));
#1578=CARTESIAN_POINT('',(0.0672764904860793,-0.158721221320201,-0.6764033449808));
#1579=CARTESIAN_POINT('',(0.158673742556429,-0.0673491647478627,-0.668763845935156));
#1580=CARTESIAN_POINT('',(0.160930060671846,0.0616383933088945,-0.661121836135313));
#1581=CARTESIAN_POINT('',(0.0730935487888107,0.156098182843606,-0.653503360327274));
#1582=CARTESIAN_POINT('',(-0.0559071764806357,0.163075353520043,-0.64584057632076));
#1583=CARTESIAN_POINT('',(-0.153473542096302,0.0784402763298227,-0.638220773840135));
#1584=CARTESIAN_POINT('',(-0.164910122223531,-0.0500308629183133,-0.630557611173444));
#1585=CARTESIAN_POINT('',(-0.0839952825264159,-0.150532051272122,-0.622956569758551));
#1586=CARTESIAN_POINT('',(0.0442444416783211,-0.166608261777659,-0.615253352686347));
#1587=CARTESIAN_POINT('',(0.147498387898541,-0.0891669009203424,-0.607718091434359));
#1588=CARTESIAN_POINT('',(0.161194270823726,-0.0042241088679827,-0.602432725960634));
#1589=CARTESIAN_POINT('',(0.152364788592639,0.03462706596177,-0.599999999999998));
#1590=CARTESIAN_POINT('',(0.1099677374225,-0.111000717232711,-0.849999999999998));
#1591=CARTESIAN_POINT('',(0.1099677374225,-0.111000717232711,-1.67716097794418));
#1592=CARTESIAN_POINT('',(0.109967737422499,-0.111000717232711,-1.730683381119));
#1593=CARTESIAN_POINT('',(0.1099677374225,-0.111000717232711,-1.67716097794417));
#1594=CARTESIAN_POINT('',(0.0750177672296377,-0.14562544075621,-1.68030608931289));
#1595=CARTESIAN_POINT('',(-0.027568804198463,-0.178364467915882,-1.68645483581096));
#1596=CARTESIAN_POINT('',(-0.160381080086618,-0.0836072581121785,-1.6958801319253));
#1597=CARTESIAN_POINT('',(-0.162304951656692,0.0795689755645494,-1.7051882496185));
#1598=CARTESIAN_POINT('',(-0.0322801374109904,0.177814799423888,-1.71440789111915));
#1599=CARTESIAN_POINT('',(0.123902762362202,0.131583005086392,-1.72369067049458));
#1600=CARTESIAN_POINT('',(0.179467979028627,-0.0217130606076167,-1.73299000086454));
#1601=CARTESIAN_POINT('',(0.0889319474220583,-0.157386994210743,-1.74240573723802));
#1602=CARTESIAN_POINT('',(-0.0739372834488507,-0.164917165988011,-1.75172672162754));
#1603=CARTESIAN_POINT('',(-0.176586391693702,-0.0384605288993753,-1.76095439579402));
#1604=CARTESIAN_POINT('',(-0.13576542515234,0.119355652780392,-1.77023560134386));
#1605=CARTESIAN_POINT('',(0.0156150290188625,0.180104712076002,-1.77950702518203));
#1606=CARTESIAN_POINT('',(0.154240228222665,0.0942253858871545,-1.78893331865318));
#1607=CARTESIAN_POINT('',(0.167378718043706,-0.0681516841832551,-1.79825350945105));
#1608=CARTESIAN_POINT('',(0.0445158068830176,-0.175188842425975,-1.80750571993404));
#1609=CARTESIAN_POINT('',(-0.114684835353052,-0.139749870414671,-1.81678604460018));
#1610=CARTESIAN_POINT('',(-0.180513319550938,0.0094854026065774,-1.8260277650663));
#1611=CARTESIAN_POINT('',(-0.0994768291934216,0.150877914268426,-1.8354532738442));
#1612=CARTESIAN_POINT('',(0.0623182526061574,0.16965521273712,-1.84477832127093));
#1613=CARTESIAN_POINT('',(0.173595972037361,0.0504579184922016,-1.85405816405415));
#1614=CARTESIAN_POINT('',(0.143555530919285,-0.10987195098833,-1.86333875132142));
#1615=CARTESIAN_POINT('',(-0.00329467533867423,-0.180699108457819,-1.87255241304477));
#1616=CARTESIAN_POINT('',(-0.14732246752502,-0.104678453524722,-1.88196637737233));
#1617=CARTESIAN_POINT('',(-0.171715039000929,0.0565018845170304,-1.89130558668479));
#1618=CARTESIAN_POINT('',(-0.0563173417029783,0.171785333256746,-1.90060801955588));
#1619=CARTESIAN_POINT('',(0.104893083567725,0.147192855742831,-1.90989130205243));
#1620=CARTESIAN_POINT('',(0.180696692347968,0.0030025502289788,-1.91907869927592));
#1621=CARTESIAN_POINT('',(0.109691476467293,-0.143671129268064,-1.92848472048389));
#1622=CARTESIAN_POINT('',(-0.0506463911426408,-0.173539055786504,-1.9378294103123));
#1623=CARTESIAN_POINT('',(-0.169742131279448,-0.0621329057464379,-1.94715874108499));
#1624=CARTESIAN_POINT('',(-0.150745293125043,0.099778650123152,-1.95642383516536));
#1625=CARTESIAN_POINT('',(-0.00913721668226992,0.180319355458698,-1.96566742623335));
#1626=CARTESIAN_POINT('',(0.0899242709190372,0.136921488092671,-1.971767146891));
#1627=CARTESIAN_POINT('',(0.12103433234247,0.0988167642377152,-1.97499999999995));
#1628=CARTESIAN_POINT('',(0.121034332343353,0.0988167642364922,-1.975));
#1629=CARTESIAN_POINT('',(1.80800634204434E-15,5.63523489684586E-16,-1.975));
#1630=CARTESIAN_POINT('',(0.152364788592638,-0.0346270659617789,-1.975));
#1631=CARTESIAN_POINT('',(0.109967737422495,-0.111000717232714,-1.730683381119));
#1632=CARTESIAN_POINT('',(0.0815916892817286,-0.139112696045335,-1.73322361658949));
#1633=CARTESIAN_POINT('',(0.00205702873806167,-0.172380654159675,-1.73837760101262));
#1634=CARTESIAN_POINT('',(-0.118194315518521,-0.125429439110788,-1.74594160132937));
#1635=CARTESIAN_POINT('',(-0.172139643345692,-0.00827789976612973,-1.75363379769049));
#1636=CARTESIAN_POINT('',(-0.129668856618188,0.113590348322454,-1.76119985034978));
#1637=CARTESIAN_POINT('',(-0.0142629464029226,0.171792902725059,-1.76890110693499));
#1638=CARTESIAN_POINT('',(0.108972654700776,0.133508612097619,-1.77646904778632));
#1639=CARTESIAN_POINT('',(0.171127708736808,0.0204971687329626,-1.78414918111129));
#1640=CARTESIAN_POINT('',(0.137379769420447,-0.10414270510105,-1.79172591209718));
#1641=CARTESIAN_POINT('',(0.0264046363593773,-0.17033646628695,-1.79941329022734));
#1642=CARTESIAN_POINT('',(-0.0991973029205103,-0.140917128657281,-1.80698888867394));
#1643=CARTESIAN_POINT('',(-0.169257350338248,-0.0326062908957725,-1.81465691100761));
#1644=CARTESIAN_POINT('',(-0.144384044289411,0.0941923567889891,-1.82225205669549));
#1645=CARTESIAN_POINT('',(-0.0384341663320008,0.168012340354742,-1.82992070137553));
#1646=CARTESIAN_POINT('',(0.0889269275944981,0.147620531566565,-1.83751117561458));
#1647=CARTESIAN_POINT('',(0.166525357318713,0.0445278699539612,-1.84516783532139));
#1648=CARTESIAN_POINT('',(0.150701581698771,-0.0837412504401942,-1.85278099243534));
#1649=CARTESIAN_POINT('',(0.05016932503857,-0.164891701014315,-1.86044063142388));
#1650=CARTESIAN_POINT('',(-0.078326566429473,-0.153546829551141,-1.86804863611336));
#1651=CARTESIAN_POINT('',(-0.163060240773267,-0.0559432634310293,-1.87570488585874));
#1652=CARTESIAN_POINT('',(-0.156143614521733,0.0729359201173887,-1.88332770645885));
#1653=CARTESIAN_POINT('',(-0.061805865168257,0.160882048143674,-1.89096057532102));
#1654=CARTESIAN_POINT('',(0.0672764904860889,0.158721221320197,-1.8985966550192));
#1655=CARTESIAN_POINT('',(0.158673742556429,0.0673491647478604,-1.90623615406484));
#1656=CARTESIAN_POINT('',(0.160930060671842,-0.0616383933089016,-1.91387816386468));
#1657=CARTESIAN_POINT('',(0.0730935487888078,-0.156098182843608,-1.92149663967272));
#1658=CARTESIAN_POINT('',(-0.0559071764806499,-0.163075353520038,-1.92915942367924));
#1659=CARTESIAN_POINT('',(-0.153473542096304,-0.0784402763298179,-1.93677922615986));
#1660=CARTESIAN_POINT('',(-0.164910122223528,0.050030862918329,-1.94444238882655));
#1661=CARTESIAN_POINT('',(-0.0839952825264056,0.150532051272129,-1.95204343024145));
#1662=CARTESIAN_POINT('',(0.0442444416783366,0.166608261777655,-1.95974664731365));
#1663=CARTESIAN_POINT('',(0.147498387898544,0.0891669009203375,-1.96728190856564));
#1664=CARTESIAN_POINT('',(0.161194270823726,0.0042241088679715,-1.97256727403936));
#1665=CARTESIAN_POINT('',(0.152364788592636,-0.0346270659617806,-1.975));
#1666=CARTESIAN_POINT('',(6.36973468803568E-16,5.63523489684587E-16,-0.849999999999998));
#1667=CARTESIAN_POINT('',(6.37691850241467E-16,5.63523489684587E-16,-0.846764697623964));
#1668=CARTESIAN_POINT('',(0.397786501440341,5.63523489684587E-16,-0.846764697623963));
#1669=CARTESIAN_POINT('',(6.92484620034825E-16,5.63523489684587E-16,-0.599999999999998));
#1670=CARTESIAN_POINT('',(0.225000000000001,5.63523489684587E-16,-0.599999999999998));
#1671=CARTESIAN_POINT('',(-0.224999999999999,5.22545769779623E-16,-0.599999999999998));
#1672=CARTESIAN_POINT('',(0.121034332343278,-0.0988167642366096,-0.599999999999998));
#1673=CARTESIAN_POINT('',(0.0927470136793091,-0.142815637935251,-0.599999999999998));
#1674=CARTESIAN_POINT('',(-0.0103993718856574,-0.197571101007435,-0.599999999999998));
#1675=CARTESIAN_POINT('',(-0.115458914004836,-0.151238047940633,-0.599999999999998));
#1676=CARTESIAN_POINT('',(-0.150452635903544,-0.111893942417419,-0.599999999999998));
#1677=CARTESIAN_POINT('',(-0.150452635903473,-0.111893942417348,-0.600000000000057));
#1678=CARTESIAN_POINT('',(6.92484620034825E-16,5.63523489684587E-16,-0.599999999999998));
#1679=CARTESIAN_POINT('',(-0.0853997746396831,0.166922522421306,-0.599999999999998));
#1680=CARTESIAN_POINT('',(-0.0853997746396833,0.166922522421306,-0.599999999999998));
#1681=CARTESIAN_POINT('',(-0.0367931799402796,0.186317947855293,-0.599999999999998));
#1682=CARTESIAN_POINT('',(0.0784843714629631,0.181840415394799,-0.599999999999999));
#1683=CARTESIAN_POINT('',(0.146184818204265,0.0866664450156195,-0.599999999999998));
#1684=CARTESIAN_POINT('',(0.15236478859264,0.0346270659617685,-0.599999999999999));
#1685=CARTESIAN_POINT('',(0.437500000000001,4.26931090001374E-16,-1.2875));
#1686=CARTESIAN_POINT('',(0.6875,3.48878290182395E-16,-1.2875));
#1687=CARTESIAN_POINT('',(0.687500000000001,-0.0345650871878308,-1.43987886089513));
#1688=CARTESIAN_POINT('',(0.6875,0.0346270659617583,-1.43986478859264));
#1689=CARTESIAN_POINT('',(0.443183381118999,0.111000717232715,-1.39746773742249));
#1690=CARTESIAN_POINT('',(0.445723616589492,0.139112696045338,-1.36909168928173));
#1691=CARTESIAN_POINT('',(0.450877601012625,0.172380654159675,-1.28955702873806));
#1692=CARTESIAN_POINT('',(0.458441601329375,0.125429439110791,-1.16930568448148));
#1693=CARTESIAN_POINT('',(0.466133797690495,0.00827789976613496,-1.1153603566543));
#1694=CARTESIAN_POINT('',(0.473699850349782,-0.113590348322455,-1.15783114338181));
#1695=CARTESIAN_POINT('',(0.481401106934988,-0.171792902725057,-1.27323705359707));
#1696=CARTESIAN_POINT('',(0.48896904778632,-0.133508612097622,-1.39647265470077));
#1697=CARTESIAN_POINT('',(0.496649181111297,-0.0204971687329659,-1.45862770873681));
#1698=CARTESIAN_POINT('',(0.504225912097183,0.104142705101048,-1.42487976942045));
#1699=CARTESIAN_POINT('',(0.511913290227339,0.17033646628695,-1.31390463635938));
#1700=CARTESIAN_POINT('',(0.519488888673937,0.140917128657287,-1.18830269707949));
#1701=CARTESIAN_POINT('',(0.527156911007615,0.0326062908957756,-1.11824264966175));
#1702=CARTESIAN_POINT('',(0.534752056695495,-0.0941923567889862,-1.14311595571058));
#1703=CARTESIAN_POINT('',(0.542420701375531,-0.168012340354739,-1.24906583366799));
#1704=CARTESIAN_POINT('',(0.550011175614583,-0.147620531566569,-1.37642692759449));
#1705=CARTESIAN_POINT('',(0.557667835321388,-0.0445278699539629,-1.45402535731871));
#1706=CARTESIAN_POINT('',(0.565280992435342,0.08374125044019,-1.43820158169877));
#1707=CARTESIAN_POINT('',(0.572940631423878,0.164891701014312,-1.33766932503858));
#1708=CARTESIAN_POINT('',(0.58054863611336,0.153546829551148,-1.20917343357054));
#1709=CARTESIAN_POINT('',(0.588204885858745,0.0559432634310383,-1.12443975922673));
#1710=CARTESIAN_POINT('',(0.595827706458854,-0.072935920117373,-1.13135638547826));
#1711=CARTESIAN_POINT('',(0.603460575321022,-0.160882048143669,-1.22569413483173));
#1712=CARTESIAN_POINT('',(0.611096655019198,-0.158721221320202,-1.35477649048607));
#1713=CARTESIAN_POINT('',(0.618736154064842,-0.0673491647478729,-1.44617374255642));
#1714=CARTESIAN_POINT('',(0.626378163864685,0.0616383933088882,-1.44843006067184));
#1715=CARTESIAN_POINT('',(0.633996639672724,0.1560981828436,-1.36059354878882));
#1716=CARTESIAN_POINT('',(0.641659423679238,0.163075353520046,-1.23159282351937));
#1717=CARTESIAN_POINT('',(0.649279226159863,0.078440276329834,-1.1340264579037));
#1718=CARTESIAN_POINT('',(0.656942388826554,-0.0500308629183036,-1.12258987777646));
#1719=CARTESIAN_POINT('',(0.664543430241447,-0.15053205127212,-1.20350471747358));
#1720=CARTESIAN_POINT('',(0.672246647313652,-0.166608261777659,-1.33174444167831));
#1721=CARTESIAN_POINT('',(0.679781908565638,-0.0891669009203605,-1.43499838789853));
#1722=CARTESIAN_POINT('',(0.685067274039364,-0.0042241088679922,-1.44869427082372));
#1723=CARTESIAN_POINT('',(0.687500000000001,0.0346270659617606,-1.43986478859264));
#1724=CARTESIAN_POINT('',(0.443183381118999,0.111000717232712,-1.3974677374225));
#1725=CARTESIAN_POINT('',(0.437500000000001,0.111000717232712,-1.3974677374225));
#1726=CARTESIAN_POINT('',(0.38503473186731,0.111000717232712,-1.3974677374225));
#1727=CARTESIAN_POINT('',(0.385034731867311,0.111000717232716,-1.39746773742249));
#1728=CARTESIAN_POINT('',(0.388189566647981,0.145753710826252,-1.36238829225717));
#1729=CARTESIAN_POINT('',(0.394511234079381,0.17893922776668,-1.25682328463011));
#1730=CARTESIAN_POINT('',(0.404047841386032,0.0790872289058683,-1.12404051546887));
#1731=CARTESIAN_POINT('',(0.413491885222263,-0.0869351917694004,-1.12812241102347));
#1732=CARTESIAN_POINT('',(0.422819574542129,-0.180200613413546,-1.26540471506461));
#1733=CARTESIAN_POINT('',(0.432288212194286,-0.122805157482408,-1.42125722890399));
#1734=CARTESIAN_POINT('',(0.441783660163018,0.0374291675832809,-1.4651894922118));
#1735=CARTESIAN_POINT('',(0.451298219239706,0.16632801417907,-1.36035317710883));
#1736=CARTESIAN_POINT('',(0.460733678643414,0.155973856876022,-1.19458214161291));
#1737=CARTESIAN_POINT('',(0.470051317673987,0.0152409618592522,-1.10659610286927));
#1738=CARTESIAN_POINT('',(0.479552960988909,-0.138292607009288,-1.16983796486671));
#1739=CARTESIAN_POINT('',(0.489054064906162,-0.176151257023428,-1.33160247535251));
#1740=CARTESIAN_POINT('',(0.498544239101874,-0.0665274331767312,-1.45646312420112));
#1741=CARTESIAN_POINT('',(0.507970796346015,0.0987678042650054,-1.43985155741781));
#1742=CARTESIAN_POINT('',(0.517290740318358,0.181327372645832,-1.29585655375979));
#1743=CARTESIAN_POINT('',(0.526816673036573,0.112429980691845,-1.1448542673779));
#1744=CARTESIAN_POINT('',(0.536341252574443,-0.0510261587767221,-1.11319278546823));
#1745=CARTESIAN_POINT('',(0.545790432787516,-0.171347189992965,-1.22752695955588));
#1746=CARTESIAN_POINT('',(0.55521203628245,-0.148473854345358,-1.39205747143701));
#1747=CARTESIAN_POINT('',(0.564547500358195,-0.00122760676465806,-1.46908541020934));
#1748=CARTESIAN_POINT('',(0.574113346183765,0.146991979290033,-1.39407909465827));
#1749=CARTESIAN_POINT('',(0.583600511470515,0.172190649766058,-1.22998902476941));
#1750=CARTESIAN_POINT('',(0.593030463732538,0.0534659929584738,-1.11399170048806));
#1751=CARTESIAN_POINT('',(0.602442817060676,-0.110083688148398,-1.1430830726217));
#1752=CARTESIAN_POINT('',(0.611802517969194,-0.181502191954619,-1.29311533987139));
#1753=CARTESIAN_POINT('',(0.621381344445054,-0.100960043757449,-1.43841869549303));
#1754=CARTESIAN_POINT('',(0.630862375115186,0.0640072156827982,-1.45738630876596));
#1755=CARTESIAN_POINT('',(0.640265510769275,0.175400085590689,-1.33435958623494));
#1756=CARTESIAN_POINT('',(0.649675203251585,0.140153547981722,-1.17204942264029));
#1757=CARTESIAN_POINT('',(0.659064229162879,-0.0124320705521158,-1.10634286599621));
#1758=CARTESIAN_POINT('',(0.66865634151097,-0.154694479702204,-1.19228465806092));
#1759=CARTESIAN_POINT('',(0.678081010849923,-0.167087680491306,-1.35796272638107));
#1760=CARTESIAN_POINT('',(0.684447144601349,-0.0831199430740004,-1.42886484742082));
#1761=CARTESIAN_POINT('',(0.6875,-0.0345650871878323,-1.43987886089513));
#1762=CARTESIAN_POINT('',(4.29290399004384E-16,-0.156249999999999,-1.2875));
#1763=CARTESIAN_POINT('',(0.033617514167377,-0.156249999999999,-1.27390068197112));
#1764=CARTESIAN_POINT('',(0.0775564033410702,-0.153584244187685,-1.25600588951666));
#1765=CARTESIAN_POINT('',(0.116156596908739,-0.149122044665481,-1.24046017517234));
#1766=CARTESIAN_POINT('',(0.136092095194069,-0.146247956240385,-1.23243610405713));
#1767=CARTESIAN_POINT('',(0.14586907650893,-0.144739796126797,-1.22849528953139));
#1768=CARTESIAN_POINT('',(0.16730045327631,-0.140929920981753,-1.21981701997505));
#1769=CARTESIAN_POINT('',(0.19027332087723,-0.136135686024338,-1.21051005655371));
#1770=CARTESIAN_POINT('',(0.229758869805324,-0.12628410805903,-1.19452007425529));
#1771=CARTESIAN_POINT('',(0.273140699901861,-0.111855385388506,-1.17702445596913));
#1772=CARTESIAN_POINT('',(0.325074662006369,-0.0863212132152266,-1.15597037084855));
#1773=CARTESIAN_POINT('',(0.370032238190157,-0.0517007927044126,-1.13782674239832));
#1774=CARTESIAN_POINT('',(0.397063587744017,-1.09418982507613E-6,-1.126864809849));
#1775=CARTESIAN_POINT('',(0.370026998577796,0.0517040752738902,-1.13782882805468));
#1776=CARTESIAN_POINT('',(0.325084093308619,0.0863157422660999,-1.1559666166671));
#1777=CARTESIAN_POINT('',(0.273135084547839,0.111857761626375,-1.17702665789667));
#1778=CARTESIAN_POINT('',(0.229768792341184,0.126281142430056,-1.1945162299693));
#1779=CARTESIAN_POINT('',(0.1902794515148,0.136134254199447,-1.21050745295614));
#1780=CARTESIAN_POINT('',(0.167304395125082,0.140929140784004,-1.21981530134373));
#1781=CARTESIAN_POINT('',(0.145867261301083,0.144740116716958,-1.22849603604617));
#1782=CARTESIAN_POINT('',(0.136095414176685,0.146247454077499,-1.2324348366293));
#1783=CARTESIAN_POINT('',(0.116161671957675,0.149121422334154,-1.24045822952177));
#1784=CARTESIAN_POINT('',(0.0775637753564336,0.153583603567421,-1.25600295399046));
#1785=CARTESIAN_POINT('',(0.0336216022321324,0.156250000000001,-1.27389902822325));
#1786=CARTESIAN_POINT('',(5.95152598619714E-16,0.156250000000001,-1.2875));
#1787=CARTESIAN_POINT('',(6.63448798461321E-16,0.156250000000001,-1.2875));
#1788=CARTESIAN_POINT('',(0.0336175141681962,0.156250000000001,-1.3010993180292));
#1789=CARTESIAN_POINT('',(0.0775564033425395,0.153584244187559,-1.31899411048392));
#1790=CARTESIAN_POINT('',(0.116156596909766,0.149122044665355,-1.33453982482805));
#1791=CARTESIAN_POINT('',(0.136092095194716,0.146247956240289,-1.34256389594311));
#1792=CARTESIAN_POINT('',(0.145869076508636,0.14473979612685,-1.34650471046849));
#1793=CARTESIAN_POINT('',(0.167300453276842,0.140929920981645,-1.35518298002519));
#1794=CARTESIAN_POINT('',(0.190273320878027,0.136135686024143,-1.36448994344664));
#1795=CARTESIAN_POINT('',(0.229758869806629,0.126284108058626,-1.38047992574523));
#1796=CARTESIAN_POINT('',(0.273140699901148,0.1118553853888,-1.39797554403058));
#1797=CARTESIAN_POINT('',(0.325074662007508,0.0863212132145983,-1.41902962915188));
#1798=CARTESIAN_POINT('',(0.370032238189508,0.051700792704777,-1.43717325760142));
#1799=CARTESIAN_POINT('',(0.39706358774416,1.09418969796166E-6,-1.44813519015109));
#1800=CARTESIAN_POINT('',(0.370026998578014,-0.0517040752738687,-1.43717117194531));
#1801=CARTESIAN_POINT('',(0.325084093308195,-0.086315742266111,-1.41903338333289));
#1802=CARTESIAN_POINT('',(0.273135084547811,-0.11185776162639,-1.3979733421033));
#1803=CARTESIAN_POINT('',(0.229768792341624,-0.126281142429993,-1.38048377003078));
#1804=CARTESIAN_POINT('',(0.190279451515144,-0.136134254199408,-1.36449254704393));
#1805=CARTESIAN_POINT('',(0.167304395125218,-0.140929140783993,-1.35518469865628));
#1806=CARTESIAN_POINT('',(0.145867261301224,-0.144740116716933,-1.34650396395389));
#1807=CARTESIAN_POINT('',(0.136095414175986,-0.146247454077602,-1.34256516337043));
#1808=CARTESIAN_POINT('',(0.116161671956451,-0.149121422334306,-1.33454177047775));
#1809=CARTESIAN_POINT('',(0.0775637753547483,-0.153583603567564,-1.31899704600887));
#1810=CARTESIAN_POINT('',(0.0336216022311803,-0.156249999999999,-1.30110097177637));
#1811=CARTESIAN_POINT('',(4.97586598845991E-16,-0.156249999999999,-1.2875));
#1812=CARTESIAN_POINT('',(0.4375,4.26931090001374E-16,-1.2875));
#1813=CARTESIAN_POINT('',(0.450292706909469,1.54515866630828E-16,-1.2875));
#1814=CARTESIAN_POINT('',(0.450292706909469,0.383408388055644,-1.21034569594288));
#1815=CARTESIAN_POINT('',(0.450292706909469,0.232841636950404,-0.973271499115335));
#1816=CARTESIAN_POINT('',(0.450292706909338,0.232841636950458,-0.973271499115262));
#1817=CARTESIAN_POINT('',(0.450292706909369,0.19899942501868,-0.948194601246275));
#1818=CARTESIAN_POINT('',(0.445504709183859,0.125069990882454,-0.906343127782404));
#1819=CARTESIAN_POINT('',(0.441718050586842,-0.000133716207684549,-0.883714889589188));
#1820=CARTESIAN_POINT('',(0.445529637836797,-0.125516147038281,-0.906527622887762));
#1821=CARTESIAN_POINT('',(0.450292706909504,-0.199029523458048,-0.948216904028872));
#1822=CARTESIAN_POINT('',(0.450292706909469,-0.23284163695018,-0.973271499115171));
#1823=CARTESIAN_POINT('',(0.450292706909469,-0.232841636950171,-0.973271499115163));
#1824=CARTESIAN_POINT('',(0.450292706909469,1.54515866630828E-16,-1.2875));
#1825=CARTESIAN_POINT('',(0.450292706909469,-0.383408388055643,-1.21034569594287));
#1826=CARTESIAN_POINT('',(0.450292706909469,-0.383408388055643,-1.21034569594287));
#1827=CARTESIAN_POINT('',(0.450292706909469,-0.393693995336273,-1.26145869807326));
#1828=CARTESIAN_POINT('',(0.45029270690947,-0.393674622320274,-1.31363757363739));
#1829=CARTESIAN_POINT('',(0.450292706909469,-0.383408388055642,-1.36465430405712));
#1830=CARTESIAN_POINT('',(0.450292706909469,-0.383408388055643,-1.36465430405712));
#1831=CARTESIAN_POINT('',(0.450292706909469,1.54515866630828E-16,-1.2875));
#1832=CARTESIAN_POINT('',(0.450292706909469,-0.232841636949493,-1.60172850088534));
#1833=CARTESIAN_POINT('',(0.450292706909469,-0.232841636949493,-1.60172850088534));
#1834=CARTESIAN_POINT('',(0.450292706909469,-0.198999425017714,-1.6268053987542));
#1835=CARTESIAN_POINT('',(0.44550470918374,-0.125069990881589,-1.66865687221794));
#1836=CARTESIAN_POINT('',(0.441718050586864,0.000133716208400253,-1.69128511041077));
#1837=CARTESIAN_POINT('',(0.445529637836821,0.125516147038742,-1.66847237711204));
#1838=CARTESIAN_POINT('',(0.450292706909514,0.199029523458347,-1.62678309597093));
#1839=CARTESIAN_POINT('',(0.450292706909469,0.232841636950409,-1.60172850088466));
#1840=CARTESIAN_POINT('',(0.45029270690947,0.232841636950396,-1.60172850088467));
#1841=CARTESIAN_POINT('',(0.450292706909469,1.54515866630828E-16,-1.2875));
#1842=CARTESIAN_POINT('',(0.450292706909469,0.383408388055644,-1.36465430405712));
#1843=CARTESIAN_POINT('',(0.450292706909469,0.383408388055644,-1.36465430405712));
#1844=CARTESIAN_POINT('',(0.450292706909469,0.393693995336274,-1.31354130192674));
#1845=CARTESIAN_POINT('',(0.45029270690947,0.393674622320275,-1.2613624263626));
#1846=CARTESIAN_POINT('',(0.45029270690947,0.383408388055644,-1.21034569594288));
#1847=CARTESIAN_POINT('',(0.687500000000001,3.48878290182395E-16,-1.2875));
#1848=CARTESIAN_POINT('',(0.687500000000001,3.48878290182395E-16,-1.5125));
#1849=CARTESIAN_POINT('',(0.6875,2.3765305044035E-16,-1.0625));
#1850=CARTESIAN_POINT('',(0.687500000000001,3.48878290182395E-16,-1.2875));
#1851=CARTESIAN_POINT('',(0.687500000000001,-0.166922522421305,-1.20210022536031));
#1852=CARTESIAN_POINT('',(0.687500000000001,0.166922522421305,-1.20210022536031));
#1853=CARTESIAN_POINT('',(0.6875,0.166922522421305,-1.20210022536031));
#1854=CARTESIAN_POINT('',(0.687500000000001,0.186317947855293,-1.25070682005972));
#1855=CARTESIAN_POINT('',(0.687500000000002,0.181840415394798,-1.36598437146297));
#1856=CARTESIAN_POINT('',(0.687500000000001,0.0866664450156125,-1.43368481820426));
#1857=CARTESIAN_POINT('',(0.687500000000001,0.0346270659617592,-1.43986478859264));
#1858=CARTESIAN_POINT('',(0.687500000000001,-0.0345650871878309,-1.43987886089513));
#1859=CARTESIAN_POINT('',(0.687500000000001,-0.0870554920292013,-1.43369086330581));
#1860=CARTESIAN_POINT('',(0.687500000000001,-0.18151591231937,-1.36620376949074));
#1861=CARTESIAN_POINT('',(0.6875,-0.18633251130182,-1.25074331730208));
#1862=CARTESIAN_POINT('',(0.6875,-0.166922522421304,-1.20210022536031));
#1863=CARTESIAN_POINT('',(1.27778981098433E-15,5.63523489684587E-16,-1.725));
#1864=CARTESIAN_POINT('',(1.28465145419534E-15,5.63523489684587E-16,-1.72823530237603));
#1865=CARTESIAN_POINT('',(0.397786501440342,5.63523489684587E-16,-1.72823530237603));
#1866=CARTESIAN_POINT('',(1.80800634204434E-15,5.63523489684586E-16,-1.975));
#1867=CARTESIAN_POINT('',(-0.224999999999998,5.63523489684586E-16,-1.975));
#1868=CARTESIAN_POINT('',(0.225000000000002,3.8205073010546E-16,-1.975));
#1869=CARTESIAN_POINT('',(0.121034332343354,0.0988167642364923,-1.975));
#1870=CARTESIAN_POINT('',(0.0927470136796304,0.142815637934842,-1.975));
#1871=CARTESIAN_POINT('',(-0.0103993718842191,0.197571101007042,-1.975));
#1872=CARTESIAN_POINT('',(-0.115458914003007,0.151238047941667,-1.975));
#1873=CARTESIAN_POINT('',(-0.15045263590195,0.111893942419214,-1.975));
#1874=CARTESIAN_POINT('',(-0.150452635902028,0.111893942419291,-1.97500000000006));
#1875=CARTESIAN_POINT('',(3.87173288262907E-16,5.63523489684587E-16,-1.975));
#1876=CARTESIAN_POINT('',(-0.0853997746396919,-0.1669225224213,-1.975));
#1877=CARTESIAN_POINT('',(-0.0853997746396922,-0.166922522421301,-1.975));
#1878=CARTESIAN_POINT('',(-0.0367931799402909,-0.186317947855291,-1.975));
#1879=CARTESIAN_POINT('',(0.0784843714629501,-0.181840415394803,-1.975));
#1880=CARTESIAN_POINT('',(0.146184818204258,-0.08666644501563,-1.975));
#1881=CARTESIAN_POINT('',(0.152364788592638,-0.0346270659617802,-1.975));
#1882=CARTESIAN_POINT('',(0.102904457826849,0.103871088857071,-0.873390911128665));
#1883=CARTESIAN_POINT('',(0.131961284907,0.133200860679254,-0.862365439636892));
#1884=CARTESIAN_POINT('',(0.124630048419887,0.125800758364285,-0.85634929887989));
#1885=CARTESIAN_POINT('',(0.117298850994802,0.118400695478271,-0.850333062021101));
#1886=CARTESIAN_POINT('',(0.1099677374225,0.111000717232711,-0.844316618881));
#1887=CARTESIAN_POINT('',(0.131961284907,0.133200860679254,-0.862365439636892));
#1888=CARTESIAN_POINT('',(0.131961284907,0.133200860679254,-0.568749999999998));
#1889=CARTESIAN_POINT('',(0.131961284907,0.133200860679254,-0.879792382520397));
#1890=CARTESIAN_POINT('',(0.102904457826849,0.103871088857071,-0.903634742863956));
#1891=CARTESIAN_POINT('',(0.137272410888764,0.138561876619994,-0.875434378147175));
#1892=CARTESIAN_POINT('',(6.92484620034825E-16,5.63523489684587E-16,-0.568749999999998));
#1893=CARTESIAN_POINT('',(-0.150452635903473,-0.111893942417348,-0.600000000000057));
#1894=CARTESIAN_POINT('',(-0.183090051427396,-0.0680096615656097,-0.602770939439559));
#1895=CARTESIAN_POINT('',(-0.207128864664154,0.0505646450429785,-0.60878977542984));
#1896=CARTESIAN_POINT('',(-0.093345743139804,0.191730901780571,-0.617382275102661));
#1897=CARTESIAN_POINT('',(0.0882513834601441,0.194096962070709,-0.626159907860864));
#1898=CARTESIAN_POINT('',(0.205683739648001,0.0561275087838245,-0.634922173722956));
#1899=CARTESIAN_POINT('',(0.174409070541094,-0.122732364427941,-0.643677900846283));
#1900=CARTESIAN_POINT('',(0.0167830681298905,-0.212527413822349,-0.652527500969429));
#1901=CARTESIAN_POINT('',(-0.152890909100947,-0.148659696981638,-0.661211926939895));
#1902=CARTESIAN_POINT('',(-0.211967311126873,0.0230853008959883,-0.670007453101268));
#1903=CARTESIAN_POINT('',(-0.117661968406487,0.177796709500868,-0.678625894750249));
#1904=CARTESIAN_POINT('',(0.0619986749791799,0.204056240611885,-0.687379094755588));
#1905=CARTESIAN_POINT('',(0.196613304974414,0.0824221441548736,-0.696083877950861));
#1906=CARTESIAN_POINT('',(0.189028147617631,-0.0987044036768632,-0.70482180793834));
#1907=CARTESIAN_POINT('',(0.0443908598394476,-0.208549033527403,-0.713647597057223));
#1908=CARTESIAN_POINT('',(-0.132055205347374,-0.167380192615005,-0.722369065711679));
#1909=CARTESIAN_POINT('',(-0.213209334667856,-0.00497108947563509,-0.731226516364624));
#1910=CARTESIAN_POINT('',(-0.139799771724759,0.160954953269487,-0.739884073690556));
#1911=CARTESIAN_POINT('',(0.0345972700232078,0.210421377518514,-0.748639864250724));
#1912=CARTESIAN_POINT('',(0.184193506371931,0.107411536625708,-0.757296790698858));
#1913=CARTESIAN_POINT('',(0.200291602317862,-0.0730611634018511,-0.766025919886639));
#1914=CARTESIAN_POINT('',(0.0714250394264096,-0.200952521343729,-0.774771655465276));
#1915=CARTESIAN_POINT('',(-0.109142519418648,-0.183133303032133,-0.783520793060912));
#1916=CARTESIAN_POINT('',(-0.210678261105805,-0.0329781964915393,-0.792345320451349));
#1917=CARTESIAN_POINT('',(-0.159652209033435,0.141335206098653,-0.801083730751038));
#1918=CARTESIAN_POINT('',(0.00671999116967486,0.213094058812557,-0.809895180000644));
#1919=CARTESIAN_POINT('',(0.168512078724946,0.130720710556783,-0.818537582965879));
#1920=CARTESIAN_POINT('',(0.208087808221592,-0.0463684555523775,-0.827292493066653));
#1921=CARTESIAN_POINT('',(0.0972380714944471,-0.189783904811487,-0.835947563556579));
#1922=CARTESIAN_POINT('',(-0.0842958625717958,-0.195854179240977,-0.844704977640464));
#1923=CARTESIAN_POINT('',(-0.20448957702724,-0.0602898571576636,-0.853462991089504));
#1924=CARTESIAN_POINT('',(-0.176918880744852,0.119192077643221,-0.862212545485248));
#1925=CARTESIAN_POINT('',(-0.0209263130485649,0.21198428603925,-0.871078077183393));
#1926=CARTESIAN_POINT('',(0.0925670663735643,0.172228474082571,-0.876836830801376));
#1927=CARTESIAN_POINT('',(0.131961284906999,0.133200860679253,-0.879792382520398));
#1928=CARTESIAN_POINT('',(-0.0853997746396831,0.166922522421306,-0.599999999999998));
#1929=CARTESIAN_POINT('',(-0.0390806154060538,0.190620018137718,-0.602812250625685));
#1930=CARTESIAN_POINT('',(0.0721169222547232,0.196951189818739,-0.608173353712859));
#1931=CARTESIAN_POINT('',(0.193901486012532,0.080828695922698,-0.616412384676509));
#1932=CARTESIAN_POINT('',(0.190777319775991,-0.0876664317736769,-0.624624484095567));
#1933=CARTESIAN_POINT('',(0.0653938423091873,-0.199538957471152,-0.632784555685641));
#1934=CARTESIAN_POINT('',(-0.102358011527448,-0.183349719704845,-0.641023676485693));
#1935=CARTESIAN_POINT('',(-0.204040851321192,-0.0495255723597808,-0.649152590898712));
#1936=CARTESIAN_POINT('',(-0.174803650631259,0.116375988161849,-0.657401450424436));
#1937=CARTESIAN_POINT('',(-0.0333139180371445,0.207289468754816,-0.665517016409561));
#1938=CARTESIAN_POINT('',(0.129622787729449,0.165225067892242,-0.67376880934895));
#1939=CARTESIAN_POINT('',(0.209275440540892,0.0168868012124184,-0.681888194300973));
#1940=CARTESIAN_POINT('',(0.154615237882601,-0.142096584978634,-0.690144317086178));
#1941=CARTESIAN_POINT('',(0.000385172502717213,-0.209972505622222,-0.698279792528191));
#1942=CARTESIAN_POINT('',(-0.153748205186635,-0.143010816027898,-0.706547307979623));
#1943=CARTESIAN_POINT('',(-0.209373309832715,0.0160651311628588,-0.714704394708872));
#1944=CARTESIAN_POINT('',(-0.13048661816642,0.164489158801777,-0.722978518321187));
#1945=CARTESIAN_POINT('',(0.0323526719297709,0.20749396142129,-0.731146619996677));
#1946=CARTESIAN_POINT('',(0.17423798532815,0.117128402631629,-0.739419320793625));
#1947=CARTESIAN_POINT('',(0.204351572394806,-0.0483841760952894,-0.747590084266842));
#1948=CARTESIAN_POINT('',(0.103056560081388,-0.182927545897718,-0.755853162402925));
#1949=CARTESIAN_POINT('',(-0.0641732722620979,-0.199943508807244,-0.764028538039162));
#1950=CARTESIAN_POINT('',(-0.190471431592426,-0.0883795135993862,-0.772268235291924));
#1951=CARTESIAN_POINT('',(-0.194288461964939,0.0796303066864245,-0.7804547070418));
#1952=CARTESIAN_POINT('',(-0.0732057238190888,0.196819435706031,-0.788659654076749));
#1953=CARTESIAN_POINT('',(0.0946449948610438,0.187414080770335,-0.796864505391));
#1954=CARTESIAN_POINT('',(0.201936181978248,0.0576463054551839,-0.805028513084623));
#1955=CARTESIAN_POINT('',(0.179372460166602,-0.109105179047882,-0.813257985425175));
#1956=CARTESIAN_POINT('',(0.0417664351724839,-0.205805831005922,-0.821383660837454));
#1957=CARTESIAN_POINT('',(-0.122897610539896,-0.170238775819329,-0.829638709784055));
#1958=CARTESIAN_POINT('',(-0.208403789550968,-0.0255773625478383,-0.83774222761721));
#1959=CARTESIAN_POINT('',(-0.160164206049363,0.135955642145935,-0.846012472643277));
#1960=CARTESIAN_POINT('',(-0.00884805900363592,0.209503177141145,-0.854131109670961));
#1961=CARTESIAN_POINT('',(0.0949972188693589,0.169820936742126,-0.85960886320811));
#1962=CARTESIAN_POINT('',(0.131961284907,0.133200860679254,-0.862365439636892));
#1963=CARTESIAN_POINT('',(0.136407096636285,-0.0754289194125638,-0.598371307532214));
#1964=CARTESIAN_POINT('',(0.129378318106369,-0.088222981175459,-0.599302091461305));
#1965=CARTESIAN_POINT('',(0.0960376310552813,-0.133077478329237,-0.602837042057063));
#1966=CARTESIAN_POINT('',(6.84160505822508E-16,-0.172927448293811,-0.608976159319488));
#1967=CARTESIAN_POINT('',(-0.122215289356279,-0.122215289356279,-0.616788659319488));
#1968=CARTESIAN_POINT('',(-0.172927448293811,5.28829020165051E-16,-0.624601159319488));
#1969=CARTESIAN_POINT('',(-0.122215289356279,0.12221528935628,-0.632413659319488));
#1970=CARTESIAN_POINT('',(6.73056356721978E-16,0.172927448293812,-0.640226159319488));
#1971=CARTESIAN_POINT('',(0.12221528935628,0.12221528935628,-0.648038659319488));
#1972=CARTESIAN_POINT('',(0.172927448293812,5.98217959204123E-16,-0.655851159319488));
#1973=CARTESIAN_POINT('',(0.12221528935628,-0.122215289356279,-0.663663659319488));
#1974=CARTESIAN_POINT('',(6.89710981327541E-16,-0.172927448293811,-0.671476159319488));
#1975=CARTESIAN_POINT('',(-0.122215289356279,-0.122215289356279,-0.679288659319488));
#1976=CARTESIAN_POINT('',(-0.172927448293811,5.08012338453329E-16,-0.687101159319488));
#1977=CARTESIAN_POINT('',(-0.122215289356279,0.12221528935628,-0.694913659319488));
#1978=CARTESIAN_POINT('',(6.28646156500786E-16,0.172927448293812,-0.702726159319488));
#1979=CARTESIAN_POINT('',(0.12221528935628,0.12221528935628,-0.710538659319488));
#1980=CARTESIAN_POINT('',(0.172927448293812,6.32912428723659E-16,-0.718351159319488));
#1981=CARTESIAN_POINT('',(0.12221528935628,-0.122215289356279,-0.726163659319488));
#1982=CARTESIAN_POINT('',(7.81305020477209E-16,-0.172927448293811,-0.733976159319488));
#1983=CARTESIAN_POINT('',(-0.122215289356279,-0.122215289356279,-0.741788659319488));
#1984=CARTESIAN_POINT('',(-0.172927448293811,4.59440081125979E-16,-0.749601159319488));
#1985=CARTESIAN_POINT('',(-0.122215289356279,0.12221528935628,-0.757413659319488));
#1986=CARTESIAN_POINT('',(9.57237538464813E-17,0.172927448293812,-0.765226159319488));
#1987=CARTESIAN_POINT('',(0.12221528935628,0.12221528935628,-0.773038659319488));
#1988=CARTESIAN_POINT('',(0.172927448293812,6.46790216531474E-16,-0.780851159319488));
#1989=CARTESIAN_POINT('',(0.12221528935628,-0.122215289356279,-0.788663659319488));
#1990=CARTESIAN_POINT('',(3.31652542760256E-16,-0.172927448293811,-0.796476159319488));
#1991=CARTESIAN_POINT('',(-0.122215289356278,-0.122215289356279,-0.804288659319488));
#1992=CARTESIAN_POINT('',(-0.172927448293811,4.45562293318164E-16,-0.812101159319488));
#1993=CARTESIAN_POINT('',(-0.122215289356279,0.12221528935628,-0.819913659319488));
#1994=CARTESIAN_POINT('',(4.57630781202565E-17,0.172927448293812,-0.827726159319488));
#1995=CARTESIAN_POINT('',(0.12221528935628,0.12221528935628,-0.835538659319488));
#1996=CARTESIAN_POINT('',(0.172927448293812,7.16179155570546E-16,-0.843351159319488));
#1997=CARTESIAN_POINT('',(0.12221528935628,-0.122215289356279,-0.851163659319488));
#1998=CARTESIAN_POINT('',(3.62184955173634E-16,-0.172927448293811,-0.858976159319488));
#1999=CARTESIAN_POINT('',(-0.122215289356278,-0.122215289356279,-0.866788659319488));
#2000=CARTESIAN_POINT('',(-0.172927448293811,3.96990035990813E-16,-0.874601159319488));
#2001=CARTESIAN_POINT('',(-0.122215289356279,0.12221528935628,-0.882413659319488));
#2002=CARTESIAN_POINT('',(-0.000242938555336522,0.172826643077909,-0.890210629695711));
#2003=CARTESIAN_POINT('',(0.0809909824601803,0.139320351627907,-0.895403433405266));
#2004=CARTESIAN_POINT('',(0.10978121643184,0.110812444160741,-0.897992070448155));
#2005=CARTESIAN_POINT('',(0.164330459518939,-0.0908696782919905,-0.579931352727593));
#2006=CARTESIAN_POINT('',(0.15586284724538,-0.106282762365,-0.580862136656684));
#2007=CARTESIAN_POINT('',(0.115697118636764,-0.160319248079708,-0.584397087252442));
#2008=CARTESIAN_POINT('',(7.02309617192826E-16,-0.208326749431015,-0.590536204514867));
#2009=CARTESIAN_POINT('',(-0.147233502914504,-0.147233502914504,-0.598348704514867));
#2010=CARTESIAN_POINT('',(-0.208326749431015,5.28829020165051E-16,-0.606161204514867));
#2011=CARTESIAN_POINT('',(-0.147233502914504,0.147233502914505,-0.613973704514867));
#2012=CARTESIAN_POINT('',(6.77593634564558E-16,0.208326749431016,-0.621786204514867));
#2013=CARTESIAN_POINT('',(0.147233502914505,0.147233502914505,-0.629598704514867));
#2014=CARTESIAN_POINT('',(0.208326749431017,5.98217959204123E-16,-0.637411204514867));
#2015=CARTESIAN_POINT('',(0.147233502914505,-0.147233502914504,-0.645223704514867));
#2016=CARTESIAN_POINT('',(7.03322814855279E-16,-0.208326749431015,-0.653036204514867));
#2017=CARTESIAN_POINT('',(-0.147233502914504,-0.147233502914504,-0.660848704514867));
#2018=CARTESIAN_POINT('',(-0.208326749431015,5.08012338453329E-16,-0.668661204514867));
#2019=CARTESIAN_POINT('',(-0.147233502914504,0.147233502914505,-0.676473704514867));
#2020=CARTESIAN_POINT('',(6.24108878658206E-16,0.208326749431016,-0.684286204514867));
#2021=CARTESIAN_POINT('',(0.147233502914505,0.147233502914505,-0.692098704514867));
#2022=CARTESIAN_POINT('',(0.208326749431017,6.32912428723659E-16,-0.699911204514867));
#2023=CARTESIAN_POINT('',(0.147233502914505,-0.147233502914504,-0.707723704514867));
#2024=CARTESIAN_POINT('',(7.99454131847527E-16,-0.208326749431015,-0.715536204514867));
#2025=CARTESIAN_POINT('',(-0.147233502914503,-0.147233502914504,-0.723348704514867));
#2026=CARTESIAN_POINT('',(-0.208326749431015,4.59440081125979E-16,-0.731161204514867));
#2027=CARTESIAN_POINT('',(-0.147233502914503,0.147233502914505,-0.738973704514867));
#2028=CARTESIAN_POINT('',(-1.77081922180062E-17,0.208326749431016,-0.746786204514867));
#2029=CARTESIAN_POINT('',(0.147233502914505,0.147233502914505,-0.754598704514867));
#2030=CARTESIAN_POINT('',(0.208326749431017,6.46790216531474E-16,-0.762411204514867));
#2031=CARTESIAN_POINT('',(0.147233502914505,-0.147233502914504,-0.770223704514867));
#2032=CARTESIAN_POINT('',(2.63593375121563E-16,-0.208326749431015,-0.778036204514867));
#2033=CARTESIAN_POINT('',(-0.147233502914503,-0.147233502914504,-0.785848704514867));
#2034=CARTESIAN_POINT('',(-0.208326749431015,4.45562293318164E-16,-0.793661204514867));
#2035=CARTESIAN_POINT('',(-0.147233502914504,0.147233502914505,-0.801473704514867));
#2036=CARTESIAN_POINT('',(-7.22061457868105E-17,0.208326749431016,-0.809286204514867));
#2037=CARTESIAN_POINT('',(0.147233502914505,0.147233502914505,-0.817098704514867));
#2038=CARTESIAN_POINT('',(0.208326749431017,7.16179155570546E-16,-0.824911204514867));
#2039=CARTESIAN_POINT('',(0.147233502914505,-0.147233502914504,-0.832723704514867));
#2040=CARTESIAN_POINT('',(3.032003432201E-16,-0.208326749431015,-0.840536204514867));
#2041=CARTESIAN_POINT('',(-0.147233502914503,-0.147233502914504,-0.848348704514867));
#2042=CARTESIAN_POINT('',(-0.208326749431015,3.96990035990813E-16,-0.856161204514867));
#2043=CARTESIAN_POINT('',(-0.147233502914504,0.147233502914505,-0.863973704514867));
#2044=CARTESIAN_POINT('',(-0.000292669556187288,0.208205308773896,-0.87177067489109));
#2045=CARTESIAN_POINT('',(0.0975703294972956,0.167840075538006,-0.876963478600645));
#2046=CARTESIAN_POINT('',(0.132254099586146,0.133496425907414,-0.879552115643534));
#2047=CARTESIAN_POINT('',(-0.110862124426256,0.151628107178504,-0.598559663468844));
#2048=CARTESIAN_POINT('',(-0.0688313881678447,0.182905440500338,-0.601308410854681));
#2049=CARTESIAN_POINT('',(0.0135132068400824,0.200077162501537,-0.605437222136101));
#2050=CARTESIAN_POINT('',(0.119472210345453,0.154539184534678,-0.611394302531649));
#2051=CARTESIAN_POINT('',(0.187253827216194,0.0709320312019802,-0.616898114123349));
#2052=CARTESIAN_POINT('',(0.195791265301347,-0.0667165159553688,-0.623773039595805));
#2053=CARTESIAN_POINT('',(0.092441947502154,-0.189137985492048,-0.631566776508292));
#2054=CARTESIAN_POINT('',(-0.0770698164634348,-0.195911432348944,-0.639818394457259));
#2055=CARTESIAN_POINT('',(-0.196574759114117,-0.0753463424506262,-0.648069776446586));
#2056=CARTESIAN_POINT('',(-0.188334405507677,0.0940582471350923,-0.656321632295822));
#2057=CARTESIAN_POINT('',(-0.0577157924251897,0.202513187936309,-0.664572716058398));
#2058=CARTESIAN_POINT('',(0.110339691464716,0.179326619708694,-0.672824703691459));
#2059=CARTESIAN_POINT('',(0.206898326988786,0.0396490706278241,-0.681075630551907));
#2060=CARTESIAN_POINT('',(0.168943898643192,-0.125770767910307,-0.689327763877449));
#2061=CARTESIAN_POINT('',(0.0212801189003879,-0.209675443042765,-0.697578691846135));
#2062=CARTESIAN_POINT('',(-0.140217056013802,-0.157241835504229,-0.705830999670227));
#2063=CARTESIAN_POINT('',(-0.210787230688236,-0.00274284281858572,-0.714082129049185));
#2064=CARTESIAN_POINT('',(-0.144275582471784,0.153542491723095,-0.72233464759143));
#2065=CARTESIAN_POINT('',(0.0158186047408649,0.210180571474706,-0.730586019348994));
#2066=CARTESIAN_POINT('',(0.165623622214861,0.130146180078165,-0.738838401861291));
#2067=CARTESIAN_POINT('',(0.207889797548217,-0.0342504711276682,-0.747089906878914));
#2068=CARTESIAN_POINT('',(0.114992372666123,-0.176401518512014,-0.755342032984403));
#2069=CARTESIAN_POINT('',(-0.0524197434180157,-0.203973519316297,-0.763593648617853));
#2070=CARTESIAN_POINT('',(-0.185820136729979,-0.0989483708453417,-0.771845450917096));
#2071=CARTESIAN_POINT('',(-0.198489277509806,0.0701927694113164,-0.780097168680507));
#2072=CARTESIAN_POINT('',(-0.0821481431003936,0.193823407703935,-0.788348636685964));
#2073=CARTESIAN_POINT('',(0.0874356781463868,0.191494285101587,-0.796600457704631));
#2074=CARTESIAN_POINT('',(0.20035607404058,0.0647249748751011,-0.804851636459417));
#2075=CARTESIAN_POINT('',(0.183041194125439,-0.104012735779359,-0.813103558388015));
#2076=CARTESIAN_POINT('',(0.0468277529252126,-0.205369103935255,-0.821354589167048));
#2077=CARTESIAN_POINT('',(-0.119846585933776,-0.173157807818044,-0.829606441024575));
#2078=CARTESIAN_POINT('',(-0.2036639564479,-0.036722644055912,-0.837399742926703));
#2079=CARTESIAN_POINT('',(-0.174759569791196,0.0985096883113682,-0.844274217179052));
#2080=CARTESIAN_POINT('',(-0.0947808681376629,0.170468413247731,-0.849779274856493));
#2081=CARTESIAN_POINT('',(0.0164752205493258,0.200244722552726,-0.855734281613308));
#2082=CARTESIAN_POINT('',(0.0955552319715979,0.17008277096467,-0.859865665824165));
#2083=CARTESIAN_POINT('',(0.132382428907569,0.133363125839523,-0.862613032746823));
#2084=CARTESIAN_POINT('',(-0.10456667241632,0.143054231240495,-0.592414924605591));
#2085=CARTESIAN_POINT('',(-0.0649152292669861,0.172555515542835,-0.595163556648705));
#2086=CARTESIAN_POINT('',(0.01277237282173,0.188744800065216,-0.599292550597626));
#2087=CARTESIAN_POINT('',(0.112722757955409,0.145775067138454,-0.605249486259678));
#2088=CARTESIAN_POINT('',(0.176659047603335,0.0668931604408163,-0.610753423539798));
#2089=CARTESIAN_POINT('',(0.184695740335151,-0.0629605824538005,-0.617628280204751));
#2090=CARTESIAN_POINT('',(0.0871858834933361,-0.178437812897243,-0.625422024773786));
#2091=CARTESIAN_POINT('',(-0.0727276215994159,-0.184808457888931,-0.633673642443684));
#2092=CARTESIAN_POINT('',(-0.185451327290717,-0.0710577435178412,-0.641925007319961));
#2093=CARTESIAN_POINT('',(-0.177658783588922,0.0887528451848663,-0.650176869263056));
#2094=CARTESIAN_POINT('',(-0.0544251821338199,0.19105140860412,-0.658427936757982));
#2095=CARTESIAN_POINT('',(0.104111066974759,0.169159402817337,-0.666679931316585));
#2096=CARTESIAN_POINT('',(0.195186152777707,0.0373811853012952,-0.674930847519702));
#2097=CARTESIAN_POINT('',(0.159362955490783,-0.118667077171916,-0.683182988607393));
#2098=CARTESIAN_POINT('',(0.0200520179254894,-0.197803941938452,-0.691433914386096));
#2099=CARTESIAN_POINT('',(-0.132294121289081,-0.148321830865021,-0.699686231041354));
#2100=CARTESIAN_POINT('',(-0.198850713435298,-0.00256392979466583,-0.707937368867303));
#2101=CARTESIAN_POINT('',(-0.136087983116574,0.144863851537403,-0.716189897162855));
#2102=CARTESIAN_POINT('',(0.0149468731410774,0.198276256612401,-0.724441280249557));
#2103=CARTESIAN_POINT('',(0.156259385241782,0.122757139303883,-0.732693660105521));
#2104=CARTESIAN_POINT('',(0.196113112718534,-0.0323348654769412,-0.740945174673077));
#2105=CARTESIAN_POINT('',(0.108460295031869,-0.166425216174374,-0.749197289295958));
#2106=CARTESIAN_POINT('',(-0.0494746949461692,-0.192416613807733,-0.757448912943835));
#2107=CARTESIAN_POINT('',(-0.175308559980847,-0.0933239974000037,-0.765700698235246));
#2108=CARTESIAN_POINT('',(-0.187241055771554,0.0662403889706921,-0.773952423013052));
#2109=CARTESIAN_POINT('',(-0.0774745478288406,0.182856600209526,-0.782203871907437));
#2110=CARTESIAN_POINT('',(0.0825057674426211,0.180640400538325,-0.790455699513173));
#2111=CARTESIAN_POINT('',(0.189017267920966,0.0610375944606918,-0.798706860512703));
#2112=CARTESIAN_POINT('',(0.172664285320242,-0.0981428885867239,-0.806958788962046));
#2113=CARTESIAN_POINT('',(0.0441535099792753,-0.193744330446132,-0.815209807351735));
#2114=CARTESIAN_POINT('',(-0.113078903325805,-0.163338950355105,-0.823461663283627));
#2115=CARTESIAN_POINT('',(-0.192134406578033,-0.0346206074816574,-0.831254971422127));
#2116=CARTESIAN_POINT('',(-0.164852739758244,0.0929499114370411,-0.838129417112455));
#2117=CARTESIAN_POINT('',(-0.0893939233776727,0.16082605425128,-0.843634539759489));
#2118=CARTESIAN_POINT('',(0.0155639200596683,0.188902613981225,-0.849589489608129));
#2119=CARTESIAN_POINT('',(0.0901638877942157,0.160440826972012,-0.853720935842476));
#2120=CARTESIAN_POINT('',(0.124900620445113,0.125795960352938,-0.856468274746834));
#2121=CARTESIAN_POINT('',(-0.0982697981126218,0.134481324065477,-0.586270288211646));
#2122=CARTESIAN_POINT('',(-0.0609973720394309,0.162206174627863,-0.589018786232212));
#2123=CARTESIAN_POINT('',(0.0120333624989338,0.177412248368073,-0.593147992397885));
#2124=CARTESIAN_POINT('',(0.105974689885291,0.137009812781118,-0.599104759949176));
#2125=CARTESIAN_POINT('',(0.166064855549806,0.0628525522321391,-0.604608843112544));
#2126=CARTESIAN_POINT('',(0.173599546967133,-0.0592064189979109,-0.611483619910293));
#2127=CARTESIAN_POINT('',(0.0819280612653258,-0.167738429780117,-0.619277373307154));
#2128=CARTESIAN_POINT('',(-0.0683871956070884,-0.17370471987056,-0.627528990663577));
#2129=CARTESIAN_POINT('',(-0.174328527563066,-0.066767323916793,-0.635780335663694));
#2130=CARTESIAN_POINT('',(-0.166982245975389,0.0834491389782072,-0.644032204677434));
#2131=CARTESIAN_POINT('',(-0.0511327009647506,0.179590099721306,-0.652283253335544));
#2132=CARTESIAN_POINT('',(0.0978840526782165,0.158991124023381,-0.660535255914418));
#2133=CARTESIAN_POINT('',(0.183474283122326,0.0351113924351927,-0.668786159843326));
#2134=CARTESIAN_POINT('',(0.149780811339293,-0.111564898510092,-0.677038309902337));
#2135=CARTESIAN_POINT('',(0.0188219875355829,-0.18593257585964,-0.685289233266988));
#2136=CARTESIAN_POINT('',(-0.124372587501052,-0.139400494784924,-0.69354156010708));
#2137=CARTESIAN_POINT('',(-0.186914158982542,-0.00238308194862545,-0.70179270786775));
#2138=CARTESIAN_POINT('',(-0.127898932771296,0.136186487590824,-0.710045247379889));
#2139=CARTESIAN_POINT('',(0.0140770635524142,0.18637173238911,-0.718296643709061));
#2140=CARTESIAN_POINT('',(0.146896289524392,0.115366541749334,-0.726549020348325));
#2141=CARTESIAN_POINT('',(0.184336049982231,-0.0304211531571984,-0.734800546060896));
#2142=CARTESIAN_POINT('',(0.101926567896201,-0.156449912340949,-0.743052647231278));
#2143=CARTESIAN_POINT('',(-0.0465314969145279,-0.18085916606209,-0.751304280218004));
#2144=CARTESIAN_POINT('',(-0.164797832522981,-0.0876978943180728,-0.759556045679567));
#2145=CARTESIAN_POINT('',(-0.175992132167831,0.062289803007176,-0.767807778617453));
#2146=CARTESIAN_POINT('',(-0.0727991551474207,0.171890487203896,-0.776059205293059));
#2147=CARTESIAN_POINT('',(0.077577582810526,0.169785659644751,-0.784311040547965));
#2148=CARTESIAN_POINT('',(0.177678996488297,0.0573483613691867,-0.792562180960646));
#2149=CARTESIAN_POINT('',(0.16228637152893,-0.0922746867262658,-0.800814116969244));
#2150=CARTESIAN_POINT('',(0.041477372037149,-0.182119927616147,-0.809065121047571));
#2151=CARTESIAN_POINT('',(-0.106312772164484,-0.153518944929896,-0.817316981710362));
#2152=CARTESIAN_POINT('',(-0.180605136851549,-0.0325166943198155,-0.825110297088278));
#2153=CARTESIAN_POINT('',(-0.154944951937051,0.0873917124688298,-0.831984709919972));
#2154=CARTESIAN_POINT('',(-0.0840053939184881,0.151184508975615,-0.837489907441456));
#2155=CARTESIAN_POINT('',(0.0146544572251241,0.177560299046678,-0.843444791922561));
#2156=CARTESIAN_POINT('',(0.0847740638749487,0.150797956153644,-0.847576309277261));
#2157=CARTESIAN_POINT('',(0.117419995454331,0.118227541556741,-0.85032361620651));
#2158=CARTESIAN_POINT('',(-0.0919703797795998,0.12591012088355,-0.58012587533351));
#2159=CARTESIAN_POINT('',(-0.0570764834179685,0.151857849427289,-0.582874206245377));
#2160=CARTESIAN_POINT('',(0.0112975935468347,0.166079335010383,-0.587003676919698));
#2161=CARTESIAN_POINT('',(0.0992290700361756,0.128242515734781,-0.592960235039474));
#2162=CARTESIAN_POINT('',(0.155471684308686,0.0588088448746702,-0.598464499635501));
#2163=CARTESIAN_POINT('',(0.162502140092782,-0.0554553958580912,-0.60533917709169));
#2164=CARTESIAN_POINT('',(0.0766670995060128,-0.157040427137158,-0.613132941296673));
#2165=CARTESIAN_POINT('',(-0.0640499065389312,-0.162599598785424,-0.621384558293517));
#2166=CARTESIAN_POINT('',(-0.163206827513782,-0.0624736557124517,-0.62963587853479));
#2167=CARTESIAN_POINT('',(-0.156304055483817,0.0781484376590168,-0.637887756335404));
#2168=CARTESIAN_POINT('',(-0.0478368839218887,0.168129602187242,-0.64613878169586));
#2169=CARTESIAN_POINT('',(0.0916598891191403,0.148820933258829,-0.654390794197125));
#2170=CARTESIAN_POINT('',(0.171762929059464,0.0328382006790037,-0.662641683137729));
#2171=CARTESIAN_POINT('',(0.140196508992302,-0.10446539405705,-0.670893844243968));
#2172=CARTESIAN_POINT('',(0.0175885217550708,-0.174061423321728,-0.679144764976989));
#2173=CARTESIAN_POINT('',(-0.116453528214877,-0.130476769971629,-0.687397104294459));
#2174=CARTESIAN_POINT('',(-0.174977511473365,-0.00219879175058832,-0.695648264789238));
#2175=CARTESIAN_POINT('',(-0.119707282909637,0.127511374375901,-0.703900817950187));
#2176=CARTESIAN_POINT('',(0.0132106708092545,0.174466809011128,-0.712152231018532));
#2177=CARTESIAN_POINT('',(0.137535202844011,0.107973158464071,-0.720404603270021));
#2178=CARTESIAN_POINT('',(0.172558288667109,-0.0285108042367327,-0.728656143019313));
#2179=CARTESIAN_POINT('',(0.0953898920295137,-0.146476362320901,-0.736908227096864));
#2180=CARTESIAN_POINT('',(-0.043591583775462,-0.169300727971327,-0.74515987180459));
#2181=CARTESIAN_POINT('',(-0.154288592369391,-0.0820687018682699,-0.753411612345165));
#2182=CARTESIAN_POINT('',(-0.164741934933493,0.0583424003238621,-0.761663355485703));
#2183=CARTESIAN_POINT('',(-0.0681205544646825,0.160925585196323,-0.769914754420662));
#2184=CARTESIAN_POINT('',(0.0726524577908955,0.158929371131556,-0.778166599199555));
#2185=CARTESIAN_POINT('',(0.166341650966467,0.0536558239596762,-0.786417714070176));
#2186=CARTESIAN_POINT('',(0.151906646604647,-0.0864093988888627,-0.794669659453416));
#2187=CARTESIAN_POINT('',(0.0387978566148929,-0.170496158206833,-0.802920645931956));
#2188=CARTESIAN_POINT('',(-0.0995493859866854,-0.143696875152413,-0.811172512483956));
#2189=CARTESIAN_POINT('',(-0.169076339790469,-0.0304094377382895,-0.818965836868439));
#2190=CARTESIAN_POINT('',(-0.145035437488964,0.0818363082500571,-0.825840209682681));
#2191=CARTESIAN_POINT('',(-0.0786140336563299,0.141544389684456,-0.831345498775716));
#2192=CARTESIAN_POINT('',(0.0137482619145614,0.166217591413602,-0.83730030394451));
#2193=CARTESIAN_POINT('',(0.0793869319819424,0.141153415229502,-0.841431907231507));
#2194=CARTESIAN_POINT('',(0.10994145897999,0.110656876216036,-0.84417917597413));
#2195=CARTESIAN_POINT('',(0.414109088871333,0.103871088857071,-1.39040445782685));
#2196=CARTESIAN_POINT('',(0.425134560363106,0.133200860679254,-1.419461284907));
#2197=CARTESIAN_POINT('',(0.431150701120108,0.125800758364286,-1.41213004841988));
#2198=CARTESIAN_POINT('',(0.437166937978897,0.118400695478272,-1.4047988509948));
#2199=CARTESIAN_POINT('',(0.443183381118999,0.111000717232712,-1.3974677374225));
#2200=CARTESIAN_POINT('',(0.425134560363106,0.133200860679254,-1.419461284907));
#2201=CARTESIAN_POINT('',(0.718750000000001,0.133200860679254,-1.419461284907));
#2202=CARTESIAN_POINT('',(0.403083563580651,0.133200860679254,-1.419461284907));
#2203=CARTESIAN_POINT('',(0.403083563580651,0.133200860679254,-1.419461284907));
#2204=CARTESIAN_POINT('',(0.397067419644389,0.125800758170251,-1.41213004822766));
#2205=CARTESIAN_POINT('',(0.391051179236737,0.11840069524159,-1.40479885076032));
#2206=CARTESIAN_POINT('',(0.38503473186731,0.111000717232712,-1.3974677374225));
#2207=CARTESIAN_POINT('',(0.71875,3.48878290182395E-16,-1.2875));
#2208=CARTESIAN_POINT('',(0.403083563580651,0.133200860679254,-1.419461284907));
#2209=CARTESIAN_POINT('',(0.406085682539483,0.172864748246196,-1.37942481538091));
#2210=CARTESIAN_POINT('',(0.411928075600106,0.21256199335128,-1.26380259075981));
#2211=CARTESIAN_POINT('',(0.420956046074394,0.114656395156288,-1.10654272353977));
#2212=CARTESIAN_POINT('',(0.429835854978312,-0.068913437065876,-1.0848208194506));
#2213=CARTESIAN_POINT('',(0.438723250943271,-0.201186878328208,-1.21406950495801));
#2214=CARTESIAN_POINT('',(0.447611089188079,-0.183201423155584,-1.39832766135898));
#2215=CARTESIAN_POINT('',(0.456374769839121,-0.0287426195705407,-1.49965589052821));
#2216=CARTESIAN_POINT('',(0.465287171149359,0.147390997841009,-1.44289859561167));
#2217=CARTESIAN_POINT('',(0.474130624732835,0.213379460110627,-1.26998380612187));
#2218=CARTESIAN_POINT('',(0.483116206334379,0.120343589817404,-1.11041656149404));
#2219=CARTESIAN_POINT('',(0.492020963224451,-0.0626791344133527,-1.08270146827925));
#2220=CARTESIAN_POINT('',(0.500928124696276,-0.198782555192066,-1.20800730421495));
#2221=CARTESIAN_POINT('',(0.509798855224578,-0.186690735754085,-1.3923643495455));
#2222=CARTESIAN_POINT('',(0.518593284725305,-0.0351587373187724,-1.49875594527421));
#2223=CARTESIAN_POINT('',(0.527487676525695,0.142445465309591,-1.44731647165343));
#2224=CARTESIAN_POINT('',(0.536294632509212,0.21388174138734,-1.27683855330228));
#2225=CARTESIAN_POINT('',(0.545306391610001,0.125620548451245,-1.11408149878129));
#2226=CARTESIAN_POINT('',(0.554191680897746,-0.0561729766992266,-1.08091674042211));
#2227=CARTESIAN_POINT('',(0.563115948121255,-0.196230470636193,-1.20170014516888));
#2228=CARTESIAN_POINT('',(0.572009304904461,-0.189739950946024,-1.38672236762261));
#2229=CARTESIAN_POINT('',(0.580794086666196,-0.0418729475827134,-1.49745734127351));
#2230=CARTESIAN_POINT('',(0.589687995013457,0.137436728925407,-1.45176832626231));
#2231=CARTESIAN_POINT('',(0.59848772441909,0.214058649295019,-1.28327773096262));
#2232=CARTESIAN_POINT('',(0.607469892250741,0.131115902102403,-1.11824173573171));
#2233=CARTESIAN_POINT('',(0.61636945442867,-0.0498189453043779,-1.0791977127493));
#2234=CARTESIAN_POINT('',(0.625315583841096,-0.193460670556045,-1.19581034594036));
#2235=CARTESIAN_POINT('',(0.634191021693496,-0.192846776074691,-1.38054880259968));
#2236=CARTESIAN_POINT('',(0.643012061191643,-0.0482356740764253,-1.49616407221687));
#2237=CARTESIAN_POINT('',(0.651894786883406,0.132245930444276,-1.45585178312577));
#2238=CARTESIAN_POINT('',(0.660666162358601,0.21412122069735,-1.29017830776138));
#2239=CARTESIAN_POINT('',(0.669651900986393,0.13618534878249,-1.12216919256871));
#2240=CARTESIAN_POINT('',(0.678563474921295,-0.0433100282968151,-1.07803807688166));
#2241=CARTESIAN_POINT('',(0.684453951761858,-0.141254925651638,-1.15193030377255));
#2242=CARTESIAN_POINT('',(0.687500000000001,-0.166922522421304,-1.20210022536031));
#2243=CARTESIAN_POINT('',(0.687500000000001,0.166922522421305,-1.20210022536031));
#2244=CARTESIAN_POINT('',(0.684687749374314,0.190620018137717,-1.24841938459394));
#2245=CARTESIAN_POINT('',(0.679326646287139,0.19695118981874,-1.35961692225472));
#2246=CARTESIAN_POINT('',(0.671087615323491,0.0808286959227003,-1.48140148601253));
#2247=CARTESIAN_POINT('',(0.662875515904431,-0.0876664317736745,-1.47827731977599));
#2248=CARTESIAN_POINT('',(0.654715444314358,-0.199538957471152,-1.35289384230919));
#2249=CARTESIAN_POINT('',(0.646476323514305,-0.183349719704846,-1.18514198847255));
#2250=CARTESIAN_POINT('',(0.638347409101287,-0.0495255723597831,-1.08345914867881));
#2251=CARTESIAN_POINT('',(0.630098549575562,0.116375988161847,-1.11269634936874));
#2252=CARTESIAN_POINT('',(0.621982983590438,0.207289468754815,-1.25418608196285));
#2253=CARTESIAN_POINT('',(0.613731190651049,0.165225067892243,-1.41712278772944));
#2254=CARTESIAN_POINT('',(0.605611805699025,0.0168868012124189,-1.49677544054089));
#2255=CARTESIAN_POINT('',(0.597355682913821,-0.142096584978633,-1.4421152378826));
#2256=CARTESIAN_POINT('',(0.589220207471808,-0.209972505622222,-1.28788517250272));
#2257=CARTESIAN_POINT('',(0.580952692020375,-0.143010816027899,-1.13375179481336));
#2258=CARTESIAN_POINT('',(0.572795605291127,0.0160651311628583,-1.07812669016728));
#2259=CARTESIAN_POINT('',(0.564521481678811,0.164489158801777,-1.15701338183358));
#2260=CARTESIAN_POINT('',(0.556353380003322,0.20749396142129,-1.31985267192977));
#2261=CARTESIAN_POINT('',(0.548080679206373,0.117128402631631,-1.46173798532815));
#2262=CARTESIAN_POINT('',(0.539909915733157,-0.0483841760952898,-1.4918515723948));
#2263=CARTESIAN_POINT('',(0.531646837597074,-0.182927545897718,-1.39055656008138));
#2264=CARTESIAN_POINT('',(0.523471461960837,-0.199943508807245,-1.2233267277379));
#2265=CARTESIAN_POINT('',(0.515231764708075,-0.088379513599386,-1.09702856840757));
#2266=CARTESIAN_POINT('',(0.507045292958198,0.0796303066864236,-1.09321153803506));
#2267=CARTESIAN_POINT('',(0.49884034592325,0.196819435706031,-1.21429427618091));
#2268=CARTESIAN_POINT('',(0.490635494608999,0.187414080770335,-1.38214499486104));
#2269=CARTESIAN_POINT('',(0.482471486915375,0.0576463054551831,-1.48943618197825));
#2270=CARTESIAN_POINT('',(0.474242014574825,-0.109105179047883,-1.4668724601666));
#2271=CARTESIAN_POINT('',(0.466116339162544,-0.205805831005922,-1.32926643517248));
#2272=CARTESIAN_POINT('',(0.457861290215944,-0.170238775819329,-1.1646023894601));
#2273=CARTESIAN_POINT('',(0.449757772382788,-0.025577362547838,-1.07909621044903));
#2274=CARTESIAN_POINT('',(0.441487527356722,0.135955642145933,-1.12733579395063));
#2275=CARTESIAN_POINT('',(0.433368890329039,0.209503177141144,-1.27865194099636));
#2276=CARTESIAN_POINT('',(0.427891136791889,0.169820936742126,-1.38249721886936));
#2277=CARTESIAN_POINT('',(0.425134560363106,0.133200860679254,-1.419461284907));
#2278=CARTESIAN_POINT('',(0.688940336531155,0.151628107178502,-1.17663787557374));
#2279=CARTESIAN_POINT('',(0.686191589145319,0.182905440500336,-1.21866861183215));
#2280=CARTESIAN_POINT('',(0.682062777863897,0.200077162501537,-1.30101320684008));
#2281=CARTESIAN_POINT('',(0.67610569746835,0.15453918453468,-1.40697221034545));
#2282=CARTESIAN_POINT('',(0.670601885876649,0.070932031201981,-1.47475382721619));
#2283=CARTESIAN_POINT('',(0.663726960404195,-0.0667165159553658,-1.48329126530135));
#2284=CARTESIAN_POINT('',(0.655933223491707,-0.189137985492047,-1.37994194750215));
#2285=CARTESIAN_POINT('',(0.64768160554274,-0.195911432348945,-1.21043018353656));
#2286=CARTESIAN_POINT('',(0.639430223553413,-0.0753463424506287,-1.09092524088588));
#2287=CARTESIAN_POINT('',(0.631178367704177,0.0940582471350892,-1.09916559449232));
#2288=CARTESIAN_POINT('',(0.6229272839416,0.202513187936308,-1.22978420757481));
#2289=CARTESIAN_POINT('',(0.614675296308541,0.179326619708695,-1.39783969146471));
#2290=CARTESIAN_POINT('',(0.606424369448092,0.039649070627826,-1.49439832698878));
#2291=CARTESIAN_POINT('',(0.598172236122551,-0.125770767910306,-1.45644389864319));
#2292=CARTESIAN_POINT('',(0.589921308153864,-0.209675443042764,-1.30878011890039));
#2293=CARTESIAN_POINT('',(0.581669000329772,-0.157241835504231,-1.1472829439862));
#2294=CARTESIAN_POINT('',(0.573417870950813,-0.00274284281858791,-1.07671276931176));
#2295=CARTESIAN_POINT('',(0.565165352408569,0.153542491723093,-1.14322441752821));
#2296=CARTESIAN_POINT('',(0.556913980651005,0.210180571474705,-1.30331860474086));
#2297=CARTESIAN_POINT('',(0.548661598138708,0.130146180078167,-1.45312362221486));
#2298=CARTESIAN_POINT('',(0.540410093121086,-0.0342504711276661,-1.49538979754821));
#2299=CARTESIAN_POINT('',(0.532157967015595,-0.176401518512015,-1.40249237266612));
#2300=CARTESIAN_POINT('',(0.523906351382146,-0.203973519316297,-1.23508025658198));
#2301=CARTESIAN_POINT('',(0.515654549082902,-0.0989483708453431,-1.10167986327002));
#2302=CARTESIAN_POINT('',(0.507402831319492,0.0701927694113165,-1.08901072249019));
#2303=CARTESIAN_POINT('',(0.499151363314035,0.193823407703933,-1.2053518568996));
#2304=CARTESIAN_POINT('',(0.490899542295367,0.191494285101589,-1.37493567814638));
#2305=CARTESIAN_POINT('',(0.482648363540582,0.064724974875098,-1.48785607404058));
#2306=CARTESIAN_POINT('',(0.474396441611984,-0.104012735779357,-1.47054119412544));
#2307=CARTESIAN_POINT('',(0.466145410832952,-0.205369103935256,-1.33432775292521));
#2308=CARTESIAN_POINT('',(0.457893558975423,-0.173157807818044,-1.16765341406622));
#2309=CARTESIAN_POINT('',(0.450100257073295,-0.0367226440559137,-1.0838360435521));
#2310=CARTESIAN_POINT('',(0.443225782820947,0.0985096883113679,-1.1127404302088));
#2311=CARTESIAN_POINT('',(0.437720725143505,0.17046841324773,-1.19271913186233));
#2312=CARTESIAN_POINT('',(0.431765718386691,0.200244722552726,-1.30397522054932));
#2313=CARTESIAN_POINT('',(0.427634334175834,0.17008277096467,-1.38305523197159));
#2314=CARTESIAN_POINT('',(0.424886967253176,0.133363125839523,-1.41988242890757));
#2315=CARTESIAN_POINT('',(0.695085075394408,0.143054231240493,-1.18293332758368));
#2316=CARTESIAN_POINT('',(0.692336443351294,0.172555515542834,-1.22258477073301));
#2317=CARTESIAN_POINT('',(0.688207449402374,0.188744800065217,-1.30027237282173));
#2318=CARTESIAN_POINT('',(0.682250513740322,0.145775067138455,-1.4002227579554));
#2319=CARTESIAN_POINT('',(0.676746576460201,0.0668931604408172,-1.46415904760333));
#2320=CARTESIAN_POINT('',(0.669871719795247,-0.0629605824537978,-1.47219574033515));
#2321=CARTESIAN_POINT('',(0.662077975226213,-0.178437812897242,-1.37468588349334));
#2322=CARTESIAN_POINT('',(0.653826357556316,-0.184808457888932,-1.21477237840058));
#2323=CARTESIAN_POINT('',(0.645574992680038,-0.0710577435178438,-1.10204867270928));
#2324=CARTESIAN_POINT('',(0.637323130736942,0.0887528451848637,-1.10984121641107));
#2325=CARTESIAN_POINT('',(0.629072063242017,0.191051408604119,-1.23307481786618));
#2326=CARTESIAN_POINT('',(0.620820068683414,0.169159402817339,-1.39161106697476));
#2327=CARTESIAN_POINT('',(0.612569152480297,0.0373811853012969,-1.48268615277771));
#2328=CARTESIAN_POINT('',(0.604317011392606,-0.118667077171915,-1.44686295549078));
#2329=CARTESIAN_POINT('',(0.596066085613903,-0.197803941938453,-1.30755201792549));
#2330=CARTESIAN_POINT('',(0.587813768958644,-0.148321830865023,-1.15520587871092));
#2331=CARTESIAN_POINT('',(0.579562631132695,-0.00256392979466789,-1.0886492865647));
#2332=CARTESIAN_POINT('',(0.571310102837144,0.144863851537402,-1.15141201688342));
#2333=CARTESIAN_POINT('',(0.563058719750442,0.198276256612401,-1.30244687314108));
#2334=CARTESIAN_POINT('',(0.554806339894478,0.122757139303885,-1.44375938524178));
#2335=CARTESIAN_POINT('',(0.546554825326921,-0.0323348654769393,-1.48361311271853));
#2336=CARTESIAN_POINT('',(0.538302710704043,-0.166425216174375,-1.39596029503187));
#2337=CARTESIAN_POINT('',(0.530051087056161,-0.192416613807734,-1.23802530505383));
#2338=CARTESIAN_POINT('',(0.521799301764754,-0.0933239974000051,-1.11219144001915));
#2339=CARTESIAN_POINT('',(0.513547576986946,0.0662403889706922,-1.10025894422844));
#2340=CARTESIAN_POINT('',(0.505296128092561,0.182856600209524,-1.21002545217116));
#2341=CARTESIAN_POINT('',(0.497044300486827,0.180640400538327,-1.37000576744262));
#2342=CARTESIAN_POINT('',(0.488793139487295,0.061037594460689,-1.47651726792096));
#2343=CARTESIAN_POINT('',(0.480541211037953,-0.0981428885867225,-1.46016428532024));
#2344=CARTESIAN_POINT('',(0.472290192648263,-0.193744330446133,-1.33165350997927));
#2345=CARTESIAN_POINT('',(0.464038336716372,-0.163338950355106,-1.17442109667419));
#2346=CARTESIAN_POINT('',(0.456245028577869,-0.034620607481659,-1.09536559342197));
#2347=CARTESIAN_POINT('',(0.449370582887545,0.092949911437041,-1.12264726024175));
#2348=CARTESIAN_POINT('',(0.443865460240509,0.160826054251279,-1.19810607662232));
#2349=CARTESIAN_POINT('',(0.43791051039187,0.188902613981225,-1.30306392005967));
#2350=CARTESIAN_POINT('',(0.433779064157521,0.160440826972011,-1.37766388779421));
#2351=CARTESIAN_POINT('',(0.431031725253165,0.125795960352938,-1.41240062044511));
#2352=CARTESIAN_POINT('',(0.701229711788353,0.134481324065475,-1.18923020188737));
#2353=CARTESIAN_POINT('',(0.698481213767788,0.162206174627862,-1.22650262796056));
#2354=CARTESIAN_POINT('',(0.694352007602113,0.177412248368073,-1.29953336249893));
#2355=CARTESIAN_POINT('',(0.688395240050823,0.13700981278112,-1.39347468988529));
#2356=CARTESIAN_POINT('',(0.682891156887455,0.0628525522321395,-1.4535648555498));
#2357=CARTESIAN_POINT('',(0.676016380089707,-0.0592064189979081,-1.46109954696713));
#2358=CARTESIAN_POINT('',(0.668222626692845,-0.167738429780116,-1.36942806126532));
#2359=CARTESIAN_POINT('',(0.65997100933642,-0.173704719870561,-1.21911280439291));
#2360=CARTESIAN_POINT('',(0.651719664336305,-0.0667673239167952,-1.11317147243693));
#2361=CARTESIAN_POINT('',(0.643467795322564,0.0834491389782042,-1.12051775402461));
#2362=CARTESIAN_POINT('',(0.635216746664454,0.179590099721306,-1.23636729903524));
#2363=CARTESIAN_POINT('',(0.626964744085581,0.158991124023382,-1.38538405267821));
#2364=CARTESIAN_POINT('',(0.618713840156673,0.0351113924351944,-1.47097428312232));
#2365=CARTESIAN_POINT('',(0.610461690097663,-0.11156489851009,-1.43728081133929));
#2366=CARTESIAN_POINT('',(0.60221076673301,-0.18593257585964,-1.30632198753558));
#2367=CARTESIAN_POINT('',(0.593958439892919,-0.139400494784926,-1.16312741249895));
#2368=CARTESIAN_POINT('',(0.585707292132248,-0.00238308194862747,-1.10058584101745));
#2369=CARTESIAN_POINT('',(0.577454752620111,0.136186487590822,-1.1596010672287));
#2370=CARTESIAN_POINT('',(0.569203356290938,0.186371732389109,-1.30157706355241));
#2371=CARTESIAN_POINT('',(0.560950979651674,0.115366541749335,-1.43439628952439));
#2372=CARTESIAN_POINT('',(0.552699453939105,-0.0304211531571966,-1.47183604998223));
#2373=CARTESIAN_POINT('',(0.544447352768719,-0.156449912340949,-1.3894265678962));
#2374=CARTESIAN_POINT('',(0.536195719781997,-0.18085916606209,-1.24096850308547));
#2375=CARTESIAN_POINT('',(0.52794395432043,-0.0876978943180741,-1.12270216747702));
#2376=CARTESIAN_POINT('',(0.519692221382546,0.0622898030071762,-1.11150786783217));
#2377=CARTESIAN_POINT('',(0.51144079470694,0.171890487203894,-1.21470084485258));
#2378=CARTESIAN_POINT('',(0.503188959452035,0.169785659644752,-1.36507758281052));
#2379=CARTESIAN_POINT('',(0.494937819039354,0.0573483613691839,-1.4651789964883));
#2380=CARTESIAN_POINT('',(0.486685883030754,-0.0922746867262637,-1.44978637152893));
#2381=CARTESIAN_POINT('',(0.478434878952429,-0.182119927616147,-1.32897737203714));
#2382=CARTESIAN_POINT('',(0.470183018289636,-0.153518944929896,-1.18118722783551));
#2383=CARTESIAN_POINT('',(0.462389702911722,-0.032516694319817,-1.10689486314845));
#2384=CARTESIAN_POINT('',(0.455515290080026,0.0873917124688292,-1.13255504806295));
#2385=CARTESIAN_POINT('',(0.450010092558543,0.151184508975615,-1.20349460608151));
#2386=CARTESIAN_POINT('',(0.444055208077438,0.177560299046677,-1.30215445722512));
#2387=CARTESIAN_POINT('',(0.439923690722739,0.150797956153644,-1.37227406387494));
#2388=CARTESIAN_POINT('',(0.437176383793489,0.118227541556741,-1.40491999545433));
#2389=CARTESIAN_POINT('',(0.707374124666488,0.125910120883548,-1.1955296202204));
#2390=CARTESIAN_POINT('',(0.704625793754622,0.151857849427287,-1.23042351658202));
#2391=CARTESIAN_POINT('',(0.7004963230803,0.166079335010383,-1.29879759354683));
#2392=CARTESIAN_POINT('',(0.694539764960525,0.128242515734783,-1.38672907003617));
#2393=CARTESIAN_POINT('',(0.689035500364498,0.0588088448746709,-1.44297168430868));
#2394=CARTESIAN_POINT('',(0.682160822908308,-0.0554553958580888,-1.45000214009278));
#2395=CARTESIAN_POINT('',(0.674367058703325,-0.157040427137157,-1.36416709950601));
#2396=CARTESIAN_POINT('',(0.666115441706481,-0.162599598785426,-1.22345009346107));
#2397=CARTESIAN_POINT('',(0.657864121465208,-0.0624736557124539,-1.12429317248622));
#2398=CARTESIAN_POINT('',(0.649612243664595,0.0781484376590142,-1.13119594451618));
#2399=CARTESIAN_POINT('',(0.641361218304138,0.168129602187242,-1.23966311607811));
#2400=CARTESIAN_POINT('',(0.633109205802873,0.14882093325883,-1.37915988911914));
#2401=CARTESIAN_POINT('',(0.624858316862269,0.0328382006790053,-1.45926292905946));
#2402=CARTESIAN_POINT('',(0.616606155756031,-0.104465394057049,-1.4276965089923));
#2403=CARTESIAN_POINT('',(0.608355235023009,-0.174061423321728,-1.30508852175507));
#2404=CARTESIAN_POINT('',(0.600102895705539,-0.130476769971631,-1.17104647178512));
#2405=CARTESIAN_POINT('',(0.59185173521076,-0.00219879175059019,-1.11252248852663));
#2406=CARTESIAN_POINT('',(0.583599182049811,0.1275113743759,-1.16779271709036));
#2407=CARTESIAN_POINT('',(0.575347768981466,0.174466809011128,-1.30071067080925));
#2408=CARTESIAN_POINT('',(0.567095396729978,0.107973158464072,-1.42503520284401));
#2409=CARTESIAN_POINT('',(0.558843856980685,-0.0285108042367311,-1.46005828866711));
#2410=CARTESIAN_POINT('',(0.550591772903134,-0.146476362320901,-1.38288989202951));
#2411=CARTESIAN_POINT('',(0.542340128195408,-0.169300727971328,-1.24390841622454));
#2412=CARTESIAN_POINT('',(0.534088387654832,-0.0820687018682711,-1.13321140763061));
#2413=CARTESIAN_POINT('',(0.525836644514296,0.0583424003238623,-1.1227580650665));
#2414=CARTESIAN_POINT('',(0.517585245579335,0.160925585196321,-1.21937944553531));
#2415=CARTESIAN_POINT('',(0.509333400800444,0.158929371131557,-1.36015245779089));
#2416=CARTESIAN_POINT('',(0.501082285929821,0.0536558239596736,-1.45384165096647));
#2417=CARTESIAN_POINT('',(0.492830340546582,-0.0864093988888612,-1.43940664660464));
#2418=CARTESIAN_POINT('',(0.484579354068042,-0.170496158206834,-1.32629785661489));
#2419=CARTESIAN_POINT('',(0.476327487516042,-0.143696875152414,-1.18795061401331));
#2420=CARTESIAN_POINT('',(0.468534163131559,-0.030409437738291,-1.11842366020953));
#2421=CARTESIAN_POINT('',(0.461659790317317,0.081836308250057,-1.14246456251103));
#2422=CARTESIAN_POINT('',(0.456154501224283,0.141544389684455,-1.20888596634367));
#2423=CARTESIAN_POINT('',(0.450199696055489,0.166217591413602,-1.30124826191456));
#2424=CARTESIAN_POINT('',(0.446068092768492,0.141153415229502,-1.36688693198194));
#2425=CARTESIAN_POINT('',(0.443320824025868,0.110656876216036,-1.39744145897999));
#2426=CARTESIAN_POINT('',(0.689119875876975,-0.00632838575400818,-1.44338943349578));
#2427=CARTESIAN_POINT('',(0.685934094834596,-0.0569247277829105,-1.44194881781394));
#2428=CARTESIAN_POINT('',(0.681149942931484,-0.128066905366267,-1.39926118689095));
#2429=CARTESIAN_POINT('',(0.674774202221162,-0.161603267874753,-1.30166537520336));
#2430=CARTESIAN_POINT('',(0.66999341363824,-0.149506748368047,-1.22559274300482));
#2431=CARTESIAN_POINT('',(0.66467745518739,-0.0991586806559201,-1.15626817151535));
#2432=CARTESIAN_POINT('',(0.658304907560323,-0.00113389777857638,-1.11746106827329));
#2433=CARTESIAN_POINT('',(0.650863793157257,0.117653905717963,-1.15985809594999));
#2434=CARTESIAN_POINT('',(0.643423605234572,0.169765286118362,-1.27493856141237));
#2435=CARTESIAN_POINT('',(0.637050022421994,0.138698466948819,-1.37568331612082));
#2436=CARTESIAN_POINT('',(0.631736434725344,0.0738711680560869,-1.43150151962468));
#2437=CARTESIAN_POINT('',(0.626952337136065,-0.0011367042775637,-1.44979194456482));
#2438=CARTESIAN_POINT('',(0.62217327790547,-0.0759155298688894,-1.4304513886166));
#2439=CARTESIAN_POINT('',(0.616857160996238,-0.13990406636509,-1.37370193401445));
#2440=CARTESIAN_POINT('',(0.610483388658393,-0.169609700791514,-1.27256224760505));
#2441=CARTESIAN_POINT('',(0.603042356683099,-0.11582570894581,-1.15820504040961));
#2442=CARTESIAN_POINT('',(0.595604566993829,0.00352593648087233,-1.11752809973676));
#2443=CARTESIAN_POINT('',(0.589228228658164,0.101006166071412,-1.15766180335836));
#2444=CARTESIAN_POINT('',(0.583916554836923,0.150368875667775,-1.22771481531163));
#2445=CARTESIAN_POINT('',(0.57859981626198,0.162615193502363,-1.31243608401633));
#2446=CARTESIAN_POINT('',(0.572228226564714,0.119319409816963,-1.40858647321116));
#2447=CARTESIAN_POINT('',(0.564785877946024,0.00460969415115573,-1.46112334589469));
#2448=CARTESIAN_POINT('',(0.557347242398356,-0.112860810187696,-1.41478591342142));
#2449=CARTESIAN_POINT('',(0.550972549945963,-0.160989089905529,-1.32095425378736));
#2450=CARTESIAN_POINT('',(0.545659175231475,-0.153359208253759,-1.2357713801673));
#2451=CARTESIAN_POINT('',(0.540875446287783,-0.112285698501807,-1.17040182871828));
#2452=CARTESIAN_POINT('',(0.53609614107874,-0.0451969432212407,-1.13203852182835));
#2453=CARTESIAN_POINT('',(0.530779719214423,0.0401873183713987,-1.12814858791099));
#2454=CARTESIAN_POINT('',(0.524406643020566,0.131980167727453,-1.18000559444019));
#2455=CARTESIAN_POINT('',(0.51696448615671,0.173254468316661,-1.29945590623639));
#2456=CARTESIAN_POINT('',(0.509528308669073,0.115887029466894,-1.41174614362613));
#2457=CARTESIAN_POINT('',(0.503150582017301,0.0180969871180473,-1.45107520253231));
#2458=CARTESIAN_POINT('',(0.497839350646531,-0.066112121084969,-1.43519509348378));
#2459=CARTESIAN_POINT('',(0.492523164964626,-0.133920063084709,-1.38292737359916));
#2460=CARTESIAN_POINT('',(0.48615047515255,-0.170071550156166,-1.28387586878207));
#2461=CARTESIAN_POINT('',(0.478709181297637,-0.124273556129148,-1.16628607698285));
#2462=CARTESIAN_POINT('',(0.471269742475057,-0.00781978154661099,-1.11751671020763));
#2463=CARTESIAN_POINT('',(0.464895400737991,0.0920640715015571,-1.15128838021422));
#2464=CARTESIAN_POINT('',(0.459582432618923,0.146012257068938,-1.21772950435509));
#2465=CARTESIAN_POINT('',(0.454797806975849,0.162185139750481,-1.29316531129141));
#2466=CARTESIAN_POINT('',(0.450018999701131,0.140784767098287,-1.36742619772229));
#2467=CARTESIAN_POINT('',(0.444703084613615,0.0822054529545579,-1.42974188733558));
#2468=CARTESIAN_POINT('',(0.438860002656319,-0.0111354322587593,-1.45436545544913));
#2469=CARTESIAN_POINT('',(0.432481433108413,-0.108715064439592,-1.41450232990131));
#2470=CARTESIAN_POINT('',(0.426639731130256,-0.158268148473424,-1.33163154712183));
#2471=CARTESIAN_POINT('',(0.421324671926715,-0.156566312264338,-1.24616854717935));
#2472=CARTESIAN_POINT('',(0.41654253386438,-0.119827027718998,-1.17814940221726));
#2473=CARTESIAN_POINT('',(0.411762394569548,-0.0555170311549063,-1.13548706371272));
#2474=CARTESIAN_POINT('',(0.406977195668003,0.0209381814839581,-1.12668985012862));
#2475=CARTESIAN_POINT('',(0.402197818000072,0.0930556451900034,-1.15483754930935));
#2476=CARTESIAN_POINT('',(0.397415145336286,0.143571547956833,-1.21280236397317));
#2477=CARTESIAN_POINT('',(0.392897237336422,0.161357681796913,-1.28370701630104));
#2478=CARTESIAN_POINT('',(0.389046412076815,0.148261744776543,-1.34364036352876));
#2479=CARTESIAN_POINT('',(0.385859380815201,0.122857202034663,-1.38750438571905));
#2480=CARTESIAN_POINT('',(0.383996231423639,0.100738057961443,-1.40688098242282));
#2481=CARTESIAN_POINT('',(0.383080546117007,0.0901726583703246,-1.41644477538691));
#2482=CARTESIAN_POINT('',(0.695264465351519,-0.00679045184598101,-1.45402338113396));
#2483=CARTESIAN_POINT('',(0.692078568306431,-0.0608400738065716,-1.45247291168859));
#2484=CARTESIAN_POINT('',(0.687294625550277,-0.136824457246771,-1.4068623203738));
#2485=CARTESIAN_POINT('',(0.680918718767519,-0.17263153110837,-1.30259889206445));
#2486=CARTESIAN_POINT('',(0.676138003638874,-0.159693667793603,-1.22134036841936));
#2487=CARTESIAN_POINT('',(0.6708220713911,-0.10589869872489,-1.14729617146054));
#2488=CARTESIAN_POINT('',(0.664449403922708,-0.00117602749333431,-1.10585991429736));
#2489=CARTESIAN_POINT('',(0.65700833995413,0.125705238695261,-1.15117417194138));
#2490=CARTESIAN_POINT('',(0.649568287489981,0.181350186656576,-1.27411284303063));
#2491=CARTESIAN_POINT('',(0.643194527022612,0.14814265348529,-1.38172790712479));
#2492=CARTESIAN_POINT('',(0.637881048200973,0.0788829198197097,-1.44133923526821));
#2493=CARTESIAN_POINT('',(0.633096912913333,-0.00124607197699632,-1.4608641880245));
#2494=CARTESIAN_POINT('',(0.628317819421224,-0.0811231976340994,-1.44018810698691));
#2495=CARTESIAN_POINT('',(0.623001808509204,-0.149464602577508,-1.37955653449563));
#2496=CARTESIAN_POINT('',(0.616627856395799,-0.181178832701416,-1.2715078231596));
#2497=CARTESIAN_POINT('',(0.609186963002646,-0.123701772695838,-1.14936247700771));
#2498=CARTESIAN_POINT('',(0.601749224515106,0.00379800910974688,-1.10593264246533));
#2499=CARTESIAN_POINT('',(0.595372762250511,0.107923516411365,-1.14882409012637));
#2500=CARTESIAN_POINT('',(0.59006112339173,0.160638582622037,-1.22366610542482));
#2501=CARTESIAN_POINT('',(0.584744446287541,0.173704669936943,-1.31416801554852));
#2502=CARTESIAN_POINT('',(0.578372720708043,0.127434938406102,-1.41687233107178));
#2503=CARTESIAN_POINT('',(0.570930428154056,0.00488967906746228,-1.472968381241));
#2504=CARTESIAN_POINT('',(0.563491927050807,-0.120584310226055,-1.42344938798337));
#2505=CARTESIAN_POINT('',(0.557117045502982,-0.171979157558004,-1.32320333455705));
#2506=CARTESIAN_POINT('',(0.55180379297537,-0.163811181513724,-1.23221320275069));
#2507=CARTESIAN_POINT('',(0.547020033310545,-0.119923618877998,-1.16239092198271));
#2508=CARTESIAN_POINT('',(0.54224066475315,-0.0482486370211306,-1.12142381047154));
#2509=CARTESIAN_POINT('',(0.536924378415498,0.0429585643404366,-1.11728500175075));
#2510=CARTESIAN_POINT('',(0.5305511108098,0.141007264784246,-1.1726987793189));
#2511=CARTESIAN_POINT('',(0.523109102322201,0.185071109779852,-1.30030506547051));
#2512=CARTESIAN_POINT('',(0.515672954057743,0.123769946602804,-1.42024417430314));
#2513=CARTESIAN_POINT('',(0.509295116048017,0.0192986075612858,-1.4622387787905));
#2514=CARTESIAN_POINT('',(0.5039839241498,-0.0706512934674866,-1.44525753957893));
#2515=CARTESIAN_POINT('',(0.498667794850764,-0.143074510541864,-1.38941242146991));
#2516=CARTESIAN_POINT('',(0.492294957018916,-0.181674173945398,-1.28359323716529));
#2517=CARTESIAN_POINT('',(0.484853745406433,-0.132727095234877,-1.15799274924326));
#2518=CARTESIAN_POINT('',(0.477414422973473,-0.00832201679957789,-1.10591794828165));
#2519=CARTESIAN_POINT('',(0.471039910231057,0.0983729139733368,-1.14201449560812));
#2520=CARTESIAN_POINT('',(0.465727032551789,0.155986419966728,-1.21299815704643));
#2521=CARTESIAN_POINT('',(0.460942403691118,0.173249179987893,-1.29358320118255));
#2522=CARTESIAN_POINT('',(0.456163528187413,0.150372854723781,-1.37290729072828));
#2523=CARTESIAN_POINT('',(0.45084773680727,0.087786911685817,-1.43946107923507));
#2524=CARTESIAN_POINT('',(0.445004475583027,-0.0119295940503706,-1.46574781073173));
#2525=CARTESIAN_POINT('',(0.438626106782447,-0.116155907657842,-1.42314677352155));
#2526=CARTESIAN_POINT('',(0.432784220945918,-0.169074500676664,-1.33460952953951));
#2527=CARTESIAN_POINT('',(0.427469315883139,-0.167239408532559,-1.24331949463744));
#2528=CARTESIAN_POINT('',(0.422687075259198,-0.127980338441982,-1.17066488583892));
#2529=CARTESIAN_POINT('',(0.41790694884369,-0.0592739465599385,-1.12510598021917));
#2530=CARTESIAN_POINT('',(0.413121838350564,0.0223968419857645,-1.1157227547725));
#2531=CARTESIAN_POINT('',(0.408342323426038,0.0994313506686287,-1.14580611390464));
#2532=CARTESIAN_POINT('',(0.403559773077292,0.153380153597053,-1.2077339335997));
#2533=CARTESIAN_POINT('',(0.399041776764734,0.172366690456801,-1.28348044749628));
#2534=CARTESIAN_POINT('',(0.39519105369985,0.158366077374445,-1.34749849947029));
#2535=CARTESIAN_POINT('',(0.392003841582296,0.131217586825572,-1.39435271677551));
#2536=CARTESIAN_POINT('',(0.390140914814631,0.107588774028193,-1.41504371199101));
#2537=CARTESIAN_POINT('',(0.389224251524686,0.09628676193921,-1.42527208390643));
#2538=CARTESIAN_POINT('',(0.70140927017372,-0.00724945525371965,-1.46465733297415));
#2539=CARTESIAN_POINT('',(0.698223280142608,-0.0647523403228838,-1.46299799354726));
#2540=CARTESIAN_POINT('',(0.693439504724979,-0.145579723013473,-1.41446588514919));
#2541=CARTESIAN_POINT('',(0.687063465616887,-0.183659385044015,-1.30353557249768));
#2542=CARTESIAN_POINT('',(0.682282808328878,-0.169881684374817,-1.21709097136894));
#2543=CARTESIAN_POINT('',(0.676966898182547,-0.112641223950131,-1.13832622200321));
#2544=CARTESIAN_POINT('',(0.670594133610309,-0.00122148207743944,-1.09425891883861));
#2545=CARTESIAN_POINT('',(0.663153110961795,0.133753963641495,-1.14248803765407));
#2546=CARTESIAN_POINT('',(0.655713166898844,0.19293472007632,-1.27328379757948));
#2547=CARTESIAN_POINT('',(0.649339263920024,0.157588456866065,-1.38776970541234));
#2548=CARTESIAN_POINT('',(0.644025871800886,0.0838974382490069,-1.4511753922264));
#2549=CARTESIAN_POINT('',(0.639241707478497,-0.00135224480512109,-1.47193632788377));
#2550=CARTESIAN_POINT('',(0.634462585301169,-0.0863280051633321,-1.44992619820004));
#2551=CARTESIAN_POINT('',(0.629146660039441,-0.159023339945899,-1.38541382096993));
#2552=CARTESIAN_POINT('',(0.622772563734217,-0.192748116925795,-1.27045673460876));
#2553=CARTESIAN_POINT('',(0.615331781753926,-0.131580293440389,-1.14052229318581));
#2554=CARTESIAN_POINT('',(0.607894083473609,0.00406674668929868,-1.09433724182212));
#2555=CARTESIAN_POINT('',(0.60151752277793,0.114838234626893,-1.13998449555989));
#2556=CARTESIAN_POINT('',(0.596205910879174,0.170906999784706,-1.21961449736035));
#2557=CARTESIAN_POINT('',(0.590889284277187,0.184794515360785,-1.31589672617789));
#2558=CARTESIAN_POINT('',(0.58451744846099,0.135552738913131,-1.425155760091));
#2559=CARTESIAN_POINT('',(0.577075202184368,0.00517307945638374,-1.48481318420533));
#2560=CARTESIAN_POINT('',(0.569636808045082,-0.128305231775145,-1.43211498664847));
#2561=CARTESIAN_POINT('',(0.563261775333031,-0.18296843590972,-1.32545554788776));
#2562=CARTESIAN_POINT('',(0.557948620015086,-0.174264052611204,-1.22865807210999));
#2563=CARTESIAN_POINT('',(0.553164836736156,-0.127563756095877,-1.15438231386228));
#2564=CARTESIAN_POINT('',(0.548385416418703,-0.0513033392754896,-1.11081011049067));
#2565=CARTESIAN_POINT('',(0.543069239362251,0.0457266467850044,-1.10642074267249));
#2566=CARTESIAN_POINT('',(0.536695818052256,0.150032147787104,-1.16538946793412));
#2567=CARTESIAN_POINT('',(0.529253929195921,0.196887855593389,-1.30115080232631));
#2568=CARTESIAN_POINT('',(0.521817802988008,0.131655209298333,-1.42873984178316));
#2569=CARTESIAN_POINT('',(0.515439877126447,0.0205034308426283,-1.47340186825189));
#2570=CARTESIAN_POINT('',(0.510128715605547,-0.0751875209125764,-1.45532116530434));
#2571=CARTESIAN_POINT('',(0.504812632525297,-0.152226979826007,-1.39590003234063));
#2572=CARTESIAN_POINT('',(0.498439675239984,-0.193276730659141,-1.28331393603982));
#2573=CARTESIAN_POINT('',(0.490998530342178,-0.141182920271936,-1.14970196542497));
#2574=CARTESIAN_POINT('',(0.483559300776456,-0.00882758439736379,-1.09431946130185));
#2575=CARTESIAN_POINT('',(0.477184651181414,0.104679008271793,-1.13273891467244));
#2576=CARTESIAN_POINT('',(0.471871845234222,0.165959102450267,-1.20826400203074));
#2577=CARTESIAN_POINT('',(0.467087215029886,0.184313207704787,-1.29399789415454));
#2578=CARTESIAN_POINT('',(0.462308283695531,0.159962394821357,-1.37838556206057));
#2579=CARTESIAN_POINT('',(0.456992591955033,0.0933711039431301,-1.44917855000279));
#2580=CARTESIAN_POINT('',(0.451149187261777,-0.0127204725177991,-1.47713024575758));
#2581=CARTESIAN_POINT('',(0.444770979432141,-0.123594175878848,-1.43179326366191));
#2582=CARTESIAN_POINT('',(0.438928945807786,-0.17987985679385,-1.33759057804805));
#2583=CARTESIAN_POINT('',(0.433614164183167,-0.177913199489034,-1.24047354681419));
#2584=CARTESIAN_POINT('',(0.428831842022492,-0.136135702918857,-1.1631828109814));
#2585=CARTESIAN_POINT('',(0.424051724903691,-0.0630337951514894,-1.11472610525031));
#2586=CARTESIAN_POINT('',(0.419266686250083,0.0238523229426355,-1.10475536691776));
#2587=CARTESIAN_POINT('',(0.414487060862934,0.105804379473375,-1.13677296118786));
#2588=CARTESIAN_POINT('',(0.409704608080182,0.163187185170246,-1.20266274660313));
#2589=CARTESIAN_POINT('',(0.405186542339859,0.183375497171998,-1.28325070187618));
#2590=CARTESIAN_POINT('',(0.401335899566918,0.168471397800373,-1.3513536960431));
#2591=CARTESIAN_POINT('',(0.398148543689125,0.139579830162553,-1.40119854559002));
#2592=CARTESIAN_POINT('',(0.396285794924551,0.114441766704553,-1.42320437921651));
#2593=CARTESIAN_POINT('',(0.395368347099439,0.102403222266908,-1.43409748317065));
#2594=CARTESIAN_POINT('',(0.707554172861382,-0.00770673770655453,-1.47529130054812));
#2595=CARTESIAN_POINT('',(0.704368102822697,-0.0686628802957451,-1.47352364442942));
#2596=CARTESIAN_POINT('',(0.69958447127239,-0.154333714999292,-1.42207082565729));
#2597=CARTESIAN_POINT('',(0.693208318603145,-0.194687022750712,-1.30447403278005));
#2598=CARTESIAN_POINT('',(0.688427710697509,-0.18007033052087,-1.21284324263575));
#2599=CARTESIAN_POINT('',(0.683111819974617,-0.119385166814649,-1.12935741377477));
#2600=CARTESIAN_POINT('',(0.676738971465885,-0.00126880616840863,-1.08265799812521));
#2601=CARTESIAN_POINT('',(0.669297984701106,0.141801232775681,-1.13380064961933));
#2602=CARTESIAN_POINT('',(0.66185813384248,0.204519061566185,-1.27245288145121));
#2603=CARTESIAN_POINT('',(0.655484108203808,0.167035181233313,-1.39380994110603));
#2604=CARTESIAN_POINT('',(0.650170790474468,0.0889135180268267,-1.46101068550233));
#2605=CARTESIAN_POINT('',(0.645386601608571,-0.00145662184277952,-1.48300842346392));
#2606=CARTESIAN_POINT('',(0.640607454296869,-0.0915312112638195,-1.45966507347084));
#2607=CARTESIAN_POINT('',(0.635291602984639,-0.168581078423542,-1.39127262436123));
#2608=CARTESIAN_POINT('',(0.62891738258098,-0.204317501132109,-1.26940752052574));
#2609=CARTESIAN_POINT('',(0.62147669658459,-0.139460205371959,-1.13168343550117));
#2610=CARTESIAN_POINT('',(0.614039032589997,0.00433361036928957,-1.08274185862338));
#2611=CARTESIAN_POINT('',(0.607662387538418,0.121751481758797,-1.13114383215026));
#2612=CARTESIAN_POINT('',(0.602350798441851,0.181174704844241,-1.21556125500813));
#2613=CARTESIAN_POINT('',(0.597034215748504,0.195884582188271,-1.3176236287609));
#2614=CARTESIAN_POINT('',(0.590662284594171,0.143671826847844,-1.43343783371347));
#2615=CARTESIAN_POINT('',(0.583220078631303,0.0054584002922116,-1.4966578718149));
#2616=CARTESIAN_POINT('',(0.575781776228312,-0.136024713882112,-1.44078178965669));
#2617=CARTESIAN_POINT('',(0.569406613603284,-0.193957284342447,-1.32770952541693));
#2618=CARTESIAN_POINT('',(0.564093541655197,-0.184717441525107,-1.22510464942101));
#2619=CARTESIAN_POINT('',(0.559309738432991,-0.135205149019043,-1.14637498773898));
#2620=CARTESIAN_POINT('',(0.554530273216203,-0.0543597367953571,-1.10019696574996));
#2621=CARTESIAN_POINT('',(0.549214190427265,0.0484929548942306,-1.09555609169074));
#2622=CARTESIAN_POINT('',(0.542840636765487,0.159055797000971,-1.15807874389252));
#2623=CARTESIAN_POINT('',(0.535398851100616,0.208704675285476,-1.30199461665394));
#2624=CARTESIAN_POINT('',(0.52796274336356,0.139541799969469,-1.43723419164897));
#2625=CARTESIAN_POINT('',(0.521584742435039,0.0217100563097747,-1.48456469813962));
#2626=CARTESIAN_POINT('',(0.516273606583284,-0.0797220986436769,-1.46538546681528));
#2627=CARTESIAN_POINT('',(0.510957563650121,-0.161378348865247,-1.40238909186778));
#2628=CARTESIAN_POINT('',(0.504584503286279,-0.204879264022514,-1.28303650724406));
#2629=CARTESIAN_POINT('',(0.497143416084502,-0.149640041249666,-1.14141260098318));
#2630=CARTESIAN_POINT('',(0.489704266265151,-0.0093350252300129,-1.08272111445385));
#2631=CARTESIAN_POINT('',(0.483329499001104,0.110983565368433,-1.12346236828664));
#2632=CARTESIAN_POINT('',(0.478016754491213,0.175930965388513,-1.20352826288356));
#2633=CARTESIAN_POINT('',(0.473232123588694,0.195377242331286,-1.29441079069313));
#2634=CARTESIAN_POINT('',(0.468453143793877,0.16955276358098,-1.38386225392484));
#2635=CARTESIAN_POINT('',(0.463137537963015,0.0989568394798038,-1.4588950657503));
#2636=CARTESIAN_POINT('',(0.457294009910049,-0.0135095058165567,-1.48851273985769));
#2637=CARTESIAN_POINT('',(0.450915940604335,-0.131031006298523,-1.44044091471102));
#2638=CARTESIAN_POINT('',(0.445073779667604,-0.190684666479151,-1.34057335429924));
#2639=CARTESIAN_POINT('',(0.439759104208401,-0.188587394324093,-1.23762934027023));
#2640=CARTESIAN_POINT('',(0.434976712141643,-0.144292232239697,-1.15570209931646));
#2641=CARTESIAN_POINT('',(0.4301966026412,-0.0667952974247568,-1.10434689657153));
#2642=CARTESIAN_POINT('',(0.425411626160724,0.0253060188034581,-1.0937878008607));
#2643=CARTESIAN_POINT('',(0.420631905565639,0.112175911355403,-1.12773883155619));
#2644=CARTESIAN_POINT('',(0.415849536553356,0.172993344336907,-1.19759000387416));
#2645=CARTESIAN_POINT('',(0.411331411580519,0.194384204447264,-1.28301917008105));
#2646=CARTESIAN_POINT('',(0.407480837290291,0.178577285766455,-1.35520724531049));
#2647=CARTESIAN_POINT('',(0.404293358166238,0.147943129403096,-1.40804297609264));
#2648=CARTESIAN_POINT('',(0.402430762394024,0.12129604715529,-1.43136389773489));
#2649=CARTESIAN_POINT('',(0.401512639311846,0.108521019067549,-1.44292181688984));
#2650=CARTESIAN_POINT('',(4.78671405227846E-16,-0.156249999999999,-1.2875));
#2651=CARTESIAN_POINT('',(0.00255663475833846,-0.156249999999999,-1.29382000112261));
#2652=CARTESIAN_POINT('',(0.00511326904779627,-0.156187238148156,-1.30014000108615));
#2653=CARTESIAN_POINT('',(0.00830521288012534,-0.156030428003033,-1.30803048623967));
#2654=CARTESIAN_POINT('',(0.00894340921059489,-0.155995148820358,-1.30960810756859));
#2655=CARTESIAN_POINT('',(0.0099003429655333,-0.155936358300793,-1.3119736478108));
#2656=CARTESIAN_POINT('',(0.0102192607621284,-0.155915782845817,-1.31276201260398));
#2657=CARTESIAN_POINT('',(0.0108569641015178,-0.155872675480492,-1.31433841525895));
#2658=CARTESIAN_POINT('',(0.0111757496459572,-0.155850143570031,-1.3151264531248));
#2659=CARTESIAN_POINT('',(0.0121318898954315,-0.155779614428073,-1.3174900318215));
#2660=CARTESIAN_POINT('',(0.0127690282186157,-0.155728683748839,-1.31906503775641));
#2661=CARTESIAN_POINT('',(0.0140426318890226,-0.155619007558278,-1.32221338602966));
#2662=CARTESIAN_POINT('',(0.0146790972390841,-0.155560262046705,-1.32378672837501));
#2663=CARTESIAN_POINT('',(0.0159512591139044,-0.155434965038356,-1.32693151252957));
#2664=CARTESIAN_POINT('',(0.0165869556415025,-0.155368413541301,-1.32850295434579));
#2665=CARTESIAN_POINT('',(0.0178574841378368,-0.155227514584434,-1.33164370078873));
#2666=CARTESIAN_POINT('',(0.0184923161094127,-0.155153167124308,-1.33321300542247));
#2667=CARTESIAN_POINT('',(0.019761019890343,-0.154996687437788,-1.33634924116892));
#2668=CARTESIAN_POINT('',(0.0203948917025376,-0.154914555211044,-1.33791617228867));
#2669=CARTESIAN_POINT('',(0.0216615797059402,-0.154742518360136,-1.34104742503308));
#2670=CARTESIAN_POINT('',(0.02229439589999,-0.154652613735586,-1.34261174666477));
#2671=CARTESIAN_POINT('',(0.0235588773673115,-0.154465045628407,-1.34573754485199));
#2672=CARTESIAN_POINT('',(0.0241905426434252,-0.154367382145356,-1.34729902141454));
#2673=CARTESIAN_POINT('',(0.0254526271484073,-0.154164311028973,-1.35041889431086));
#2674=CARTESIAN_POINT('',(0.0260830463801182,-0.154058903395183,-1.35197729065165));
#2675=CARTESIAN_POINT('',(0.0273425438574765,-0.15384035985136,-1.35509076841568));
#2676=CARTESIAN_POINT('',(0.0279716221059677,-0.153727223940832,-1.35664584984595));
#2677=CARTESIAN_POINT('',(0.0292283428800146,-0.153493240881422,-1.35975246359939));
#2678=CARTESIAN_POINT('',(0.0298559854084155,-0.153372393732009,-1.3613039959296));
#2679=CARTESIAN_POINT('',(0.0311097402216253,-0.153123006394,-1.36440327782785));
#2680=CARTESIAN_POINT('',(0.0317358525092802,-0.152994466204837,-1.36595102740294));
#2681=CARTESIAN_POINT('',(0.0329864525507889,-0.152729712145045,-1.36904251070555));
#2682=CARTESIAN_POINT('',(0.0336109403074901,-0.152593498273813,-1.37058624444011));
#2683=CARTESIAN_POINT('',(0.0348581972415328,-0.152313417363226,-1.37366946358107));
#2684=CARTESIAN_POINT('',(0.0354809664217208,-0.152169550323232,-1.37520894899449));
#2685=CARTESIAN_POINT('',(0.0367246924159897,-0.151874184741005,-1.37828343965232));
#2686=CARTESIAN_POINT('',(0.0373456492329181,-0.151722686198095,-1.37981844490377));
#2687=CARTESIAN_POINT('',(0.0385856569868528,-0.151412080425199,-1.3828837440715));
#2688=CARTESIAN_POINT('',(0.0392047079267085,-0.151252973194497,-1.38441403799482));
#2689=CARTESIAN_POINT('',(0.0404408106997031,-0.150927174007018,-1.38746968404966));
#2690=CARTESIAN_POINT('',(0.0410578625356917,-0.150760482049488,-1.38899503618823));
#2691=CARTESIAN_POINT('',(0.0422898741752147,-0.150419538511586,-1.39204056896113));
#2692=CARTESIAN_POINT('',(0.0429048339816004,-0.150245286930423,-1.39356074960251));
#2693=CARTESIAN_POINT('',(0.0441325689512295,-0.14988925038694,-1.39659571044744));
#2694=CARTESIAN_POINT('',(0.0447453441173274,-0.149707465423792,-1.39811049065803));
#2695=CARTESIAN_POINT('',(0.0459686175246929,-0.149336389492522,-1.40113442252104));
#2696=CARTESIAN_POINT('',(0.0465791157688162,-0.149147098523535,-1.40264357418051));
#2697=CARTESIAN_POINT('',(0.0477977433934433,-0.14876103908715,-1.40565602166859));
#2698=CARTESIAN_POINT('',(0.0484058727768017,-0.148564270618847,-1.40715931750425));
#2699=CARTESIAN_POINT('',(0.0502265702583779,-0.147962793415291,-1.41166008167871));
#2700=CARTESIAN_POINT('',(0.0514354475045239,-0.147546912320066,-1.41464842623118));
#2701=CARTESIAN_POINT('',(0.0538426316805457,-0.146685608049627,-1.42059898551431));
#2702=CARTESIAN_POINT('',(0.0550409386024888,-0.146240184877252,-1.42356120022535));
#2703=CARTESIAN_POINT('',(0.0574262603146961,-0.145320064758603,-1.42945771549792));
#2704=CARTESIAN_POINT('',(0.0586132750971554,-0.144845367815339,-1.43239201604016));
#2705=CARTESIAN_POINT('',(0.0609752975169362,-0.143866986094437,-1.43823093546186));
#2706=CARTESIAN_POINT('',(0.0621503051465939,-0.143363301319972,-1.44113555432238));
#2707=CARTESIAN_POINT('',(0.0644876054799666,-0.142327247337381,-1.44691336074648));
#2708=CARTESIAN_POINT('',(0.0656498981761618,-0.141794878132587,-1.44978654829147));
#2709=CARTESIAN_POINT('',(0.0679610685208023,-0.140701775968488,-1.45549976138342));
#2710=CARTESIAN_POINT('',(0.0691099461618769,-0.140141043012667,-1.45833978691216));
#2711=CARTESIAN_POINT('',(0.0713935943551884,-0.138991551110931,-1.46398496524602));
#2712=CARTESIAN_POINT('',(0.0725283649002115,-0.138402792168646,-1.46679011803332));
#2713=CARTESIAN_POINT('',(0.0747831153579136,-0.137197602940214,-1.47236386116476));
#2714=CARTESIAN_POINT('',(0.0759030952635416,-0.136581172657835,-1.47513245149147));
#2715=CARTESIAN_POINT('',(0.0781275898082666,-0.135321012063637,-1.48063140200603));
#2716=CARTESIAN_POINT('',(0.0792321044404864,-0.134677281755712,-1.48336176217687));
#2717=CARTESIAN_POINT('',(0.0814250031198958,-0.133362908869372,-1.48878260771238));
#2718=CARTESIAN_POINT('',(0.0825133871603924,-0.132692266294968,-1.49147309306049));
#2719=CARTESIAN_POINT('',(0.0846733690543261,-0.131324472845565,-1.49681256830229));
#2720=CARTESIAN_POINT('',(0.0857449669012487,-0.13062732197469,-1.49946155817988));
#2721=CARTESIAN_POINT('',(0.0878707309173777,-0.129206931869855,-1.50471644682776));
#2722=CARTESIAN_POINT('',(0.0889248970802549,-0.128483692640123,-1.50732234558239));
#2723=CARTESIAN_POINT('',(0.0910151627378223,-0.127011561469746,-1.51248948228789));
#2724=CARTESIAN_POINT('',(0.092051262226377,-0.126262669533422,-1.5150507202236));
#2725=CARTESIAN_POINT('',(0.0941047704275088,-0.124739684054279,-1.5201269924968));
#2726=CARTESIAN_POINT('',(0.0951221791341515,-0.123965590515859,-1.52264202681962));
#2727=CARTESIAN_POINT('',(0.0971376929222949,-0.122392668117454,-1.52762437690391));
#2728=CARTESIAN_POINT('',(0.0981357979980633,-0.12159383926194,-1.53009169265121));
#2729=CARTESIAN_POINT('',(0.100112103303077,-0.119971927413914,-1.5349771193652));
#2730=CARTESIAN_POINT('',(0.101090303526795,-0.119148844425935,-1.53739523031823));
#2731=CARTESIAN_POINT('',(0.103026209896261,-0.11747892010734,-1.54218079086356));
#2732=CARTESIAN_POINT('',(0.103983916036692,-0.116632078781309,-1.5445482404427));
#2733=CARTESIAN_POINT('',(0.105878257353003,-0.114915147892114,-1.54923105217662));
#2734=CARTESIAN_POINT('',(0.106814892523777,-0.114045058333578,-1.55154641431877));
#2735=CARTESIAN_POINT('',(0.108666527706557,-0.112282155088755,-1.55612365649061));
#2736=CARTESIAN_POINT('',(0.109581527713673,-0.111389341407123,-1.5583855365082));
#2737=CARTESIAN_POINT('',(0.111389341407124,-0.109581527713672,-1.56285445195841));
#2738=CARTESIAN_POINT('',(0.112282155088788,-0.108666527706523,-1.56506148737948));
#2739=CARTESIAN_POINT('',(0.114045058333546,-0.10681489252381,-1.56941938420052));
#2740=CARTESIAN_POINT('',(0.11491514789218,-0.105878257352931,-1.57157024558947));
#2741=CARTESIAN_POINT('',(0.116632078781245,-0.103983916036762,-1.57581449874723));
#2742=CARTESIAN_POINT('',(0.117478920107435,-0.103026209896151,-1.57790789050558));
#2743=CARTESIAN_POINT('',(0.119148844425842,-0.101090303526904,-1.58203594342068));
#2744=CARTESIAN_POINT('',(0.119971927414037,-0.100112103302927,-1.5840706045675));
#2745=CARTESIAN_POINT('',(0.121593839261819,-0.0981357979982115,-1.58807997065521));
#2746=CARTESIAN_POINT('',(0.122392668117603,-0.0971376929221045,-1.59005467558671));
#2747=CARTESIAN_POINT('',(0.123965590515712,-0.0951221791343406,-1.59394293975484));
#2748=CARTESIAN_POINT('',(0.124739684054451,-0.0941047704272769,-1.5958564989826));
#2749=CARTESIAN_POINT('',(0.126262669533252,-0.092051262226607,-1.5996213190862));
#2750=CARTESIAN_POINT('',(0.127011561469941,-0.0910151627375467,-1.60147257995369));
#2751=CARTESIAN_POINT('',(0.12848369263993,-0.0889248970805291,-1.60511168820591));
#2752=CARTESIAN_POINT('',(0.129206931870068,-0.0878707309170585,-1.60689953558281));
#2753=CARTESIAN_POINT('',(0.130627321974478,-0.0857449669015664,-1.61041073992091));
#2754=CARTESIAN_POINT('',(0.131324472845795,-0.0846733690539624,-1.6121340968748));
#2755=CARTESIAN_POINT('',(0.132692266294739,-0.0825133871607547,-1.61551528228059));
#2756=CARTESIAN_POINT('',(0.133362908869616,-0.0814250031194898,-1.61717311072569));
#2757=CARTESIAN_POINT('',(0.13467728175547,-0.0792321044408914,-1.62042224049952));
#2758=CARTESIAN_POINT('',(0.135321012063895,-0.0781275898078117,-1.62201354182194));
#2759=CARTESIAN_POINT('',(0.136581172657579,-0.075903095263995,-1.62512865880953));
#2760=CARTESIAN_POINT('',(0.137197602940482,-0.0747831153574132,-1.62665247446887));
#2761=CARTESIAN_POINT('',(0.13840279216838,-0.0725283649007101,-1.62963170224023));
#2762=CARTESIAN_POINT('',(0.138991551111206,-0.0713935943546429,-1.6310871143469));
#2763=CARTESIAN_POINT('',(0.140141043012393,-0.069109946162421,-1.63392865832663));
#2764=CARTESIAN_POINT('',(0.140701775968768,-0.0679610685202106,-1.63531479019479));
#2765=CARTESIAN_POINT('',(0.141794878132309,-0.0656498981767521,-1.63801693874306));
#2766=CARTESIAN_POINT('',(0.142327247337663,-0.0644876054793305,-1.6393329554187));
#2767=CARTESIAN_POINT('',(0.143363301319691,-0.0621503051472282,-1.64189408086227));
#2768=CARTESIAN_POINT('',(0.14386698609472,-0.0609752975162549,-1.64313918962614));
#2769=CARTESIAN_POINT('',(0.145334558675228,-0.0574322638886252,-1.64676702904516));
#2770=CARTESIAN_POINT('',(0.146254955914958,-0.05504622376702,-1.64904225102178));
#2771=CARTESIAN_POINT('',(0.147546912319792,-0.0514354475052905,-1.65223596725452));
#2772=CARTESIAN_POINT('',(0.147962793415559,-0.0502265702575673,-1.65326402532326));
#2773=CARTESIAN_POINT('',(0.148764763019766,-0.0477989736170854,-1.65524649418486));
#2774=CARTESIAN_POINT('',(0.149150851527146,-0.0465802542275274,-1.6562009049751));
#2775=CARTESIAN_POINT('',(0.14989300338917,-0.0441337074144912,-1.65803550437802));
#2776=CARTESIAN_POINT('',(0.15024906674288,-0.0429058799940893,-1.6589156929884));
#2777=CARTESIAN_POINT('',(0.150930953818195,-0.0404418567168157,-1.66060131783857));
#2778=CARTESIAN_POINT('',(0.151256777538982,-0.0392056608628985,-1.66140675407636));
#2779=CARTESIAN_POINT('',(0.151877989084314,-0.0367256453568711,-1.66294238901642));
#2780=CARTESIAN_POINT('',(0.152173376908148,-0.035481825707598,-1.66367258771694));
#2781=CARTESIAN_POINT('',(0.152733538728893,-0.0329873118414231,-1.66505730773782));
#2782=CARTESIAN_POINT('',(0.152998312725192,-0.031736617627245,-1.66571182905667));
#2783=CARTESIAN_POINT('',(0.153497087400819,-0.0292291080027942,-1.66694480005482));
#2784=CARTESIAN_POINT('',(0.153731088079624,-0.0279722925951429,-1.66752324973283));
#2785=CARTESIAN_POINT('',(0.154168175166921,-0.0254532976424506,-1.66860372901262));
#2786=CARTESIAN_POINT('',(0.154371261574972,-0.0241911180999343,-1.66910575861333));
#2787=CARTESIAN_POINT('',(0.154746397789023,-0.0216621551673659,-1.67003309533446));
#2788=CARTESIAN_POINT('',(0.154918447594659,-0.0203953717797499,-1.67045840245399));
#2789=CARTESIAN_POINT('',(0.155231406967438,-0.0178579642200045,-1.67123203802351));
#2790=CARTESIAN_POINT('',(0.155372316534289,-0.0165873400502384,-1.67158036647276));
#2791=CARTESIAN_POINT('',(0.155622910550774,-0.0140430163027485,-1.67219983488151));
#2792=CARTESIAN_POINT('',(0.155732595000182,-0.0127693167273245,-1.67247097484045));
#2793=CARTESIAN_POINT('',(0.15592067271191,-0.010219609397571,-1.67293590294384));
#2794=CARTESIAN_POINT('',(0.155999065974063,-0.00894360164549117,-1.67312969108788));
#2795=CARTESIAN_POINT('',(0.156124514090054,-0.0063900465818255,-1.67343979883061));
#2796=CARTESIAN_POINT('',(0.156171568943782,-0.00511249927245313,-1.67355611842903));
#2797=CARTESIAN_POINT('',(0.156234311898783,-0.00255663464095622,-1.67371121901379));
#2798=CARTESIAN_POINT('',(0.15625,-0.00127831732102388,-1.67375));
#2799=CARTESIAN_POINT('',(0.15625,0.00127831732102515,-1.67375));
#2800=CARTESIAN_POINT('',(0.156234311898782,0.00255663464095693,-1.67371121901379));
#2801=CARTESIAN_POINT('',(0.156171568943782,0.00511249927245384,-1.67355611842903));
#2802=CARTESIAN_POINT('',(0.156124514090054,0.00639004658182629,-1.67343979883061));
#2803=CARTESIAN_POINT('',(0.155999065974063,0.00894360164549223,-1.67312969108788));
#2804=CARTESIAN_POINT('',(0.15592067271191,0.0102196093975716,-1.67293590294384));
#2805=CARTESIAN_POINT('',(0.155732595000182,0.0127693167273251,-1.67247097484044));
#2806=CARTESIAN_POINT('',(0.155622910550774,0.0140430163027491,-1.67219983488151));
#2807=CARTESIAN_POINT('',(0.155372316534289,0.0165873400502394,-1.67158036647276));
#2808=CARTESIAN_POINT('',(0.155231406967438,0.0178579642200058,-1.67123203802351));
#2809=CARTESIAN_POINT('',(0.154918447594659,0.0203953717797499,-1.67045840245399));
#2810=CARTESIAN_POINT('',(0.154746397789023,0.0216621551673663,-1.67003309533446));
#2811=CARTESIAN_POINT('',(0.154371261574972,0.0241911180999358,-1.66910575861333));
#2812=CARTESIAN_POINT('',(0.154168175166921,0.0254532976424512,-1.66860372901262));
#2813=CARTESIAN_POINT('',(0.153731088079624,0.0279722925951437,-1.66752324973283));
#2814=CARTESIAN_POINT('',(0.153497087400818,0.0292291080027956,-1.66694480005482));
#2815=CARTESIAN_POINT('',(0.152998312725192,0.0317366176272452,-1.66571182905668));
#2816=CARTESIAN_POINT('',(0.152733538728893,0.0329873118414235,-1.66505730773782));
#2817=CARTESIAN_POINT('',(0.152173376908148,0.0354818257075991,-1.66367258771694));
#2818=CARTESIAN_POINT('',(0.151877989084314,0.0367256453568718,-1.66294238901642));
#2819=CARTESIAN_POINT('',(0.151256777538982,0.0392056608628986,-1.66140675407636));
#2820=CARTESIAN_POINT('',(0.150930953818196,0.0404418567168161,-1.66060131783858));
#2821=CARTESIAN_POINT('',(0.15024906674288,0.0429058799940903,-1.65891569298839));
#2822=CARTESIAN_POINT('',(0.149893003389171,0.0441337074144916,-1.65803550437803));
#2823=CARTESIAN_POINT('',(0.149150851527146,0.0465802542275289,-1.6562009049751));
#2824=CARTESIAN_POINT('',(0.148764763019766,0.047798973617085,-1.65524649418486));
#2825=CARTESIAN_POINT('',(0.147962793415559,0.0502265702575693,-1.65326402532326));
#2826=CARTESIAN_POINT('',(0.147546912319792,0.0514354475052907,-1.65223596725452));
#2827=CARTESIAN_POINT('',(0.146254955914958,0.0550462237670225,-1.64904225102177));
#2828=CARTESIAN_POINT('',(0.145334558675228,0.057432263888625,-1.64676702904516));
#2829=CARTESIAN_POINT('',(0.14386698609472,0.0609752975162559,-1.64313918962614));
#2830=CARTESIAN_POINT('',(0.143363301319691,0.0621503051472289,-1.64189408086227));
#2831=CARTESIAN_POINT('',(0.142327247337663,0.0644876054793312,-1.6393329554187));
#2832=CARTESIAN_POINT('',(0.141794878132309,0.0656498981767519,-1.63801693874307));
#2833=CARTESIAN_POINT('',(0.140701775968768,0.0679610685202127,-1.63531479019479));
#2834=CARTESIAN_POINT('',(0.140141043012394,0.0691099461624218,-1.63392865832663));
#2835=CARTESIAN_POINT('',(0.138991551111206,0.0713935943546437,-1.6310871143469));
#2836=CARTESIAN_POINT('',(0.13840279216838,0.072528364900711,-1.62963170224023));
#2837=CARTESIAN_POINT('',(0.137197602940482,0.0747831153574142,-1.62665247446887));
#2838=CARTESIAN_POINT('',(0.136581172657579,0.0759030952639952,-1.62512865880953));
#2839=CARTESIAN_POINT('',(0.135321012063894,0.0781275898078131,-1.62201354182194));
#2840=CARTESIAN_POINT('',(0.13467728175547,0.0792321044408921,-1.62042224049952));
#2841=CARTESIAN_POINT('',(0.133362908869617,0.0814250031194901,-1.61717311072569));
#2842=CARTESIAN_POINT('',(0.13269226629474,0.0825133871607548,-1.6155152822806));
#2843=CARTESIAN_POINT('',(0.131324472845795,0.0846733690539639,-1.6121340968748));
#2844=CARTESIAN_POINT('',(0.130627321974477,0.0857449669015685,-1.61041073992091));
#2845=CARTESIAN_POINT('',(0.129206931870069,0.087870730917058,-1.60689953558281));
#2846=CARTESIAN_POINT('',(0.128483692639931,0.0889248970805291,-1.6051116882059));
#2847=CARTESIAN_POINT('',(0.127011561469941,0.0910151627375482,-1.60147257995369));
#2848=CARTESIAN_POINT('',(0.126262669533253,0.0920512622266071,-1.59962131908619));
#2849=CARTESIAN_POINT('',(0.12473968405445,0.0941047704272787,-1.5958564989826));
#2850=CARTESIAN_POINT('',(0.123965590515713,0.0951221791343401,-1.59394293975484));
#2851=CARTESIAN_POINT('',(0.122392668117602,0.0971376929221065,-1.59005467558671));
#2852=CARTESIAN_POINT('',(0.12159383926182,0.0981357979982116,-1.58807997065521));
#2853=CARTESIAN_POINT('',(0.119971927414037,0.100112103302929,-1.5840706045675));
#2854=CARTESIAN_POINT('',(0.119148844425841,0.101090303526905,-1.58203594342068));
#2855=CARTESIAN_POINT('',(0.117478920107436,0.103026209896151,-1.57790789050558));
#2856=CARTESIAN_POINT('',(0.116632078781247,0.103983916036761,-1.57581449874724));
#2857=CARTESIAN_POINT('',(0.114915147892178,0.105878257352933,-1.57157024558946));
#2858=CARTESIAN_POINT('',(0.114045058333545,0.106814892523812,-1.56941938420052));
#2859=CARTESIAN_POINT('',(0.11228215508879,0.108666527706522,-1.56506148737949));
#2860=CARTESIAN_POINT('',(0.111389341407125,0.109581527713673,-1.56285445195841));
#2861=CARTESIAN_POINT('',(0.109581527713672,0.111389341407125,-1.5583855365082));
#2862=CARTESIAN_POINT('',(0.108666527706557,0.112282155088756,-1.55612365649061));
#2863=CARTESIAN_POINT('',(0.106814892523778,0.114045058333578,-1.55154641431878));
#2864=CARTESIAN_POINT('',(0.105878257353003,0.114915147892116,-1.54923105217662));
#2865=CARTESIAN_POINT('',(0.103983916036691,0.116632078781311,-1.54454824044269));
#2866=CARTESIAN_POINT('',(0.103026209896262,0.117478920107341,-1.54218079086356));
#2867=CARTESIAN_POINT('',(0.101090303526794,0.119148844425937,-1.53739523031823));
#2868=CARTESIAN_POINT('',(0.100112103303077,0.119971927413915,-1.53497711936521));
#2869=CARTESIAN_POINT('',(0.0981357979980637,0.121593839261941,-1.53009169265121));
#2870=CARTESIAN_POINT('',(0.0971376929222944,0.122392668117456,-1.52762437690391));
#2871=CARTESIAN_POINT('',(0.0951221791341518,0.12396559051586,-1.52264202681962));
#2872=CARTESIAN_POINT('',(0.0941047704275115,0.124739684054278,-1.5201269924968));
#2873=CARTESIAN_POINT('',(0.0920512622263754,0.126262669533424,-1.5150507202236));
#2874=CARTESIAN_POINT('',(0.0910151627378234,0.127011561469747,-1.51248948228789));
#2875=CARTESIAN_POINT('',(0.0889248970802536,0.128483692640125,-1.50732234558239));
#2876=CARTESIAN_POINT('',(0.0878707309173771,0.129206931869856,-1.50471644682776));
#2877=CARTESIAN_POINT('',(0.0857449669012499,0.13062732197469,-1.49946155817988));
#2878=CARTESIAN_POINT('',(0.0846733690543269,0.131324472845565,-1.49681256830229));
#2879=CARTESIAN_POINT('',(0.0825133871603913,0.13269226629497,-1.49147309306049));
#2880=CARTESIAN_POINT('',(0.0814250031198992,0.133362908869371,-1.48878260771238));
#2881=CARTESIAN_POINT('',(0.0792321044404842,0.134677281755714,-1.48336176217688));
#2882=CARTESIAN_POINT('',(0.0781275898082657,0.135321012063638,-1.48063140200603));
#2883=CARTESIAN_POINT('',(0.0759030952635422,0.136581172657836,-1.47513245149147));
#2884=CARTESIAN_POINT('',(0.0747831153579135,0.137197602940215,-1.47236386116476));
#2885=CARTESIAN_POINT('',(0.0725283649002129,0.138402792168646,-1.46679011803332));
#2886=CARTESIAN_POINT('',(0.0713935943551875,0.138991551110932,-1.46398496524602));
#2887=CARTESIAN_POINT('',(0.0691099461618774,0.140141043012668,-1.45833978691216));
#2888=CARTESIAN_POINT('',(0.0679610685208026,0.140701775968489,-1.45549976138342));
#2889=CARTESIAN_POINT('',(0.0656498981761622,0.141794878132588,-1.44978654829147));
#2890=CARTESIAN_POINT('',(0.0644876054799659,0.142327247337382,-1.44691336074647));
#2891=CARTESIAN_POINT('',(0.0621503051465939,0.143363301319973,-1.44113555432238));
#2892=CARTESIAN_POINT('',(0.0609752975169375,0.143866986094437,-1.43823093546187));
#2893=CARTESIAN_POINT('',(0.0586132750971547,0.144845367815341,-1.43239201604016));
#2894=CARTESIAN_POINT('',(0.0574262603146941,0.145320064758605,-1.42945771549792));
#2895=CARTESIAN_POINT('',(0.0550409386024903,0.146240184877252,-1.42356120022535));
#2896=CARTESIAN_POINT('',(0.0538426316805463,0.146685608049628,-1.42059898551431));
#2897=CARTESIAN_POINT('',(0.0514354475045243,0.147546912320067,-1.41464842623118));
#2898=CARTESIAN_POINT('',(0.0502265702583766,0.147962793415292,-1.41166008167871));
#2899=CARTESIAN_POINT('',(0.0484058727768023,0.148564270618848,-1.40715931750425));
#2900=CARTESIAN_POINT('',(0.0477977433934432,0.148761039087151,-1.40565602166859));
#2901=CARTESIAN_POINT('',(0.0465791157688166,0.149147098523536,-1.40264357418051));
#2902=CARTESIAN_POINT('',(0.0459686175246936,0.149336389492523,-1.40113442252104));
#2903=CARTESIAN_POINT('',(0.0447453441173283,0.149707465423793,-1.39811049065803));
#2904=CARTESIAN_POINT('',(0.0441325689512296,0.149889250386941,-1.39659571044744));
#2905=CARTESIAN_POINT('',(0.0429048339816005,0.150245286930424,-1.39356074960251));
#2906=CARTESIAN_POINT('',(0.0422898741752141,0.150419538511587,-1.39204056896113));
#2907=CARTESIAN_POINT('',(0.0410578625356923,0.150760482049489,-1.38899503618823));
#2908=CARTESIAN_POINT('',(0.0404408106997032,0.150927174007019,-1.38746968404966));
#2909=CARTESIAN_POINT('',(0.0392047079267087,0.151252973194498,-1.38441403799482));
#2910=CARTESIAN_POINT('',(0.038585656986853,0.1514120804252,-1.3828837440715));
#2911=CARTESIAN_POINT('',(0.037345649232919,0.151722686198096,-1.37981844490377));
#2912=CARTESIAN_POINT('',(0.0367246924159901,0.151874184741006,-1.37828343965232));
#2913=CARTESIAN_POINT('',(0.0354809664217207,0.152169550323233,-1.37520894899449));
#2914=CARTESIAN_POINT('',(0.0348581972415326,0.152313417363227,-1.37366946358106));
#2915=CARTESIAN_POINT('',(0.03361094030749,0.152593498273814,-1.37058624444011));
#2916=CARTESIAN_POINT('',(0.0329864525507888,0.152729712145046,-1.36904251070555));
#2917=CARTESIAN_POINT('',(0.0317358525092803,0.152994466204838,-1.36595102740294));
#2918=CARTESIAN_POINT('',(0.0311097402216256,0.153123006394001,-1.36440327782786));
#2919=CARTESIAN_POINT('',(0.029855985408416,0.15337239373201,-1.3613039959296));
#2920=CARTESIAN_POINT('',(0.0292283428800147,0.153493240881423,-1.35975246359939));
#2921=CARTESIAN_POINT('',(0.0279716221059678,0.153727223940833,-1.35664584984595));
#2922=CARTESIAN_POINT('',(0.0273425438574761,0.153840359851361,-1.35509076841568));
#2923=CARTESIAN_POINT('',(0.0260830463801185,0.154058903395185,-1.35197729065165));
#2924=CARTESIAN_POINT('',(0.0254526271484075,0.154164311028974,-1.35041889431086));
#2925=CARTESIAN_POINT('',(0.0241905426434251,0.154367382145357,-1.34729902141454));
#2926=CARTESIAN_POINT('',(0.0235588773673117,0.154465045628408,-1.34573754485199));
#2927=CARTESIAN_POINT('',(0.0222943958999908,0.154652613735587,-1.34261174666477));
#2928=CARTESIAN_POINT('',(0.0216615797059401,0.154742518360137,-1.34104742503308));
#2929=CARTESIAN_POINT('',(0.0203948917025374,0.154914555211045,-1.33791617228867));
#2930=CARTESIAN_POINT('',(0.0197610198903425,0.154996687437789,-1.33634924116892));
#2931=CARTESIAN_POINT('',(0.0184923161094129,0.155153167124309,-1.33321300542246));
#2932=CARTESIAN_POINT('',(0.0178574841378368,0.155227514584435,-1.33164370078873));
#2933=CARTESIAN_POINT('',(0.0165869556415024,0.155368413541302,-1.32850295434579));
#2934=CARTESIAN_POINT('',(0.0159512591139041,0.155434965038357,-1.32693151252957));
#2935=CARTESIAN_POINT('',(0.0146790972390839,0.155560262046706,-1.32378672837501));
#2936=CARTESIAN_POINT('',(0.0140426318890225,0.155619007558279,-1.32221338602966));
#2937=CARTESIAN_POINT('',(0.0127690282186156,0.15572868374884,-1.31906503775641));
#2938=CARTESIAN_POINT('',(0.0121318898954311,0.155779614428074,-1.3174900318215));
#2939=CARTESIAN_POINT('',(0.0111757496459568,0.155850143570032,-1.3151264531248));
#2940=CARTESIAN_POINT('',(0.0108569641015182,0.155872675480493,-1.31433841525895));
#2941=CARTESIAN_POINT('',(0.0102192607621288,0.155915782845818,-1.31276201260398));
#2942=CARTESIAN_POINT('',(0.00990034296553324,0.155936358300794,-1.3119736478108));
#2943=CARTESIAN_POINT('',(0.00894340921059498,0.155995148820359,-1.30960810756859));
#2944=CARTESIAN_POINT('',(0.00830521288012582,0.156030428003034,-1.30803048623967));
#2945=CARTESIAN_POINT('',(0.00511326904779628,0.156187238148158,-1.30014000108615));
#2946=CARTESIAN_POINT('',(0.00255663475833908,0.156250000000001,-1.29382000112261));
#2947=CARTESIAN_POINT('',(6.14507617474924E-16,0.156250000000001,-1.2875));
#2948=CARTESIAN_POINT('',(4.74327736506297E-16,-0.156249999999999,-1.2875));
#2949=CARTESIAN_POINT('',(0.00443831793851417,-0.156250000000003,-1.29193831793851));
#2950=CARTESIAN_POINT('',(0.00887841116970787,-0.156094672577582,-1.29637841116971));
#2951=CARTESIAN_POINT('',(0.0144094592810504,-0.15570743301388,-1.30190945928105));
#2952=CARTESIAN_POINT('',(0.0155152702680509,-0.155620294908106,-1.30301527026805));
#2953=CARTESIAN_POINT('',(0.0171724183614747,-0.15547513716399,-1.30467241836147));
#2954=CARTESIAN_POINT('',(0.0177246019125146,-0.155424336605716,-1.30522460191252));
#2955=CARTESIAN_POINT('',(0.0188284403523976,-0.155317920173221,-1.30632844035239));
#2956=CARTESIAN_POINT('',(0.0193801020702725,-0.15526230296896,-1.30688010207027));
#2957=CARTESIAN_POINT('',(0.021034347626758,-0.155088224279169,-1.30853434762676));
#2958=CARTESIAN_POINT('',(0.0221359836736971,-0.154962552604551,-1.3096359836737));
#2959=CARTESIAN_POINT('',(0.0243365456427537,-0.154692031658811,-1.31183654564275));
#2960=CARTESIAN_POINT('',(0.0254355254572665,-0.154547168912371,-1.31293552545725));
#2961=CARTESIAN_POINT('',(0.0276303965811661,-0.154238329246651,-1.31513039658117));
#2962=CARTESIAN_POINT('',(0.0287263412311784,-0.154074336980633,-1.31622634123119));
#2963=CARTESIAN_POINT('',(0.030914763940017,-0.153727310053202,-1.31841476394));
#2964=CARTESIAN_POINT('',(0.0320072947149942,-0.153544258194855,-1.31950729471498));
#2965=CARTESIAN_POINT('',(0.0341885119152617,-0.153159192274948,-1.32168851191527));
#2966=CARTESIAN_POINT('',(0.0352772503600057,-0.152957159190422,-1.32277725036));
#2967=CARTESIAN_POINT('',(0.0374505055045056,-0.15253421949261,-1.3249505055045));
#2968=CARTESIAN_POINT('',(0.0385350734550942,-0.152313292057329,-1.32603507345509));
#2969=CARTESIAN_POINT('',(0.0406996106172584,-0.151852660891023,-1.32819961061726));
#2970=CARTESIAN_POINT('',(0.04177963023957,-0.151612934568235,-1.32927963023957));
#2971=CARTESIAN_POINT('',(0.0439346941930802,-0.151114811500821,-1.33143469419308));
#2972=CARTESIAN_POINT('',(0.0450097880240009,-0.150856390427442,-1.332509788024));
#2973=CARTESIAN_POINT('',(0.0471546243282957,-0.150320992464299,-1.33465462432829));
#2974=CARTESIAN_POINT('',(0.0482244153199734,-0.150043989543987,-1.33572441531998));
#2975=CARTESIAN_POINT('',(0.0503582704120901,-0.149471551322386,-1.33785827041208));
#2976=CARTESIAN_POINT('',(0.0514223819796024,-0.14917608832668,-1.3389223819796));
#2977=CARTESIAN_POINT('',(0.0535445032729936,-0.148566862324891,-1.34104450327299));
#2978=CARTESIAN_POINT('',(0.0546025593456276,-0.148253070001524,-1.34210255934563));
#2979=CARTESIAN_POINT('',(0.0567121953368148,-0.147607326763603,-1.34421219533681));
#2980=CARTESIAN_POINT('',(0.0577638204133624,-0.147275344952451,-1.34526382041336));
#2981=CARTESIAN_POINT('',(0.0598602207967207,-0.14659337332731,-1.34736022079672));
#2982=CARTESIAN_POINT('',(0.0609050400051404,-0.146243351083997,-1.34840504000514));
#2983=CARTESIAN_POINT('',(0.0629874557968696,-0.145525458480003,-1.35048745579686));
#2984=CARTESIAN_POINT('',(0.0640250949586182,-0.145157554206819,-1.35152509495862));
#2985=CARTESIAN_POINT('',(0.0660927786303937,-0.144404066861273,-1.35359277863039));
#2986=CARTESIAN_POINT('',(0.0671228643298292,-0.144018448445636,-1.35462286432983));
#2987=CARTESIAN_POINT('',(0.0691750699530419,-0.143229711709147,-1.35667506995304));
#2988=CARTESIAN_POINT('',(0.0701972296123015,-0.142826556669554,-1.3576972296123));
#2989=CARTESIAN_POINT('',(0.0722332130135369,-0.142002935305125,-1.35973321301354));
#2990=CARTESIAN_POINT('',(0.0732470749732673,-0.141582430944444,-1.36074707497326));
#2991=CARTESIAN_POINT('',(0.0752660939020255,-0.140724309441427,-1.36276609390203));
#2992=CARTESIAN_POINT('',(0.0762712875083871,-0.140286653007466,-1.36377128750839));
#2993=CARTESIAN_POINT('',(0.0782726018177637,-0.139394435909949,-1.36577260181776));
#2994=CARTESIAN_POINT('',(0.0792687575162129,-0.138939834763296,-1.3667687575162));
#2995=CARTESIAN_POINT('',(0.0812516293574618,-0.13801394701277,-1.36875162935747));
#2996=CARTESIAN_POINT('',(0.0822383787936823,-0.137542618801734,-1.36973837879368));
#2997=CARTESIAN_POINT('',(0.085185809519252,-0.136103026778718,-1.37268580951925));
#2998=CARTESIAN_POINT('',(0.0871300793559179,-0.135110735942629,-1.37463007935592));
#2999=CARTESIAN_POINT('',(0.090976371944423,-0.13306245173251,-1.37847637194442));
#3000=CARTESIAN_POINT('',(0.0928786170177904,-0.132006102211582,-1.38037861701778));
#3001=CARTESIAN_POINT('',(0.0966379986746025,-0.129831844205675,-1.38413799867461));
#3002=CARTESIAN_POINT('',(0.0984953263188147,-0.128713567073656,-1.3859953263188));
#3003=CARTESIAN_POINT('',(0.102162045130274,-0.126417778376433,-1.38966204513028));
#3004=CARTESIAN_POINT('',(0.103971594491932,-0.125239888413482,-1.39147159449194));
#3005=CARTESIAN_POINT('',(0.107539967540641,-0.122827386439534,-1.39503996754063));
#3006=CARTESIAN_POINT('',(0.109298915085738,-0.121592389228323,-1.39679891508573));
#3007=CARTESIAN_POINT('',(0.11276334023819,-0.119068380192088,-1.40026334023819));
#3008=CARTESIAN_POINT('',(0.114468906049986,-0.117778979509712,-1.40196890604999));
#3009=CARTESIAN_POINT('',(0.117823875413994,-0.11514907343874,-1.40532387541398));
#3010=CARTESIAN_POINT('',(0.119473330371134,-0.113808178874941,-1.40697333037114));
#3011=CARTESIAN_POINT('',(0.122713445606648,-0.111078404990354,-1.41021344560664));
#3012=CARTESIAN_POINT('',(0.124304119536194,-0.109689139704215,-1.41180411953619));
#3013=CARTESIAN_POINT('',(0.127424109213933,-0.106865961972292,-1.41492410921393));
#3014=CARTESIAN_POINT('',(0.128953400118679,-0.105431670478683,-1.41645340011868));
#3015=CARTESIAN_POINT('',(0.131948139328938,-0.102522003091473,-1.41944813932894));
#3016=CARTESIAN_POINT('',(0.133413523792256,-0.101046258943679,-1.42091352379226));
#3017=CARTESIAN_POINT('',(0.136278056212673,-0.0980574814338884,-1.42377805621267));
#3018=CARTESIAN_POINT('',(0.13767710108622,-0.0965440946403554,-1.42517710108623));
#3019=CARTESIAN_POINT('',(0.140406663719735,-0.0934840662745645,-1.42790666371972));
#3020=CARTESIAN_POINT('',(0.141737039199698,-0.0919370902552362,-1.4292370391997));
#3021=CARTESIAN_POINT('',(0.144327089991755,-0.0888141632806397,-1.43182708999175));
#3022=CARTESIAN_POINT('',(0.145586584186807,-0.0872379011317826,-1.4330865841868));
#3023=CARTESIAN_POINT('',(0.14803283272274,-0.0840609323737383,-1.43553283272274));
#3024=CARTESIAN_POINT('',(0.149219367810996,-0.0824599421691853,-1.436719367811));
#3025=CARTESIAN_POINT('',(0.151517809278301,-0.0792383023913504,-1.4390178092783));
#3026=CARTESIAN_POINT('',(0.152629459340319,-0.0776174012029178,-1.44012945934032));
#3027=CARTESIAN_POINT('',(0.154776411914931,-0.0743609815474817,-1.44227641191493));
#3028=CARTESIAN_POINT('',(0.1558114225141,-0.0727252478185636,-1.44331142251409));
#3029=CARTESIAN_POINT('',(0.157803568292042,-0.0694444625428371,-1.44530356829204));
#3030=CARTESIAN_POINT('',(0.158760377851512,-0.0677992363969128,-1.44626037785151));
#3031=CARTESIAN_POINT('',(0.16059480739535,-0.0645050210160215,-1.44809480739534));
#3032=CARTESIAN_POINT('',(0.161472070390744,-0.0628559020272161,-1.44897207039075));
#3033=CARTESIAN_POINT('',(0.163146330891282,-0.0595597058624729,-1.45064633089128));
#3034=CARTESIAN_POINT('',(0.163942942839263,-0.0579125477600539,-1.45144294283927));
#3035=CARTESIAN_POINT('',(0.165455089804598,-0.0546263197822505,-1.45295508980459));
#3036=CARTESIAN_POINT('',(0.16617021397775,-0.0529872215064698,-1.45367021397775));
#3037=CARTESIAN_POINT('',(0.167518866250885,-0.0497233882582469,-1.45501886625088));
#3038=CARTESIAN_POINT('',(0.168151961988,-0.0480986807340018,-1.455651961988));
#3039=CARTESIAN_POINT('',(0.16933635975867,-0.0448701150199795,-1.45683635975867));
#3040=CARTESIAN_POINT('',(0.169887212165072,-0.0432663429710263,-1.45738721216507));
#3041=CARTESIAN_POINT('',(0.17090727747888,-0.0400863219270446,-1.45840727747888));
#3042=CARTESIAN_POINT('',(0.171376028223177,-0.0385102200204805,-1.45887602822318));
#3043=CARTESIAN_POINT('',(0.172232427300217,-0.0353923711229524,-1.45973242730021));
#3044=CARTESIAN_POINT('',(0.172619606111074,-0.0338508337167732,-1.46011960611107));
#3045=CARTESIAN_POINT('',(0.17331381256679,-0.0308090672802342,-1.46081381256679));
#3046=CARTESIAN_POINT('',(0.173620368916474,-0.0293091110517521,-1.46112036891647));
#3047=CARTESIAN_POINT('',(0.17415472673018,-0.0263575378000632,-1.46165472673017));
#3048=CARTESIAN_POINT('',(0.174382061061472,-0.0249062565662937,-1.46188206106147));
#3049=CARTESIAN_POINT('',(0.174759845866753,-0.0220590889645112,-1.46225984586675));
#3050=CARTESIAN_POINT('',(0.17490983957867,-0.0206636000746867,-1.46240983957866));
#3051=CARTESIAN_POINT('',(0.175135316559607,-0.0179350362889884,-1.46263531655961));
#3052=CARTESIAN_POINT('',(0.175210359818864,-0.0166024180818783,-1.46271035981886));
#3053=CARTESIAN_POINT('',(0.175288836196205,-0.0140065077094233,-1.4627888361962));
#3054=CARTESIAN_POINT('',(0.175291852490599,-0.0127437276913199,-1.4627918524906));
#3055=CARTESIAN_POINT('',(0.175229722284733,-0.0102942187852561,-1.46272972228473));
#3056=CARTESIAN_POINT('',(0.175164188489006,-0.00910805240542799,-1.462664188489));
#3057=CARTESIAN_POINT('',(0.174968966968376,-0.00681821982403718,-1.46246896696838));
#3058=CARTESIAN_POINT('',(0.174838927561705,-0.00571516000830963,-1.4623389275617));
#3059=CARTESIAN_POINT('',(0.17451927254699,-0.00359761575063249,-1.46201927254699));
#3060=CARTESIAN_POINT('',(0.174329346515647,-0.00258377370351061,-1.46182934651564));
#3061=CARTESIAN_POINT('',(0.173895063535466,-0.000650260658073151,-1.46139506353546));
#3062=CARTESIAN_POINT('',(0.173650442427371,0.000268741141293259,-1.46115044242737));
#3063=CARTESIAN_POINT('',(0.1731124706398,0.00200756971778327,-1.4606124706398));
#3064=CARTESIAN_POINT('',(0.172818906224439,0.00282671092600531,-1.46031890622443));
#3065=CARTESIAN_POINT('',(0.172189282058699,0.00436152288463267,-1.4596892820587));
#3066=CARTESIAN_POINT('',(0.171853062101684,0.00507650318825716,-1.45935306210168));
#3067=CARTESIAN_POINT('',(0.170788061792957,0.00706606909517849,-1.45828806179296));
#3068=CARTESIAN_POINT('',(0.170007655589964,0.00817067777481148,-1.45750765558996));
#3069=CARTESIAN_POINT('',(0.168776797616667,0.0094929292483708,-1.45627679761667));
#3070=CARTESIAN_POINT('',(0.168355048781949,0.00987861409731233,-1.45585504878194));
#3071=CARTESIAN_POINT('',(0.16749838036217,0.0105387665799468,-1.45499838036218));
#3072=CARTESIAN_POINT('',(0.16706351832673,0.0108126504579157,-1.45456351832674));
#3073=CARTESIAN_POINT('',(0.166188686148417,0.011250165224767,-1.45368868614841));
#3074=CARTESIAN_POINT('',(0.165748820955662,0.0114132700162055,-1.45324882095566));
#3075=CARTESIAN_POINT('',(0.164872139170877,0.0116315270805791,-1.45237213917087));
#3076=CARTESIAN_POINT('',(0.164435468805888,0.0116862214436699,-1.45193546880589));
#3077=CARTESIAN_POINT('',(0.163573304382061,0.0116913493997899,-1.45107330438205));
#3078=CARTESIAN_POINT('',(0.163147990188066,0.011641401980529,-1.45064799018807));
#3079=CARTESIAN_POINT('',(0.162316503200216,0.0114423586503297,-1.44981650320021));
#3080=CARTESIAN_POINT('',(0.161910534967384,0.0112929650309922,-1.44941053496739));
#3081=CARTESIAN_POINT('',(0.161125401263082,0.0109015618138452,-1.44862540126308));
#3082=CARTESIAN_POINT('',(0.160746455102547,0.0106593414906273,-1.44824645510255));
#3083=CARTESIAN_POINT('',(0.160022578254731,0.0100902047930933,-1.44752257825473));
#3084=CARTESIAN_POINT('',(0.159677871052407,0.00976316529815507,-1.4471778710524));
#3085=CARTESIAN_POINT('',(0.159029091766281,0.00903363032947377,-1.44652909176628));
#3086=CARTESIAN_POINT('',(0.158725236573221,0.00863109669851695,-1.44622523657322));
#3087=CARTESIAN_POINT('',(0.158164048669649,0.00776103132207375,-1.44566404866964));
#3088=CARTESIAN_POINT('',(0.157906915773474,0.00729354042170698,-1.44540691577347));
#3089=CARTESIAN_POINT('',(0.157444198428211,0.00630509955141152,-1.44494419842821));
#3090=CARTESIAN_POINT('',(0.157238787014164,0.00578426025774283,-1.44473878701416));
#3091=CARTESIAN_POINT('',(0.156883563005847,0.00470157433233722,-1.44438356300585));
#3092=CARTESIAN_POINT('',(0.156733888221253,0.00413989610823968,-1.44423388822125));
#3093=CARTESIAN_POINT('',(0.156493117475369,0.00298870027832266,-1.44399311747537));
#3094=CARTESIAN_POINT('',(0.156402117339866,0.00239939423012859,-1.44390211733986));
#3095=CARTESIAN_POINT('',(0.156280534039764,0.00120660784053031,-1.44378053403976));
#3096=CARTESIAN_POINT('',(0.156250000000001,0.000603365736424447,-1.44375));
#3097=CARTESIAN_POINT('',(0.156250000000001,-0.000603365736423531,-1.44375));
#3098=CARTESIAN_POINT('',(0.156280534039764,-0.00120660784052918,-1.44378053403976));
#3099=CARTESIAN_POINT('',(0.156402117339866,-0.00239939423012737,-1.44390211733986));
#3100=CARTESIAN_POINT('',(0.15649311747537,-0.00298870027832184,-1.44399311747537));
#3101=CARTESIAN_POINT('',(0.156733888221252,-0.00413989610823834,-1.44423388822125));
#3102=CARTESIAN_POINT('',(0.15688356300585,-0.00470157433233559,-1.44438356300585));
#3103=CARTESIAN_POINT('',(0.157238787014161,-0.00578426025774205,-1.44473878701416));
#3104=CARTESIAN_POINT('',(0.157444198428207,-0.00630509955141163,-1.4449441984282));
#3105=CARTESIAN_POINT('',(0.157906915773478,-0.00729354042170468,-1.44540691577348));
#3106=CARTESIAN_POINT('',(0.158164048669639,-0.00776103132207311,-1.44566404866964));
#3107=CARTESIAN_POINT('',(0.158725236573231,-0.00863109669851527,-1.44622523657323));
#3108=CARTESIAN_POINT('',(0.159029091766284,-0.00903363032947339,-1.44652909176628));
#3109=CARTESIAN_POINT('',(0.159677871052404,-0.00976316529815331,-1.4471778710524));
#3110=CARTESIAN_POINT('',(0.160022578254729,-0.0100902047930926,-1.44752257825473));
#3111=CARTESIAN_POINT('',(0.160746455102549,-0.0106593414906258,-1.44824645510255));
#3112=CARTESIAN_POINT('',(0.161125401263082,-0.0109015618138438,-1.44862540126308));
#3113=CARTESIAN_POINT('',(0.161910534967384,-0.0112929650309915,-1.44941053496739));
#3114=CARTESIAN_POINT('',(0.162316503200216,-0.011442358650328,-1.44981650320021));
#3115=CARTESIAN_POINT('',(0.163147990188066,-0.0116414019805287,-1.45064799018807));
#3116=CARTESIAN_POINT('',(0.163573304382054,-0.011691349399791,-1.45107330438205));
#3117=CARTESIAN_POINT('',(0.164435468805895,-0.0116862214436667,-1.45193546880589));
#3118=CARTESIAN_POINT('',(0.164872139170871,-0.0116315270805809,-1.45237213917087));
#3119=CARTESIAN_POINT('',(0.165748820955668,-0.0114132700162017,-1.45324882095566));
#3120=CARTESIAN_POINT('',(0.166188686148419,-0.0112501652247649,-1.45368868614842));
#3121=CARTESIAN_POINT('',(0.167063518326729,-0.0108126504579158,-1.45456351832673));
#3122=CARTESIAN_POINT('',(0.167498380362174,-0.0105387665799444,-1.45499838036217));
#3123=CARTESIAN_POINT('',(0.168355048781944,-0.00987861409731286,-1.45585504878194));
#3124=CARTESIAN_POINT('',(0.168776797616671,-0.00949292924837056,-1.45627679761667));
#3125=CARTESIAN_POINT('',(0.170007655589955,-0.00817067777480908,-1.45750765558995));
#3126=CARTESIAN_POINT('',(0.170788061792963,-0.0070660690951792,-1.45828806179296));
#3127=CARTESIAN_POINT('',(0.171853062101681,-0.00507650318825568,-1.45935306210168));
#3128=CARTESIAN_POINT('',(0.1721892820587,-0.00436152288463191,-1.4596892820587));
#3129=CARTESIAN_POINT('',(0.172818906224438,-0.00282671092600456,-1.46031890622444));
#3130=CARTESIAN_POINT('',(0.173112470639801,-0.00200756971778305,-1.4606124706398));
#3131=CARTESIAN_POINT('',(0.17365044242737,-0.000268741141291552,-1.46115044242737));
#3132=CARTESIAN_POINT('',(0.173895063535469,0.000650260658075469,-1.46139506353547));
#3133=CARTESIAN_POINT('',(0.174329346515644,0.00258377370350992,-1.46182934651564));
#3134=CARTESIAN_POINT('',(0.174519272546985,0.00359761575062888,-1.46201927254699));
#3135=CARTESIAN_POINT('',(0.174838927561709,0.00571516000831511,-1.4623389275617));
#3136=CARTESIAN_POINT('',(0.174968966968378,0.00681821982403638,-1.46246896696837));
#3137=CARTESIAN_POINT('',(0.175164188489003,0.00910805240543025,-1.462664188489));
#3138=CARTESIAN_POINT('',(0.175229722284733,0.0102942187852535,-1.46272972228473));
#3139=CARTESIAN_POINT('',(0.175291852490599,0.0127437276913235,-1.4627918524906));
#3140=CARTESIAN_POINT('',(0.175288836196208,0.0140065077094271,-1.46278883619621));
#3141=CARTESIAN_POINT('',(0.175210359818861,0.0166024180818759,-1.46271035981885));
#3142=CARTESIAN_POINT('',(0.175135316559607,0.0179350362889899,-1.4626353165596));
#3143=CARTESIAN_POINT('',(0.17490983957867,0.0206636000746866,-1.46240983957867));
#3144=CARTESIAN_POINT('',(0.174759845866751,0.0220590889645087,-1.46225984586675));
#3145=CARTESIAN_POINT('',(0.174382061061473,0.0249062565662975,-1.46188206106147));
#3146=CARTESIAN_POINT('',(0.174154726730174,0.0263575378000593,-1.46165472673017));
#3147=CARTESIAN_POINT('',(0.17362036891648,0.0293091110517578,-1.46112036891648));
#3148=CARTESIAN_POINT('',(0.17331381256679,0.0308090672802348,-1.46081381256679));
#3149=CARTESIAN_POINT('',(0.172619606111074,0.0338508337167738,-1.46011960611107));
#3150=CARTESIAN_POINT('',(0.172232427300221,0.0353923711229564,-1.45973242730021));
#3151=CARTESIAN_POINT('',(0.171376028223173,0.0385102200204781,-1.45887602822317));
#3152=CARTESIAN_POINT('',(0.170907277478876,0.040086321927041,-1.45840727747887));
#3153=CARTESIAN_POINT('',(0.169887212165077,0.0432663429710309,-1.45738721216507));
#3154=CARTESIAN_POINT('',(0.169336359758673,0.0448701150199788,-1.45683635975867));
#3155=CARTESIAN_POINT('',(0.168151961987997,0.0480986807340043,-1.455651961988));
#3156=CARTESIAN_POINT('',(0.167518866250879,0.0497233882582459,-1.45501886625088));
#3157=CARTESIAN_POINT('',(0.166170213977757,0.0529872215064721,-1.45367021397775));
#3158=CARTESIAN_POINT('',(0.165455089804593,0.054626319782251,-1.45295508980459));
#3159=CARTESIAN_POINT('',(0.163942942839268,0.057912547760056,-1.45144294283926));
#3160=CARTESIAN_POINT('',(0.163146330891282,0.0595597058624786,-1.45064633089128));
#3161=CARTESIAN_POINT('',(0.161472070390745,0.0628559020272118,-1.44897207039074));
#3162=CARTESIAN_POINT('',(0.160594807395352,0.0645050210160291,-1.44809480739535));
#3163=CARTESIAN_POINT('',(0.15876037785151,0.0677992363969085,-1.44626037785151));
#3164=CARTESIAN_POINT('',(0.157803568292044,0.0694444625428318,-1.44530356829204));
#3165=CARTESIAN_POINT('',(0.155811422514099,0.0727252478185703,-1.44331142251409));
#3166=CARTESIAN_POINT('',(0.154776411914934,0.0743609815474798,-1.44227641191492));
#3167=CARTESIAN_POINT('',(0.152629459340317,0.0776174012029216,-1.44012945934033));
#3168=CARTESIAN_POINT('',(0.151517809278299,0.0792383023913546,-1.4390178092783));
#3169=CARTESIAN_POINT('',(0.149219367810998,0.0824599421691838,-1.436719367811));
#3170=CARTESIAN_POINT('',(0.148032832722743,0.0840609323737367,-1.43553283272274));
#3171=CARTESIAN_POINT('',(0.145586584186805,0.0872379011317844,-1.4330865841868));
#3172=CARTESIAN_POINT('',(0.144327089991752,0.0888141632806356,-1.43182708999176));
#3173=CARTESIAN_POINT('',(0.141737039199701,0.0919370902552426,-1.42923703919969));
#3174=CARTESIAN_POINT('',(0.140406663719735,0.0934840662745731,-1.42790666371973));
#3175=CARTESIAN_POINT('',(0.137677101086221,0.0965440946403484,-1.42517710108622));
#3176=CARTESIAN_POINT('',(0.136278056212672,0.0980574814338844,-1.42377805621267));
#3177=CARTESIAN_POINT('',(0.133413523792256,0.101046258943685,-1.42091352379226));
#3178=CARTESIAN_POINT('',(0.131948139328941,0.102522003091475,-1.41944813932893));
#3179=CARTESIAN_POINT('',(0.128953400118678,0.105431670478682,-1.41645340011868));
#3180=CARTESIAN_POINT('',(0.127424109213935,0.106865961972295,-1.41492410921393));
#3181=CARTESIAN_POINT('',(0.124304119536191,0.109689139704214,-1.41180411953619));
#3182=CARTESIAN_POINT('',(0.122713445606646,0.111078404990345,-1.41021344560664));
#3183=CARTESIAN_POINT('',(0.119473330371139,0.11380817887495,-1.40697333037114));
#3184=CARTESIAN_POINT('',(0.117823875413986,0.115149073438735,-1.40532387541398));
#3185=CARTESIAN_POINT('',(0.114468906049993,0.11777897950972,-1.40196890604999));
#3186=CARTESIAN_POINT('',(0.11276334023819,0.119068380192092,-1.40026334023819));
#3187=CARTESIAN_POINT('',(0.109298915085739,0.121592389228321,-1.39679891508573));
#3188=CARTESIAN_POINT('',(0.107539967540638,0.122827386439537,-1.39503996754063));
#3189=CARTESIAN_POINT('',(0.103971594491934,0.125239888413481,-1.39147159449193));
#3190=CARTESIAN_POINT('',(0.102162045130274,0.126417778376424,-1.38966204513028));
#3191=CARTESIAN_POINT('',(0.0984953263188152,0.128713567073667,-1.3859953263188));
#3192=CARTESIAN_POINT('',(0.0966379986746029,0.129831844205676,-1.3841379986746));
#3193=CARTESIAN_POINT('',(0.092878617017789,0.132006102211583,-1.38037861701779));
#3194=CARTESIAN_POINT('',(0.0909763719444239,0.13306245173251,-1.37847637194442));
#3195=CARTESIAN_POINT('',(0.0871300793559184,0.13511073594263,-1.37463007935592));
#3196=CARTESIAN_POINT('',(0.0851858095192654,0.136103026778736,-1.37268580951924));
#3197=CARTESIAN_POINT('',(0.0822383787936754,0.137542618801726,-1.36973837879368));
#3198=CARTESIAN_POINT('',(0.0812516293574645,0.138013947012766,-1.36875162935746));
#3199=CARTESIAN_POINT('',(0.0792687575162106,0.138939834763302,-1.36676875751621));
#3200=CARTESIAN_POINT('',(0.0782726018177616,0.139394435909936,-1.36577260181776));
#3201=CARTESIAN_POINT('',(0.076271287508392,0.14028665300748,-1.36377128750839));
#3202=CARTESIAN_POINT('',(0.0752660939020272,0.140724309441429,-1.36276609390203));
#3203=CARTESIAN_POINT('',(0.0732470749732657,0.141582430944445,-1.36074707497326));
#3204=CARTESIAN_POINT('',(0.0722332130135388,0.142002935305125,-1.35973321301354));
#3205=CARTESIAN_POINT('',(0.0701972296122991,0.142826556669555,-1.3576972296123));
#3206=CARTESIAN_POINT('',(0.0691750699530341,0.143229711709147,-1.35667506995304));
#3207=CARTESIAN_POINT('',(0.0671228643298376,0.144018448445638,-1.35462286432982));
#3208=CARTESIAN_POINT('',(0.0660927786303992,0.144404066861284,-1.35359277863039));
#3209=CARTESIAN_POINT('',(0.0640250949586142,0.145157554206809,-1.35152509495862));
#3210=CARTESIAN_POINT('',(0.0629874557968677,0.145525458480002,-1.35048745579687));
#3211=CARTESIAN_POINT('',(0.0609050400051428,0.146243351084,-1.34840504000514));
#3212=CARTESIAN_POINT('',(0.0598602207967142,0.146593373327309,-1.34736022079672));
#3213=CARTESIAN_POINT('',(0.0577638204133679,0.147275344952456,-1.34526382041335));
#3214=CARTESIAN_POINT('',(0.0567121953368151,0.147607326763611,-1.34421219533681));
#3215=CARTESIAN_POINT('',(0.0546025593456271,0.148253070001517,-1.34210255934563));
#3216=CARTESIAN_POINT('',(0.0535445032729985,0.148566862324908,-1.34104450327299));
#3217=CARTESIAN_POINT('',(0.0514223819795986,0.149176088326663,-1.3389223819796));
#3218=CARTESIAN_POINT('',(0.0503582704120855,0.149471551322366,-1.33785827041208));
#3219=CARTESIAN_POINT('',(0.0482244153199781,0.15004398954401,-1.33572441531998));
#3220=CARTESIAN_POINT('',(0.047154624328294,0.15032099246429,-1.33465462432829));
#3221=CARTESIAN_POINT('',(0.0450097880240021,0.150856390427455,-1.332509788024));
#3222=CARTESIAN_POINT('',(0.0439346941930788,0.151114811500805,-1.33143469419308));
#3223=CARTESIAN_POINT('',(0.0417796302395711,0.151612934568256,-1.32927963023957));
#3224=CARTESIAN_POINT('',(0.0406996106172529,0.151852660890945,-1.32819961061725));
#3225=CARTESIAN_POINT('',(0.0385350734551012,0.152313292057412,-1.3260350734551));
#3226=CARTESIAN_POINT('',(0.0374505055045071,0.152534219492691,-1.32495050550451));
#3227=CARTESIAN_POINT('',(0.0352772503600036,0.152957159190342,-1.32277725035999));
#3228=CARTESIAN_POINT('',(0.0341885119152631,0.15315919227498,-1.32168851191527));
#3229=CARTESIAN_POINT('',(0.032007294714992,0.153544258194822,-1.31950729471498));
#3230=CARTESIAN_POINT('',(0.0309147639400104,0.153727310053242,-1.31841476394001));
#3231=CARTESIAN_POINT('',(0.0287263412311849,0.154074336980596,-1.31622634123118));
#3232=CARTESIAN_POINT('',(0.0276303965811756,0.154238329246652,-1.31513039658116));
#3233=CARTESIAN_POINT('',(0.0254355254572558,0.154547168912372,-1.31293552545726));
#3234=CARTESIAN_POINT('',(0.0243365456427562,0.154692031658746,-1.31183654564274));
#3235=CARTESIAN_POINT('',(0.0221359836736941,0.154962552604618,-1.3096359836737));
#3236=CARTESIAN_POINT('',(0.021034347626761,0.155088224279263,-1.30853434762676));
#3237=CARTESIAN_POINT('',(0.0193801020702706,0.15526230296892,-1.30688010207027));
#3238=CARTESIAN_POINT('',(0.0188284403523943,0.155317920173213,-1.30632844035239));
#3239=CARTESIAN_POINT('',(0.0177246019125193,0.155424336605734,-1.30522460191252));
#3240=CARTESIAN_POINT('',(0.0171724183614725,0.155475137163927,-1.30467241836147));
#3241=CARTESIAN_POINT('',(0.015515270268055,0.155620294908236,-1.30301527026805));
#3242=CARTESIAN_POINT('',(0.014409459281051,0.155707433013877,-1.30190945928105));
#3243=CARTESIAN_POINT('',(0.00887841116970877,0.156094672577598,-1.29637841116971));
#3244=CARTESIAN_POINT('',(0.00443831793851503,0.156249999999993,-1.29193831793851));
#3245=CARTESIAN_POINT('',(6.2880282639858E-16,0.156250000000001,-1.2875));
#3246=CARTESIAN_POINT('',(4.69984067784748E-16,-0.156249999999999,-1.2875));
#3247=CARTESIAN_POINT('',(0.00632000112261197,-0.156249999999999,-1.29005663475834));
#3248=CARTESIAN_POINT('',(0.012640001086151,-0.156187238148156,-1.29261326904779));
#3249=CARTESIAN_POINT('',(0.0205304862396693,-0.156030428003033,-1.29580521288012));
#3250=CARTESIAN_POINT('',(0.0221081075685898,-0.155995148820358,-1.29644340921059));
#3251=CARTESIAN_POINT('',(0.0244736478107976,-0.155936358300793,-1.29740034296553));
#3252=CARTESIAN_POINT('',(0.0252620126039808,-0.155915782845817,-1.29771926076213));
#3253=CARTESIAN_POINT('',(0.0268384152589513,-0.155872675480492,-1.29835696410152));
#3254=CARTESIAN_POINT('',(0.0276264531248055,-0.155850143570031,-1.29867574964596));
#3255=CARTESIAN_POINT('',(0.0299900318215059,-0.155779614428073,-1.29963188989543));
#3256=CARTESIAN_POINT('',(0.0315650377564171,-0.155728683748839,-1.30026902821861));
#3257=CARTESIAN_POINT('',(0.0347133860296635,-0.155619007558278,-1.30154263188902));
#3258=CARTESIAN_POINT('',(0.0362867283750153,-0.155560262046705,-1.30217909723908));
#3259=CARTESIAN_POINT('',(0.0394315125295709,-0.155434965038356,-1.3034512591139));
#3260=CARTESIAN_POINT('',(0.0410029543457934,-0.155368413541301,-1.3040869556415));
#3261=CARTESIAN_POINT('',(0.0441437007887319,-0.155227514584434,-1.30535748413783));
#3262=CARTESIAN_POINT('',(0.0457130054224678,-0.155153167124308,-1.30599231610941));
#3263=CARTESIAN_POINT('',(0.0488492411689269,-0.154996687437788,-1.30726101989034));
#3264=CARTESIAN_POINT('',(0.0504161722886719,-0.154914555211044,-1.30789489170254));
#3265=CARTESIAN_POINT('',(0.0535474250330836,-0.154742518360136,-1.30916157970594));
#3266=CARTESIAN_POINT('',(0.0551117466647746,-0.154652613735586,-1.30979439589999));
#3267=CARTESIAN_POINT('',(0.0582375448519932,-0.154465045628407,-1.31105887736731));
#3268=CARTESIAN_POINT('',(0.0597990214145467,-0.154367382145356,-1.31169054264342));
#3269=CARTESIAN_POINT('',(0.0629188943108617,-0.154164311028973,-1.31295262714841));
#3270=CARTESIAN_POINT('',(0.0644772906516519,-0.154058903395183,-1.31358304638012));
#3271=CARTESIAN_POINT('',(0.0675907684156809,-0.15384035985136,-1.31484254385747));
#3272=CARTESIAN_POINT('',(0.0691458498459512,-0.153727223940832,-1.31547162210597));
#3273=CARTESIAN_POINT('',(0.0722524635993956,-0.153493240881422,-1.31672834288001));
#3274=CARTESIAN_POINT('',(0.0738039959296024,-0.153372393732009,-1.31735598540841));
#3275=CARTESIAN_POINT('',(0.0769032778278571,-0.153123006394,-1.31860974022162));
#3276=CARTESIAN_POINT('',(0.0784510274029396,-0.152994466204837,-1.31923585250928));
#3277=CARTESIAN_POINT('',(0.0815425107055497,-0.152729712145045,-1.32048645255079));
#3278=CARTESIAN_POINT('',(0.0830862444401154,-0.152593498273813,-1.32111094030749));
#3279=CARTESIAN_POINT('',(0.0861694635810679,-0.152313417363226,-1.32235819724153));
#3280=CARTESIAN_POINT('',(0.0877089489944938,-0.152169550323232,-1.32298096642172));
#3281=CARTESIAN_POINT('',(0.0907834396523252,-0.151874184741005,-1.32422469241599));
#3282=CARTESIAN_POINT('',(0.0923184449037729,-0.151722686198095,-1.32484564923292));
#3283=CARTESIAN_POINT('',(0.0953837440714991,-0.151412080425199,-1.32608565698685));
#3284=CARTESIAN_POINT('',(0.096914037994823,-0.151252973194497,-1.32670470792671));
#3285=CARTESIAN_POINT('',(0.099969684049665,-0.150927174007018,-1.3279408106997));
#3286=CARTESIAN_POINT('',(0.101495036188229,-0.150760482049488,-1.32855786253569));
#3287=CARTESIAN_POINT('',(0.10454056896113,-0.150419538511586,-1.32978987417521));
#3288=CARTESIAN_POINT('',(0.106060749602515,-0.150245286930423,-1.3304048339816));
#3289=CARTESIAN_POINT('',(0.109095710447439,-0.14988925038694,-1.33163256895123));
#3290=CARTESIAN_POINT('',(0.110610490658032,-0.149707465423792,-1.33224534411732));
#3291=CARTESIAN_POINT('',(0.113634422521041,-0.149336389492522,-1.33346861752469));
#3292=CARTESIAN_POINT('',(0.115143574180514,-0.149147098523535,-1.33407911576881));
#3293=CARTESIAN_POINT('',(0.11815602166859,-0.14876103908715,-1.33529774339344));
#3294=CARTESIAN_POINT('',(0.119659317504254,-0.148564270618847,-1.3359058727768));
#3295=CARTESIAN_POINT('',(0.124160081678708,-0.147962793415291,-1.33772657025838));
#3296=CARTESIAN_POINT('',(0.127148426231182,-0.147546912320066,-1.33893544750452));
#3297=CARTESIAN_POINT('',(0.133098985514309,-0.146685608049627,-1.34134263168054));
#3298=CARTESIAN_POINT('',(0.136061200225354,-0.146240184877252,-1.34254093860249));
#3299=CARTESIAN_POINT('',(0.141957715497926,-0.145320064758603,-1.34492626031469));
#3300=CARTESIAN_POINT('',(0.144892016040166,-0.144845367815339,-1.34611327509715));
#3301=CARTESIAN_POINT('',(0.150730935461867,-0.143866986094437,-1.34847529751693));
#3302=CARTESIAN_POINT('',(0.153635554322378,-0.143363301319972,-1.34965030514659));
#3303=CARTESIAN_POINT('',(0.159413360746478,-0.14232724733738,-1.35198760547997));
#3304=CARTESIAN_POINT('',(0.162286548291471,-0.141794878132587,-1.35314989817616));
#3305=CARTESIAN_POINT('',(0.167999761383423,-0.140701775968488,-1.3554610685208));
#3306=CARTESIAN_POINT('',(0.170839786912161,-0.140141043012667,-1.35660994616188));
#3307=CARTESIAN_POINT('',(0.176484965246023,-0.138991551110931,-1.35889359435519));
#3308=CARTESIAN_POINT('',(0.179290118033325,-0.138402792168646,-1.36002836490021));
#3309=CARTESIAN_POINT('',(0.184863861164759,-0.137197602940214,-1.36228311535791));
#3310=CARTESIAN_POINT('',(0.187632451491475,-0.136581172657835,-1.36340309526354));
#3311=CARTESIAN_POINT('',(0.193131402006033,-0.135321012063637,-1.36562758980826));
#3312=CARTESIAN_POINT('',(0.195861762176878,-0.134677281755714,-1.36673210444048));
#3313=CARTESIAN_POINT('',(0.201282607712385,-0.133362908869371,-1.3689250031199));
#3314=CARTESIAN_POINT('',(0.20397309306049,-0.132692266294968,-1.37001338716039));
#3315=CARTESIAN_POINT('',(0.209312568302292,-0.131324472845565,-1.37217336905432));
#3316=CARTESIAN_POINT('',(0.211961558179885,-0.130627321974689,-1.37324496690125));
#3317=CARTESIAN_POINT('',(0.217216446827758,-0.129206931869856,-1.37537073091737));
#3318=CARTESIAN_POINT('',(0.219822345582391,-0.128483692640122,-1.37642489708025));
#3319=CARTESIAN_POINT('',(0.224989482287894,-0.127011561469747,-1.37851516273782));
#3320=CARTESIAN_POINT('',(0.227550720223602,-0.126262669533422,-1.37955126222638));
#3321=CARTESIAN_POINT('',(0.232626992496802,-0.124739684054279,-1.38160477042751));
#3322=CARTESIAN_POINT('',(0.235142026819621,-0.12396559051586,-1.38262217913415));
#3323=CARTESIAN_POINT('',(0.240124376903913,-0.122392668117454,-1.38463769292229));
#3324=CARTESIAN_POINT('',(0.24259169265121,-0.121593839261941,-1.38563579799806));
#3325=CARTESIAN_POINT('',(0.247477119365206,-0.119971927413914,-1.38761210330307));
#3326=CARTESIAN_POINT('',(0.249895230318236,-0.119148844425935,-1.38859030352679));
#3327=CARTESIAN_POINT('',(0.254680790863557,-0.11747892010734,-1.39052620989626));
#3328=CARTESIAN_POINT('',(0.257048240442703,-0.11663207878131,-1.39148391603669));
#3329=CARTESIAN_POINT('',(0.26173105217662,-0.114915147892114,-1.393378257353));
#3330=CARTESIAN_POINT('',(0.264046414318776,-0.114045058333578,-1.39431489252377));
#3331=CARTESIAN_POINT('',(0.268623656490609,-0.112282155088755,-1.39616652770655));
#3332=CARTESIAN_POINT('',(0.270885536508199,-0.111389341407124,-1.39708152771367));
#3333=CARTESIAN_POINT('',(0.27535445195841,-0.109581527713671,-1.39888934140712));
#3334=CARTESIAN_POINT('',(0.277561487379485,-0.108666527706522,-1.39978215508879));
#3335=CARTESIAN_POINT('',(0.281919384200524,-0.106814892523811,-1.40154505833354));
#3336=CARTESIAN_POINT('',(0.28407024558947,-0.10587825735293,-1.40241514789218));
#3337=CARTESIAN_POINT('',(0.288314498747235,-0.103983916036763,-1.40413207878124));
#3338=CARTESIAN_POINT('',(0.29040789050558,-0.103026209896151,-1.40497892010743));
#3339=CARTESIAN_POINT('',(0.294535943420679,-0.101090303526904,-1.40664884442584));
#3340=CARTESIAN_POINT('',(0.296570604567498,-0.100112103302927,-1.40747192741403));
#3341=CARTESIAN_POINT('',(0.300579970655216,-0.0981357979982112,-1.40909383926182));
#3342=CARTESIAN_POINT('',(0.302554675586711,-0.0971376929221048,-1.4098926681176));
#3343=CARTESIAN_POINT('',(0.306442939754842,-0.0951221791343404,-1.41146559051571));
#3344=CARTESIAN_POINT('',(0.308356498982598,-0.0941047704272765,-1.41223968405445));
#3345=CARTESIAN_POINT('',(0.312121319086201,-0.0920512622266076,-1.41376266953325));
#3346=CARTESIAN_POINT('',(0.313972579953694,-0.0910151627375486,-1.41451156146994));
#3347=CARTESIAN_POINT('',(0.317611688205905,-0.0889248970805274,-1.41598369263993));
#3348=CARTESIAN_POINT('',(0.319399535582809,-0.0878707309170575,-1.41670693187007));
#3349=CARTESIAN_POINT('',(0.322910739920908,-0.0857449669015675,-1.41812732197447));
#3350=CARTESIAN_POINT('',(0.324634096874804,-0.0846733690539625,-1.41882447284579));
#3351=CARTESIAN_POINT('',(0.328015282280595,-0.0825133871607547,-1.42019226629474));
#3352=CARTESIAN_POINT('',(0.329673110725689,-0.0814250031194897,-1.42086290886961));
#3353=CARTESIAN_POINT('',(0.332922240499521,-0.0792321044408917,-1.42217728175547));
#3354=CARTESIAN_POINT('',(0.334513541821946,-0.0781275898078125,-1.42282101206389));
#3355=CARTESIAN_POINT('',(0.337628658809534,-0.0759030952639944,-1.42408117265758));
#3356=CARTESIAN_POINT('',(0.339152474468872,-0.0747831153574127,-1.42469760294048));
#3357=CARTESIAN_POINT('',(0.342131702240233,-0.0725283649007107,-1.42590279216838));
#3358=CARTESIAN_POINT('',(0.3435871143469,-0.071393594354643,-1.4264915511112));
#3359=CARTESIAN_POINT('',(0.346428658326635,-0.0691099461624211,-1.42764104301239));
#3360=CARTESIAN_POINT('',(0.347814790194794,-0.0679610685202113,-1.42820177596877));
#3361=CARTESIAN_POINT('',(0.350516938743066,-0.0656498981767516,-1.42929487813231));
#3362=CARTESIAN_POINT('',(0.351832955418701,-0.0644876054793311,-1.42982724733766));
#3363=CARTESIAN_POINT('',(0.354394080862277,-0.0621503051472278,-1.43086330131969));
#3364=CARTESIAN_POINT('',(0.355639189626147,-0.0609752975162555,-1.43136698609472));
#3365=CARTESIAN_POINT('',(0.35926702904516,-0.0574322638886242,-1.43283455867523));
#3366=CARTESIAN_POINT('',(0.361542251021778,-0.0550462237670197,-1.43375495591496));
#3367=CARTESIAN_POINT('',(0.364735967254524,-0.0514354475052907,-1.43504691231979));
#3368=CARTESIAN_POINT('',(0.365764025323263,-0.0502265702575684,-1.43546279341556));
#3369=CARTESIAN_POINT('',(0.367746494184858,-0.0477989736170846,-1.43626476301976));
#3370=CARTESIAN_POINT('',(0.368700904975107,-0.046580254227527,-1.43665085152714));
#3371=CARTESIAN_POINT('',(0.370535504378024,-0.0441337074144917,-1.43739300338917));
#3372=CARTESIAN_POINT('',(0.3714156929884,-0.0429058799940886,-1.43774906674288));
#3373=CARTESIAN_POINT('',(0.373101317838578,-0.0404418567168165,-1.43843095381819));
#3374=CARTESIAN_POINT('',(0.373906754076359,-0.0392056608628979,-1.43875677753898));
#3375=CARTESIAN_POINT('',(0.375442389016426,-0.0367256453568718,-1.43937798908431));
#3376=CARTESIAN_POINT('',(0.376172587716942,-0.0354818257075981,-1.43967337690815));
#3377=CARTESIAN_POINT('',(0.377557307737821,-0.0329873118414232,-1.44023353872889));
#3378=CARTESIAN_POINT('',(0.378211829056674,-0.0317366176272446,-1.44049831272519));
#3379=CARTESIAN_POINT('',(0.379444800054822,-0.0292291080027949,-1.44099708740082));
#3380=CARTESIAN_POINT('',(0.380023249732828,-0.0279722925951431,-1.44123108807962));
#3381=CARTESIAN_POINT('',(0.38110372901263,-0.0254532976424506,-1.44166817516692));
#3382=CARTESIAN_POINT('',(0.381605758613332,-0.0241911180999346,-1.44187126157497));
#3383=CARTESIAN_POINT('',(0.382533095334462,-0.0216621551673658,-1.44224639778902));
#3384=CARTESIAN_POINT('',(0.382958402453994,-0.0203953717797499,-1.44241844759466));
#3385=CARTESIAN_POINT('',(0.38373203802351,-0.0178579642200048,-1.44273140696744));
#3386=CARTESIAN_POINT('',(0.384080366472761,-0.0165873400502388,-1.44287231653429));
#3387=CARTESIAN_POINT('',(0.384699834881512,-0.0140430163027483,-1.44312291055077));
#3388=CARTESIAN_POINT('',(0.384970974840447,-0.0127693167273246,-1.44323259500018));
#3389=CARTESIAN_POINT('',(0.385435902943842,-0.010219609397571,-1.44342067271191));
#3390=CARTESIAN_POINT('',(0.385629691087887,-0.00894360164549138,-1.44349906597406));
#3391=CARTESIAN_POINT('',(0.38593979883061,-0.00639004658182544,-1.44362451409005));
#3392=CARTESIAN_POINT('',(0.386056118429028,-0.0051124992724532,-1.44367156894378));
#3393=CARTESIAN_POINT('',(0.38621121901379,-0.0025566346409563,-1.44373431189878));
#3394=CARTESIAN_POINT('',(0.38625,-0.00127831732102395,-1.44375));
#3395=CARTESIAN_POINT('',(0.38625,0.00127831732102507,-1.44375));
#3396=CARTESIAN_POINT('',(0.38621121901379,0.0025566346409569,-1.44373431189878));
#3397=CARTESIAN_POINT('',(0.386056118429028,0.00511249927245374,-1.44367156894378));
#3398=CARTESIAN_POINT('',(0.38593979883061,0.00639004658182623,-1.44362451409005));
#3399=CARTESIAN_POINT('',(0.385629691087887,0.00894360164549214,-1.44349906597406));
#3400=CARTESIAN_POINT('',(0.385435902943839,0.0102196093975716,-1.44342067271191));
#3401=CARTESIAN_POINT('',(0.38497097484045,0.012769316727325,-1.44323259500018));
#3402=CARTESIAN_POINT('',(0.384699834881512,0.0140430163027492,-1.44312291055077));
#3403=CARTESIAN_POINT('',(0.384080366472761,0.0165873400502392,-1.44287231653429));
#3404=CARTESIAN_POINT('',(0.383732038023505,0.0178579642200056,-1.44273140696744));
#3405=CARTESIAN_POINT('',(0.382958402453999,0.02039537177975,-1.44241844759466));
#3406=CARTESIAN_POINT('',(0.382533095334462,0.0216621551673659,-1.44224639778902));
#3407=CARTESIAN_POINT('',(0.381605758613332,0.024191118099936,-1.44187126157497));
#3408=CARTESIAN_POINT('',(0.381103729012627,0.0254532976424515,-1.44166817516692));
#3409=CARTESIAN_POINT('',(0.380023249732831,0.0279722925951433,-1.44123108807962));
#3410=CARTESIAN_POINT('',(0.379444800054822,0.0292291080027958,-1.44099708740082));
#3411=CARTESIAN_POINT('',(0.378211829056674,0.031736617627245,-1.44049831272519));
#3412=CARTESIAN_POINT('',(0.377557307737822,0.0329873118414238,-1.44023353872889));
#3413=CARTESIAN_POINT('',(0.376172587716943,0.0354818257075987,-1.43967337690815));
#3414=CARTESIAN_POINT('',(0.375442389016427,0.0367256453568718,-1.43937798908431));
#3415=CARTESIAN_POINT('',(0.373906754076359,0.0392056608628985,-1.43875677753898));
#3416=CARTESIAN_POINT('',(0.373101317838578,0.0404418567168157,-1.43843095381819));
#3417=CARTESIAN_POINT('',(0.3714156929884,0.0429058799940907,-1.43774906674288));
#3418=CARTESIAN_POINT('',(0.37053550437803,0.0441337074144916,-1.43739300338917));
#3419=CARTESIAN_POINT('',(0.368700904975102,0.0465802542275288,-1.43665085152714));
#3420=CARTESIAN_POINT('',(0.367746494184861,0.0477989736170854,-1.43626476301976));
#3421=CARTESIAN_POINT('',(0.36576402532326,0.0502265702575688,-1.43546279341556));
#3422=CARTESIAN_POINT('',(0.364735967254527,0.0514354475052906,-1.43504691231979));
#3423=CARTESIAN_POINT('',(0.361542251021773,0.0550462237670224,-1.43375495591496));
#3424=CARTESIAN_POINT('',(0.359267029045166,0.0574322638886247,-1.43283455867523));
#3425=CARTESIAN_POINT('',(0.355639189626144,0.0609752975162559,-1.43136698609472));
#3426=CARTESIAN_POINT('',(0.354394080862274,0.0621503051472294,-1.43086330131969));
#3427=CARTESIAN_POINT('',(0.351832955418704,0.0644876054793306,-1.42982724733766));
#3428=CARTESIAN_POINT('',(0.350516938743069,0.0656498981767513,-1.42929487813231));
#3429=CARTESIAN_POINT('',(0.347814790194791,0.0679610685202133,-1.42820177596876));
#3430=CARTESIAN_POINT('',(0.346428658326636,0.0691099461624217,-1.42764104301239));
#3431=CARTESIAN_POINT('',(0.343587114346901,0.0713935943546436,-1.4264915511112));
#3432=CARTESIAN_POINT('',(0.342131702240233,0.072528364900711,-1.42590279216838));
#3433=CARTESIAN_POINT('',(0.339152474468872,0.0747831153574141,-1.42469760294048));
#3434=CARTESIAN_POINT('',(0.337628658809534,0.0759030952639958,-1.42408117265758));
#3435=CARTESIAN_POINT('',(0.334513541821946,0.0781275898078124,-1.42282101206389));
#3436=CARTESIAN_POINT('',(0.332922240499519,0.0792321044408917,-1.42217728175547));
#3437=CARTESIAN_POINT('',(0.329673110725693,0.0814250031194906,-1.42086290886961));
#3438=CARTESIAN_POINT('',(0.328015282280595,0.0825133871607551,-1.42019226629474));
#3439=CARTESIAN_POINT('',(0.324634096874805,0.0846733690539634,-1.41882447284579));
#3440=CARTESIAN_POINT('',(0.322910739920908,0.0857449669015679,-1.41812732197447));
#3441=CARTESIAN_POINT('',(0.319399535582809,0.0878707309170585,-1.41670693187007));
#3442=CARTESIAN_POINT('',(0.317611688205908,0.0889248970805308,-1.41598369263993));
#3443=CARTESIAN_POINT('',(0.313972579953691,0.0910151627375465,-1.41451156146994));
#3444=CARTESIAN_POINT('',(0.312121319086198,0.0920512622266074,-1.41376266953325));
#3445=CARTESIAN_POINT('',(0.308356498982602,0.0941047704272784,-1.41223968405445));
#3446=CARTESIAN_POINT('',(0.306442939754841,0.0951221791343413,-1.41146559051571));
#3447=CARTESIAN_POINT('',(0.302554675586713,0.0971376929221051,-1.4098926681176));
#3448=CARTESIAN_POINT('',(0.300579970655217,0.0981357979982128,-1.40909383926182));
#3449=CARTESIAN_POINT('',(0.296570604567499,0.100112103302927,-1.40747192741404));
#3450=CARTESIAN_POINT('',(0.29453594342068,0.101090303526904,-1.40664884442584));
#3451=CARTESIAN_POINT('',(0.290407890505581,0.103026209896152,-1.40497892010743));
#3452=CARTESIAN_POINT('',(0.288314498747239,0.103983916036763,-1.40413207878124));
#3453=CARTESIAN_POINT('',(0.284070245589467,0.105878257352931,-1.40241514789218));
#3454=CARTESIAN_POINT('',(0.281919384200521,0.106814892523812,-1.40154505833354));
#3455=CARTESIAN_POINT('',(0.277561487379488,0.108666527706522,-1.39978215508879));
#3456=CARTESIAN_POINT('',(0.275354451958411,0.109581527713674,-1.39888934140712));
#3457=CARTESIAN_POINT('',(0.270885536508197,0.111389341407123,-1.39708152771367));
#3458=CARTESIAN_POINT('',(0.268623656490609,0.112282155088757,-1.39616652770655));
#3459=CARTESIAN_POINT('',(0.264046414318776,0.114045058333577,-1.39431489252378));
#3460=CARTESIAN_POINT('',(0.261731052176624,0.114915147892116,-1.393378257353));
#3461=CARTESIAN_POINT('',(0.257048240442697,0.116632078781311,-1.39148391603669));
#3462=CARTESIAN_POINT('',(0.254680790863557,0.117478920107341,-1.39052620989626));
#3463=CARTESIAN_POINT('',(0.249895230318236,0.119148844425937,-1.38859030352679));
#3464=CARTESIAN_POINT('',(0.247477119365206,0.119971927413914,-1.38761210330307));
#3465=CARTESIAN_POINT('',(0.242591692651211,0.121593839261942,-1.38563579799806));
#3466=CARTESIAN_POINT('',(0.240124376903909,0.122392668117456,-1.38463769292229));
#3467=CARTESIAN_POINT('',(0.235142026819624,0.123965590515861,-1.38262217913415));
#3468=CARTESIAN_POINT('',(0.232626992496803,0.124739684054278,-1.38160477042751));
#3469=CARTESIAN_POINT('',(0.227550720223603,0.126262669533424,-1.37955126222637));
#3470=CARTESIAN_POINT('',(0.224989482287894,0.127011561469747,-1.37851516273782));
#3471=CARTESIAN_POINT('',(0.219822345582391,0.128483692640124,-1.37642489708025));
#3472=CARTESIAN_POINT('',(0.217216446827758,0.129206931869856,-1.37537073091738));
#3473=CARTESIAN_POINT('',(0.211961558179886,0.13062732197469,-1.37324496690125));
#3474=CARTESIAN_POINT('',(0.209312568302294,0.131324472845565,-1.37217336905432));
#3475=CARTESIAN_POINT('',(0.203973093060488,0.13269226629497,-1.37001338716039));
#3476=CARTESIAN_POINT('',(0.201282607712387,0.133362908869372,-1.3689250031199));
#3477=CARTESIAN_POINT('',(0.195861762176879,0.134677281755713,-1.36673210444048));
#3478=CARTESIAN_POINT('',(0.193131402006032,0.135321012063638,-1.36562758980826));
#3479=CARTESIAN_POINT('',(0.187632451491475,0.136581172657836,-1.36340309526354));
#3480=CARTESIAN_POINT('',(0.184863861164762,0.137197602940215,-1.36228311535791));
#3481=CARTESIAN_POINT('',(0.179290118033325,0.138402792168647,-1.36002836490021));
#3482=CARTESIAN_POINT('',(0.176484965246024,0.138991551110932,-1.35889359435519));
#3483=CARTESIAN_POINT('',(0.170839786912159,0.140141043012668,-1.35660994616187));
#3484=CARTESIAN_POINT('',(0.167999761383423,0.140701775968489,-1.3554610685208));
#3485=CARTESIAN_POINT('',(0.162286548291472,0.141794878132588,-1.35314989817616));
#3486=CARTESIAN_POINT('',(0.159413360746477,0.142327247337382,-1.35198760547996));
#3487=CARTESIAN_POINT('',(0.153635554322377,0.143363301319973,-1.34965030514659));
#3488=CARTESIAN_POINT('',(0.150730935461868,0.143866986094438,-1.34847529751693));
#3489=CARTESIAN_POINT('',(0.144892016040166,0.14484536781534,-1.34611327509715));
#3490=CARTESIAN_POINT('',(0.141957715497925,0.145320064758604,-1.34492626031469));
#3491=CARTESIAN_POINT('',(0.136061200225353,0.146240184877253,-1.34254093860249));
#3492=CARTESIAN_POINT('',(0.13309898551431,0.146685608049628,-1.34134263168054));
#3493=CARTESIAN_POINT('',(0.127148426231183,0.147546912320067,-1.33893544750452));
#3494=CARTESIAN_POINT('',(0.124160081678707,0.147962793415292,-1.33772657025838));
#3495=CARTESIAN_POINT('',(0.119659317504254,0.148564270618848,-1.3359058727768));
#3496=CARTESIAN_POINT('',(0.11815602166859,0.148761039087151,-1.33529774339344));
#3497=CARTESIAN_POINT('',(0.115143574180514,0.149147098523536,-1.33407911576881));
#3498=CARTESIAN_POINT('',(0.113634422521042,0.149336389492523,-1.33346861752469));
#3499=CARTESIAN_POINT('',(0.110610490658034,0.149707465423793,-1.33224534411733));
#3500=CARTESIAN_POINT('',(0.109095710447438,0.149889250386941,-1.33163256895123));
#3501=CARTESIAN_POINT('',(0.106060749602516,0.150245286930424,-1.3304048339816));
#3502=CARTESIAN_POINT('',(0.104540568961129,0.150419538511587,-1.32978987417521));
#3503=CARTESIAN_POINT('',(0.10149503618823,0.150760482049489,-1.32855786253569));
#3504=CARTESIAN_POINT('',(0.099969684049665,0.150927174007019,-1.3279408106997));
#3505=CARTESIAN_POINT('',(0.0969140379948235,0.151252973194499,-1.32670470792671));
#3506=CARTESIAN_POINT('',(0.0953837440715002,0.1514120804252,-1.32608565698685));
#3507=CARTESIAN_POINT('',(0.0923184449037742,0.151722686198096,-1.32484564923292));
#3508=CARTESIAN_POINT('',(0.0907834396523259,0.151874184741006,-1.32422469241599));
#3509=CARTESIAN_POINT('',(0.0877089489944934,0.152169550323233,-1.32298096642172));
#3510=CARTESIAN_POINT('',(0.0861694635810672,0.152313417363227,-1.32235819724153));
#3511=CARTESIAN_POINT('',(0.0830862444401148,0.152593498273814,-1.32111094030749));
#3512=CARTESIAN_POINT('',(0.0815425107055494,0.152729712145046,-1.32048645255079));
#3513=CARTESIAN_POINT('',(0.0784510274029396,0.152994466204838,-1.31923585250928));
#3514=CARTESIAN_POINT('',(0.0769032778278578,0.153123006394001,-1.31860974022162));
#3515=CARTESIAN_POINT('',(0.0738039959296033,0.15337239373201,-1.31735598540841));
#3516=CARTESIAN_POINT('',(0.0722524635993958,0.153493240881423,-1.31672834288001));
#3517=CARTESIAN_POINT('',(0.0691458498459511,0.153727223940833,-1.31547162210597));
#3518=CARTESIAN_POINT('',(0.0675907684156805,0.153840359851361,-1.31484254385747));
#3519=CARTESIAN_POINT('',(0.0644772906516515,0.154058903395185,-1.31358304638012));
#3520=CARTESIAN_POINT('',(0.0629188943108621,0.154164311028974,-1.31295262714841));
#3521=CARTESIAN_POINT('',(0.0597990214145463,0.154367382145357,-1.31169054264342));
#3522=CARTESIAN_POINT('',(0.0582375448519941,0.154465045628408,-1.31105887736731));
#3523=CARTESIAN_POINT('',(0.0551117466647759,0.154652613735587,-1.30979439589999));
#3524=CARTESIAN_POINT('',(0.053547425033083,0.154742518360137,-1.30916157970594));
#3525=CARTESIAN_POINT('',(0.0504161722886717,0.154914555211045,-1.30789489170254));
#3526=CARTESIAN_POINT('',(0.048849241168926,0.154996687437789,-1.30726101989034));
#3527=CARTESIAN_POINT('',(0.0457130054224673,0.155153167124309,-1.30599231610941));
#3528=CARTESIAN_POINT('',(0.0441437007887316,0.155227514584435,-1.30535748413783));
#3529=CARTESIAN_POINT('',(0.0410029543457931,0.155368413541302,-1.3040869556415));
#3530=CARTESIAN_POINT('',(0.0394315125295701,0.155434965038357,-1.3034512591139));
#3531=CARTESIAN_POINT('',(0.0362867283750144,0.155560262046706,-1.30217909723908));
#3532=CARTESIAN_POINT('',(0.0347133860296629,0.155619007558279,-1.30154263188902));
#3533=CARTESIAN_POINT('',(0.0315650377564168,0.15572868374884,-1.30026902821861));
#3534=CARTESIAN_POINT('',(0.0299900318215047,0.155779614428074,-1.29963188989543));
#3535=CARTESIAN_POINT('',(0.0276264531248043,0.155850143570032,-1.29867574964595));
#3536=CARTESIAN_POINT('',(0.0268384152589521,0.155872675480493,-1.29835696410152));
#3537=CARTESIAN_POINT('',(0.0252620126039816,0.155915782845818,-1.29771926076213));
#3538=CARTESIAN_POINT('',(0.0244736478107974,0.155936358300794,-1.29740034296553));
#3539=CARTESIAN_POINT('',(0.0221081075685898,0.155995148820359,-1.29644340921059));
#3540=CARTESIAN_POINT('',(0.0205304862396701,0.156030428003034,-1.29580521288012));
#3541=CARTESIAN_POINT('',(0.0126400010861517,0.156187238148158,-1.29261326904779));
#3542=CARTESIAN_POINT('',(0.00632000112261333,0.156250000000001,-1.29005663475834));
#3543=CARTESIAN_POINT('',(6.43098035322237E-16,0.156250000000001,-1.2875));
#3544=CARTESIAN_POINT('',(4.22682085167682E-16,-0.156249999999999,-1.2875));
#3545=CARTESIAN_POINT('',(0.00632000112262642,-0.156249999999999,-1.28494336524165));
#3546=CARTESIAN_POINT('',(0.0126400010861316,-0.156187238148157,-1.28238673095221));
#3547=CARTESIAN_POINT('',(0.0205304862396741,-0.156030428003033,-1.27919478711987));
#3548=CARTESIAN_POINT('',(0.0221081075685947,-0.155995148820358,-1.2785565907894));
#3549=CARTESIAN_POINT('',(0.024473647810795,-0.155936358300793,-1.27759965703447));
#3550=CARTESIAN_POINT('',(0.0252620126039833,-0.155915782845817,-1.27728073923787));
#3551=CARTESIAN_POINT('',(0.0268384152589488,-0.155872675480492,-1.27664303589848));
#3552=CARTESIAN_POINT('',(0.0276264531248031,-0.155850143570031,-1.27632425035404));
#3553=CARTESIAN_POINT('',(0.0299900318215105,-0.155779614428073,-1.27536811010457));
#3554=CARTESIAN_POINT('',(0.0315650377564173,-0.155728683748839,-1.27473097178138));
#3555=CARTESIAN_POINT('',(0.0347133860296635,-0.155619007558278,-1.27345736811098));
#3556=CARTESIAN_POINT('',(0.0362867283750154,-0.155560262046705,-1.27282090276091));
#3557=CARTESIAN_POINT('',(0.0394315125295709,-0.155434965038356,-1.27154874088609));
#3558=CARTESIAN_POINT('',(0.0410029543457884,-0.155368413541301,-1.2709130443585));
#3559=CARTESIAN_POINT('',(0.0441437007887366,-0.155227514584434,-1.26964251586216));
#3560=CARTESIAN_POINT('',(0.0457130054224677,-0.155153167124308,-1.26900768389059));
#3561=CARTESIAN_POINT('',(0.0488492411689267,-0.154996687437788,-1.26773898010966));
#3562=CARTESIAN_POINT('',(0.0504161722886721,-0.154914555211044,-1.26710510829746));
#3563=CARTESIAN_POINT('',(0.0535474250330839,-0.154742518360136,-1.26583842029406));
#3564=CARTESIAN_POINT('',(0.0551117466647744,-0.154652613735586,-1.26520560410001));
#3565=CARTESIAN_POINT('',(0.0582375448519931,-0.154465045628407,-1.26394112263269));
#3566=CARTESIAN_POINT('',(0.0597990214145461,-0.154367382145356,-1.26330945735657));
#3567=CARTESIAN_POINT('',(0.0629188943108621,-0.154164311028973,-1.26204737285159));
#3568=CARTESIAN_POINT('',(0.064477290651652,-0.154058903395183,-1.26141695361988));
#3569=CARTESIAN_POINT('',(0.0675907684156805,-0.15384035985136,-1.26015745614252));
#3570=CARTESIAN_POINT('',(0.0691458498459464,-0.153727223940833,-1.25952837789403));
#3571=CARTESIAN_POINT('',(0.0722524635994008,-0.153493240881421,-1.25827165711998));
#3572=CARTESIAN_POINT('',(0.0738039959296118,-0.153372393732008,-1.25764401459158));
#3573=CARTESIAN_POINT('',(0.0769032778278477,-0.153123006394,-1.25639025977838));
#3574=CARTESIAN_POINT('',(0.0784510274029393,-0.152994466204837,-1.25576414749072));
#3575=CARTESIAN_POINT('',(0.0815425107055503,-0.152729712145045,-1.25451354744921));
#3576=CARTESIAN_POINT('',(0.0830862444401156,-0.152593498273813,-1.25388905969251));
#3577=CARTESIAN_POINT('',(0.086169463581068,-0.152313417363226,-1.25264180275847));
#3578=CARTESIAN_POINT('',(0.0877089489944939,-0.152169550323232,-1.25201903357828));
#3579=CARTESIAN_POINT('',(0.0907834396523253,-0.151874184741005,-1.25077530758401));
#3580=CARTESIAN_POINT('',(0.0923184449037683,-0.151722686198096,-1.25015435076708));
#3581=CARTESIAN_POINT('',(0.0953837440715041,-0.151412080425198,-1.24891434301314));
#3582=CARTESIAN_POINT('',(0.096914037994833,-0.151252973194496,-1.24829529207329));
#3583=CARTESIAN_POINT('',(0.0999696840496551,-0.150927174007019,-1.2470591893003));
#3584=CARTESIAN_POINT('',(0.101495036188234,-0.150760482049488,-1.24644213746431));
#3585=CARTESIAN_POINT('',(0.104540568961125,-0.150419538511586,-1.24521012582479));
#3586=CARTESIAN_POINT('',(0.106060749602515,-0.150245286930423,-1.2445951660184));
#3587=CARTESIAN_POINT('',(0.109095710447439,-0.14988925038694,-1.24336743104877));
#3588=CARTESIAN_POINT('',(0.110610490658032,-0.149707465423792,-1.24275465588267));
#3589=CARTESIAN_POINT('',(0.113634422521041,-0.149336389492522,-1.24153138247531));
#3590=CARTESIAN_POINT('',(0.115143574180518,-0.149147098523534,-1.24092088423118));
#3591=CARTESIAN_POINT('',(0.118156021668586,-0.14876103908715,-1.23970225660656));
#3592=CARTESIAN_POINT('',(0.119659317504259,-0.148564270618846,-1.23909412722319));
#3593=CARTESIAN_POINT('',(0.124160081678698,-0.147962793415292,-1.23727342974163));
#3594=CARTESIAN_POINT('',(0.127148426231165,-0.147546912320068,-1.23606455249548));
#3595=CARTESIAN_POINT('',(0.133098985514326,-0.146685608049625,-1.23365736831945));
#3596=CARTESIAN_POINT('',(0.136061200225365,-0.14624018487725,-1.23245906139751));
#3597=CARTESIAN_POINT('',(0.141957715497915,-0.145320064758605,-1.23007373968531));
#3598=CARTESIAN_POINT('',(0.144892016040175,-0.144845367815338,-1.22888672490284));
#3599=CARTESIAN_POINT('',(0.150730935461859,-0.143866986094438,-1.22652470248307));
#3600=CARTESIAN_POINT('',(0.153635554322368,-0.143363301319974,-1.22534969485341));
#3601=CARTESIAN_POINT('',(0.159413360746487,-0.142327247337379,-1.22301239452003));
#3602=CARTESIAN_POINT('',(0.16228654829148,-0.141794878132586,-1.22185010182383));
#3603=CARTESIAN_POINT('',(0.167999761383415,-0.14070177596849,-1.2195389314792));
#3604=CARTESIAN_POINT('',(0.170839786912166,-0.140141043012665,-1.21839005383812));
#3605=CARTESIAN_POINT('',(0.176484965246019,-0.138991551110933,-1.21610640564481));
#3606=CARTESIAN_POINT('',(0.179290118033324,-0.138402792168646,-1.21497163509979));
#3607=CARTESIAN_POINT('',(0.184863861164761,-0.137197602940214,-1.21271688464209));
#3608=CARTESIAN_POINT('',(0.187632451491492,-0.136581172657831,-1.21159690473645));
#3609=CARTESIAN_POINT('',(0.193131402006017,-0.13532101206364,-1.20937241019174));
#3610=CARTESIAN_POINT('',(0.195861762176886,-0.134677281755711,-1.20826789555951));
#3611=CARTESIAN_POINT('',(0.201282607712378,-0.133362908869373,-1.2060749968801));
#3612=CARTESIAN_POINT('',(0.203973093060481,-0.13269226629497,-1.20498661283961));
#3613=CARTESIAN_POINT('',(0.209312568302302,-0.131324472845563,-1.20282663094567));
#3614=CARTESIAN_POINT('',(0.211961558179895,-0.130627321974687,-1.20175503309875));
#3615=CARTESIAN_POINT('',(0.217216446827749,-0.129206931869858,-1.19962926908263));
#3616=CARTESIAN_POINT('',(0.219822345582387,-0.128483692640124,-1.19857510291975));
#3617=CARTESIAN_POINT('',(0.2249894822879,-0.127011561469745,-1.19648483726217));
#3618=CARTESIAN_POINT('',(0.227550720223612,-0.12626266953342,-1.19544873777362));
#3619=CARTESIAN_POINT('',(0.232626992496794,-0.124739684054281,-1.19339522957249));
#3620=CARTESIAN_POINT('',(0.235142026819622,-0.12396559051586,-1.19237782086585));
#3621=CARTESIAN_POINT('',(0.240124376903914,-0.122392668117453,-1.1903623070777));
#3622=CARTESIAN_POINT('',(0.242591692651209,-0.121593839261942,-1.18936420200194));
#3623=CARTESIAN_POINT('',(0.247477119365208,-0.119971927413913,-1.18738789669692));
#3624=CARTESIAN_POINT('',(0.249895230318236,-0.119148844425936,-1.1864096964732));
#3625=CARTESIAN_POINT('',(0.254680790863557,-0.11747892010734,-1.18447379010374));
#3626=CARTESIAN_POINT('',(0.257048240442706,-0.116632078781307,-1.1835160839633));
#3627=CARTESIAN_POINT('',(0.261731052176616,-0.114915147892116,-1.181621742647));
#3628=CARTESIAN_POINT('',(0.264046414318782,-0.114045058333575,-1.18068510747622));
#3629=CARTESIAN_POINT('',(0.268623656490604,-0.112282155088757,-1.17883347229344));
#3630=CARTESIAN_POINT('',(0.2708855365082,-0.111389341407121,-1.17791847228632));
#3631=CARTESIAN_POINT('',(0.27535445195841,-0.109581527713674,-1.17611065859288));
#3632=CARTESIAN_POINT('',(0.277561487379478,-0.108666527706525,-1.17521784491121));
#3633=CARTESIAN_POINT('',(0.281919384200531,-0.106814892523808,-1.17345494166645));
#3634=CARTESIAN_POINT('',(0.28407024558948,-0.105878257352927,-1.17258485210781));
#3635=CARTESIAN_POINT('',(0.288314498747227,-0.103983916036766,-1.17086792121876));
#3636=CARTESIAN_POINT('',(0.29040789050558,-0.103026209896151,-1.17002107989256));
#3637=CARTESIAN_POINT('',(0.294535943420681,-0.101090303526903,-1.16835115557416));
#3638=CARTESIAN_POINT('',(0.296570604567498,-0.100112103302928,-1.16752807258596));
#3639=CARTESIAN_POINT('',(0.300579970655218,-0.0981357979982104,-1.16590616073818));
#3640=CARTESIAN_POINT('',(0.30255467558671,-0.0971376929221068,-1.1651073318824));
#3641=CARTESIAN_POINT('',(0.306442939754845,-0.0951221791343384,-1.16353440948428));
#3642=CARTESIAN_POINT('',(0.308356498982597,-0.0941047704272817,-1.16276031594555));
#3643=CARTESIAN_POINT('',(0.312121319086202,-0.092051262226603,-1.16123733046674));
#3644=CARTESIAN_POINT('',(0.313972579953686,-0.091015162737549,-1.16048843853006));
#3645=CARTESIAN_POINT('',(0.317611688205913,-0.0889248970805269,-1.15901630736007));
#3646=CARTESIAN_POINT('',(0.319399535582807,-0.0878707309170592,-1.15829306812993));
#3647=CARTESIAN_POINT('',(0.322910739920911,-0.0857449669015655,-1.15687267802552));
#3648=CARTESIAN_POINT('',(0.324634096874807,-0.0846733690539624,-1.1561755271542));
#3649=CARTESIAN_POINT('',(0.328015282280593,-0.0825133871607545,-1.15480773370526));
#3650=CARTESIAN_POINT('',(0.329673110725688,-0.0814250031194915,-1.15413709113038));
#3651=CARTESIAN_POINT('',(0.332922240499524,-0.0792321044408894,-1.15282271824453));
#3652=CARTESIAN_POINT('',(0.334513541821954,-0.0781275898078089,-1.1521789879361));
#3653=CARTESIAN_POINT('',(0.337628658809527,-0.0759030952639976,-1.15091882734242));
#3654=CARTESIAN_POINT('',(0.339152474468872,-0.074783115357412,-1.15030239705952));
#3655=CARTESIAN_POINT('',(0.342131702240233,-0.0725283649007114,-1.14909720783162));
#3656=CARTESIAN_POINT('',(0.343587114346905,-0.0713935943546387,-1.14850844888879));
#3657=CARTESIAN_POINT('',(0.346428658326632,-0.0691099461624249,-1.14735895698761));
#3658=CARTESIAN_POINT('',(0.347814790194794,-0.0679610685202117,-1.14679822403123));
#3659=CARTESIAN_POINT('',(0.350516938743067,-0.0656498981767507,-1.14570512186769));
#3660=CARTESIAN_POINT('',(0.351832955418705,-0.0644876054793291,-1.14517275266233));
#3661=CARTESIAN_POINT('',(0.354394080862273,-0.0621503051472294,-1.14413669868031));
#3662=CARTESIAN_POINT('',(0.355639189626148,-0.0609752975162541,-1.14363301390528));
#3663=CARTESIAN_POINT('',(0.359267029045159,-0.0574322638886262,-1.14216544132477));
#3664=CARTESIAN_POINT('',(0.36154225102178,-0.0550462237670218,-1.14124504408504));
#3665=CARTESIAN_POINT('',(0.364735967254524,-0.0514354475052902,-1.13995308768021));
#3666=CARTESIAN_POINT('',(0.365764025323263,-0.0502265702575674,-1.13953720658444));
#3667=CARTESIAN_POINT('',(0.367746494184859,-0.0477989736170853,-1.13873523698023));
#3668=CARTESIAN_POINT('',(0.368700904975103,-0.04658025422753,-1.13834914847285));
#3669=CARTESIAN_POINT('',(0.37053550437803,-0.0441337074144886,-1.13760699661083));
#3670=CARTESIAN_POINT('',(0.3714156929884,-0.0429058799940899,-1.13725093325712));
#3671=CARTESIAN_POINT('',(0.373101317838579,-0.040441856716815,-1.1365690461818));
#3672=CARTESIAN_POINT('',(0.373906754076367,-0.0392056608628955,-1.13624322246102));
#3673=CARTESIAN_POINT('',(0.37544238901642,-0.0367256453568736,-1.13562201091569));
#3674=CARTESIAN_POINT('',(0.37617258771694,-0.0354818257075986,-1.13532662309185));
#3675=CARTESIAN_POINT('',(0.377557307737825,-0.0329873118414224,-1.13476646127111));
#3676=CARTESIAN_POINT('',(0.378211829056673,-0.0317366176272474,-1.13450168727481));
#3677=CARTESIAN_POINT('',(0.379444800054824,-0.0292291080027919,-1.13400291259918));
#3678=CARTESIAN_POINT('',(0.380023249732832,-0.0279722925951409,-1.13376891192037));
#3679=CARTESIAN_POINT('',(0.381103729012626,-0.0254532976424525,-1.13333182483308));
#3680=CARTESIAN_POINT('',(0.381605758613332,-0.0241911180999347,-1.13312873842503));
#3681=CARTESIAN_POINT('',(0.382533095334463,-0.0216621551673649,-1.13275360221098));
#3682=CARTESIAN_POINT('',(0.382958402453998,-0.0203953717797471,-1.13258155240534));
#3683=CARTESIAN_POINT('',(0.383732038023507,-0.0178579642200073,-1.13226859303256));
#3684=CARTESIAN_POINT('',(0.384080366472764,-0.0165873400502355,-1.13212768346571));
#3685=CARTESIAN_POINT('',(0.38469983488151,-0.0140430163027512,-1.13187708944922));
#3686=CARTESIAN_POINT('',(0.384970974840447,-0.0127693167273268,-1.13176740499982));
#3687=CARTESIAN_POINT('',(0.385435902943842,-0.0102196093975684,-1.13157932728809));
#3688=CARTESIAN_POINT('',(0.385629691087884,-0.00894360164549253,-1.13150093402594));
#3689=CARTESIAN_POINT('',(0.385939798830613,-0.00639004658182474,-1.13137548590994));
#3690=CARTESIAN_POINT('',(0.386056118429029,-0.00511249927245782,-1.13132843105622));
#3691=CARTESIAN_POINT('',(0.386211219013791,-0.00255663464095143,-1.13126568810122));
#3692=CARTESIAN_POINT('',(0.386250000000001,-0.00127831732102422,-1.13125));
#3693=CARTESIAN_POINT('',(0.386250000000001,0.00127831732102511,-1.13125));
#3694=CARTESIAN_POINT('',(0.386211219013791,0.00255663464095702,-1.13126568810122));
#3695=CARTESIAN_POINT('',(0.386056118429029,0.00511249927245396,-1.13132843105622));
#3696=CARTESIAN_POINT('',(0.385939798830613,0.00639004658182655,-1.13137548590994));
#3697=CARTESIAN_POINT('',(0.385629691087884,0.00894360164549246,-1.13150093402594));
#3698=CARTESIAN_POINT('',(0.385435902943842,0.0102196093975717,-1.13157932728809));
#3699=CARTESIAN_POINT('',(0.384970974840447,0.0127693167273253,-1.13176740499982));
#3700=CARTESIAN_POINT('',(0.38469983488151,0.0140430163027491,-1.13187708944922));
#3701=CARTESIAN_POINT('',(0.384080366472764,0.0165873400502395,-1.13212768346571));
#3702=CARTESIAN_POINT('',(0.383732038023507,0.0178579642200058,-1.13226859303256));
#3703=CARTESIAN_POINT('',(0.382958402453998,0.0203953717797501,-1.13258155240534));
#3704=CARTESIAN_POINT('',(0.382533095334463,0.021662155167366,-1.13275360221098));
#3705=CARTESIAN_POINT('',(0.381605758613332,0.0241911180999354,-1.13312873842503));
#3706=CARTESIAN_POINT('',(0.381103729012629,0.0254532976424515,-1.13333182483308));
#3707=CARTESIAN_POINT('',(0.380023249732829,0.0279722925951435,-1.13376891192037));
#3708=CARTESIAN_POINT('',(0.379444800054821,0.0292291080027953,-1.13400291259918));
#3709=CARTESIAN_POINT('',(0.378211829056676,0.0317366176272456,-1.13450168727481));
#3710=CARTESIAN_POINT('',(0.377557307737822,0.0329873118414235,-1.13476646127111));
#3711=CARTESIAN_POINT('',(0.376172587716943,0.0354818257075991,-1.13532662309185));
#3712=CARTESIAN_POINT('',(0.375442389016423,0.0367256453568722,-1.13562201091568));
#3713=CARTESIAN_POINT('',(0.373906754076364,0.0392056608628987,-1.13624322246102));
#3714=CARTESIAN_POINT('',(0.373101317838579,0.0404418567168169,-1.1365690461818));
#3715=CARTESIAN_POINT('',(0.3714156929884,0.0429058799940897,-1.13725093325712));
#3716=CARTESIAN_POINT('',(0.37053550437803,0.0441337074144926,-1.13760699661083));
#3717=CARTESIAN_POINT('',(0.368700904975103,0.0465802542275278,-1.13834914847285));
#3718=CARTESIAN_POINT('',(0.367746494184862,0.0477989736170858,-1.13873523698023));
#3719=CARTESIAN_POINT('',(0.365764025323261,0.0502265702575686,-1.13953720658444));
#3720=CARTESIAN_POINT('',(0.364735967254527,0.0514354475052918,-1.13995308768021));
#3721=CARTESIAN_POINT('',(0.361542251021774,0.0550462237670207,-1.14124504408504));
#3722=CARTESIAN_POINT('',(0.359267029045165,0.0574322638886252,-1.14216544132477));
#3723=CARTESIAN_POINT('',(0.355639189626146,0.060975297516256,-1.14363301390528));
#3724=CARTESIAN_POINT('',(0.354394080862277,0.0621503051472285,-1.14413669868031));
#3725=CARTESIAN_POINT('',(0.351832955418703,0.0644876054793317,-1.14517275266234));
#3726=CARTESIAN_POINT('',(0.35051693874307,0.0656498981767522,-1.14570512186769));
#3727=CARTESIAN_POINT('',(0.347814790194791,0.0679610685202118,-1.14679822403123));
#3728=CARTESIAN_POINT('',(0.346428658326638,0.069109946162421,-1.1473589569876));
#3729=CARTESIAN_POINT('',(0.343587114346899,0.0713935943546444,-1.14850844888879));
#3730=CARTESIAN_POINT('',(0.342131702240234,0.072528364900711,-1.14909720783162));
#3731=CARTESIAN_POINT('',(0.339152474468872,0.0747831153574142,-1.15030239705952));
#3732=CARTESIAN_POINT('',(0.337628658809533,0.075903095263995,-1.15091882734242));
#3733=CARTESIAN_POINT('',(0.334513541821948,0.0781275898078134,-1.1521789879361));
#3734=CARTESIAN_POINT('',(0.332922240499518,0.0792321044408923,-1.15282271824453));
#3735=CARTESIAN_POINT('',(0.329673110725694,0.0814250031194903,-1.15413709113038));
#3736=CARTESIAN_POINT('',(0.328015282280596,0.0825133871607556,-1.15480773370526));
#3737=CARTESIAN_POINT('',(0.324634096874804,0.0846733690539632,-1.1561755271542));
#3738=CARTESIAN_POINT('',(0.322910739920908,0.0857449669015685,-1.15687267802552));
#3739=CARTESIAN_POINT('',(0.31939953558281,0.0878707309170582,-1.15829306812993));
#3740=CARTESIAN_POINT('',(0.317611688205907,0.0889248970805286,-1.15901630736007));
#3741=CARTESIAN_POINT('',(0.313972579953693,0.0910151627375489,-1.16048843853006));
#3742=CARTESIAN_POINT('',(0.312121319086199,0.0920512622266082,-1.16123733046675));
#3743=CARTESIAN_POINT('',(0.308356498982601,0.0941047704272781,-1.16276031594555));
#3744=CARTESIAN_POINT('',(0.306442939754838,0.0951221791343425,-1.16353440948429));
#3745=CARTESIAN_POINT('',(0.302554675586717,0.0971376929221043,-1.16510733188239));
#3746=CARTESIAN_POINT('',(0.300579970655215,0.0981357979982128,-1.16590616073818));
#3747=CARTESIAN_POINT('',(0.296570604567501,0.100112103302927,-1.16752807258596));
#3748=CARTESIAN_POINT('',(0.294535943420681,0.101090303526904,-1.16835115557416));
#3749=CARTESIAN_POINT('',(0.29040789050558,0.103026209896152,-1.17002107989256));
#3750=CARTESIAN_POINT('',(0.288314498747236,0.103983916036762,-1.17086792121875));
#3751=CARTESIAN_POINT('',(0.284070245589472,0.105878257352933,-1.17258485210782));
#3752=CARTESIAN_POINT('',(0.281919384200522,0.106814892523813,-1.17345494166645));
#3753=CARTESIAN_POINT('',(0.277561487379488,0.108666527706521,-1.17521784491121));
#3754=CARTESIAN_POINT('',(0.275354451958413,0.109581527713673,-1.17611065859287));
#3755=CARTESIAN_POINT('',(0.270885536508197,0.111389341407125,-1.17791847228633));
#3756=CARTESIAN_POINT('',(0.268623656490609,0.112282155088756,-1.17883347229344));
#3757=CARTESIAN_POINT('',(0.264046414318777,0.114045058333578,-1.18068510747622));
#3758=CARTESIAN_POINT('',(0.26173105217662,0.114915147892117,-1.181621742647));
#3759=CARTESIAN_POINT('',(0.257048240442703,0.116632078781308,-1.1835160839633));
#3760=CARTESIAN_POINT('',(0.254680790863558,0.117478920107341,-1.18447379010374));
#3761=CARTESIAN_POINT('',(0.249895230318236,0.119148844425936,-1.1864096964732));
#3762=CARTESIAN_POINT('',(0.247477119365205,0.119971927413916,-1.18738789669692));
#3763=CARTESIAN_POINT('',(0.242591692651213,0.121593839261941,-1.18936420200193));
#3764=CARTESIAN_POINT('',(0.240124376903914,0.122392668117456,-1.1903623070777));
#3765=CARTESIAN_POINT('',(0.235142026819622,0.12396559051586,-1.19237782086585));
#3766=CARTESIAN_POINT('',(0.232626992496803,0.124739684054279,-1.19339522957249));
#3767=CARTESIAN_POINT('',(0.227550720223603,0.126262669533423,-1.19544873777362));
#3768=CARTESIAN_POINT('',(0.224989482287897,0.127011561469748,-1.19648483726218));
#3769=CARTESIAN_POINT('',(0.21982234558239,0.128483692640123,-1.19857510291974));
#3770=CARTESIAN_POINT('',(0.217216446827756,0.129206931869856,-1.19962926908262));
#3771=CARTESIAN_POINT('',(0.211961558179888,0.13062732197469,-1.20175503309875));
#3772=CARTESIAN_POINT('',(0.209312568302295,0.131324472845565,-1.20282663094567));
#3773=CARTESIAN_POINT('',(0.203973093060489,0.13269226629497,-1.20498661283961));
#3774=CARTESIAN_POINT('',(0.201282607712388,0.133362908869372,-1.2060749968801));
#3775=CARTESIAN_POINT('',(0.195861762176878,0.134677281755714,-1.20826789555951));
#3776=CARTESIAN_POINT('',(0.193131402006036,0.135321012063637,-1.20937241019173));
#3777=CARTESIAN_POINT('',(0.187632451491474,0.136581172657836,-1.21159690473646));
#3778=CARTESIAN_POINT('',(0.184863861164761,0.137197602940215,-1.21271688464209));
#3779=CARTESIAN_POINT('',(0.179290118033324,0.138402792168647,-1.21497163509979));
#3780=CARTESIAN_POINT('',(0.176484965246028,0.138991551110931,-1.21610640564481));
#3781=CARTESIAN_POINT('',(0.170839786912157,0.140141043012668,-1.21839005383812));
#3782=CARTESIAN_POINT('',(0.167999761383422,0.140701775968489,-1.2195389314792));
#3783=CARTESIAN_POINT('',(0.162286548291472,0.141794878132588,-1.22185010182384));
#3784=CARTESIAN_POINT('',(0.159413360746476,0.142327247337382,-1.22301239452003));
#3785=CARTESIAN_POINT('',(0.153635554322379,0.143363301319973,-1.2253496948534));
#3786=CARTESIAN_POINT('',(0.150730935461866,0.143866986094438,-1.22652470248306));
#3787=CARTESIAN_POINT('',(0.144892016040167,0.14484536781534,-1.22888672490284));
#3788=CARTESIAN_POINT('',(0.141957715497926,0.145320064758604,-1.2300737396853));
#3789=CARTESIAN_POINT('',(0.136061200225354,0.146240184877253,-1.23245906139751));
#3790=CARTESIAN_POINT('',(0.133098985514308,0.146685608049628,-1.23365736831945));
#3791=CARTESIAN_POINT('',(0.127148426231183,0.147546912320066,-1.23606455249547));
#3792=CARTESIAN_POINT('',(0.124160081678707,0.147962793415292,-1.23727342974162));
#3793=CARTESIAN_POINT('',(0.119659317504255,0.148564270618848,-1.2390941272232));
#3794=CARTESIAN_POINT('',(0.118156021668591,0.14876103908715,-1.23970225660655));
#3795=CARTESIAN_POINT('',(0.115143574180514,0.149147098523536,-1.24092088423118));
#3796=CARTESIAN_POINT('',(0.113634422521041,0.149336389492523,-1.24153138247531));
#3797=CARTESIAN_POINT('',(0.110610490658033,0.149707465423793,-1.24275465588267));
#3798=CARTESIAN_POINT('',(0.10909571044744,0.149889250386941,-1.24336743104877));
#3799=CARTESIAN_POINT('',(0.106060749602515,0.150245286930424,-1.2445951660184));
#3800=CARTESIAN_POINT('',(0.10454056896113,0.150419538511587,-1.24521012582478));
#3801=CARTESIAN_POINT('',(0.101495036188231,0.150760482049489,-1.24644213746431));
#3802=CARTESIAN_POINT('',(0.0999696840496652,0.150927174007019,-1.2470591893003));
#3803=CARTESIAN_POINT('',(0.096914037994824,0.151252973194498,-1.24829529207329));
#3804=CARTESIAN_POINT('',(0.0953837440714995,0.1514120804252,-1.24891434301315));
#3805=CARTESIAN_POINT('',(0.0923184449037732,0.151722686198096,-1.25015435076708));
#3806=CARTESIAN_POINT('',(0.0907834396523263,0.151874184741006,-1.25077530758401));
#3807=CARTESIAN_POINT('',(0.0877089489944939,0.152169550323233,-1.25201903357828));
#3808=CARTESIAN_POINT('',(0.0861694635810678,0.152313417363227,-1.25264180275847));
#3809=CARTESIAN_POINT('',(0.0830862444401163,0.152593498273814,-1.25388905969251));
#3810=CARTESIAN_POINT('',(0.0815425107055503,0.152729712145046,-1.25451354744921));
#3811=CARTESIAN_POINT('',(0.0784510274029402,0.152994466204838,-1.25576414749072));
#3812=CARTESIAN_POINT('',(0.076903277827858,0.153123006394001,-1.25639025977837));
#3813=CARTESIAN_POINT('',(0.0738039959296029,0.15337239373201,-1.25764401459158));
#3814=CARTESIAN_POINT('',(0.0722524635993964,0.153493240881423,-1.25827165711998));
#3815=CARTESIAN_POINT('',(0.0691458498459516,0.153727223940833,-1.25952837789403));
#3816=CARTESIAN_POINT('',(0.0675907684156812,0.153840359851361,-1.26015745614252));
#3817=CARTESIAN_POINT('',(0.0644772906516522,0.154058903395185,-1.26141695361988));
#3818=CARTESIAN_POINT('',(0.0629188943108623,0.154164311028974,-1.26204737285159));
#3819=CARTESIAN_POINT('',(0.0597990214145472,0.154367382145357,-1.26330945735657));
#3820=CARTESIAN_POINT('',(0.0582375448519935,0.154465045628408,-1.26394112263269));
#3821=CARTESIAN_POINT('',(0.0551117466647749,0.154652613735587,-1.26520560410001));
#3822=CARTESIAN_POINT('',(0.0535474250330842,0.154742518360137,-1.26583842029406));
#3823=CARTESIAN_POINT('',(0.0504161722886724,0.154914555211045,-1.26710510829746));
#3824=CARTESIAN_POINT('',(0.0488492411689278,0.154996687437789,-1.26773898010966));
#3825=CARTESIAN_POINT('',(0.0457130054224687,0.155153167124309,-1.26900768389059));
#3826=CARTESIAN_POINT('',(0.0441437007887324,0.155227514584435,-1.26964251586216));
#3827=CARTESIAN_POINT('',(0.0410029543457939,0.155368413541302,-1.2709130443585));
#3828=CARTESIAN_POINT('',(0.0394315125295715,0.155434965038357,-1.27154874088609));
#3829=CARTESIAN_POINT('',(0.0362867283750157,0.155560262046706,-1.27282090276091));
#3830=CARTESIAN_POINT('',(0.0347133860296637,0.155619007558279,-1.27345736811098));
#3831=CARTESIAN_POINT('',(0.0315650377564178,0.155728683748841,-1.27473097178138));
#3832=CARTESIAN_POINT('',(0.029990031821506,0.155779614428074,-1.27536811010457));
#3833=CARTESIAN_POINT('',(0.0276264531248058,0.155850143570032,-1.27632425035404));
#3834=CARTESIAN_POINT('',(0.0268384152589508,0.155872675480493,-1.27664303589848));
#3835=CARTESIAN_POINT('',(0.0252620126039805,0.155915782845818,-1.27728073923787));
#3836=CARTESIAN_POINT('',(0.0244736478107982,0.155936358300794,-1.27759965703447));
#3837=CARTESIAN_POINT('',(0.0221081075685904,0.155995148820359,-1.2785565907894));
#3838=CARTESIAN_POINT('',(0.0205304862396697,0.156030428003034,-1.27919478711987));
#3839=CARTESIAN_POINT('',(0.0126400010861508,0.156187238148158,-1.2823867309522));
#3840=CARTESIAN_POINT('',(0.00632000112261275,0.156250000000001,-1.28494336524166));
#3841=CARTESIAN_POINT('',(5.9579605270517E-16,0.156250000000001,-1.2875));
#3842=CARTESIAN_POINT('',(4.41109192079425E-16,-0.156249999999999,-1.2875));
#3843=CARTESIAN_POINT('',(0.00443831793852444,-0.156250000000003,-1.28306168206147));
#3844=CARTESIAN_POINT('',(0.00887841116965466,-0.15609467257759,-1.27862158883027));
#3845=CARTESIAN_POINT('',(0.0144094592810637,-0.155707433013878,-1.27309054071895));
#3846=CARTESIAN_POINT('',(0.0155152702680583,-0.155620294908234,-1.27198472973194));
#3847=CARTESIAN_POINT('',(0.0171724183614709,-0.155475137163926,-1.27032758163853));
#3848=CARTESIAN_POINT('',(0.0177246019125127,-0.155424336605716,-1.26977539808747));
#3849=CARTESIAN_POINT('',(0.0188284403523994,-0.155317920173222,-1.26867155964761));
#3850=CARTESIAN_POINT('',(0.0193801020702696,-0.155262302968915,-1.26811989792973));
#3851=CARTESIAN_POINT('',(0.021034347626765,-0.15508822427926,-1.26646565237323));
#3852=CARTESIAN_POINT('',(0.0221359836737001,-0.154962552604616,-1.2653640163263));
#3853=CARTESIAN_POINT('',(0.0243365456427509,-0.154692031658746,-1.26316345435725));
#3854=CARTESIAN_POINT('',(0.0254355254572613,-0.15454716891237,-1.26206447454274));
#3855=CARTESIAN_POINT('',(0.0276303965811713,-0.154238329246651,-1.25986960341883));
#3856=CARTESIAN_POINT('',(0.0287263412311839,-0.154074336980632,-1.25877365876882));
#3857=CARTESIAN_POINT('',(0.0309147639400116,-0.153727310053201,-1.25658523605999));
#3858=CARTESIAN_POINT('',(0.0320072947149937,-0.153544258194911,-1.25549270528501));
#3859=CARTESIAN_POINT('',(0.0341885119152623,-0.153159192274892,-1.25331148808474));
#3860=CARTESIAN_POINT('',(0.0352772503600023,-0.152957159190369,-1.25222274964));
#3861=CARTESIAN_POINT('',(0.0374505055045093,-0.152534219492661,-1.25004949449549));
#3862=CARTESIAN_POINT('',(0.0385350734551007,-0.152313292057376,-1.2489649265449));
#3863=CARTESIAN_POINT('',(0.0406996106172515,-0.151852660890977,-1.24680038938274));
#3864=CARTESIAN_POINT('',(0.0417796302395741,-0.151612934568254,-1.24572036976043));
#3865=CARTESIAN_POINT('',(0.0439346941930761,-0.151114811500804,-1.24356530580692));
#3866=CARTESIAN_POINT('',(0.0450097880240038,-0.150856390427441,-1.242490211976));
#3867=CARTESIAN_POINT('',(0.0471546243282928,-0.150320992464303,-1.2403453756717));
#3868=CARTESIAN_POINT('',(0.048224415319975,-0.150043989544013,-1.23927558468002));
#3869=CARTESIAN_POINT('',(0.0503582704120889,-0.14947155132236,-1.23714172958792));
#3870=CARTESIAN_POINT('',(0.0514223819796093,-0.149176088326659,-1.23607761802039));
#3871=CARTESIAN_POINT('',(0.0535445032729865,-0.148566862324911,-1.23395549672701));
#3872=CARTESIAN_POINT('',(0.0546025593456275,-0.148253070001524,-1.23289744065437));
#3873=CARTESIAN_POINT('',(0.0567121953368151,-0.147607326763603,-1.23078780466319));
#3874=CARTESIAN_POINT('',(0.0577638204133656,-0.14727534495246,-1.22973617958664));
#3875=CARTESIAN_POINT('',(0.0598602207967177,-0.146593373327302,-1.22763977920328));
#3876=CARTESIAN_POINT('',(0.0609050400051409,-0.146243351083998,-1.22659495999485));
#3877=CARTESIAN_POINT('',(0.0629874557968696,-0.145525458480002,-1.22451254420313));
#3878=CARTESIAN_POINT('',(0.064025094958613,-0.145157554206815,-1.22347490504138));
#3879=CARTESIAN_POINT('',(0.0660927786303993,-0.144404066861277,-1.2214072213696));
#3880=CARTESIAN_POINT('',(0.0671228643298358,-0.14401844844563,-1.22037713567016));
#3881=CARTESIAN_POINT('',(0.0691750699530356,-0.143229711709153,-1.21832493004697));
#3882=CARTESIAN_POINT('',(0.0701972296123046,-0.142826556669565,-1.21730277038769));
#3883=CARTESIAN_POINT('',(0.0722332130135338,-0.142002935305113,-1.21526678698647));
#3884=CARTESIAN_POINT('',(0.0732470749732646,-0.141582430944441,-1.21425292502673));
#3885=CARTESIAN_POINT('',(0.0752660939020285,-0.140724309441431,-1.21223390609797));
#3886=CARTESIAN_POINT('',(0.0762712875083911,-0.140286653007468,-1.21122871249161));
#3887=CARTESIAN_POINT('',(0.0782726018177601,-0.139394435909948,-1.20922739818224));
#3888=CARTESIAN_POINT('',(0.0792687575162148,-0.138939834763298,-1.20823124248379));
#3889=CARTESIAN_POINT('',(0.0812516293574599,-0.138013947012767,-1.20624837064254));
#3890=CARTESIAN_POINT('',(0.0822383787936885,-0.137542618801723,-1.20526162120632));
#3891=CARTESIAN_POINT('',(0.0851858095192398,-0.136103026778741,-1.20231419048074));
#3892=CARTESIAN_POINT('',(0.0871300793559038,-0.135110735942638,-1.20036992064409));
#3893=CARTESIAN_POINT('',(0.0909763719444371,-0.133062451732501,-1.19652362805557));
#3894=CARTESIAN_POINT('',(0.0928786170177951,-0.132006102211584,-1.1946213829822));
#3895=CARTESIAN_POINT('',(0.0966379986745978,-0.129831844205673,-1.1908620013254));
#3896=CARTESIAN_POINT('',(0.098495326318812,-0.128713567073658,-1.18900467368118));
#3897=CARTESIAN_POINT('',(0.102162045130277,-0.126417778376431,-1.18533795486973));
#3898=CARTESIAN_POINT('',(0.103971594491933,-0.125239888413483,-1.18352840550808));
#3899=CARTESIAN_POINT('',(0.107539967540639,-0.122827386439533,-1.17996003245935));
#3900=CARTESIAN_POINT('',(0.109298915085739,-0.121592389228319,-1.17820108491425));
#3901=CARTESIAN_POINT('',(0.11276334023819,-0.119068380192092,-1.17473665976181));
#3902=CARTESIAN_POINT('',(0.11446890605,-0.117778979509718,-1.17303109395));
#3903=CARTESIAN_POINT('',(0.117823875413981,-0.115149073438734,-1.16967612458601));
#3904=CARTESIAN_POINT('',(0.119473330371135,-0.113808178874942,-1.16802666962886));
#3905=CARTESIAN_POINT('',(0.122713445606648,-0.111078404990353,-1.16478655439336));
#3906=CARTESIAN_POINT('',(0.124304119536206,-0.109689139704206,-1.1631958804638));
#3907=CARTESIAN_POINT('',(0.127424109213921,-0.106865961972301,-1.16007589078607));
#3908=CARTESIAN_POINT('',(0.12895340011868,-0.105431670478677,-1.15854659988131));
#3909=CARTESIAN_POINT('',(0.131948139328938,-0.102522003091478,-1.15555186067107));
#3910=CARTESIAN_POINT('',(0.133413523792255,-0.101046258943687,-1.15408647620775));
#3911=CARTESIAN_POINT('',(0.136278056212674,-0.0980574814338805,-1.15122194378732));
#3912=CARTESIAN_POINT('',(0.137677101086233,-0.0965440946403483,-1.14982289891378));
#3913=CARTESIAN_POINT('',(0.140406663719722,-0.0934840662745714,-1.14709333628027));
#3914=CARTESIAN_POINT('',(0.141737039199689,-0.091937090255239,-1.1457629608003));
#3915=CARTESIAN_POINT('',(0.144327089991764,-0.0888141632806363,-1.14317291000825));
#3916=CARTESIAN_POINT('',(0.14558658418681,-0.0872379011317786,-1.14191341581319));
#3917=CARTESIAN_POINT('',(0.148032832722737,-0.0840609323737414,-1.13946716727726));
#3918=CARTESIAN_POINT('',(0.149219367810995,-0.082459942169184,-1.138280632189));
#3919=CARTESIAN_POINT('',(0.151517809278303,-0.0792383023913508,-1.1359821907217));
#3920=CARTESIAN_POINT('',(0.152629459340326,-0.0776174012029225,-1.13487054065968));
#3921=CARTESIAN_POINT('',(0.154776411914925,-0.0743609815474767,-1.13272358808506));
#3922=CARTESIAN_POINT('',(0.155811422514099,-0.0727252478185701,-1.1316885774859));
#3923=CARTESIAN_POINT('',(0.157803568292044,-0.0694444625428299,-1.12969643170796));
#3924=CARTESIAN_POINT('',(0.158760377851518,-0.0677992363969047,-1.12873962214849));
#3925=CARTESIAN_POINT('',(0.160594807395344,-0.0645050210160298,-1.12690519260464));
#3926=CARTESIAN_POINT('',(0.161472070390748,-0.0628559020272093,-1.12602792960925));
#3927=CARTESIAN_POINT('',(0.163146330891279,-0.0595597058624791,-1.12435366910872));
#3928=CARTESIAN_POINT('',(0.163942942839267,-0.0579125477600472,-1.12355705716073));
#3929=CARTESIAN_POINT('',(0.165455089804593,-0.0546263197822569,-1.1220449101954));
#3930=CARTESIAN_POINT('',(0.166170213977749,-0.0529872215064765,-1.12132978602225));
#3931=CARTESIAN_POINT('',(0.167518866250886,-0.0497233882582396,-1.11998113374912));
#3932=CARTESIAN_POINT('',(0.168151961988003,-0.0480986807339985,-1.11934803801199));
#3933=CARTESIAN_POINT('',(0.169336359758667,-0.0448701150199819,-1.11816364024133));
#3934=CARTESIAN_POINT('',(0.169887212165075,-0.043266342971028,-1.11761278783492));
#3935=CARTESIAN_POINT('',(0.170907277478878,-0.0400863219270421,-1.11659272252112));
#3936=CARTESIAN_POINT('',(0.171376028223176,-0.0385102200204791,-1.11612397177682));
#3937=CARTESIAN_POINT('',(0.172232427300218,-0.0353923711229535,-1.11526757269978));
#3938=CARTESIAN_POINT('',(0.172619606111075,-0.0338508337167761,-1.11488039388892));
#3939=CARTESIAN_POINT('',(0.173313812566789,-0.0308090672802309,-1.11418618743321));
#3940=CARTESIAN_POINT('',(0.173620368916482,-0.0293091110517615,-1.11387963108352));
#3941=CARTESIAN_POINT('',(0.174154726730172,-0.0263575378000541,-1.11334527326982));
#3942=CARTESIAN_POINT('',(0.174382061061471,-0.0249062565662969,-1.11311793893852));
#3943=CARTESIAN_POINT('',(0.174759845866754,-0.0220590889645074,-1.11274015413325));
#3944=CARTESIAN_POINT('',(0.174909839578672,-0.0206636000746872,-1.11259016042133));
#3945=CARTESIAN_POINT('',(0.175135316559605,-0.017935036288987,-1.11236468344039));
#3946=CARTESIAN_POINT('',(0.175210359818861,-0.0166024180818747,-1.11228964018114));
#3947=CARTESIAN_POINT('',(0.175288836196208,-0.014006507709426,-1.11221116380379));
#3948=CARTESIAN_POINT('',(0.175291852490602,-0.0127437276913248,-1.1122081475094));
#3949=CARTESIAN_POINT('',(0.17522972228473,-0.0102942187852501,-1.11227027771527));
#3950=CARTESIAN_POINT('',(0.175164188489,-0.00910805240542362,-1.112335811511));
#3951=CARTESIAN_POINT('',(0.174968966968382,-0.00681821982404072,-1.11253103303162));
#3952=CARTESIAN_POINT('',(0.174838927561708,-0.00571516000831241,-1.11266107243829));
#3953=CARTESIAN_POINT('',(0.174519272546987,-0.00359761575062921,-1.11298072745301));
#3954=CARTESIAN_POINT('',(0.174329346515644,-0.00258377370350681,-1.11317065348435));
#3955=CARTESIAN_POINT('',(0.173895063535468,-0.00065026065807605,-1.11360493646453));
#3956=CARTESIAN_POINT('',(0.173650442427375,0.000268741141291731,-1.11384955757263));
#3957=CARTESIAN_POINT('',(0.173112470639797,0.00200756971778575,-1.1143875293602));
#3958=CARTESIAN_POINT('',(0.172818906224442,0.00282671092600544,-1.11468109377556));
#3959=CARTESIAN_POINT('',(0.172189282058696,0.00436152288463336,-1.1153107179413));
#3960=CARTESIAN_POINT('',(0.171853062101681,0.00507650318826018,-1.11564693789832));
#3961=CARTESIAN_POINT('',(0.170788061792964,0.0070660690951737,-1.11671193820704));
#3962=CARTESIAN_POINT('',(0.170007655589958,0.00817067777480929,-1.11749234441004));
#3963=CARTESIAN_POINT('',(0.16877679761667,0.00949292924837217,-1.11872320238333));
#3964=CARTESIAN_POINT('',(0.168355048781946,0.00987861409731482,-1.11914495121806));
#3965=CARTESIAN_POINT('',(0.167498380362173,0.010538766579945,-1.12000161963782));
#3966=CARTESIAN_POINT('',(0.167063518326736,0.0108126504579158,-1.12043648167327));
#3967=CARTESIAN_POINT('',(0.166188686148412,0.0112501652247674,-1.12131131385158));
#3968=CARTESIAN_POINT('',(0.165748820955665,0.0114132700162043,-1.12175117904433));
#3969=CARTESIAN_POINT('',(0.164872139170874,0.0116315270805808,-1.12262786082912));
#3970=CARTESIAN_POINT('',(0.164435468805895,0.0116862214436687,-1.1230645311941));
#3971=CARTESIAN_POINT('',(0.163573304382054,0.0116913493997916,-1.12392669561794));
#3972=CARTESIAN_POINT('',(0.163147990188062,0.0116414019805314,-1.12435200981194));
#3973=CARTESIAN_POINT('',(0.16231650320022,0.0114423586503277,-1.12518349679978));
#3974=CARTESIAN_POINT('',(0.161910534967384,0.0112929650309941,-1.12558946503261));
#3975=CARTESIAN_POINT('',(0.161125401263081,0.0109015618138437,-1.12637459873692));
#3976=CARTESIAN_POINT('',(0.160746455102548,0.0106593414906275,-1.12675354489746));
#3977=CARTESIAN_POINT('',(0.160022578254731,0.0100902047930934,-1.12747742174526));
#3978=CARTESIAN_POINT('',(0.159677871052404,0.00976316529815435,-1.1278221289476));
#3979=CARTESIAN_POINT('',(0.159029091766284,0.00903363032947457,-1.12847090823371));
#3980=CARTESIAN_POINT('',(0.158725236573226,0.0086310966985157,-1.12877476342677));
#3981=CARTESIAN_POINT('',(0.158164048669644,0.00776103132207521,-1.12933595133036));
#3982=CARTESIAN_POINT('',(0.157906915773477,0.00729354042170461,-1.12959308422652));
#3983=CARTESIAN_POINT('',(0.157444198428208,0.00630509955141402,-1.13005580157179));
#3984=CARTESIAN_POINT('',(0.15723878701416,0.00578426025774429,-1.13026121298584));
#3985=CARTESIAN_POINT('',(0.156883563005851,0.00470157433233576,-1.13061643699415));
#3986=CARTESIAN_POINT('',(0.156733888221253,0.00413989610824001,-1.13076611177875));
#3987=CARTESIAN_POINT('',(0.156493117475369,0.00298870027832264,-1.13100688252463));
#3988=CARTESIAN_POINT('',(0.156402117339867,0.00239939423013058,-1.13109788266013));
#3989=CARTESIAN_POINT('',(0.156280534039762,0.00120660784052827,-1.13121946596024));
#3990=CARTESIAN_POINT('',(0.156250000000001,0.000603365736424585,-1.13125));
#3991=CARTESIAN_POINT('',(0.156250000000001,-0.000603365736423555,-1.13125));
#3992=CARTESIAN_POINT('',(0.156280534039766,-0.00120660784052906,-1.13121946596023));
#3993=CARTESIAN_POINT('',(0.156402117339863,-0.00239939423012769,-1.13109788266014));
#3994=CARTESIAN_POINT('',(0.156493117475369,-0.00298870027832204,-1.13100688252463));
#3995=CARTESIAN_POINT('',(0.156733888221253,-0.00413989610823855,-1.13076611177875));
#3996=CARTESIAN_POINT('',(0.15688356300585,-0.00470157433233603,-1.13061643699415));
#3997=CARTESIAN_POINT('',(0.157238787014161,-0.00578426025774198,-1.13026121298584));
#3998=CARTESIAN_POINT('',(0.157444198428201,-0.00630509955141214,-1.13005580157179));
#3999=CARTESIAN_POINT('',(0.157906915773484,-0.00729354042170445,-1.12959308422652));
#4000=CARTESIAN_POINT('',(0.158164048669642,-0.0077610313220731,-1.12933595133036));
#4001=CARTESIAN_POINT('',(0.158725236573228,-0.00863109669851566,-1.12877476342677));
#4002=CARTESIAN_POINT('',(0.159029091766284,-0.00903363032947321,-1.12847090823371));
#4003=CARTESIAN_POINT('',(0.159677871052404,-0.00976316529815368,-1.1278221289476));
#4004=CARTESIAN_POINT('',(0.160022578254733,-0.0100902047930907,-1.12747742174526));
#4005=CARTESIAN_POINT('',(0.160746455102545,-0.0106593414906282,-1.12675354489746));
#4006=CARTESIAN_POINT('',(0.161125401263081,-0.0109015618138434,-1.12637459873692));
#4007=CARTESIAN_POINT('',(0.161910534967384,-0.0112929650309924,-1.12558946503261));
#4008=CARTESIAN_POINT('',(0.162316503200215,-0.0114423586503271,-1.12518349679978));
#4009=CARTESIAN_POINT('',(0.163147990188066,-0.01164140198053,-1.12435200981193));
#4010=CARTESIAN_POINT('',(0.163573304382055,-0.0116913493997892,-1.12392669561794));
#4011=CARTESIAN_POINT('',(0.164435468805894,-0.0116862214436691,-1.12306453119411));
#4012=CARTESIAN_POINT('',(0.164872139170871,-0.0116315270805805,-1.12262786082913));
#4013=CARTESIAN_POINT('',(0.165748820955668,-0.0114132700162026,-1.12175117904433));
#4014=CARTESIAN_POINT('',(0.166188686148418,-0.011250165224766,-1.12131131385159));
#4015=CARTESIAN_POINT('',(0.16706351832673,-0.0108126504579152,-1.12043648167326));
#4016=CARTESIAN_POINT('',(0.167498380362171,-0.0105387665799461,-1.12000161963783));
#4017=CARTESIAN_POINT('',(0.168355048781947,-0.00987861409731166,-1.11914495121805));
#4018=CARTESIAN_POINT('',(0.168776797616672,-0.00949292924837048,-1.11872320238333));
#4019=CARTESIAN_POINT('',(0.170007655589955,-0.00817067777480976,-1.11749234441004));
#4020=CARTESIAN_POINT('',(0.170788061792961,-0.00706606909517715,-1.11671193820703));
#4021=CARTESIAN_POINT('',(0.171853062101682,-0.00507650318825699,-1.11564693789832));
#4022=CARTESIAN_POINT('',(0.172189282058699,-0.00436152288463167,-1.1153107179413));
#4023=CARTESIAN_POINT('',(0.172818906224439,-0.00282671092600523,-1.11468109377556));
#4024=CARTESIAN_POINT('',(0.173112470639803,-0.00200756971778178,-1.1143875293602));
#4025=CARTESIAN_POINT('',(0.173650442427369,-0.000268741141293717,-1.11384955757263));
#4026=CARTESIAN_POINT('',(0.173895063535465,0.000650260658075512,-1.11360493646453));
#4027=CARTESIAN_POINT('',(0.174329346515648,0.00258377370350927,-1.11317065348436));
#4028=CARTESIAN_POINT('',(0.174519272546988,0.00359761575063172,-1.11298072745301));
#4029=CARTESIAN_POINT('',(0.174838927561706,0.0057151600083119,-1.11266107243829));
#4030=CARTESIAN_POINT('',(0.174968966968377,0.00681821982403713,-1.11253103303162));
#4031=CARTESIAN_POINT('',(0.175164188489005,0.00910805240542919,-1.112335811511));
#4032=CARTESIAN_POINT('',(0.17522972228473,0.010294218785251,-1.11227027771527));
#4033=CARTESIAN_POINT('',(0.175291852490602,0.0127437276913258,-1.11220814750939));
#4034=CARTESIAN_POINT('',(0.175288836196211,0.0140065077094285,-1.11221116380379));
#4035=CARTESIAN_POINT('',(0.175210359818858,0.0166024180818741,-1.11228964018114));
#4036=CARTESIAN_POINT('',(0.175135316559602,0.0179350362889905,-1.11236468344039));
#4037=CARTESIAN_POINT('',(0.174909839578675,0.020663600074686,-1.11259016042133));
#4038=CARTESIAN_POINT('',(0.174759845866752,0.0220590889645114,-1.11274015413325));
#4039=CARTESIAN_POINT('',(0.174382061061472,0.0249062565662946,-1.11311793893853));
#4040=CARTESIAN_POINT('',(0.174154726730178,0.0263575378000622,-1.11334527326982));
#4041=CARTESIAN_POINT('',(0.173620368916476,0.0293091110517553,-1.11387963108352));
#4042=CARTESIAN_POINT('',(0.173313812566783,0.0308090672802342,-1.11418618743321));
#4043=CARTESIAN_POINT('',(0.172619606111082,0.0338508337167746,-1.11488039388892));
#4044=CARTESIAN_POINT('',(0.172232427300215,0.0353923711229593,-1.11526757269978));
#4045=CARTESIAN_POINT('',(0.17137602822318,0.0385102200204751,-1.11612397177683));
#4046=CARTESIAN_POINT('',(0.170907277478876,0.0400863219270455,-1.11659272252112));
#4047=CARTESIAN_POINT('',(0.169887212165076,0.0432663429710265,-1.11761278783493));
#4048=CARTESIAN_POINT('',(0.169336359758667,0.0448701150199778,-1.11816364024133));
#4049=CARTESIAN_POINT('',(0.168151961988003,0.0480986807340043,-1.119348038012));
#4050=CARTESIAN_POINT('',(0.167518866250882,0.0497233882582506,-1.11998113374912));
#4051=CARTESIAN_POINT('',(0.166170213977754,0.0529872215064675,-1.12132978602225));
#4052=CARTESIAN_POINT('',(0.165455089804595,0.0546263197822513,-1.1220449101954));
#4053=CARTESIAN_POINT('',(0.163942942839266,0.0579125477600551,-1.12355705716073));
#4054=CARTESIAN_POINT('',(0.163146330891284,0.0595597058624784,-1.12435366910872));
#4055=CARTESIAN_POINT('',(0.161472070390743,0.062855902027212,-1.12602792960925));
#4056=CARTESIAN_POINT('',(0.160594807395349,0.0645050210160249,-1.12690519260465));
#4057=CARTESIAN_POINT('',(0.158760377851513,0.0677992363969118,-1.12873962214848));
#4058=CARTESIAN_POINT('',(0.157803568292044,0.0694444625428344,-1.12969643170795));
#4059=CARTESIAN_POINT('',(0.155811422514099,0.0727252478185677,-1.1316885774859));
#4060=CARTESIAN_POINT('',(0.154776411914933,0.0743609815474863,-1.13272358808507));
#4061=CARTESIAN_POINT('',(0.152629459340319,0.0776174012029147,-1.13487054065968));
#4062=CARTESIAN_POINT('',(0.151517809278305,0.0792383023913537,-1.1359821907217));
#4063=CARTESIAN_POINT('',(0.149219367810993,0.0824599421691833,-1.138280632189));
#4064=CARTESIAN_POINT('',(0.148032832722744,0.0840609323737316,-1.13946716727726));
#4065=CARTESIAN_POINT('',(0.145586584186805,0.08723790113179,-1.14191341581319));
#4066=CARTESIAN_POINT('',(0.144327089991757,0.0888141632806399,-1.14317291000824));
#4067=CARTESIAN_POINT('',(0.141737039199697,0.0919370902552373,-1.1457629608003));
#4068=CARTESIAN_POINT('',(0.140406663719731,0.0934840662745705,-1.14709333628027));
#4069=CARTESIAN_POINT('',(0.137677101086224,0.096544094640351,-1.14982289891378));
#4070=CARTESIAN_POINT('',(0.136278056212675,0.0980574814338858,-1.15122194378733));
#4071=CARTESIAN_POINT('',(0.133413523792255,0.101046258943683,-1.15408647620774));
#4072=CARTESIAN_POINT('',(0.131948139328939,0.102522003091471,-1.15555186067106));
#4073=CARTESIAN_POINT('',(0.128953400118679,0.105431670478686,-1.15854659988132));
#4074=CARTESIAN_POINT('',(0.127424109213937,0.106865961972301,-1.16007589078606));
#4075=CARTESIAN_POINT('',(0.124304119536191,0.109689139704207,-1.16319588046381));
#4076=CARTESIAN_POINT('',(0.122713445606642,0.111078404990351,-1.16478655439335));
#4077=CARTESIAN_POINT('',(0.119473330371141,0.113808178874945,-1.16802666962886));
#4078=CARTESIAN_POINT('',(0.117823875413991,0.115149073438737,-1.16967612458601));
#4079=CARTESIAN_POINT('',(0.11446890604999,0.117778979509717,-1.17303109395001));
#4080=CARTESIAN_POINT('',(0.112763340238187,0.119068380192093,-1.1747366597618));
#4081=CARTESIAN_POINT('',(0.109298915085742,0.12159238922832,-1.17820108491427));
#4082=CARTESIAN_POINT('',(0.107539967540636,0.122827386439533,-1.17996003245936));
#4083=CARTESIAN_POINT('',(0.103971594491937,0.125239888413485,-1.18352840550806));
#4084=CARTESIAN_POINT('',(0.10216204513028,0.126417778376422,-1.18533795486972));
#4085=CARTESIAN_POINT('',(0.0984953263188082,0.12871356707367,-1.18900467368119));
#4086=CARTESIAN_POINT('',(0.096637998674601,0.129831844205683,-1.19086200132539));
#4087=CARTESIAN_POINT('',(0.0928786170177927,0.132006102211576,-1.19462138298222));
#4088=CARTESIAN_POINT('',(0.0909763719444233,0.133062451732508,-1.19652362805558));
#4089=CARTESIAN_POINT('',(0.0871300793559183,0.135110735942632,-1.20036992064408));
#4090=CARTESIAN_POINT('',(0.0851858095192533,0.136103026778728,-1.20231419048074));
#4091=CARTESIAN_POINT('',(0.0822383787936822,0.13754261880173,-1.20526162120632));
#4092=CARTESIAN_POINT('',(0.0812516293574628,0.138013947012767,-1.20624837064253));
#4093=CARTESIAN_POINT('',(0.0792687575162129,0.138939834763301,-1.20823124248379));
#4094=CARTESIAN_POINT('',(0.0782726018177652,0.139394435909952,-1.20922739818224));
#4095=CARTESIAN_POINT('',(0.0762712875083867,0.140286653007466,-1.2112287124916));
#4096=CARTESIAN_POINT('',(0.0752660939020328,0.140724309441433,-1.21223390609797));
#4097=CARTESIAN_POINT('',(0.0732470749732608,0.141582430944441,-1.21425292502673));
#4098=CARTESIAN_POINT('',(0.0722332130135395,0.142002935305125,-1.21526678698646));
#4099=CARTESIAN_POINT('',(0.0701972296122999,0.142826556669554,-1.2173027703877));
#4100=CARTESIAN_POINT('',(0.0691750699530418,0.143229711709143,-1.21832493004696));
#4101=CARTESIAN_POINT('',(0.0671228643298306,0.144018448445642,-1.22037713567016));
#4102=CARTESIAN_POINT('',(0.066092778630398,0.14440406686129,-1.22140722136961));
#4103=CARTESIAN_POINT('',(0.0640250949586145,0.145157554206803,-1.22347490504138));
#4104=CARTESIAN_POINT('',(0.0629874557968707,0.145525458479989,-1.22451254420314));
#4105=CARTESIAN_POINT('',(0.0609050400051406,0.146243351084013,-1.22659495999485));
#4106=CARTESIAN_POINT('',(0.0598602207967262,0.146593373327304,-1.22763977920329));
#4107=CARTESIAN_POINT('',(0.0577638204133573,0.147275344952459,-1.22973617958663));
#4108=CARTESIAN_POINT('',(0.0567121953368117,0.147607326763592,-1.23078780466319));
#4109=CARTESIAN_POINT('',(0.0546025593456317,0.148253070001537,-1.23289744065437));
#4110=CARTESIAN_POINT('',(0.0535445032729964,0.148566862324914,-1.233955496727));
#4111=CARTESIAN_POINT('',(0.0514223819796005,0.149176088326657,-1.2360776180204));
#4112=CARTESIAN_POINT('',(0.0503582704120838,0.149471551322371,-1.23714172958792));
#4113=CARTESIAN_POINT('',(0.0482244153199805,0.150043989544005,-1.23927558468002));
#4114=CARTESIAN_POINT('',(0.0471546243282923,0.150320992464285,-1.2403453756717));
#4115=CARTESIAN_POINT('',(0.0450097880240051,0.15085639042746,-1.242490211976));
#4116=CARTESIAN_POINT('',(0.0439346941930864,0.151114811500822,-1.24356530580692));
#4117=CARTESIAN_POINT('',(0.0417796302395642,0.151612934568236,-1.24572036976042));
#4118=CARTESIAN_POINT('',(0.0406996106172493,0.151852660890943,-1.24680038938274));
#4119=CARTESIAN_POINT('',(0.0385350734551039,0.152313292057411,-1.2489649265449));
#4120=CARTESIAN_POINT('',(0.037450505504506,0.152534219492662,-1.25004949449549));
#4121=CARTESIAN_POINT('',(0.0352772503600065,0.152957159190372,-1.25222274964));
#4122=CARTESIAN_POINT('',(0.0341885119152647,0.153159192274923,-1.25331148808473));
#4123=CARTESIAN_POINT('',(0.0320072947149924,0.153544258194879,-1.25549270528501));
#4124=CARTESIAN_POINT('',(0.0309147639400072,0.153727310053178,-1.25658523605999));
#4125=CARTESIAN_POINT('',(0.0287263412311888,0.154074336980659,-1.25877365876881));
#4126=CARTESIAN_POINT('',(0.0276303965811742,0.154238329246704,-1.25986960341882));
#4127=CARTESIAN_POINT('',(0.0254355254572593,0.154547168912323,-1.26206447454274));
#4128=CARTESIAN_POINT('',(0.0243365456427453,0.154692031658743,-1.26316345435724));
#4129=CARTESIAN_POINT('',(0.022135983673706,0.154962552604617,-1.2653640163263));
#4130=CARTESIAN_POINT('',(0.0210343476267485,0.155088224279261,-1.26646565237322));
#4131=CARTESIAN_POINT('',(0.0193801020702783,0.155262302968916,-1.26811989792973));
#4132=CARTESIAN_POINT('',(0.0188284403523919,0.155317920173169,-1.26867155964761));
#4133=CARTESIAN_POINT('',(0.0177246019125197,0.155424336605767,-1.26977539808748));
#4134=CARTESIAN_POINT('',(0.0171724183614752,0.155475137163995,-1.27032758163852));
#4135=CARTESIAN_POINT('',(0.0155152702680516,0.155620294908113,-1.27198472973195));
#4136=CARTESIAN_POINT('',(0.0144094592810507,0.155707433013879,-1.27309054071895));
#4137=CARTESIAN_POINT('',(0.00887841116970818,0.156094672577591,-1.27862158883029));
#4138=CARTESIAN_POINT('',(0.00443831793851395,0.156250000000004,-1.28306168206148));
#4139=CARTESIAN_POINT('',(5.95584281971708E-16,0.156250000000001,-1.2875));
#4140=CARTESIAN_POINT('',(4.59536298991168E-16,-0.156249999999999,-1.2875));
#4141=CARTESIAN_POINT('',(0.00255663475834432,-0.156249999999999,-1.28117999887737));
#4142=CARTESIAN_POINT('',(0.00511326904778823,-0.156187238148157,-1.27485999891387));
#4143=CARTESIAN_POINT('',(0.00830521288012733,-0.156030428003033,-1.26696951376032));
#4144=CARTESIAN_POINT('',(0.00894340921059695,-0.155995148820358,-1.2653918924314));
#4145=CARTESIAN_POINT('',(0.0099003429655322,-0.155936358300793,-1.2630263521892));
#4146=CARTESIAN_POINT('',(0.0102192607621295,-0.155915782845817,-1.26223798739602));
#4147=CARTESIAN_POINT('',(0.0108569641015168,-0.155872675480492,-1.26066158474105));
#4148=CARTESIAN_POINT('',(0.0111757496459563,-0.155850143570031,-1.2598735468752));
#4149=CARTESIAN_POINT('',(0.0121318898954333,-0.155779614428073,-1.25750996817849));
#4150=CARTESIAN_POINT('',(0.0127690282186159,-0.155728683748839,-1.25593496224358));
#4151=CARTESIAN_POINT('',(0.0140426318890225,-0.155619007558278,-1.25278661397034));
#4152=CARTESIAN_POINT('',(0.014679097239084,-0.155560262046705,-1.25121327162498));
#4153=CARTESIAN_POINT('',(0.0159512591139045,-0.155434965038356,-1.24806848747043));
#4154=CARTESIAN_POINT('',(0.0165869556415006,-0.155368413541301,-1.24649704565421));
#4155=CARTESIAN_POINT('',(0.0178574841378385,-0.155227514584434,-1.24335629921126));
#4156=CARTESIAN_POINT('',(0.0184923161094129,-0.155153167124308,-1.24178699457753));
#4157=CARTESIAN_POINT('',(0.0197610198903427,-0.154996687437788,-1.23865075883107));
#4158=CARTESIAN_POINT('',(0.0203948917025376,-0.154914555211044,-1.23708382771133));
#4159=CARTESIAN_POINT('',(0.0216615797059402,-0.154742518360136,-1.23395257496691));
#4160=CARTESIAN_POINT('',(0.02229439589999,-0.154652613735586,-1.23238825333522));
#4161=CARTESIAN_POINT('',(0.0235588773673113,-0.154465045628407,-1.22926245514801));
#4162=CARTESIAN_POINT('',(0.024190542643425,-0.154367382145356,-1.22770097858545));
#4163=CARTESIAN_POINT('',(0.0254526271484073,-0.154164311028973,-1.22458110568914));
#4164=CARTESIAN_POINT('',(0.0260830463801182,-0.154058903395183,-1.22302270934835));
#4165=CARTESIAN_POINT('',(0.0273425438574765,-0.15384035985136,-1.21990923158432));
#4166=CARTESIAN_POINT('',(0.0279716221059654,-0.153727223940833,-1.21835415015405));
#4167=CARTESIAN_POINT('',(0.0292283428800171,-0.153493240881421,-1.2152475364006));
#4168=CARTESIAN_POINT('',(0.029855985408419,-0.153372393732008,-1.21369600407039));
#4169=CARTESIAN_POINT('',(0.0311097402216219,-0.153123006394,-1.21059672217215));
#4170=CARTESIAN_POINT('',(0.0317358525092801,-0.152994466204837,-1.20904897259706));
#4171=CARTESIAN_POINT('',(0.0329864525507891,-0.152729712145045,-1.20595748929445));
#4172=CARTESIAN_POINT('',(0.0336109403074901,-0.152593498273813,-1.20441375555988));
#4173=CARTESIAN_POINT('',(0.0348581972415329,-0.152313417363226,-1.20133053641893));
#4174=CARTESIAN_POINT('',(0.0354809664217208,-0.152169550323232,-1.1997910510055));
#4175=CARTESIAN_POINT('',(0.0367246924159897,-0.151874184741005,-1.19671656034767));
#4176=CARTESIAN_POINT('',(0.0373456492329166,-0.151722686198096,-1.19518155509623));
#4177=CARTESIAN_POINT('',(0.0385856569868544,-0.151412080425198,-1.1921162559285));
#4178=CARTESIAN_POINT('',(0.039204707926713,-0.151252973194496,-1.19058596200517));
#4179=CARTESIAN_POINT('',(0.0404408106996986,-0.150927174007019,-1.18753031595034));
#4180=CARTESIAN_POINT('',(0.0410578625356937,-0.150760482049488,-1.18600496381176));
#4181=CARTESIAN_POINT('',(0.0422898741752127,-0.150419538511586,-1.18295943103887));
#4182=CARTESIAN_POINT('',(0.0429048339815999,-0.150245286930423,-1.18143925039748));
#4183=CARTESIAN_POINT('',(0.04413256895123,-0.14988925038694,-1.17840428955256));
#4184=CARTESIAN_POINT('',(0.0447453441173267,-0.149707465423792,-1.17688950934197));
#4185=CARTESIAN_POINT('',(0.0459686175246937,-0.149336389492522,-1.17386557747896));
#4186=CARTESIAN_POINT('',(0.0465791157688182,-0.149147098523534,-1.17235642581948));
#4187=CARTESIAN_POINT('',(0.0477977433934413,-0.14876103908715,-1.16934397833141));
#4188=CARTESIAN_POINT('',(0.0484058727768043,-0.148564270618846,-1.16784068249574));
#4189=CARTESIAN_POINT('',(0.0502265702583728,-0.147962793415293,-1.1633399183213));
#4190=CARTESIAN_POINT('',(0.0514354475045161,-0.147546912320069,-1.16035157376883));
#4191=CARTESIAN_POINT('',(0.0538426316805536,-0.146685608049624,-1.15440101448567));
#4192=CARTESIAN_POINT('',(0.0550409386024935,-0.14624018487725,-1.15143879977463));
#4193=CARTESIAN_POINT('',(0.0574262603146914,-0.145320064758605,-1.14554228450208));
#4194=CARTESIAN_POINT('',(0.0586132750971577,-0.144845367815338,-1.14260798395982));
#4195=CARTESIAN_POINT('',(0.060975297516934,-0.143866986094438,-1.13676906453814));
#4196=CARTESIAN_POINT('',(0.0621503051465895,-0.143363301319974,-1.13386444567763));
#4197=CARTESIAN_POINT('',(0.0644876054799707,-0.142327247337379,-1.12808663925351));
#4198=CARTESIAN_POINT('',(0.0656498981761645,-0.141794878132586,-1.12521345170852));
#4199=CARTESIAN_POINT('',(0.0679610685207998,-0.140701775968489,-1.11950023861658));
#4200=CARTESIAN_POINT('',(0.0691099461618805,-0.140141043012665,-1.11666021308783));
#4201=CARTESIAN_POINT('',(0.0713935943551854,-0.138991551110932,-1.11101503475398));
#4202=CARTESIAN_POINT('',(0.0725283649002131,-0.138402792168645,-1.10820988196668));
#4203=CARTESIAN_POINT('',(0.0747831153579122,-0.137197602940215,-1.10263613883524));
#4204=CARTESIAN_POINT('',(0.0759030952635479,-0.136581172657831,-1.09986754850851));
#4205=CARTESIAN_POINT('',(0.0781275898082603,-0.13532101206364,-1.09436859799398));
#4206=CARTESIAN_POINT('',(0.0792321044404885,-0.134677281755711,-1.09163823782311));
#4207=CARTESIAN_POINT('',(0.0814250031198942,-0.133362908869373,-1.08621739228762));
#4208=CARTESIAN_POINT('',(0.0825133871603884,-0.132692266294971,-1.08352690693952));
#4209=CARTESIAN_POINT('',(0.0846733690543302,-0.131324472845562,-1.0781874316977));
#4210=CARTESIAN_POINT('',(0.0857449669012523,-0.130627321974687,-1.0755384418201));
#4211=CARTESIAN_POINT('',(0.0878707309173744,-0.129206931869857,-1.07028355317225));
#4212=CARTESIAN_POINT('',(0.0889248970802539,-0.128483692640123,-1.06767765441761));
#4213=CARTESIAN_POINT('',(0.0910151627378238,-0.127011561469745,-1.0625105177121));
#4214=CARTESIAN_POINT('',(0.092051262226381,-0.126262669533419,-1.05994927977639));
#4215=CARTESIAN_POINT('',(0.0941047704275053,-0.124739684054281,-1.0548730075032));
#4216=CARTESIAN_POINT('',(0.0951221791341527,-0.123965590515859,-1.05235797318038));
#4217=CARTESIAN_POINT('',(0.0971376929222943,-0.122392668117455,-1.04737562309608));
#4218=CARTESIAN_POINT('',(0.0981357979980623,-0.121593839261941,-1.04490830734879));
#4219=CARTESIAN_POINT('',(0.100112103303078,-0.119971927413913,-1.04002288063479));
#4220=CARTESIAN_POINT('',(0.101090303526794,-0.119148844425936,-1.03760476968176));
#4221=CARTESIAN_POINT('',(0.103026209896262,-0.117478920107339,-1.03281920913644));
#4222=CARTESIAN_POINT('',(0.103983916036695,-0.116632078781306,-1.03045175955729));
#4223=CARTESIAN_POINT('',(0.105878257353,-0.114915147892117,-1.02576894782338));
#4224=CARTESIAN_POINT('',(0.10681489252378,-0.114045058333574,-1.02345358568122));
#4225=CARTESIAN_POINT('',(0.108666527706554,-0.112282155088758,-1.0188763435094));
#4226=CARTESIAN_POINT('',(0.109581527713674,-0.111389341407123,-1.0166144634918));
#4227=CARTESIAN_POINT('',(0.111389341407124,-0.109581527713672,-1.01214554804159));
#4228=CARTESIAN_POINT('',(0.112282155088785,-0.108666527706526,-1.00993851262052));
#4229=CARTESIAN_POINT('',(0.114045058333549,-0.106814892523807,-1.00558061579947));
#4230=CARTESIAN_POINT('',(0.114915147892185,-0.105878257352925,-1.00342975441052));
#4231=CARTESIAN_POINT('',(0.11663207878124,-0.103983916036768,-0.999185501252771));
#4232=CARTESIAN_POINT('',(0.117478920107435,-0.103026209896151,-0.997092109494419));
#4233=CARTESIAN_POINT('',(0.119148844425842,-0.101090303526903,-0.992964056579318));
#4234=CARTESIAN_POINT('',(0.119971927414037,-0.100112103302927,-0.990929395432503));
#4235=CARTESIAN_POINT('',(0.121593839261819,-0.0981357979982112,-0.986920029344779));
#4236=CARTESIAN_POINT('',(0.122392668117601,-0.0971376929221067,-0.984945324413289));
#4237=CARTESIAN_POINT('',(0.123965590515714,-0.0951221791343383,-0.981057060245154));
#4238=CARTESIAN_POINT('',(0.124739684054449,-0.0941047704272801,-0.979143501017405));
#4239=CARTESIAN_POINT('',(0.126262669533254,-0.0920512622266044,-0.975378680913793));
#4240=CARTESIAN_POINT('',(0.127011561469939,-0.0910151627375497,-0.973527420046312));
#4241=CARTESIAN_POINT('',(0.128483692639932,-0.0889248970805261,-0.969888311794086));
#4242=CARTESIAN_POINT('',(0.129206931870068,-0.0878707309170586,-0.968100464417192));
#4243=CARTESIAN_POINT('',(0.130627321974478,-0.085744966901566,-0.964589260079088));
#4244=CARTESIAN_POINT('',(0.131324472845796,-0.084673369053961,-0.962865903125195));
#4245=CARTESIAN_POINT('',(0.132692266294738,-0.0825133871607559,-0.959484717719402));
#4246=CARTESIAN_POINT('',(0.133362908869616,-0.0814250031194909,-0.957826889274311));
#4247=CARTESIAN_POINT('',(0.134677281755471,-0.0792321044408899,-0.954577759500475));
#4248=CARTESIAN_POINT('',(0.135321012063897,-0.0781275898078082,-0.952986458178048));
#4249=CARTESIAN_POINT('',(0.136581172657577,-0.0759030952639983,-0.949871341190469));
#4250=CARTESIAN_POINT('',(0.137197602940482,-0.0747831153574125,-0.948347525531127));
#4251=CARTESIAN_POINT('',(0.13840279216838,-0.0725283649007107,-0.945368297759765));
#4252=CARTESIAN_POINT('',(0.138991551111208,-0.0713935943546381,-0.943912885653094));
#4253=CARTESIAN_POINT('',(0.140141043012391,-0.0691099461624255,-0.941071341673367));
#4254=CARTESIAN_POINT('',(0.140701775968768,-0.0679610685202117,-0.939685209805205));
#4255=CARTESIAN_POINT('',(0.141794878132309,-0.0656498981767505,-0.936983061256931));
#4256=CARTESIAN_POINT('',(0.142327247337663,-0.0644876054793296,-0.935667044581293));
#4257=CARTESIAN_POINT('',(0.143363301319691,-0.0621503051472287,-0.933105919137725));
#4258=CARTESIAN_POINT('',(0.14386698609472,-0.0609752975162532,-0.93186081037385));
#4259=CARTESIAN_POINT('',(0.145334558675227,-0.0574322638886278,-0.92823297095484));
#4260=CARTESIAN_POINT('',(0.146254955914958,-0.0550462237670208,-0.925957748978225));
#4261=CARTESIAN_POINT('',(0.147546912319792,-0.0514354475052905,-0.922764032745472));
#4262=CARTESIAN_POINT('',(0.147962793415559,-0.0502265702575677,-0.921735974676735));
#4263=CARTESIAN_POINT('',(0.148764763019766,-0.0477989736170848,-0.91975350581514));
#4264=CARTESIAN_POINT('',(0.149150851527145,-0.0465802542275301,-0.918799095024899));
#4265=CARTESIAN_POINT('',(0.149893003389171,-0.0441337074144884,-0.916964495621966));
#4266=CARTESIAN_POINT('',(0.150249066742881,-0.0429058799940892,-0.916084307011599));
#4267=CARTESIAN_POINT('',(0.150930953818196,-0.0404418567168156,-0.91439868216142));
#4268=CARTESIAN_POINT('',(0.151256777538983,-0.0392056608628954,-0.913593245923632));
#4269=CARTESIAN_POINT('',(0.151877989084313,-0.0367256453568736,-0.912057610983579));
#4270=CARTESIAN_POINT('',(0.152173376908148,-0.0354818257075989,-0.911327412283056));
#4271=CARTESIAN_POINT('',(0.152733538728894,-0.032987311841422,-0.909942692262176));
#4272=CARTESIAN_POINT('',(0.152998312725191,-0.0317366176272476,-0.909288170943326));
#4273=CARTESIAN_POINT('',(0.153497087400819,-0.0292291080027916,-0.908055199945175));
#4274=CARTESIAN_POINT('',(0.153731088079625,-0.0279722925951405,-0.907476750267169));
#4275=CARTESIAN_POINT('',(0.15416817516692,-0.0254532976424528,-0.90639627098737));
#4276=CARTESIAN_POINT('',(0.154371261574972,-0.0241911180999346,-0.905894241386667));
#4277=CARTESIAN_POINT('',(0.154746397789023,-0.0216621551673648,-0.904966904665536));
#4278=CARTESIAN_POINT('',(0.15491844759466,-0.0203953717797472,-0.904541597546001));
#4279=CARTESIAN_POINT('',(0.155231406967438,-0.017857964220007,-0.903767961976492));
#4280=CARTESIAN_POINT('',(0.155372316534289,-0.0165873400502355,-0.903419633527235));
#4281=CARTESIAN_POINT('',(0.155622910550774,-0.0140430163027512,-0.902800165118488));
#4282=CARTESIAN_POINT('',(0.155732595000182,-0.0127693167273268,-0.902529025159549));
#4283=CARTESIAN_POINT('',(0.15592067271191,-0.0102196093975682,-0.902064097056159));
#4284=CARTESIAN_POINT('',(0.155999065974063,-0.00894360164549249,-0.901870308912117));
#4285=CARTESIAN_POINT('',(0.156124514090054,-0.00639004658182463,-0.901560201169383));
#4286=CARTESIAN_POINT('',(0.156171568943782,-0.00511249927245775,-0.90144388157097));
#4287=CARTESIAN_POINT('',(0.156234311898783,-0.00255663464095136,-0.901288780986208));
#4288=CARTESIAN_POINT('',(0.156250000000001,-0.00127831732102415,-0.901249999999998));
#4289=CARTESIAN_POINT('',(0.156250000000001,0.00127831732102518,-0.901249999999998));
#4290=CARTESIAN_POINT('',(0.156234311898783,0.00255663464095705,-0.901288780986208));
#4291=CARTESIAN_POINT('',(0.156171568943782,0.00511249927245407,-0.90144388157097));
#4292=CARTESIAN_POINT('',(0.156124514090054,0.00639004658182667,-0.901560201169383));
#4293=CARTESIAN_POINT('',(0.155999065974063,0.00894360164549248,-0.901870308912117));
#4294=CARTESIAN_POINT('',(0.15592067271191,0.0102196093975717,-0.902064097056159));
#4295=CARTESIAN_POINT('',(0.155732595000182,0.0127693167273254,-0.902529025159549));
#4296=CARTESIAN_POINT('',(0.155622910550774,0.0140430163027494,-0.902800165118488));
#4297=CARTESIAN_POINT('',(0.155372316534289,0.0165873400502393,-0.903419633527235));
#4298=CARTESIAN_POINT('',(0.155231406967438,0.0178579642200059,-0.903767961976492));
#4299=CARTESIAN_POINT('',(0.15491844759466,0.0203953717797502,-0.904541597546001));
#4300=CARTESIAN_POINT('',(0.154746397789023,0.0216621551673663,-0.904966904665536));
#4301=CARTESIAN_POINT('',(0.154371261574972,0.0241911180999353,-0.905894241386667));
#4302=CARTESIAN_POINT('',(0.154168175166921,0.0254532976424519,-0.90639627098737));
#4303=CARTESIAN_POINT('',(0.153731088079625,0.0279722925951432,-0.907476750267169));
#4304=CARTESIAN_POINT('',(0.153497087400819,0.0292291080027958,-0.908055199945178));
#4305=CARTESIAN_POINT('',(0.152998312725192,0.0317366176272453,-0.909288170943323));
#4306=CARTESIAN_POINT('',(0.152733538728893,0.0329873118414239,-0.909942692262176));
#4307=CARTESIAN_POINT('',(0.152173376908148,0.0354818257075989,-0.911327412283056));
#4308=CARTESIAN_POINT('',(0.151877989084314,0.0367256453568722,-0.912057610983576));
#4309=CARTESIAN_POINT('',(0.151256777538982,0.0392056608628987,-0.913593245923634));
#4310=CARTESIAN_POINT('',(0.150930953818196,0.0404418567168166,-0.914398682161423));
#4311=CARTESIAN_POINT('',(0.15024906674288,0.0429058799940901,-0.916084307011596));
#4312=CARTESIAN_POINT('',(0.149893003389171,0.0441337074144915,-0.916964495621969));
#4313=CARTESIAN_POINT('',(0.149150851527146,0.046580254227529,-0.918799095024896));
#4314=CARTESIAN_POINT('',(0.148764763019766,0.0477989736170855,-0.919753505815137));
#4315=CARTESIAN_POINT('',(0.147962793415559,0.0502265702575691,-0.921735974676738));
#4316=CARTESIAN_POINT('',(0.147546912319792,0.051435447505291,-0.922764032745472));
#4317=CARTESIAN_POINT('',(0.146254955914958,0.0550462237670226,-0.925957748978224));
#4318=CARTESIAN_POINT('',(0.145334558675229,0.057432263888623,-0.928232970954834));
#4319=CARTESIAN_POINT('',(0.143866986094719,0.0609752975162572,-0.931860810373853));
#4320=CARTESIAN_POINT('',(0.143363301319691,0.0621503051472296,-0.933105919137722));
#4321=CARTESIAN_POINT('',(0.142327247337664,0.0644876054793307,-0.935667044581296));
#4322=CARTESIAN_POINT('',(0.141794878132309,0.0656498981767517,-0.936983061256928));
#4323=CARTESIAN_POINT('',(0.140701775968768,0.0679610685202125,-0.939685209805208));
#4324=CARTESIAN_POINT('',(0.140141043012393,0.0691099461624222,-0.941071341673361));
#4325=CARTESIAN_POINT('',(0.138991551111206,0.0713935943546433,-0.943912885653099));
#4326=CARTESIAN_POINT('',(0.13840279216838,0.0725283649007117,-0.945368297759765));
#4327=CARTESIAN_POINT('',(0.137197602940482,0.0747831153574137,-0.948347525531127));
#4328=CARTESIAN_POINT('',(0.136581172657578,0.0759030952639965,-0.949871341190462));
#4329=CARTESIAN_POINT('',(0.135321012063895,0.0781275898078121,-0.952986458178054));
#4330=CARTESIAN_POINT('',(0.13467728175547,0.0792321044408921,-0.954577759500481));
#4331=CARTESIAN_POINT('',(0.133362908869616,0.0814250031194906,-0.957826889274305));
#4332=CARTESIAN_POINT('',(0.132692266294739,0.0825133871607553,-0.959484717719405));
#4333=CARTESIAN_POINT('',(0.131324472845795,0.0846733690539635,-0.962865903125192));
#4334=CARTESIAN_POINT('',(0.130627321974477,0.0857449669015691,-0.964589260079091));
#4335=CARTESIAN_POINT('',(0.12920693187007,0.0878707309170577,-0.968100464417189));
#4336=CARTESIAN_POINT('',(0.12848369263993,0.0889248970805296,-0.969888311794089));
#4337=CARTESIAN_POINT('',(0.127011561469941,0.091015162737548,-0.973527420046309));
#4338=CARTESIAN_POINT('',(0.126262669533252,0.0920512622266088,-0.9753786809138));
#4339=CARTESIAN_POINT('',(0.124739684054451,0.0941047704272777,-0.979143501017398));
#4340=CARTESIAN_POINT('',(0.123965590515712,0.0951221791343423,-0.98105706024516));
#4341=CARTESIAN_POINT('',(0.122392668117604,0.0971376929221046,-0.984945324413282));
#4342=CARTESIAN_POINT('',(0.121593839261818,0.0981357979982139,-0.986920029344782));
#4343=CARTESIAN_POINT('',(0.119971927414038,0.100112103302926,-0.990929395432499));
#4344=CARTESIAN_POINT('',(0.119148844425841,0.101090303526905,-0.992964056579318));
#4345=CARTESIAN_POINT('',(0.117478920107437,0.103026209896151,-0.997092109494419));
#4346=CARTESIAN_POINT('',(0.116632078781245,0.103983916036763,-0.999185501252761));
#4347=CARTESIAN_POINT('',(0.114915147892181,0.105878257352931,-1.00342975441053));
#4348=CARTESIAN_POINT('',(0.114045058333545,0.106814892523813,-1.00558061579948));
#4349=CARTESIAN_POINT('',(0.11228215508879,0.108666527706522,-1.00993851262051));
#4350=CARTESIAN_POINT('',(0.111389341407126,0.109581527713672,-1.01214554804159));
#4351=CARTESIAN_POINT('',(0.109581527713672,0.111389341407125,-1.0166144634918));
#4352=CARTESIAN_POINT('',(0.108666527706556,0.112282155088757,-1.01887634350939));
#4353=CARTESIAN_POINT('',(0.106814892523779,0.114045058333577,-1.02345358568122));
#4354=CARTESIAN_POINT('',(0.105878257353002,0.114915147892117,-1.02576894782338));
#4355=CARTESIAN_POINT('',(0.103983916036693,0.116632078781309,-1.0304517595573));
#4356=CARTESIAN_POINT('',(0.103026209896262,0.117478920107341,-1.03281920913644));
#4357=CARTESIAN_POINT('',(0.101090303526795,0.119148844425937,-1.03760476968176));
#4358=CARTESIAN_POINT('',(0.100112103303077,0.119971927413915,-1.0400228806348));
#4359=CARTESIAN_POINT('',(0.0981357979980637,0.121593839261941,-1.04490830734878));
#4360=CARTESIAN_POINT('',(0.0971376929222955,0.122392668117455,-1.04737562309608));
#4361=CARTESIAN_POINT('',(0.0951221791341517,0.123965590515861,-1.05235797318038));
#4362=CARTESIAN_POINT('',(0.0941047704275101,0.124739684054279,-1.0548730075032));
#4363=CARTESIAN_POINT('',(0.0920512622263767,0.126262669533424,-1.0599492797764));
#4364=CARTESIAN_POINT('',(0.0910151627378233,0.127011561469747,-1.0625105177121));
#4365=CARTESIAN_POINT('',(0.0889248970802546,0.128483692640124,-1.06767765441761));
#4366=CARTESIAN_POINT('',(0.0878707309173776,0.129206931869856,-1.07028355317224));
#4367=CARTESIAN_POINT('',(0.0857449669012493,0.13062732197469,-1.07553844182011));
#4368=CARTESIAN_POINT('',(0.084673369054327,0.131324472845565,-1.0781874316977));
#4369=CARTESIAN_POINT('',(0.082513387160392,0.132692266294969,-1.08352690693951));
#4370=CARTESIAN_POINT('',(0.0814250031198972,0.133362908869373,-1.08621739228761));
#4371=CARTESIAN_POINT('',(0.0792321044404859,0.134677281755713,-1.09163823782312));
#4372=CARTESIAN_POINT('',(0.0781275898082676,0.135321012063637,-1.09436859799396));
#4373=CARTESIAN_POINT('',(0.0759030952635414,0.136581172657836,-1.09986754850852));
#4374=CARTESIAN_POINT('',(0.0747831153579131,0.137197602940215,-1.10263613883524));
#4375=CARTESIAN_POINT('',(0.0725283649002125,0.138402792168647,-1.10820988196668));
#4376=CARTESIAN_POINT('',(0.0713935943551891,0.138991551110931,-1.11101503475397));
#4377=CARTESIAN_POINT('',(0.0691099461618769,0.140141043012668,-1.11666021308784));
#4378=CARTESIAN_POINT('',(0.0679610685208021,0.140701775968489,-1.11950023861658));
#4379=CARTESIAN_POINT('',(0.0656498981761623,0.141794878132588,-1.12521345170853));
#4380=CARTESIAN_POINT('',(0.0644876054799664,0.142327247337382,-1.12808663925352));
#4381=CARTESIAN_POINT('',(0.062150305146594,0.143363301319973,-1.13386444567762));
#4382=CARTESIAN_POINT('',(0.0609752975169371,0.143866986094437,-1.13676906453813));
#4383=CARTESIAN_POINT('',(0.0586132750971546,0.144845367815341,-1.14260798395983));
#4384=CARTESIAN_POINT('',(0.0574262603146955,0.145320064758604,-1.14554228450207));
#4385=CARTESIAN_POINT('',(0.0550409386024898,0.146240184877253,-1.15143879977464));
#4386=CARTESIAN_POINT('',(0.0538426316805453,0.146685608049628,-1.15440101448569));
#4387=CARTESIAN_POINT('',(0.0514354475045247,0.147546912320066,-1.16035157376882));
#4388=CARTESIAN_POINT('',(0.050226570258378,0.147962793415292,-1.16333991832129));
#4389=CARTESIAN_POINT('',(0.048405872776802,0.148564270618848,-1.16784068249574));
#4390=CARTESIAN_POINT('',(0.0477977433934436,0.14876103908715,-1.16934397833141));
#4391=CARTESIAN_POINT('',(0.0465791157688165,0.149147098523536,-1.17235642581949));
#4392=CARTESIAN_POINT('',(0.0459686175246933,0.149336389492523,-1.17386557747896));
#4393=CARTESIAN_POINT('',(0.0447453441173275,0.149707465423793,-1.17688950934197));
#4394=CARTESIAN_POINT('',(0.04413256895123,0.149889250386941,-1.17840428955256));
#4395=CARTESIAN_POINT('',(0.0429048339816005,0.150245286930424,-1.18143925039748));
#4396=CARTESIAN_POINT('',(0.0422898741752154,0.150419538511586,-1.18295943103887));
#4397=CARTESIAN_POINT('',(0.0410578625356919,0.150760482049489,-1.18600496381177));
#4398=CARTESIAN_POINT('',(0.0404408106997034,0.150927174007019,-1.18753031595033));
#4399=CARTESIAN_POINT('',(0.0392047079267088,0.151252973194498,-1.19058596200517));
#4400=CARTESIAN_POINT('',(0.0385856569868528,0.1514120804252,-1.1921162559285));
#4401=CARTESIAN_POINT('',(0.0373456492329185,0.151722686198096,-1.19518155509623));
#4402=CARTESIAN_POINT('',(0.03672469241599,0.151874184741006,-1.19671656034767));
#4403=CARTESIAN_POINT('',(0.0354809664217211,0.152169550323233,-1.1997910510055));
#4404=CARTESIAN_POINT('',(0.0348581972415326,0.152313417363227,-1.20133053641893));
#4405=CARTESIAN_POINT('',(0.0336109403074908,0.152593498273814,-1.20441375555988));
#4406=CARTESIAN_POINT('',(0.0329864525507895,0.152729712145046,-1.20595748929445));
#4407=CARTESIAN_POINT('',(0.0317358525092802,0.152994466204838,-1.20904897259706));
#4408=CARTESIAN_POINT('',(0.0311097402216257,0.153123006394001,-1.21059672217214));
#4409=CARTESIAN_POINT('',(0.0298559854084158,0.15337239373201,-1.2136960040704));
#4410=CARTESIAN_POINT('',(0.029228342880015,0.153493240881423,-1.2152475364006));
#4411=CARTESIAN_POINT('',(0.0279716221059679,0.153727223940833,-1.21835415015405));
#4412=CARTESIAN_POINT('',(0.0273425438574769,0.153840359851361,-1.21990923158432));
#4413=CARTESIAN_POINT('',(0.0260830463801183,0.154058903395185,-1.22302270934835));
#4414=CARTESIAN_POINT('',(0.0254526271484074,0.154164311028974,-1.22458110568914));
#4415=CARTESIAN_POINT('',(0.0241905426434256,0.154367382145357,-1.22770097858545));
#4416=CARTESIAN_POINT('',(0.0235588773673115,0.154465045628408,-1.22926245514801));
#4417=CARTESIAN_POINT('',(0.0222943958999903,0.154652613735587,-1.23238825333522));
#4418=CARTESIAN_POINT('',(0.0216615797059406,0.154742518360137,-1.23395257496691));
#4419=CARTESIAN_POINT('',(0.0203948917025377,0.154914555211045,-1.23708382771133));
#4420=CARTESIAN_POINT('',(0.0197610198903433,0.154996687437789,-1.23865075883107));
#4421=CARTESIAN_POINT('',(0.0184923161094133,0.155153167124309,-1.24178699457753));
#4422=CARTESIAN_POINT('',(0.0178574841378371,0.155227514584435,-1.24335629921127));
#4423=CARTESIAN_POINT('',(0.0165869556415028,0.155368413541302,-1.2464970456542));
#4424=CARTESIAN_POINT('',(0.0159512591139047,0.155434965038357,-1.24806848747043));
#4425=CARTESIAN_POINT('',(0.0146790972390843,0.155560262046706,-1.25121327162498));
#4426=CARTESIAN_POINT('',(0.0140426318890228,0.155619007558279,-1.25278661397034));
#4427=CARTESIAN_POINT('',(0.0127690282186161,0.155728683748841,-1.25593496224358));
#4428=CARTESIAN_POINT('',(0.0121318898954315,0.155779614428074,-1.25750996817849));
#4429=CARTESIAN_POINT('',(0.0111757496459574,0.155850143570032,-1.25987354687519));
#4430=CARTESIAN_POINT('',(0.0108569641015177,0.155872675480493,-1.26066158474105));
#4431=CARTESIAN_POINT('',(0.0102192607621284,0.155915782845818,-1.26223798739602));
#4432=CARTESIAN_POINT('',(0.00990034296553359,0.155936358300794,-1.2630263521892));
#4433=CARTESIAN_POINT('',(0.00894340921059519,0.155995148820359,-1.26539189243141));
#4434=CARTESIAN_POINT('',(0.00830521288012563,0.156030428003034,-1.26696951376033));
#4435=CARTESIAN_POINT('',(0.00511326904779602,0.156187238148158,-1.27485999891385));
#4436=CARTESIAN_POINT('',(0.00255663475833884,0.156250000000001,-1.28117999887739));
#4437=CARTESIAN_POINT('',(5.95372511238247E-16,0.156250000000001,-1.2875));
#4438=CARTESIAN_POINT('',(0.102904457826849,-0.10387108885707,-1.70160908887133));
#4439=CARTESIAN_POINT('',(0.131961284906999,-0.133200860679253,-1.7126345603631));
#4440=CARTESIAN_POINT('',(0.124630048419887,-0.125800758364284,-1.71865070112011));
#4441=CARTESIAN_POINT('',(0.117298850994801,-0.118400695478271,-1.72466693797889));
#4442=CARTESIAN_POINT('',(0.1099677374225,-0.11100071723271,-1.730683381119));
#4443=CARTESIAN_POINT('',(0.131961284906999,-0.133200860679253,-1.7126345603631));
#4444=CARTESIAN_POINT('',(0.131961284906999,-0.133200860679253,-2.00625));
#4445=CARTESIAN_POINT('',(0.131961284906999,-0.133200860679253,-1.6952076174796));
#4446=CARTESIAN_POINT('',(0.102904457826849,-0.10387108885707,-1.67136525713604));
#4447=CARTESIAN_POINT('',(0.137272410888763,-0.138561876619992,-1.69956562185282));
#4448=CARTESIAN_POINT('',(3.87173288262907E-16,5.63523489684587E-16,-2.00625));
#4449=CARTESIAN_POINT('',(-0.150452635902028,0.111893942419291,-1.97500000000006));
#4450=CARTESIAN_POINT('',(-0.183090051426543,0.0680096615679404,-1.97222906056056));
#4451=CARTESIAN_POINT('',(-0.20712886466482,-0.0505646450403337,-1.96621022457028));
#4452=CARTESIAN_POINT('',(-0.0933457431421317,-0.191730901779478,-1.95761772489745));
#4453=CARTESIAN_POINT('',(0.0882513834578705,-0.19409696207176,-1.94884009213925));
#4454=CARTESIAN_POINT('',(0.205683739647393,-0.0561275087861737,-1.94007782627716));
#4455=CARTESIAN_POINT('',(0.17440907054244,0.122732364426064,-1.93132209915382));
#4456=CARTESIAN_POINT('',(0.0167830681321635,0.212527413822194,-1.92247249903068));
#4457=CARTESIAN_POINT('',(-0.152890909099477,0.148659696983199,-1.9137880730602));
#4458=CARTESIAN_POINT('',(-0.211967311127117,-0.0230853008939283,-1.90499254689882));
#4459=CARTESIAN_POINT('',(-0.117661968408167,-0.17779670949979,-1.89637410524984));
#4460=CARTESIAN_POINT('',(0.061998674977381,-0.204056240612452,-1.88762090524449));
#4461=CARTESIAN_POINT('',(0.196613304973726,-0.0824221441565772,-1.87891612204922));
#4462=CARTESIAN_POINT('',(0.189028147618452,0.0987044036753579,-1.87017819206174));
#4463=CARTESIAN_POINT('',(0.0443908598410567,0.208549033527083,-1.86135240294285));
#4464=CARTESIAN_POINT('',(-0.132055205346167,0.167380192615995,-1.85263093428839));
#4465=CARTESIAN_POINT('',(-0.213209334667845,0.00497108947709461,-1.84377348363544));
#4466=CARTESIAN_POINT('',(-0.139799771725832,-0.160954953268586,-1.8351159263095));
#4467=CARTESIAN_POINT('',(0.0345972700219382,-0.210421377518752,-1.82636013574933));
#4468=CARTESIAN_POINT('',(0.184193506371343,-0.107411536626758,-1.81770320930119));
#4469=CARTESIAN_POINT('',(0.200291602318274,0.0730611634007979,-1.80897408011341));
#4470=CARTESIAN_POINT('',(0.0714250394273884,0.200952521343408,-1.80022834453477));
#4471=CARTESIAN_POINT('',(-0.109142519417835,0.183133303032649,-1.79147920693913));
#4472=CARTESIAN_POINT('',(-0.2106782611057,0.0329781964923889,-1.78265467954869));
#4473=CARTESIAN_POINT('',(-0.159652209033969,-0.141335206098082,-1.773916269249));
#4474=CARTESIAN_POINT('',(0.00671999116898237,-0.213094058812604,-1.76510481999938));
#4475=CARTESIAN_POINT('',(0.168512078724595,-0.130720710557273,-1.75646241703414));
#4476=CARTESIAN_POINT('',(0.20808780822173,0.0463684555518727,-1.74770750693337));
#4477=CARTESIAN_POINT('',(0.097238071494846,0.189783904811314,-1.73905243644344));
#4478=CARTESIAN_POINT('',(-0.0842958625714893,0.195854179241136,-1.73029502235955));
#4479=CARTESIAN_POINT('',(-0.204489577027187,0.0602898571579319,-1.72153700891051));
#4480=CARTESIAN_POINT('',(-0.176918880744974,-0.119192077643091,-1.71278745451476));
#4481=CARTESIAN_POINT('',(-0.0209263130486493,-0.211984286039266,-1.70392192281661));
#4482=CARTESIAN_POINT('',(0.0925670663735459,-0.172228474082588,-1.69816316919862));
#4483=CARTESIAN_POINT('',(0.131961284906999,-0.133200860679252,-1.6952076174796));
#4484=CARTESIAN_POINT('',(-0.0853997746396919,-0.1669225224213,-1.975));
#4485=CARTESIAN_POINT('',(-0.0390806154060637,-0.190620018137715,-1.97218774937431));
#4486=CARTESIAN_POINT('',(0.0721169222547134,-0.196951189818742,-1.96682664628714));
#4487=CARTESIAN_POINT('',(0.193901486012528,-0.0808286959227053,-1.95858761532349));
#4488=CARTESIAN_POINT('',(0.190777319775995,0.0876664317736687,-1.95037551590443));
#4489=CARTESIAN_POINT('',(0.0653938423091951,0.199538957471151,-1.94221544431436));
#4490=CARTESIAN_POINT('',(-0.102358011527441,0.18334971970485,-1.9339763235143));
#4491=CARTESIAN_POINT('',(-0.20404085132119,0.0495255723597901,-1.92584740910129));
#4492=CARTESIAN_POINT('',(-0.174803650631264,-0.116375988161842,-1.91759854957556));
#4493=CARTESIAN_POINT('',(-0.0333139180371503,-0.207289468754814,-1.90948298359044));
#4494=CARTESIAN_POINT('',(0.129622787729443,-0.165225067892245,-1.90123119065105));
#4495=CARTESIAN_POINT('',(0.209275440540891,-0.0168868012124235,-1.89311180569902));
#4496=CARTESIAN_POINT('',(0.154615237882604,0.142096584978631,-1.88485568291382));
#4497=CARTESIAN_POINT('',(0.000385172502724062,0.209972505622223,-1.8767202074718));
#4498=CARTESIAN_POINT('',(-0.153748205186633,0.143010816027902,-1.86845269202037));
#4499=CARTESIAN_POINT('',(-0.209373309832716,-0.0160651311628534,-1.86029560529112));
#4500=CARTESIAN_POINT('',(-0.130486618166423,-0.164489158801774,-1.85202148167881));
#4501=CARTESIAN_POINT('',(0.0323526719297684,-0.207493961421289,-1.84385338000332));
#4502=CARTESIAN_POINT('',(0.174237985328148,-0.117128402631631,-1.83558067920637));
#4503=CARTESIAN_POINT('',(0.204351572394807,0.0483841760952876,-1.82740991573315));
#4504=CARTESIAN_POINT('',(0.103056560081388,0.182927545897719,-1.81914683759707));
#4505=CARTESIAN_POINT('',(-0.0641732722620946,0.199943508807246,-1.81097146196083));
#4506=CARTESIAN_POINT('',(-0.190471431592426,0.088379513599388,-1.80273176470807));
#4507=CARTESIAN_POINT('',(-0.19428846196494,-0.079630306686422,-1.7945452929582));
#4508=CARTESIAN_POINT('',(-0.0732057238190896,-0.196819435706029,-1.78634034592325));
#4509=CARTESIAN_POINT('',(0.0946449948610398,-0.187414080770336,-1.778135494609));
#4510=CARTESIAN_POINT('',(0.20193618197825,-0.0576463054551809,-1.76997148691537));
#4511=CARTESIAN_POINT('',(0.179372460166602,0.109105179047883,-1.76174201457482));
#4512=CARTESIAN_POINT('',(0.0417664351724826,0.205805831005923,-1.75361633916254));
#4513=CARTESIAN_POINT('',(-0.122897610539896,0.17023877581933,-1.74536129021594));
#4514=CARTESIAN_POINT('',(-0.208403789550969,0.0255773625478382,-1.73725777238279));
#4515=CARTESIAN_POINT('',(-0.160164206049363,-0.135955642145932,-1.72898752735672));
#4516=CARTESIAN_POINT('',(-0.0088480590036377,-0.209503177141144,-1.72086889032904));
#4517=CARTESIAN_POINT('',(0.0949972188693586,-0.169820936742124,-1.71539113679189));
#4518=CARTESIAN_POINT('',(0.131961284906999,-0.133200860679253,-1.7126345603631));
#4519=CARTESIAN_POINT('',(0.136407096636352,0.0754289194124416,-1.97662869246779));
#4520=CARTESIAN_POINT('',(0.129378318106425,0.0882229811753842,-1.9756979085387));
#4521=CARTESIAN_POINT('',(0.0960376310553278,0.133077478329219,-1.97216295794294));
#4522=CARTESIAN_POINT('',(3.7884917405059E-16,0.172927448293812,-1.96602384068051));
#4523=CARTESIAN_POINT('',(-0.122215289356279,0.12221528935628,-1.95821134068051));
#4524=CARTESIAN_POINT('',(-0.172927448293811,5.98217959204123E-16,-1.95039884068051));
#4525=CARTESIAN_POINT('',(-0.122215289356279,-0.122215289356279,-1.94258634068051));
#4526=CARTESIAN_POINT('',(3.6774502495006E-16,-0.172927448293811,-1.93477384068051));
#4527=CARTESIAN_POINT('',(0.12221528935628,-0.122215289356279,-1.92696134068051));
#4528=CARTESIAN_POINT('',(0.172927448293812,5.28829020165051E-16,-1.91914884068051));
#4529=CARTESIAN_POINT('',(0.12221528935628,0.12221528935628,-1.91133634068051));
#4530=CARTESIAN_POINT('',(3.84399649555623E-16,0.172927448293812,-1.90352384068051));
#4531=CARTESIAN_POINT('',(-0.122215289356279,0.12221528935628,-1.89571134068051));
#4532=CARTESIAN_POINT('',(-0.172927448293811,6.19034640915845E-16,-1.88789884068051));
#4533=CARTESIAN_POINT('',(-0.122215289356279,-0.122215289356279,-1.88008634068051));
#4534=CARTESIAN_POINT('',(3.23334824728868E-16,-0.172927448293811,-1.87227384068051));
#4535=CARTESIAN_POINT('',(0.12221528935628,-0.122215289356279,-1.86446134068051));
#4536=CARTESIAN_POINT('',(0.172927448293812,4.94134550645515E-16,-1.85664884068051));
#4537=CARTESIAN_POINT('',(0.12221528935628,0.12221528935628,-1.84883634068051));
#4538=CARTESIAN_POINT('',(4.75993688705291E-16,0.172927448293812,-1.84102384068051));
#4539=CARTESIAN_POINT('',(-0.122215289356279,0.12221528935628,-1.83321134068051));
#4540=CARTESIAN_POINT('',(-0.172927448293811,6.67606898243195E-16,-1.82539884068051));
#4541=CARTESIAN_POINT('',(-0.122215289356279,-0.122215289356279,-1.81758634068051));
#4542=CARTESIAN_POINT('',(-2.09587577925436E-16,-0.172927448293811,-1.80977384068051));
#4543=CARTESIAN_POINT('',(0.12221528935628,-0.122215289356279,-1.80196134068051));
#4544=CARTESIAN_POINT('',(0.172927448293812,4.802567628377E-16,-1.79414884068051));
#4545=CARTESIAN_POINT('',(0.12221528935628,0.12221528935628,-1.78633634068051));
#4546=CARTESIAN_POINT('',(2.63412109883381E-17,0.172927448293812,-1.77852384068051));
#4547=CARTESIAN_POINT('',(-0.122215289356279,0.12221528935628,-1.77071134068051));
#4548=CARTESIAN_POINT('',(-0.172927448293811,6.8148468605101E-16,-1.76289884068051));
#4549=CARTESIAN_POINT('',(-0.122215289356279,-0.122215289356279,-1.75508634068051));
#4550=CARTESIAN_POINT('',(-2.59548253651661E-16,-0.172927448293811,-1.74727384068051));
#4551=CARTESIAN_POINT('',(0.12221528935628,-0.122215289356279,-1.73946134068051));
#4552=CARTESIAN_POINT('',(0.172927448293812,4.10867823798628E-16,-1.73164884068051));
#4553=CARTESIAN_POINT('',(0.12221528935628,0.12221528935628,-1.72383634068051));
#4554=CARTESIAN_POINT('',(5.68736234017157E-17,0.172927448293812,-1.71602384068051));
#4555=CARTESIAN_POINT('',(-0.122215289356279,0.12221528935628,-1.70821134068051));
#4556=CARTESIAN_POINT('',(-0.172927448293811,7.3005694337836E-16,-1.70039884068051));
#4557=CARTESIAN_POINT('',(-0.122215289356279,-0.122215289356279,-1.69258634068051));
#4558=CARTESIAN_POINT('',(-0.000242938555336827,-0.172826643077907,-1.68478937030429));
#4559=CARTESIAN_POINT('',(0.08099098246018,-0.139320351627906,-1.67959656659473));
#4560=CARTESIAN_POINT('',(0.109781216431839,-0.110812444160739,-1.67700792955184));
#4561=CARTESIAN_POINT('',(0.164330459519021,0.090869678291843,-1.99506864727241));
#4562=CARTESIAN_POINT('',(0.155862847245448,0.10628276236491,-1.99413786334332));
#4563=CARTESIAN_POINT('',(0.11569711863682,0.160319248079686,-1.99060291274756));
#4564=CARTESIAN_POINT('',(3.96998285420908E-16,0.208326749431016,-1.98446379548513));
#4565=CARTESIAN_POINT('',(-0.147233502914504,0.147233502914505,-1.97665129548513));
#4566=CARTESIAN_POINT('',(-0.208326749431015,5.98217959204123E-16,-1.96883879548513));
#4567=CARTESIAN_POINT('',(-0.147233502914504,-0.147233502914504,-1.96102629548513));
#4568=CARTESIAN_POINT('',(3.72282302792639E-16,-0.208326749431015,-1.95321379548513));
#4569=CARTESIAN_POINT('',(0.147233502914505,-0.147233502914504,-1.94540129548513));
#4570=CARTESIAN_POINT('',(0.208326749431016,5.28829020165051E-16,-1.93758879548513));
#4571=CARTESIAN_POINT('',(0.147233502914505,0.147233502914505,-1.92977629548513));
#4572=CARTESIAN_POINT('',(3.98011483083362E-16,0.208326749431016,-1.92196379548513));
#4573=CARTESIAN_POINT('',(-0.147233502914504,0.147233502914505,-1.91415129548513));
#4574=CARTESIAN_POINT('',(-0.208326749431016,6.19034640915845E-16,-1.90633879548513));
#4575=CARTESIAN_POINT('',(-0.147233502914504,-0.147233502914504,-1.89852629548513));
#4576=CARTESIAN_POINT('',(3.18797546886288E-16,-0.208326749431015,-1.89071379548513));
#4577=CARTESIAN_POINT('',(0.147233502914505,-0.147233502914504,-1.88290129548513));
#4578=CARTESIAN_POINT('',(0.208326749431016,4.94134550645515E-16,-1.87508879548513));
#4579=CARTESIAN_POINT('',(0.147233502914505,0.147233502914505,-1.86727629548513));
#4580=CARTESIAN_POINT('',(4.94142800075609E-16,0.208326749431016,-1.85946379548513));
#4581=CARTESIAN_POINT('',(-0.147233502914504,0.147233502914505,-1.85165129548513));
#4582=CARTESIAN_POINT('',(-0.208326749431016,6.67606898243195E-16,-1.84383879548513));
#4583=CARTESIAN_POINT('',(-0.147233502914504,-0.147233502914504,-1.83602629548513));
#4584=CARTESIAN_POINT('',(-3.23019523989924E-16,-0.208326749431015,-1.82821379548513));
#4585=CARTESIAN_POINT('',(0.147233502914505,-0.147233502914504,-1.82040129548513));
#4586=CARTESIAN_POINT('',(0.208326749431016,4.802567628377E-16,-1.81258879548513));
#4587=CARTESIAN_POINT('',(0.147233502914505,0.147233502914505,-1.80477629548513));
#4588=CARTESIAN_POINT('',(-4.17179566503544E-17,0.208326749431016,-1.79696379548513));
#4589=CARTESIAN_POINT('',(-0.147233502914504,0.147233502914506,-1.78915129548513));
#4590=CARTESIAN_POINT('',(-0.208326749431016,6.8148468605101E-16,-1.78133879548513));
#4591=CARTESIAN_POINT('',(-0.147233502914504,-0.147233502914504,-1.77352629548513));
#4592=CARTESIAN_POINT('',(-3.77517477558728E-16,-0.208326749431015,-1.76571379548513));
#4593=CARTESIAN_POINT('',(0.147233502914505,-0.147233502914504,-1.75790129548513));
#4594=CARTESIAN_POINT('',(0.208326749431016,4.10867823798628E-16,-1.75008879548513));
#4595=CARTESIAN_POINT('',(0.147233502914505,0.147233502914505,-1.74227629548513));
#4596=CARTESIAN_POINT('',(-2.11098855181783E-18,0.208326749431016,-1.73446379548513));
#4597=CARTESIAN_POINT('',(-0.147233502914503,0.147233502914506,-1.72665129548513));
#4598=CARTESIAN_POINT('',(-0.208326749431016,7.3005694337836E-16,-1.71883879548513));
#4599=CARTESIAN_POINT('',(-0.147233502914504,-0.147233502914504,-1.71102629548513));
#4600=CARTESIAN_POINT('',(-0.000292669556187593,-0.208205308773895,-1.70322932510891));
#4601=CARTESIAN_POINT('',(0.0975703294972953,-0.167840075538005,-1.69803652139935));
#4602=CARTESIAN_POINT('',(0.132254099586146,-0.133496425907413,-1.69544788435646));
#4603=CARTESIAN_POINT('',(-0.110862124426264,-0.151628107178497,-1.97644033653115));
#4604=CARTESIAN_POINT('',(-0.0688313881678564,-0.182905440500333,-1.97369158914532));
#4605=CARTESIAN_POINT('',(0.0135132068400744,-0.200077162501536,-1.9695627778639));
#4606=CARTESIAN_POINT('',(0.119472210345445,-0.154539184534683,-1.96360569746835));
#4607=CARTESIAN_POINT('',(0.187253827216191,-0.0709320312019872,-1.95810188587665));
#4608=CARTESIAN_POINT('',(0.195791265301349,0.066716515955362,-1.95122696040419));
#4609=CARTESIAN_POINT('',(0.0924419475021628,0.189137985492045,-1.94343322349171));
#4610=CARTESIAN_POINT('',(-0.0770698164634269,0.195911432348949,-1.93518160554274));
#4611=CARTESIAN_POINT('',(-0.196574759114114,0.0753463424506335,-1.92693022355341));
#4612=CARTESIAN_POINT('',(-0.188334405507681,-0.0940582471350827,-1.91867836770417));
#4613=CARTESIAN_POINT('',(-0.0577157924251975,-0.202513187936306,-1.9104272839416));
#4614=CARTESIAN_POINT('',(0.110339691464709,-0.179326619708698,-1.90217529630854));
#4615=CARTESIAN_POINT('',(0.206898326988785,-0.0396490706278263,-1.89392436944809));
#4616=CARTESIAN_POINT('',(0.168943898643196,0.125770767910302,-1.88567223612255));
#4617=CARTESIAN_POINT('',(0.0212801189003959,0.209675443042765,-1.87742130815386));
#4618=CARTESIAN_POINT('',(-0.140217056013797,0.157241835504237,-1.86916900032977));
#4619=CARTESIAN_POINT('',(-0.210787230688237,0.00274284281858989,-1.86091787095081));
#4620=CARTESIAN_POINT('',(-0.144275582471788,-0.153542491723089,-1.85266535240857));
#4621=CARTESIAN_POINT('',(0.01581860474086,-0.210180571474705,-1.844413980651));
#4622=CARTESIAN_POINT('',(0.165623622214857,-0.130146180078168,-1.83616159813871));
#4623=CARTESIAN_POINT('',(0.207889797548218,0.0342504711276635,-1.82791009312108));
#4624=CARTESIAN_POINT('',(0.114992372666127,0.176401518512014,-1.81965796701559));
#4625=CARTESIAN_POINT('',(-0.0524197434180187,0.203973519316297,-1.81140635138214));
#4626=CARTESIAN_POINT('',(-0.185820136729977,0.0989483708453455,-1.8031545490829));
#4627=CARTESIAN_POINT('',(-0.198489277509808,-0.0701927694113133,-1.79490283131949));
#4628=CARTESIAN_POINT('',(-0.0821481431003959,-0.193823407703932,-1.78665136331403));
#4629=CARTESIAN_POINT('',(0.0874356781463809,-0.191494285101589,-1.77839954229537));
#4630=CARTESIAN_POINT('',(0.200356074040581,-0.0647249748751009,-1.77014836354058));
#4631=CARTESIAN_POINT('',(0.18304119412544,0.104012735779357,-1.76189644161198));
#4632=CARTESIAN_POINT('',(0.0468277529252154,0.205369103935258,-1.75364541083295));
#4633=CARTESIAN_POINT('',(-0.119846585933782,0.173157807818041,-1.74539355897542));
#4634=CARTESIAN_POINT('',(-0.203663956447899,0.0367226440559153,-1.73760025707329));
#4635=CARTESIAN_POINT('',(-0.174759569791197,-0.0985096883113661,-1.73072578282095));
#4636=CARTESIAN_POINT('',(-0.0947808681376646,-0.17046841324773,-1.7252207251435));
#4637=CARTESIAN_POINT('',(0.0164752205493258,-0.200244722552725,-1.71926571838669));
#4638=CARTESIAN_POINT('',(0.0955552319715974,-0.170082770964669,-1.71513433417583));
#4639=CARTESIAN_POINT('',(0.132382428907568,-0.133363125839522,-1.71238696725317));
#4640=CARTESIAN_POINT('',(-0.104566672416327,-0.143054231240489,-1.98258507539441));
#4641=CARTESIAN_POINT('',(-0.0649152292669973,-0.172555515542831,-1.9798364433513));
#4642=CARTESIAN_POINT('',(0.0127723728217226,-0.188744800065216,-1.97570744940237));
#4643=CARTESIAN_POINT('',(0.112722757955401,-0.145775067138458,-1.96975051374032));
#4644=CARTESIAN_POINT('',(0.176659047603333,-0.0668931604408236,-1.9642465764602));
#4645=CARTESIAN_POINT('',(0.184695740335153,0.0629605824537946,-1.95737171979525));
#4646=CARTESIAN_POINT('',(0.0871858834933445,0.17843781289724,-1.94957797522621));
#4647=CARTESIAN_POINT('',(-0.0727276215994086,0.184808457888936,-1.94132635755631));
#4648=CARTESIAN_POINT('',(-0.185451327290715,0.0710577435178484,-1.93307499268003));
#4649=CARTESIAN_POINT('',(-0.177658783588926,-0.0887528451848577,-1.92482313073694));
#4650=CARTESIAN_POINT('',(-0.0544251821338269,-0.191051408604116,-1.91657206324202));
#4651=CARTESIAN_POINT('',(0.104111066974752,-0.169159402817341,-1.90832006868341));
#4652=CARTESIAN_POINT('',(0.195186152777707,-0.0373811853012972,-1.90006915248029));
#4653=CARTESIAN_POINT('',(0.159362955490786,0.118667077171911,-1.89181701139261));
#4654=CARTESIAN_POINT('',(0.020052017925497,0.197803941938453,-1.8835660856139));
#4655=CARTESIAN_POINT('',(-0.132294121289077,0.148321830865028,-1.87531376895864));
#4656=CARTESIAN_POINT('',(-0.198850713435299,0.00256392979466982,-1.86706263113269));
#4657=CARTESIAN_POINT('',(-0.136087983116578,-0.144863851537398,-1.85881010283714));
#4658=CARTESIAN_POINT('',(0.0149468731410728,-0.198276256612401,-1.85055871975044));
#4659=CARTESIAN_POINT('',(0.156259385241778,-0.122757139303885,-1.84230633989448));
#4660=CARTESIAN_POINT('',(0.196113112718535,0.0323348654769367,-1.83405482532692));
#4661=CARTESIAN_POINT('',(0.108460295031873,0.166425216174375,-1.82580271070404));
#4662=CARTESIAN_POINT('',(-0.0494746949461722,0.192416613807734,-1.81755108705616));
#4663=CARTESIAN_POINT('',(-0.175308559980845,0.0933239974000077,-1.80929930176475));
#4664=CARTESIAN_POINT('',(-0.187241055771555,-0.0662403889706894,-1.80104757698695));
#4665=CARTESIAN_POINT('',(-0.0774745478288428,-0.182856600209523,-1.79279612809256));
#4666=CARTESIAN_POINT('',(0.0825057674426159,-0.180640400538327,-1.78454430048682));
#4667=CARTESIAN_POINT('',(0.189017267920967,-0.0610375944606917,-1.77629313948729));
#4668=CARTESIAN_POINT('',(0.172664285320242,0.0981428885867222,-1.76804121103795));
#4669=CARTESIAN_POINT('',(0.0441535099792781,0.193744330446135,-1.75979019264826));
#4670=CARTESIAN_POINT('',(-0.113078903325811,0.163338950355103,-1.75153833671637));
#4671=CARTESIAN_POINT('',(-0.192134406578032,0.0346206074816606,-1.74374502857786));
#4672=CARTESIAN_POINT('',(-0.164852739758245,-0.0929499114370391,-1.73687058288755));
#4673=CARTESIAN_POINT('',(-0.0893939233776743,-0.160826054251278,-1.73136546024051));
#4674=CARTESIAN_POINT('',(0.015563920059668,-0.188902613981224,-1.72541051039187));
#4675=CARTESIAN_POINT('',(0.0901638877942154,-0.16044082697201,-1.72127906415752));
#4676=CARTESIAN_POINT('',(0.124900620445113,-0.125795960352937,-1.71853172525316));
#4677=CARTESIAN_POINT('',(-0.0982697981126291,-0.134481324065471,-1.98872971178835));
#4678=CARTESIAN_POINT('',(-0.0609973720394412,-0.162206174627859,-1.98598121376778));
#4679=CARTESIAN_POINT('',(0.0120333624989266,-0.177412248368072,-1.98185200760211));
#4680=CARTESIAN_POINT('',(0.105974689885283,-0.137009812781123,-1.97589524005082));
#4681=CARTESIAN_POINT('',(0.166064855549803,-0.0628525522321447,-1.97039115688745));
#4682=CARTESIAN_POINT('',(0.173599546967135,0.0592064189979048,-1.96351638008971));
#4683=CARTESIAN_POINT('',(0.0819280612653333,0.167738429780114,-1.95572262669284));
#4684=CARTESIAN_POINT('',(-0.0683871956070816,0.173704719870565,-1.94747100933642));
#4685=CARTESIAN_POINT('',(-0.174328527563064,0.0667673239167997,-1.9392196643363));
#4686=CARTESIAN_POINT('',(-0.166982245975393,-0.0834491389781982,-1.93096779532256));
#4687=CARTESIAN_POINT('',(-0.0511327009647581,-0.179590099721304,-1.92271674666445));
#4688=CARTESIAN_POINT('',(0.0978840526782103,-0.158991124023385,-1.91446474408558));
#4689=CARTESIAN_POINT('',(0.183474283122325,-0.0351113924351945,-1.90621384015667));
#4690=CARTESIAN_POINT('',(0.149780811339296,0.111564898510087,-1.89796169009766));
#4691=CARTESIAN_POINT('',(0.01882198753559,0.185932575859641,-1.88971076673301));
#4692=CARTESIAN_POINT('',(-0.124372587501047,0.139400494784931,-1.88145843989292));
#4693=CARTESIAN_POINT('',(-0.186914158982542,0.00238308194862939,-1.87320729213225));
#4694=CARTESIAN_POINT('',(-0.1278989327713,-0.136186487590819,-1.86495475262011));
#4695=CARTESIAN_POINT('',(0.0140770635524099,-0.186371732389109,-1.85670335629094));
#4696=CARTESIAN_POINT('',(0.146896289524389,-0.115366541749336,-1.84845097965167));
#4697=CARTESIAN_POINT('',(0.184336049982232,0.0304211531571946,-1.8401994539391));
#4698=CARTESIAN_POINT('',(0.101926567896205,0.156449912340949,-1.83194735276872));
#4699=CARTESIAN_POINT('',(-0.0465314969145307,0.180859166062091,-1.823695719782));
#4700=CARTESIAN_POINT('',(-0.164797832522979,0.0876978943180762,-1.81544395432043));
#4701=CARTESIAN_POINT('',(-0.175992132167832,-0.0622898030071731,-1.80719222138254));
#4702=CARTESIAN_POINT('',(-0.0727991551474231,-0.171890487203893,-1.79894079470694));
#4703=CARTESIAN_POINT('',(0.0775775828105209,-0.169785659644752,-1.79068895945203));
#4704=CARTESIAN_POINT('',(0.177678996488297,-0.0573483613691864,-1.78243781903935));
#4705=CARTESIAN_POINT('',(0.16228637152893,0.0922746867262645,-1.77418588303075));
#4706=CARTESIAN_POINT('',(0.0414773720371515,0.182119927616149,-1.76593487895243));
#4707=CARTESIAN_POINT('',(-0.10631277216449,0.153518944929894,-1.75768301828963));
#4708=CARTESIAN_POINT('',(-0.180605136851548,0.0325166943198186,-1.74988970291172));
#4709=CARTESIAN_POINT('',(-0.154944951937051,-0.0873917124688277,-1.74301529008002));
#4710=CARTESIAN_POINT('',(-0.0840053939184896,-0.151184508975614,-1.73751009255854));
#4711=CARTESIAN_POINT('',(0.0146544572251246,-0.177560299046676,-1.73155520807743));
#4712=CARTESIAN_POINT('',(0.0847740638749478,-0.150797956153643,-1.72742369072274));
#4713=CARTESIAN_POINT('',(0.11741999545433,-0.11822754155674,-1.72467638379349));
#4714=CARTESIAN_POINT('',(-0.0919703797796067,-0.125910120883544,-1.99487412466649));
#4715=CARTESIAN_POINT('',(-0.0570764834179784,-0.151857849427285,-1.99212579375462));
#4716=CARTESIAN_POINT('',(0.0112975935468281,-0.166079335010382,-1.9879963230803));
#4717=CARTESIAN_POINT('',(0.0992290700361683,-0.128242515734785,-1.98203976496052));
#4718=CARTESIAN_POINT('',(0.155471684308684,-0.0588088448746759,-1.9765355003645));
#4719=CARTESIAN_POINT('',(0.162502140092784,0.0554553958580858,-1.96966082290831));
#4720=CARTESIAN_POINT('',(0.07666709950602,0.157040427137155,-1.96186705870332));
#4721=CARTESIAN_POINT('',(-0.0640499065389248,0.162599598785429,-1.95361544170648));
#4722=CARTESIAN_POINT('',(-0.16320682751378,0.062473655712458,-1.94536412146521));
#4723=CARTESIAN_POINT('',(-0.156304055483821,-0.0781484376590087,-1.93711224366459));
#4724=CARTESIAN_POINT('',(-0.0478368839218953,-0.168129602187239,-1.92886121830414));
#4725=CARTESIAN_POINT('',(0.0916598891191344,-0.148820933258833,-1.92060920580287));
#4726=CARTESIAN_POINT('',(0.171762929059463,-0.0328382006790054,-1.91235831686227));
#4727=CARTESIAN_POINT('',(0.140196508992305,0.104465394057046,-1.90410615575603));
#4728=CARTESIAN_POINT('',(0.0175885217550774,0.174061423321728,-1.89585523502301));
#4729=CARTESIAN_POINT('',(-0.116453528214873,0.130476769971636,-1.88760289570554));
#4730=CARTESIAN_POINT('',(-0.174977511473366,0.00219879175059192,-1.87935173521076));
#4731=CARTESIAN_POINT('',(-0.11970728290964,-0.127511374375897,-1.87109918204981));
#4732=CARTESIAN_POINT('',(0.0132106708092504,-0.174466809011128,-1.86284776898146));
#4733=CARTESIAN_POINT('',(0.137535202844008,-0.107973158464073,-1.85459539672997));
#4734=CARTESIAN_POINT('',(0.17255828866711,0.0285108042367291,-1.84634385698068));
#4735=CARTESIAN_POINT('',(0.0953898920295169,0.146476362320901,-1.83809177290313));
#4736=CARTESIAN_POINT('',(-0.0435915837754647,0.169300727971328,-1.82984012819541));
#4737=CARTESIAN_POINT('',(-0.15428859236939,0.0820687018682733,-1.82158838765483));
#4738=CARTESIAN_POINT('',(-0.164741934933495,-0.0583424003238595,-1.81333664451429));
#4739=CARTESIAN_POINT('',(-0.0681205544646846,-0.16092558519632,-1.80508524557933));
#4740=CARTESIAN_POINT('',(0.0726524577908908,-0.158929371131557,-1.79683340080044));
#4741=CARTESIAN_POINT('',(0.166341650966468,-0.0536558239596759,-1.78858228592982));
#4742=CARTESIAN_POINT('',(0.151906646604648,0.0864093988888615,-1.78033034054658));
#4743=CARTESIAN_POINT('',(0.0387978566148953,0.170496158206835,-1.77207935406804));
#4744=CARTESIAN_POINT('',(-0.0995493859866908,0.143696875152411,-1.76382748751604));
#4745=CARTESIAN_POINT('',(-0.169076339790468,0.0304094377382924,-1.75603416313156));
#4746=CARTESIAN_POINT('',(-0.145035437488965,-0.0818363082500554,-1.74915979031731));
#4747=CARTESIAN_POINT('',(-0.0786140336563314,-0.141544389684454,-1.74365450122428));
#4748=CARTESIAN_POINT('',(0.0137482619145614,-0.166217591413601,-1.73769969605549));
#4749=CARTESIAN_POINT('',(0.0793869319819419,-0.141153415229501,-1.73356809276849));
#4750=CARTESIAN_POINT('',(0.10994145897999,-0.110656876216035,-1.73082082402586));
#4751=CARTESIAN_POINT('',(6.17565048712284E-16,5.63523489684587E-16,-0.829557404533432));
#4752=CARTESIAN_POINT('',(1.32114581920092E-15,5.63523489684587E-16,-1.74544259546656));
#4753=CARTESIAN_POINT('',(0.437500000000001,0.247472329800835,-1.62147316829689));
#4754=CARTESIAN_POINT('',(0.43749999999993,0.238174597251935,-1.60892553034547));
#4755=CARTESIAN_POINT('',(0.450292706909469,0.232841636950397,-1.60172850088467));
#4756=CARTESIAN_POINT('',(0.437500000000001,0.209472244395535,-1.64352034156348));
#4757=CARTESIAN_POINT('',(0.439951400251507,0.204487137502492,-1.63175138544948));
#4758=CARTESIAN_POINT('',(0.450292706697303,0.198981308898658,-1.62681882288649));
#4759=CARTESIAN_POINT('',(0.435111556483403,0.129463101827259,-1.68035612283046));
#4760=CARTESIAN_POINT('',(0.438838788607105,0.128370870335197,-1.67279683624342));
#4761=CARTESIAN_POINT('',(0.445515819982532,0.125357743688451,-1.66857121653169));
#4762=CARTESIAN_POINT('',(0.433209522251421,-0.000425813304952315,-1.70075384120723));
#4763=CARTESIAN_POINT('',(0.436407142119221,-0.000412356820278028,-1.69517532912106));
#4764=CARTESIAN_POINT('',(0.441711751358618,-0.000413371546806665,-1.69131119467904));
#4765=CARTESIAN_POINT('',(0.435125554695341,-0.129704265645189,-1.6802506196389));
#4766=CARTESIAN_POINT('',(0.438858724979907,-0.128630801468971,-1.67266633313283));
#4767=CARTESIAN_POINT('',(0.44554381640744,-0.125587660975804,-1.6684530873362));
#4768=CARTESIAN_POINT('',(0.4375,-0.209825384832136,-1.64331545394503));
#4769=CARTESIAN_POINT('',(0.439929541509218,-0.204787523457015,-1.63154785080756));
#4770=CARTESIAN_POINT('',(0.450292706694917,-0.199295977922529,-1.62658565482629));
#4771=CARTESIAN_POINT('',(0.4375,-0.247472329799806,-1.62147316829748));
#4772=CARTESIAN_POINT('',(0.4375,-0.238174597250988,-1.60892553034611));
#4773=CARTESIAN_POINT('',(0.450292706909469,-0.232841636949493,-1.60172850088534));
#4774=CARTESIAN_POINT('',(0.437500000000001,0.247472329800932,-1.62147316829699));
#4775=CARTESIAN_POINT('',(0.437499999999998,0.171935752699257,-1.66529854335255));
#4776=CARTESIAN_POINT('',(0.430191718034375,-0.000333004253991877,-1.72257918137314));
#4777=CARTESIAN_POINT('',(0.4375,-0.171947845996829,-1.6652915269726));
#4778=CARTESIAN_POINT('',(0.4375,-0.247472329799806,-1.62147316829748));
#4779=CARTESIAN_POINT('',(0.467500000000001,0.24747232980093,-1.62147316829699));
#4780=CARTESIAN_POINT('',(0.467500000000001,-0.247472329799806,-1.62147316829748));
#4781=CARTESIAN_POINT('',(0.467500000000001,1.51829711824784E-16,-1.2875));
#4782=CARTESIAN_POINT('',(0.467500000000001,0.4075,-1.36950232410855));
#4783=CARTESIAN_POINT('',(0.467500000000001,1.51829711824784E-16,-1.2875));
#4784=CARTESIAN_POINT('',(0.467500000000001,0.247472329800941,-0.953526831703005));
#4785=CARTESIAN_POINT('',(0.467500000000001,0.4075,-1.20549767589144));
#4786=CARTESIAN_POINT('',(0.467500000000001,1.51829711824784E-16,-1.2875));
#4787=CARTESIAN_POINT('',(0.467500000000001,-0.407499999999999,-1.20549767589144));
#4788=CARTESIAN_POINT('',(0.467500000000001,-0.247472329800651,-0.95352683170288));
#4789=CARTESIAN_POINT('',(0.467500000000001,1.51829711824784E-16,-1.2875));
#4790=CARTESIAN_POINT('',(0.467500000000001,-0.407499999999999,-1.36950232410855));
#4791=CARTESIAN_POINT('',(0.421135584330162,-0.421135584330161,-1.5609360763666));
#4792=CARTESIAN_POINT('',(0.4375,-0.416874631649474,-1.55375469188523));
#4793=CARTESIAN_POINT('',(0.4375,-0.407499999999999,-1.53795474307303));
#4794=CARTESIAN_POINT('',(0.422175224320014,-0.357956574717714,-1.59780541740475));
#4795=CARTESIAN_POINT('',(0.437499999999889,-0.35453972193625,-1.58981797806245));
#4796=CARTESIAN_POINT('',(0.4375,-0.345360630427027,-1.5748240841596));
#4797=CARTESIAN_POINT('',(0.424653686590784,-0.2291247778068,-1.66604752230172));
#4798=CARTESIAN_POINT('',(0.437500000000053,-0.228453839186663,-1.65659621052801));
#4799=CARTESIAN_POINT('',(0.437500000000001,-0.219195308178608,-1.64306618898555));
#4800=CARTESIAN_POINT('',(0.427288450445921,-0.0407561598086598,-1.71123492962304));
#4801=CARTESIAN_POINT('',(0.437499999999991,-0.0400015338233483,-1.70211491984689));
#4802=CARTESIAN_POINT('',(0.437500000000001,-0.0388683435187959,-1.6882535963311));
#4803=CARTESIAN_POINT('',(0.426300400141262,0.11367135320814,-1.694266318149));
#4804=CARTESIAN_POINT('',(0.437500000000007,0.112206612087576,-1.68531784933391));
#4805=CARTESIAN_POINT('',(0.437500000000001,0.108536561398861,-1.67128498485702));
#4806=CARTESIAN_POINT('',(0.424078536811673,0.25775731943478,-1.65020534297235));
#4807=CARTESIAN_POINT('',(0.43749999999997,0.2555484117637,-1.64141300635779));
#4808=CARTESIAN_POINT('',(0.4375,0.247340916323466,-1.62722400966762));
#4809=CARTESIAN_POINT('',(0.422181023522938,0.357604156581272,-1.59801107787005));
#4810=CARTESIAN_POINT('',(0.437500000000135,0.354196128246652,-1.59001676102185));
#4811=CARTESIAN_POINT('',(0.437500000000001,0.345014011496329,-1.57502974462752));
#4812=CARTESIAN_POINT('',(0.421135584330162,0.421135584330161,-1.5609360763666));
#4813=CARTESIAN_POINT('',(0.437500000000001,0.416874631649475,-1.55375469188523));
#4814=CARTESIAN_POINT('',(0.437500000000001,0.4075,-1.53795474307303));
#4815=CARTESIAN_POINT('',(0.407500000000001,0.4075,-1.53795474307303));
#4816=CARTESIAN_POINT('',(0.407500000000001,-0.407499999999999,-1.53795474307303));
#4817=CARTESIAN_POINT('',(0.407500000000001,0.4075,-1.53795474307303));
#4818=CARTESIAN_POINT('',(0.407500000000001,0.4075,-1.53795474307303));
#4819=CARTESIAN_POINT('',(0.407500000000001,0.4075,-1.53795474307303));
#4820=CARTESIAN_POINT('',(0.437500000000001,0.4075,-1.20549767589144));
#4821=CARTESIAN_POINT('',(0.437500000000001,0.392189900415501,-1.20857856852522));
#4822=CARTESIAN_POINT('',(0.450292706909469,0.383408388055644,-1.21034569594288));
#4823=CARTESIAN_POINT('',(0.437500000000001,0.412963139740508,-1.25979441442489));
#4824=CARTESIAN_POINT('',(0.440164239848212,0.400280751997765,-1.25824131861413));
#4825=CARTESIAN_POINT('',(0.450292706379591,0.393688700268939,-1.26143238303663));
#4826=CARTESIAN_POINT('',(0.437500000000029,0.412917018560872,-1.31566397245936));
#4827=CARTESIAN_POINT('',(0.440142738377358,0.400215455546171,-1.31715948021695));
#4828=CARTESIAN_POINT('',(0.450292706368964,0.393601911270115,-1.31399890376528));
#4829=CARTESIAN_POINT('',(0.437500000000027,0.407499999999991,-1.36950232410855));
#4830=CARTESIAN_POINT('',(0.437500000000022,0.392189900415485,-1.36642143147478));
#4831=CARTESIAN_POINT('',(0.450292706909496,0.383408388055625,-1.36465430405712));
#4832=CARTESIAN_POINT('',(0.437500000000001,0.4075,-1.20549767589144));
#4833=CARTESIAN_POINT('',(0.437500000000001,0.412984712022144,-1.26000881745531));
#4834=CARTESIAN_POINT('',(0.437500000000001,0.412984887817253,-1.31498943536233));
#4835=CARTESIAN_POINT('',(0.437500000000001,0.4075,-1.36950232410855));
#4836=CARTESIAN_POINT('',(0.4375,-0.247472329800568,-0.953526831702954));
#4837=CARTESIAN_POINT('',(0.437499999999949,-0.238174597251693,-0.966074469654365));
#4838=CARTESIAN_POINT('',(0.450292706909469,-0.232841636950172,-0.973271499115164));
#4839=CARTESIAN_POINT('',(0.437500000000018,-0.209472244420295,-0.931479658446583));
#4840=CARTESIAN_POINT('',(0.439951400248285,-0.204487137514394,-0.943248614557734));
#4841=CARTESIAN_POINT('',(0.450292706697595,-0.198981308898676,-0.948181177113817));
#4842=CARTESIAN_POINT('',(0.435111556483378,-0.129463101815118,-0.894643877164599));
#4843=CARTESIAN_POINT('',(0.438838788608561,-0.128370870331276,-0.902203163754142));
#4844=CARTESIAN_POINT('',(0.445515819982356,-0.125357743687843,-0.90642878346787));
#4845=CARTESIAN_POINT('',(0.433209522251422,0.000425813302562835,-0.874246158794053));
#4846=CARTESIAN_POINT('',(0.436407142118787,0.000412356820971549,-0.879824670879433));
#4847=CARTESIAN_POINT('',(0.441711751358672,0.000413371547511019,-0.883688805321023));
#4848=CARTESIAN_POINT('',(0.435125554695366,0.129704265646991,-0.894749380360906));
#4849=CARTESIAN_POINT('',(0.438858724980143,0.128630801469689,-0.902333666866934));
#4850=CARTESIAN_POINT('',(0.44554381640741,0.125587660976626,-0.906546912663966));
#4851=CARTESIAN_POINT('',(0.437500000000023,0.209825384833185,-0.931684546055667));
#4852=CARTESIAN_POINT('',(0.439929541509004,0.204787523457944,-0.94345214919386));
#4853=CARTESIAN_POINT('',(0.450292706695117,0.199295977923601,-0.948414345174523));
#4854=CARTESIAN_POINT('',(0.437500000000001,0.247472329800829,-0.953526831703105));
#4855=CARTESIAN_POINT('',(0.437499999999931,0.238174597251933,-0.966074469654527));
#4856=CARTESIAN_POINT('',(0.450292706909469,0.232841636950403,-0.973271499115335));
#4857=CARTESIAN_POINT('',(0.437500000000001,-0.247472329800652,-0.95352683170288));
#4858=CARTESIAN_POINT('',(0.437500000000001,-0.171935752698834,-0.909701456647279));
#4859=CARTESIAN_POINT('',(0.430191718034352,0.00033300425474836,-0.852420818626736));
#4860=CARTESIAN_POINT('',(0.437500000000048,0.171947845997852,-0.909708473027808));
#4861=CARTESIAN_POINT('',(0.437500000000001,0.24747232980088,-0.953526831703134));
#4862=CARTESIAN_POINT('',(0.4375,-0.407499999999999,-1.36950232410855));
#4863=CARTESIAN_POINT('',(0.4375,-0.3921899004155,-1.36642143147478));
#4864=CARTESIAN_POINT('',(0.450292706909469,-0.383408388055643,-1.36465430405712));
#4865=CARTESIAN_POINT('',(0.437500000000001,-0.412963139740699,-1.31520558557463));
#4866=CARTESIAN_POINT('',(0.440164239848077,-0.400280751998292,-1.31675868138634));
#4867=CARTESIAN_POINT('',(0.450292706379511,-0.393688700269018,-1.31356761696325));
#4868=CARTESIAN_POINT('',(0.437500000000029,-0.412917018560728,-1.25933602754073));
#4869=CARTESIAN_POINT('',(0.440142738377511,-0.400215455546496,-1.25784051978294));
#4870=CARTESIAN_POINT('',(0.45029270636892,-0.393601911270147,-1.26100109623473));
#4871=CARTESIAN_POINT('',(0.437500000000027,-0.40749999999999,-1.20549767589144));
#4872=CARTESIAN_POINT('',(0.437500000000022,-0.392189900415484,-1.20857856852521));
#4873=CARTESIAN_POINT('',(0.450292706909496,-0.383408388055624,-1.21034569594287));
#4874=CARTESIAN_POINT('',(0.4375,-0.407499999999999,-1.36950232410855));
#4875=CARTESIAN_POINT('',(0.4375,-0.412984712022144,-1.31499118254469));
#4876=CARTESIAN_POINT('',(0.437500000000001,-0.412984887817252,-1.26001056463766));
#4877=CARTESIAN_POINT('',(0.437500000000001,-0.407499999999999,-1.20549767589144));
#4878=CARTESIAN_POINT('',(0.407500000000001,-0.407499999999999,-1.53795474307303));
#4879=CARTESIAN_POINT('',(0.407500000000001,-0.407499999999999,-1.53795474307303));
#4880=CARTESIAN_POINT('',(0.407500000000001,-0.407499999999999,-1.53795474307303));
#4881=CARTESIAN_POINT('',(0.421135584330163,0.421135584330161,-1.5609360763666));
#4882=CARTESIAN_POINT('',(0.416874631649476,0.4375,-1.55375469188523));
#4883=CARTESIAN_POINT('',(0.407500000000002,0.4375,-1.53795474307303));
#4884=CARTESIAN_POINT('',(0.357956574714844,0.422175224321277,-1.5978054174057));
#4885=CARTESIAN_POINT('',(0.35453972193248,0.437499999999779,-1.58981797806034));
#4886=CARTESIAN_POINT('',(0.345360630423082,0.4375,-1.57482408415884));
#4887=CARTESIAN_POINT('',(0.229124777808185,0.424653686590183,-1.66604752230127));
#4888=CARTESIAN_POINT('',(0.228453839188295,0.437500000000103,-1.65659621052906));
#4889=CARTESIAN_POINT('',(0.219195308180508,0.4375,-1.64306618898591));
#4890=CARTESIAN_POINT('',(0.0407561598084361,0.427288450445993,-1.71123492962307));
#4891=CARTESIAN_POINT('',(0.0400015338231296,0.437499999999988,-1.70211491984676));
#4892=CARTESIAN_POINT('',(0.038868343518502,0.4375,-1.68825359633103));
#4893=CARTESIAN_POINT('',(-0.113671353208012,0.426300400141252,-1.69426631814905));
#4894=CARTESIAN_POINT('',(-0.112206612087462,0.437500000000003,-1.68531784933394));
#4895=CARTESIAN_POINT('',(-0.108536561398709,0.4375,-1.67128498485708));
#4896=CARTESIAN_POINT('',(-0.257757319435316,0.42407853681166,-1.65020534297206));
#4897=CARTESIAN_POINT('',(-0.255548411764188,0.437499999999997,-1.64141300635776));
#4898=CARTESIAN_POINT('',(-0.247340916324072,0.4375,-1.62722400966733));
#4899=CARTESIAN_POINT('',(-0.357604156578969,0.422181023523031,-1.59801107787136));
#4900=CARTESIAN_POINT('',(-0.354196128244492,0.43750000000001,-1.59001676102195));
#4901=CARTESIAN_POINT('',(-0.345014011493745,0.4375,-1.57502974462878));
#4902=CARTESIAN_POINT('',(-0.421135584330161,0.421135584330162,-1.5609360763666));
#4903=CARTESIAN_POINT('',(-0.416874631649474,0.4375,-1.55375469188523));
#4904=CARTESIAN_POINT('',(-0.407499999999999,0.4375,-1.53795474307303));
#4905=CARTESIAN_POINT('',(-0.407499999999999,0.4075,-1.53795474307303));
#4906=CARTESIAN_POINT('',(0.407500000000001,0.4075,-0.849999999999998));
#4907=CARTESIAN_POINT('',(0.407500000000001,0.4075,-1.03704525692696));
#4908=CARTESIAN_POINT('',(0.421135584330162,0.421135584330162,-1.0140639236334));
#4909=CARTESIAN_POINT('',(0.437500000000001,0.416874631649475,-1.02124530811476));
#4910=CARTESIAN_POINT('',(0.437500000000001,0.4075,-1.03704525692696));
#4911=CARTESIAN_POINT('',(0.422178710475378,0.357744720793661,-0.97707095111376));
#4912=CARTESIAN_POINT('',(0.437500000000264,0.354333167359613,-0.985062521696433));
#4913=CARTESIAN_POINT('',(0.437500000000001,0.345152262657639,-1.00005228435927));
#4914=CARTESIAN_POINT('',(0.424655960460691,0.229105930581642,-0.908861019611456));
#4915=CARTESIAN_POINT('',(0.43749999999989,0.228574751736329,-0.918321363527141));
#4916=CARTESIAN_POINT('',(0.437500000000001,0.219138405110888,-0.931842352929174));
#4917=CARTESIAN_POINT('',(0.42782907207255,0.00185925308409053,-0.854624924110266));
#4918=CARTESIAN_POINT('',(0.437500000000002,0.00187100224144121,-0.863943829745766));
#4919=CARTESIAN_POINT('',(0.437500000000001,0.0017587451361386,-0.877606257391407));
#4920=CARTESIAN_POINT('',(0.42472850625828,-0.225818299121014,-0.907240855023479));
#4921=CARTESIAN_POINT('',(0.437500000000105,-0.225364205095548,-0.916728077389572));
#4922=CARTESIAN_POINT('',(0.437500000000001,-0.215933316005621,-0.930222188342613));
#4923=CARTESIAN_POINT('',(0.422182005590517,-0.357544476240038,-0.976954094504837));
#4924=CARTESIAN_POINT('',(0.437499999999749,-0.354137946751344,-0.984949578611822));
#4925=CARTESIAN_POINT('',(0.4375,-0.344955313222985,-0.999935427747041));
#4926=CARTESIAN_POINT('',(0.421135584330162,-0.421135584330161,-1.0140639236334));
#4927=CARTESIAN_POINT('',(0.4375,-0.416874631649474,-1.02124530811476));
#4928=CARTESIAN_POINT('',(0.4375,-0.407499999999999,-1.03704525692697));
#4929=CARTESIAN_POINT('',(0.407500000000001,0.4075,-1.03704525692696));
#4930=CARTESIAN_POINT('',(0.407500000000001,-0.407499999999999,-1.03704525692696));
#4931=CARTESIAN_POINT('',(0.407500000000001,-0.407499999999999,-0.849999999999998));
#4932=CARTESIAN_POINT('',(0.407500000000001,-0.407499999999999,-1.03704525692696));
#4933=CARTESIAN_POINT('',(-0.421135584330161,-0.421135584330161,-1.5609360763666));
#4934=CARTESIAN_POINT('',(-0.416874631649474,-0.4375,-1.55375469188523));
#4935=CARTESIAN_POINT('',(-0.4075,-0.4375,-1.53795474307303));
#4936=CARTESIAN_POINT('',(-0.357670931727681,-0.422179924706445,-1.59797210993361));
#4937=CARTESIAN_POINT('',(-0.354261227898795,-0.437500000000223,-1.58997909821947));
#4938=CARTESIAN_POINT('',(-0.345079687826511,-0.4375,-1.57499077669135));
#4939=CARTESIAN_POINT('',(-0.259379441699833,-0.424042242766016,-1.64924658435142));
#4940=CARTESIAN_POINT('',(-0.257113722759739,-0.437499999999951,-1.64048207936278));
#4941=CARTESIAN_POINT('',(-0.248932939448517,-0.4375,-1.62626525104665));
#4942=CARTESIAN_POINT('',(-0.117659756093673,-0.426249342441473,-1.69335057372773));
#4943=CARTESIAN_POINT('',(-0.116140723834659,-0.437500000000006,-1.68440933546591));
#4944=CARTESIAN_POINT('',(-0.112361395498256,-0.437499999999999,-1.67036924043572));
#4945=CARTESIAN_POINT('',(0.0368532320646693,-0.427308178154026,-1.71155086667413));
#4946=CARTESIAN_POINT('',(0.0361155167264785,-0.437500000000006,-1.70242877171156));
#4947=CARTESIAN_POINT('',(0.0351586332073211,-0.4375,-1.68856953338239));
#4948=CARTESIAN_POINT('',(0.22549991581706,-0.424730691193221,-1.66776978626189));
#4949=CARTESIAN_POINT('',(0.22490333517311,-0.437499999999906,-1.65828981138041));
#4950=CARTESIAN_POINT('',(0.215665590757521,-0.437499999999999,-1.64478845294403));
#4951=CARTESIAN_POINT('',(0.357289452416844,-0.422186202125823,-1.59819472961222));
#4952=CARTESIAN_POINT('',(0.353889342316499,-0.437500000000205,-1.59019424918843));
#4953=CARTESIAN_POINT('',(0.344704485935781,-0.437499999999999,-1.57521339637062));
#4954=CARTESIAN_POINT('',(0.421135584330162,-0.421135584330161,-1.5609360763666));
#4955=CARTESIAN_POINT('',(0.416874631649475,-0.437499999999999,-1.55375469188523));
#4956=CARTESIAN_POINT('',(0.4075,-0.437499999999999,-1.53795474307303));
#4957=CARTESIAN_POINT('',(-0.407499999999999,-0.407499999999999,-1.53795474307303));
#4958=CARTESIAN_POINT('',(-0.437499999999999,-0.4075,-1.53795474307303));
#4959=CARTESIAN_POINT('',(-0.437499999999999,-0.416874631649475,-1.55375469188523));
#4960=CARTESIAN_POINT('',(-0.42113558433016,-0.421135584330162,-1.5609360763666));
#4961=CARTESIAN_POINT('',(-0.437499999999999,-0.34515226265569,-1.5749477156396));
#4962=CARTESIAN_POINT('',(-0.437499999999923,-0.354333167357891,-1.5899374783015));
#4963=CARTESIAN_POINT('',(-0.422178710476174,-0.357744720792508,-1.59792904888645));
#4964=CARTESIAN_POINT('',(-0.437499999999999,-0.219138405111832,-1.64315764707135));
#4965=CARTESIAN_POINT('',(-0.437500000000032,-0.228574751737034,-1.65667863647384));
#4966=CARTESIAN_POINT('',(-0.424655960460328,-0.229105930582208,-1.66613898038845));
#4967=CARTESIAN_POINT('',(-0.437499999999999,-0.00175874513575194,-1.69739374260845));
#4968=CARTESIAN_POINT('',(-0.437499999999998,-0.00187100224121626,-1.71105617025397));
#4969=CARTESIAN_POINT('',(-0.427829072072619,-0.00185925308383275,-1.72037507588971));
#4970=CARTESIAN_POINT('',(-0.437499999999999,0.215933316005025,-1.64477781165742));
#4971=CARTESIAN_POINT('',(-0.437499999999974,0.225364205095174,-1.65827192261045));
#4972=CARTESIAN_POINT('',(-0.424728506258359,0.225818299120555,-1.66775914497669));
#4973=CARTESIAN_POINT('',(-0.437499999999999,0.344955313224121,-1.57506457225295));
#4974=CARTESIAN_POINT('',(-0.437500000000061,0.354137946752107,-1.5900504213883));
#4975=CARTESIAN_POINT('',(-0.422182005590282,0.35754447624094,-1.59804590549476));
#4976=CARTESIAN_POINT('',(-0.437499999999999,0.4075,-1.53795474307303));
#4977=CARTESIAN_POINT('',(-0.437499999999999,0.416874631649475,-1.55375469188523));
#4978=CARTESIAN_POINT('',(-0.421135584330161,0.421135584330162,-1.5609360763666));
#4979=CARTESIAN_POINT('',(-0.407499999999999,0.4075,-1.53795474307303));
#4980=CARTESIAN_POINT('',(-0.407499999999999,-0.407499999999999,-1.53795474307303));
#4981=CARTESIAN_POINT('',(-0.407499999999999,0.4075,-1.53795474307303));
#4982=CARTESIAN_POINT('',(-0.407499999999999,0.4075,-1.53795474307303));
#4983=CARTESIAN_POINT('',(0.407500000000001,0.4075,-1.03704525692696));
#4984=CARTESIAN_POINT('',(0.407500000000001,0.4075,-1.03704525692696));
#4985=CARTESIAN_POINT('',(0.407500000000001,-0.407499999999999,-1.03704525692696));
#4986=CARTESIAN_POINT('',(0.407500000000001,-0.407499999999999,-1.03704525692697));
#4987=CARTESIAN_POINT('',(-0.407499999999999,-0.407499999999999,-1.53795474307303));
#4988=CARTESIAN_POINT('',(-0.407499999999999,-0.407499999999999,-1.53795474307303));
#4989=CARTESIAN_POINT('',(-0.407499999999999,0.4075,-0.849999999999998));
#4990=CARTESIAN_POINT('',(-0.407499999999999,0.4075,-1.03704525692697));
#4991=CARTESIAN_POINT('',(-0.421135584330161,0.421135584330162,-1.0140639236334));
#4992=CARTESIAN_POINT('',(-0.416874631649474,0.4375,-1.02124530811476));
#4993=CARTESIAN_POINT('',(-0.407499999999999,0.4375,-1.03704525692697));
#4994=CARTESIAN_POINT('',(-0.357956574717204,0.422175224320193,-0.977194582595053));
#4995=CARTESIAN_POINT('',(-0.354539721935502,0.4374999999999,-0.985182021938033));
#4996=CARTESIAN_POINT('',(-0.345360630426338,0.4375,-1.0001759158404));
#4997=CARTESIAN_POINT('',(-0.229124777807049,0.424653686590696,-0.908952477698368));
#4998=CARTESIAN_POINT('',(-0.228453839187001,0.437500000000047,-0.918403789471744));
#4999=CARTESIAN_POINT('',(-0.219195308178944,0.4375,-0.931933811014444));
#5000=CARTESIAN_POINT('',(-0.0407561598086048,0.427288450445938,-0.863765070376962));
#5001=CARTESIAN_POINT('',(-0.0400015338232695,0.437499999999994,-0.872885080153146));
#5002=CARTESIAN_POINT('',(-0.0388683435187254,0.4375,-0.886746403668916));
#5003=CARTESIAN_POINT('',(0.11367135320809,0.426300400141247,-0.880733681850963));
#5004=CARTESIAN_POINT('',(0.112206612087507,0.437500000000003,-0.88968215066606));
#5005=CARTESIAN_POINT('',(0.108536561398801,0.4375,-0.903715015142938));
#5006=CARTESIAN_POINT('',(0.257757319435021,0.424078536811741,-0.924794657027827));
#5007=CARTESIAN_POINT('',(0.255548411763974,0.437499999999992,-0.93358699364231));
#5008=CARTESIAN_POINT('',(0.247340916323754,0.4375,-0.947775990332577));
#5009=CARTESIAN_POINT('',(0.357604156580217,0.422181023522639,-0.976988922129142));
#5010=CARTESIAN_POINT('',(0.354196128245679,0.437500000000036,-0.984983238977807));
#5011=CARTESIAN_POINT('',(0.345014011495069,0.4375,-0.999970255371589));
#5012=CARTESIAN_POINT('',(0.421135584330162,0.421135584330162,-1.0140639236334));
#5013=CARTESIAN_POINT('',(0.416874631649475,0.4375,-1.02124530811476));
#5014=CARTESIAN_POINT('',(0.407500000000001,0.4375,-1.03704525692696));
#5015=CARTESIAN_POINT('',(-0.407499999999999,0.4075,-1.03704525692697));
#5016=CARTESIAN_POINT('',(-0.407499999999998,-0.4375,-1.03704525692697));
#5017=CARTESIAN_POINT('',(-0.416874631649472,-0.437499999999999,-1.02124530811476));
#5018=CARTESIAN_POINT('',(-0.421135584330159,-0.421135584330161,-1.0140639236334));
#5019=CARTESIAN_POINT('',(-0.345079687831482,-0.4375,-1.00000922331204));
#5020=CARTESIAN_POINT('',(-0.354261227903811,-0.43750000000023,-0.985020901784254));
#5021=CARTESIAN_POINT('',(-0.357670931732809,-0.422179924706602,-0.977027890069523));
#5022=CARTESIAN_POINT('',(-0.24893293944741,-0.4375,-0.948734748952574));
#5023=CARTESIAN_POINT('',(-0.257113722758685,-0.437499999999949,-0.934517920636416));
#5024=CARTESIAN_POINT('',(-0.259379441698691,-0.42404224276598,-0.925753415647867));
#5025=CARTESIAN_POINT('',(-0.112361395498446,-0.4375,-0.904630759564434));
#5026=CARTESIAN_POINT('',(-0.116140723834826,-0.437500000000009,-0.890590664534238));
#5027=CARTESIAN_POINT('',(-0.117659756093868,-0.426249342441482,-0.881649426272412));
#5028=CARTESIAN_POINT('',(0.0351586332073469,-0.437499999999999,-0.886430466617437));
#5029=CARTESIAN_POINT('',(0.0361155167265004,-0.437499999999992,-0.872571228288297));
#5030=CARTESIAN_POINT('',(0.0368532320646925,-0.427308178154012,-0.863449133325722));
#5031=CARTESIAN_POINT('',(0.215665590758231,-0.4375,-0.930211547056657));
#5032=CARTESIAN_POINT('',(0.224903335173713,-0.437500000000022,-0.916710188620103));
#5033=CARTESIAN_POINT('',(0.225499915817819,-0.424730691193304,-0.90723021373866));
#5034=CARTESIAN_POINT('',(0.344704485934197,-0.437499999999999,-0.999786603627983));
#5035=CARTESIAN_POINT('',(0.353889342315094,-0.437499999999954,-0.9848057508105));
#5036=CARTESIAN_POINT('',(0.357289452415153,-0.422186202125652,-0.976805270386671));
#5037=CARTESIAN_POINT('',(0.407500000000001,-0.437499999999999,-1.03704525692697));
#5038=CARTESIAN_POINT('',(0.416874631649475,-0.437499999999999,-1.02124530811476));
#5039=CARTESIAN_POINT('',(0.421135584330162,-0.421135584330161,-1.0140639236334));
#5040=CARTESIAN_POINT('',(-0.407499999999999,-0.407499999999999,-1.03704525692697));
#5041=CARTESIAN_POINT('',(-0.407499999999999,-0.407499999999999,-0.849999999999998));
#5042=CARTESIAN_POINT('',(-0.407499999999999,-0.407499999999999,-1.03704525692697));
#5043=CARTESIAN_POINT('',(-0.407499999999999,0.4075,-1.03704525692697));
#5044=CARTESIAN_POINT('',(-0.407499999999999,0.4075,-1.03704525692697));
#5045=CARTESIAN_POINT('',(-0.407499999999999,-0.407499999999999,-1.03704525692697));
#5046=CARTESIAN_POINT('',(-0.407499999999999,-0.407499999999999,-1.03704525692697));
#5047=CARTESIAN_POINT('',(-0.421135584330161,-0.421135584330161,-1.0140639236334));
#5048=CARTESIAN_POINT('',(-0.437499999999999,-0.416874631649474,-1.02124530811476));
#5049=CARTESIAN_POINT('',(-0.437499999999999,-0.407499999999999,-1.03704525692697));
#5050=CARTESIAN_POINT('',(-0.422175224320031,-0.357956574717608,-0.977194582595198));
#5051=CARTESIAN_POINT('',(-0.437499999999857,-0.354539721935804,-0.98518202193783));
#5052=CARTESIAN_POINT('',(-0.437499999999999,-0.345360630426965,-1.00017591584028));
#5053=CARTESIAN_POINT('',(-0.42465368659077,-0.229124777806862,-0.908952477698296));
#5054=CARTESIAN_POINT('',(-0.437500000000063,-0.228453839186866,-0.918403789471844));
#5055=CARTESIAN_POINT('',(-0.437499999999999,-0.219195308178649,-0.9319338110145));
#5056=CARTESIAN_POINT('',(-0.427288450445929,-0.0407561598086136,-0.863765070376981));
#5057=CARTESIAN_POINT('',(-0.437499999999997,-0.0400015338232946,-0.872885080153137));
#5058=CARTESIAN_POINT('',(-0.437499999999999,-0.0388683435187533,-0.886746403668922));
#5059=CARTESIAN_POINT('',(-0.426300400141246,0.113671353208069,-0.880733681850945));
#5060=CARTESIAN_POINT('',(-0.437499999999991,0.112206612087515,-0.889682150666056));
#5061=CARTESIAN_POINT('',(-0.437499999999999,0.108536561398792,-0.90371501514292));
#5062=CARTESIAN_POINT('',(-0.424078536811752,0.257757319435159,-0.924794657027921));
#5063=CARTESIAN_POINT('',(-0.437500000000054,0.255548411764017,-0.933586993642373));
#5064=CARTESIAN_POINT('',(-0.437499999999999,0.247340916323835,-0.947775990332692));
#5065=CARTESIAN_POINT('',(-0.42218102352258,0.357604156579592,-0.976988922128739));
#5066=CARTESIAN_POINT('',(-0.437499999999748,0.354196128245234,-0.984983238977398));
#5067=CARTESIAN_POINT('',(-0.437499999999999,0.345014011494691,-0.999970255371087));
#5068=CARTESIAN_POINT('',(-0.421135584330161,0.421135584330162,-1.0140639236334));
#5069=CARTESIAN_POINT('',(-0.437499999999999,0.416874631649475,-1.02124530811476));
#5070=CARTESIAN_POINT('',(-0.437499999999999,0.407500000000001,-1.03704525692697));
#5071=CARTESIAN_POINT('',(0.100425027310848,-0.021510411053896,0.275797426700592));
#5072=CARTESIAN_POINT('',(0.,0.,0.));
#5073=CARTESIAN_POINT('',(-0.389773830397023,-0.389773830397023,1.56329745054245));
#5074=CARTESIAN_POINT('',(0.100425027310848,-2.25103950500488,-1.28750002384186));
#5075=CARTESIAN_POINT('',(0.,0.,0.));
#5076=CARTESIAN_POINT('',(-0.561247182956976,-0.561247182956976,2.25103950500488));
#5077=CARTESIAN_POINT('',(2.25103950500488,-0.021510411053896,-1.28750002384186));
#5078=CARTESIAN_POINT('',(0.,0.,0.));
#5079=CARTESIAN_POINT('',(-0.561247182956976,-0.561247182956976,2.25103950500488));
#5080=CARTESIAN_POINT('',(0.100425027310848,2.25103950500488,-1.28750002384186));
#5081=CARTESIAN_POINT('',(0.,0.,0.));
#5082=CARTESIAN_POINT('',(-0.561247182956976,-0.561247182956976,2.25103950500488));
#5083=CARTESIAN_POINT('',(0.100425027310848,-0.021510411053896,-2.85079741477966));
#5084=CARTESIAN_POINT('',(0.,0.,0.));
#5085=CARTESIAN_POINT('',(-0.389773815535916,-0.389773815535916,1.5632973909378));
#5086=CARTESIAN_POINT('',(-2.25103950500488,-0.021510411053896,-1.28750002384186));
#5087=CARTESIAN_POINT('',(0.,0.,0.));
#5088=CARTESIAN_POINT('',(-0.561247182956976,-0.561247182956976,2.25103950500488));
#5089=CARTESIAN_POINT('',(2.37309381365776,-2.2941792011261,0.985168784856796));
#5090=CARTESIAN_POINT('',(0.,0.,0.));
#5091=CARTESIAN_POINT('',(-0.813666671105997,-0.813666671105997,3.26343877739485));
#5092=CARTESIAN_POINT('',(2.55675697141103,-2.02057483055709,-0.00472243384245631));
#5093=CARTESIAN_POINT('',(0.,0.,0.));
#5094=CARTESIAN_POINT('',(-0.752558021523096,-0.752558021523096,3.01834537027274));
#5095=MECHANICAL_DESIGN_GEOMETRIC_PRESENTATION_REPRESENTATION('',(#924),
#5096);
#5096=(
GEOMETRIC_REPRESENTATION_CONTEXT(3)
GLOBAL_UNCERTAINTY_ASSIGNED_CONTEXT((#5097))
GLOBAL_UNIT_ASSIGNED_CONTEXT((#5100,#5099,#5098))
REPRESENTATION_CONTEXT('RegulatedRocket','TOP_LEVEL_ASSEMBLY_PART')
);
#5097=UNCERTAINTY_MEASURE_WITH_UNIT(LENGTH_MEASURE(0.000196850393700787),
#5100,'DISTANCE_ACCURACY_VALUE','Maximum Tolerance applied to model');
#5098=(
NAMED_UNIT(*)
SI_UNIT($,.STERADIAN.)
SOLID_ANGLE_UNIT()
);
#5099=(
NAMED_UNIT(*)
PLANE_ANGLE_UNIT()
SI_UNIT($,.RADIAN.)
);
#5100=(
CONVERSION_BASED_UNIT('INCH',#5102)
LENGTH_UNIT()
NAMED_UNIT(#5101)
);
#5101=DIMENSIONAL_EXPONENTS(1.,0.,0.,0.,0.,0.,0.);
#5102=LENGTH_MEASURE_WITH_UNIT(LENGTH_MEASURE(25.4),#5103);
#5103=(
LENGTH_UNIT()
NAMED_UNIT(*)
SI_UNIT(.MILLI.,.METRE.)
);
#5104=PRODUCT_DEFINITION_SHAPE('','',#5105);
#5105=PRODUCT_DEFINITION('','',#5107,#5106);
#5106=PRODUCT_DEFINITION_CONTEXT('',#5113,'design');
#5107=PRODUCT_DEFINITION_FORMATION_WITH_SPECIFIED_SOURCE('','',#5109,
 .NOT_KNOWN.);
#5108=PRODUCT_RELATED_PRODUCT_CATEGORY('','',(#5109));
#5109=PRODUCT('RegulatedRocket','RegulatedRocket','RegulatedRocket',(#5111));
#5110=PRODUCT_CATEGORY('','');
#5111=PRODUCT_CONTEXT('',#5113,'mechanical');
#5112=APPLICATION_PROTOCOL_DEFINITION('international standard',
'ap242_managed_model_based_3d_engineering',2020,#5113);
#5113=APPLICATION_CONTEXT('managed model based 3d engineering');
ENDSEC;
END-ISO-10303-21;
